 ThierryGueorgiou;NORT Middle Norway-Men;FRA;1740;1.00333;63,99,104,56,57,45,80,69,71,30,42,73,334,64,43,116,24,89,171,59,23,28;0.915343915343915,0.995959595959596,1.04551282051282,1.02619047619048,1.0233918128655,1.05185185185185,1.015,1.03671497584541,0.986854460093897,1.02,1.07301587301587,1.01187214611872,1.01457085828343,0.973958333333333,0.972093023255814,1.00747126436782,0.819444444444445,0.972284644194757,0.987134502923977,1.01129943502825,1.03478260869565,0.964285714285714;22;22
 PeterÖberg;NORT Middle Norway-Men;SWE;1782;0.97969;58,90,105,60,60,48,79,73,72,33,47,74,326,67,43,114,24,95,180,71,33,30;0.994252873563218,1.09555555555556,1.03555555555556,0.957777777777778,0.972222222222222,0.986111111111111,1.02784810126582,0.979908675799087,0.973148148148148,0.927272727272727,0.95886524822695,0.998198198198198,1.03946830265849,0.930348258706468,0.972093023255814,1.02514619883041,0.819444444444445,0.910877192982456,0.937777777777778,0.84037558685446,0.721212121212121,0.9;22;22
 MatthiasKyburz;NORT Middle Norway-Men;SUI;1806;0.96667;63,102,114,57,60,45,90,74,70,31,47,74,346,94,42,110,23,88,170,59,23,24;0.915343915343915,0.966666666666667,0.953801169590643,1.00818713450292,0.972222222222222,1.05185185185185,0.902222222222222,0.966666666666667,1.00095238095238,0.987096774193548,0.95886524822695,0.998198198198198,0.979383429672447,0.663120567375887,0.995238095238095,1.06242424242424,0.855072463768116,0.983333333333333,0.992941176470588,1.01129943502825,1.03478260869565,1.125;22;22
 TueLassen;NORT Middle Norway-Men;DEN;1809;0.96506;60,96,123,56,54,48,83,78,75,30,47,80,340,67,41,125,23,98,171,60,25,29;0.961111111111111,1.02708333333333,0.884010840108401,1.02619047619048,1.08024691358025,0.986111111111111,0.978313253012048,0.917094017094017,0.934222222222222,1.02,0.95886524822695,0.923333333333333,0.996666666666667,0.930348258706468,1.01951219512195,0.934933333333333,0.855072463768116,0.882993197278912,0.987134502923977,0.994444444444444,0.952,0.931034482758621;22;22
 OlavLundanes;NORT Middle Norway-Men;NOR;1815;0.96187;67,96,104,60,58,48,82,113,72,32,48,77,351,57,45,120,21,83,168,63,23,27;0.860696517412935,1.02708333333333,1.04551282051282,0.957777777777778,1.00574712643678,0.986111111111111,0.990243902439024,0.633038348082596,0.973148148148148,0.95625,0.938888888888889,0.959307359307359,0.965432098765432,1.09356725146199,0.928888888888889,0.973888888888889,0.936507936507937,1.0425702811245,1.0047619047619,0.947089947089947,1.03478260869565,1;22;22
 MatthiasMerz;NORT Middle Norway-Men;SUI;1829;0.95451;55,107,124,57,59,52,81,70,72,30,45,80,376,61,41,116,21,93,174,58,25,32;1.04848484848485,0.921495327102804,0.876881720430107,1.00818713450292,0.988700564971751,0.91025641025641,1.00246913580247,1.02190476190476,0.973148148148148,1.02,1.00148148148148,0.923333333333333,0.901241134751773,1.02185792349727,1.01951219512195,1.00747126436782,0.936507936507937,0.930465949820789,0.970114942528736,1.02873563218391,0.952,0.84375;22;22
 WilliamLind;NORT Middle Norway-Men;SWE;1833;0.95243;70,102,111,60,59,47,86,74,72,31,43,78,359,61,53,113,19,113,172,61,23,26;0.823809523809524,0.966666666666667,0.97957957957958,0.957777777777778,0.988700564971751,1.00709219858156,0.944186046511628,0.966666666666667,0.973148148148148,0.987096774193548,1.04806201550388,0.947008547008547,0.943918291550604,1.02185792349727,0.788679245283019,1.03421828908555,1.03508771929825,0.765781710914454,0.981395348837209,0.978142076502732,1.03478260869565,1.03846153846154;22;22
 CarlWaaler Kaas;NORT Middle Norway-Men;NOR;1835;0.95139;55,102,118,62,59,50,82,74,75,31,46,75,369,71,50,123,24,83,172,62,24,28;1.04848484848485,0.966666666666667,0.921468926553672,0.926881720430108,0.988700564971751,0.946666666666667,0.990243902439024,0.966666666666667,0.934222222222222,0.987096774193548,0.979710144927536,0.984888888888889,0.918337850045167,0.877934272300469,0.836,0.950135501355013,0.819444444444445,1.0425702811245,0.981395348837209,0.962365591397849,0.991666666666667,0.964285714285714;22;22
 GustavBergman;NORT Middle Norway-Men;SWE;1837;0.95035;66,103,122,57,62,50,84,78,77,30,49,82,343,79,40,131,19,88,166,61,23,27;0.873737373737374,0.957281553398058,0.891256830601093,1.00818713450292,0.940860215053763,0.946666666666667,0.966666666666667,0.917094017094017,0.90995670995671,1.02,0.919727891156463,0.900813008130081,0.987949465500486,0.789029535864979,1.045,0.892111959287532,1.03508771929825,0.983333333333333,1.01686746987952,0.978142076502732,1.03478260869565,1;22;22
 Hans GunnarOmdal;NORT Middle Norway-Men;NOR;1840;0.94880;62,98,120,62,63,46,86,78,71,32,45,81,348,68,51,122,20,97,168,65,26,31;0.93010752688172,1.00612244897959,0.906111111111111,0.926881720430108,0.925925925925926,1.02898550724638,0.944186046511628,0.917094017094017,0.986854460093897,0.95625,1.00148148148148,0.911934156378601,0.973754789272031,0.916666666666667,0.819607843137255,0.957923497267759,0.983333333333333,0.892096219931271,1.0047619047619,0.917948717948718,0.915384615384615,0.870967741935484;22;22
 MattiasKarlsson;NORT Middle Norway-Men;SWE;1842;0.94777;60,113,143,62,61,68,85,69,71,32,46,73,337,63,42,116,22,89,176,60,25,29;0.961111111111111,0.872566371681416,0.76037296037296,0.926881720430108,0.956284153005465,0.696078431372549,0.955294117647059,1.03671497584541,0.986854460093897,0.95625,0.979710144927536,1.01187214611872,1.0055390702275,0.989417989417989,0.995238095238095,1.00747126436782,0.893939393939394,0.972284644194757,0.959090909090909,0.994444444444444,0.952,0.931034482758621;22;22
 BjørnEkeberg;NORT Middle Norway-Men;NOR;1859;0.93911;65,100,106,55,65,56,85,73,77,32,49,89,352,69,44,128,24,95,174,66,27,28;0.887179487179487,0.986,1.02578616352201,1.04484848484848,0.897435897435897,0.845238095238095,0.955294117647059,0.979908675799087,0.90995670995671,0.95625,0.919727891156463,0.829962546816479,0.962689393939394,0.903381642512077,0.95,0.913020833333333,0.819444444444445,0.910877192982456,0.970114942528736,0.904040404040404,0.881481481481482,0.964285714285714;22;22
 JaniLakanen;NORT Middle Norway-Men;FIN;1859;0.93911;57,106,109,62,62,48,77,78,71,32,46,77,366,63,48,133,24,91,191,63,26,29;1.01169590643275,0.930188679245283,0.997553516819572,0.926881720430108,0.940860215053763,0.986111111111111,1.05454545454545,0.917094017094017,0.986854460093897,0.95625,0.979710144927536,0.959307359307359,0.925865209471767,0.989417989417989,0.870833333333333,0.878696741854637,0.819444444444445,0.950915750915751,0.883769633507853,0.947089947089947,0.915384615384615,0.931034482758621;22;22
 ØysteinKvaal Østerbø;NORT Middle Norway-Men;NOR;1864;0.93659;62,108,100,59,61,50,91,73,79,32,50,88,371,64,46,130,21,93,172,62,25,27;0.93010752688172,0.912962962962963,1.08733333333333,0.974011299435028,0.956284153005465,0.946666666666667,0.892307692307692,0.979908675799087,0.886919831223629,0.95625,0.901333333333333,0.839393939393939,0.913387241689129,0.973958333333333,0.908695652173913,0.898974358974359,0.936507936507937,0.930465949820789,0.981395348837209,0.962365591397849,0.952,1;22;22
 FabianHertner;NORT Middle Norway-Men;SUI;1866;0.93558;57,104,122,64,67,52,87,79,69,31,54,82,365,61,45,119,23,106,166,60,25,28;1.01169590643275,0.948076923076923,0.891256830601093,0.897916666666667,0.870646766169154,0.91025641025641,0.933333333333333,0.905485232067511,1.01545893719807,0.987096774193548,0.834567901234568,0.900813008130081,0.928401826484018,1.02185792349727,0.928888888888889,0.982072829131653,0.855072463768116,0.816352201257862,1.01686746987952,0.994444444444444,0.952,0.964285714285714;22;22
 JonasLeandersson;NORT Middle Norway-Men;SWE;1872;0.93259;70,104,133,58,58,56,90,72,74,32,48,77,374,67,43,119,42,77,164,58,26,30;0.823809523809524,0.948076923076923,0.817543859649123,0.990804597701149,1.00574712643678,0.845238095238095,0.902222222222222,0.993518518518518,0.946846846846847,0.95625,0.938888888888889,0.959307359307359,0.906060606060606,0.930348258706468,0.972093023255814,0.982072829131653,0.468253968253968,1.12380952380952,1.02926829268293,1.02873563218391,0.915384615384615,0.9;22;22
 UlfForseth Indgaard;NORT Middle Norway-Men;NOR;1875;0.93109;64,103,109,59,58,51,99,73,74,31,44,74,369,70,44,136,26,99,175,63,27,27;0.901041666666667,0.957281553398058,0.997553516819572,0.974011299435028,1.00574712643678,0.928104575163399,0.82020202020202,0.979908675799087,0.946846846846847,0.987096774193548,1.02424242424242,0.998198198198198,0.918337850045167,0.890476190476191,0.95,0.859313725490196,0.756410256410256,0.874074074074074,0.964571428571429,0.947089947089947,0.881481481481482,1;22;22
 SørenBobach;NORT Middle Norway-Men;DEN;1889;0.92419;63,121,107,59,78,49,83,80,73,32,52,76,382,66,45,122,20,83,180,62,26,30;0.915343915343915,0.814876033057851,1.01619937694704,0.974011299435028,0.747863247863248,0.965986394557823,0.978313253012048,0.894166666666667,0.959817351598173,0.95625,0.866666666666667,0.971929824561403,0.887085514834206,0.944444444444445,0.928888888888889,0.957923497267759,0.983333333333333,1.0425702811245,0.937777777777778,0.962365591397849,0.915384615384615,0.9;22;22
 EskilKinneberg;NORT Middle Norway-Men;NOR;1908;0.91499;59,113,121,58,61,50,88,74,74,33,49,79,390,72,42,139,20,88,183,61,24,30;0.977401129943503,0.872566371681416,0.89862258953168,0.990804597701149,0.956284153005465,0.946666666666667,0.922727272727273,0.966666666666667,0.946846846846847,0.927272727272727,0.919727891156463,0.935021097046413,0.868888888888889,0.865740740740741,0.995238095238095,0.840767386091127,0.983333333333333,0.983333333333333,0.9224043715847,0.978142076502732,0.991666666666667,0.9;22;22
 GernotKerschbaumer;NORT Middle Norway-Men;AUT;1910;0.91403;64,107,113,64,63,48,100,81,70,32,51,82,337,73,44,136,21,138,172,61,24,29;0.901041666666667,0.921495327102804,0.962241887905605,0.897916666666667,0.925925925925926,0.986111111111111,0.812,0.883127572016461,1.00095238095238,0.95625,0.883660130718954,0.900813008130081,1.0055390702275,0.853881278538813,0.95,0.859313725490196,0.936507936507937,0.627053140096618,0.981395348837209,0.978142076502732,0.991666666666667,0.931034482758621;22;22
 FredricPortin;NORT Middle Norway-Men;FIN;1919;0.90974;61,103,108,64,61,54,100,82,79,36,48,87,384,63,42,131,26,87,182,65,26,30;0.945355191256831,0.957281553398058,1.00679012345679,0.897916666666667,0.956284153005465,0.876543209876543,0.812,0.872357723577236,0.886919831223629,0.85,0.938888888888889,0.84904214559387,0.882465277777778,0.989417989417989,0.995238095238095,0.892111959287532,0.756410256410256,0.99463601532567,0.927472527472528,0.917948717948718,0.915384615384615,0.9;22;22
 MatthiasMüller;NORT Middle Norway-Men;SUI;1921;0.90880;55,99,122,63,63,55,85,84,79,33,47,83,376,72,48,152,24,87,177,62,25,30;1.04848484848485,0.995959595959596,0.891256830601093,0.912169312169312,0.925925925925926,0.860606060606061,0.955294117647059,0.851587301587302,0.886919831223629,0.927272727272727,0.95886524822695,0.88995983935743,0.901241134751773,0.865740740740741,0.870833333333333,0.768859649122807,0.819444444444445,0.99463601532567,0.953672316384181,0.962365591397849,0.952,0.9;22;22
 ErikRost;NORT Middle Norway-Men;SWE;1924;0.90738;59,109,130,62,65,58,94,69,70,43,48,82,382,72,47,132,21,96,168,61,26,30;0.977401129943503,0.904587155963303,0.836410256410256,0.926881720430108,0.897435897435897,0.816091954022989,0.863829787234043,1.03671497584541,1.00095238095238,0.711627906976744,0.938888888888889,0.900813008130081,0.887085514834206,0.865740740740741,0.88936170212766,0.885353535353535,0.936507936507937,0.901388888888889,1.0047619047619,0.978142076502732,0.915384615384615,0.9;22;22
 JerkerLysell;NORT Middle Norway-Men;SWE;1924;0.90738;67,117,120,58,59,48,99,103,70,31,46,74,332,91,48,122,22,105,191,63,27,31;0.860696517412935,0.842735042735043,0.906111111111111,0.990804597701149,0.988700564971751,0.986111111111111,0.82020202020202,0.694498381877023,1.00095238095238,0.987096774193548,0.979710144927536,0.998198198198198,1.02068273092369,0.684981684981685,0.870833333333333,0.957923497267759,0.893939393939394,0.824126984126984,0.883769633507853,0.947089947089947,0.881481481481482,0.870967741935484;22;22
 FrédéricTranchand;NORT Middle Norway-Men;FRA;1931;0.90409;62,106,198,61,66,50,78,74,70,30,45,68,333,63,42,122,23,160,167,60,24,29;0.93010752688172,0.930188679245283,0.549158249158249,0.94207650273224,0.883838383838384,0.946666666666667,1.04102564102564,0.966666666666667,1.00095238095238,1.02,1.00148148148148,1.08627450980392,1.01761761761762,0.989417989417989,0.995238095238095,0.957923497267759,0.855072463768116,0.540833333333333,1.01077844311377,0.994444444444444,0.991666666666667,0.931034482758621;22;22
 PhilippeAdamski;NORT Middle Norway-Men;FRA;1948;0.89620;65,100,199,67,68,50,96,77,69,33,47,94,359,67,40,116,21,90,173,60,25,32;0.887179487179487,0.986,0.546398659966499,0.85771144278607,0.857843137254902,0.946666666666667,0.845833333333333,0.929004329004329,1.01545893719807,0.927272727272727,0.95886524822695,0.785815602836879,0.943918291550604,0.930348258706468,1.045,1.00747126436782,0.936507936507937,0.961481481481481,0.975722543352601,0.994444444444444,0.952,0.84375;22;22
 JulianDent;NORT Middle Norway-Men;AUS;1948;0.89620;78,102,115,66,71,58,91,79,75,34,50,91,370,65,46,129,22,100,187,63,26,30;0.739316239316239,0.966666666666667,0.945507246376812,0.870707070707071,0.821596244131455,0.816091954022989,0.892307692307692,0.905485232067511,0.934222222222222,0.9,0.901333333333333,0.811721611721612,0.915855855855856,0.958974358974359,0.908695652173913,0.90594315245478,0.893939393939394,0.865333333333333,0.902673796791444,0.947089947089947,0.915384615384615,0.9;22;22
 FilipDahlgren;NORT Middle Norway-Men;SWE;1955;0.89299;71,110,116,62,64,53,75,71,71,34,53,82,418,71,46,133,22,90,198,61,26,28;0.812206572769953,0.896363636363636,0.93735632183908,0.926881720430108,0.911458333333333,0.893081761006289,1.08266666666667,1.0075117370892,0.986854460093897,0.9,0.850314465408805,0.900813008130081,0.810685805422648,0.877934272300469,0.908695652173913,0.878696741854637,0.893939393939394,0.961481481481481,0.852525252525253,0.978142076502732,0.915384615384615,0.964285714285714;22;22
 MartinHubmann;NORT Middle Norway-Men;SUI;1957;0.89208;60,105,128,58,78,49,109,77,73,31,55,80,379,62,41,126,43,106,187,58,24,28;0.961111111111111,0.939047619047619,0.849479166666667,0.990804597701149,0.747863247863248,0.965986394557823,0.744954128440367,0.929004329004329,0.959817351598173,0.987096774193548,0.819393939393939,0.923333333333333,0.894107299912049,1.00537634408602,1.01951219512195,0.927513227513228,0.457364341085271,0.816352201257862,0.902673796791444,1.02873563218391,0.991666666666667,0.964285714285714;22;22
 TeroFöhr;NORT Middle Norway-Men;FIN;1957;0.89208;55,91,129,57,57,53,151,69,73,31,46,83,395,73,47,131,21,99,174,63,28,31;1.04848484848485,1.08351648351648,0.842894056847545,1.00818713450292,1.0233918128655,0.893081761006289,0.537748344370861,1.03671497584541,0.959817351598173,0.987096774193548,0.979710144927536,0.88995983935743,0.85789029535865,0.853881278538813,0.88936170212766,0.892111959287532,0.936507936507937,0.874074074074074,0.970114942528736,0.947089947089947,0.85,0.870967741935484;22;22
 AndreasKyburz;NORT Middle Norway-Men;SUI;1959;0.89117;73,118,134,63,65,51,105,82,76,35,54,86,379,64,48,116,21,92,180,65,24,28;0.789954337899543,0.835593220338983,0.811442786069652,0.912169312169312,0.897435897435897,0.928104575163399,0.773333333333333,0.872357723577236,0.921929824561403,0.874285714285714,0.834567901234568,0.85891472868217,0.894107299912049,0.973958333333333,0.870833333333333,1.00747126436782,0.936507936507937,0.940579710144927,0.937777777777778,0.917948717948718,0.991666666666667,0.964285714285714;22;22
 MagneDæhli;NORT Middle Norway-Men;NOR;1959;0.89117;63,110,115,66,164,48,87,76,69,33,49,88,330,75,44,141,21,90,178,61,25,26;0.915343915343915,0.896363636363636,0.945507246376812,0.870707070707071,0.355691056910569,0.986111111111111,0.933333333333333,0.941228070175439,1.01545893719807,0.927272727272727,0.919727891156463,0.839393939393939,1.02686868686869,0.831111111111111,0.95,0.828841607565012,0.936507936507937,0.961481481481481,0.948314606741573,0.978142076502732,0.952,1.03846153846154;22;22
 RaffaelHuber;NORT Middle Norway-Men;SUI;1963;0.88935;69,112,114,59,59,51,99,81,76,45,52,88,373,80,58,119,23,114,174,62,26,29;0.835748792270531,0.880357142857143,0.953801169590643,0.974011299435028,0.988700564971751,0.928104575163399,0.82020202020202,0.883127572016461,0.921929824561403,0.68,0.866666666666667,0.839393939393939,0.908489722966935,0.779166666666667,0.720689655172414,0.982072829131653,0.855072463768116,0.75906432748538,0.970114942528736,0.962365591397849,0.915384615384615,0.931034482758621;22;22
 KirilNikolov;NORT Middle Norway-Men;BUL;1964;0.88890;76,174,113,61,62,50,83,76,74,36,45,74,370,71,44,159,17,94,168,63,27,27;0.758771929824561,0.566666666666667,0.962241887905605,0.94207650273224,0.940860215053763,0.946666666666667,0.978313253012048,0.941228070175439,0.946846846846847,0.85,1.00148148148148,0.998198198198198,0.915855855855856,0.877934272300469,0.95,0.735010482180293,1.15686274509804,0.920567375886525,1.0047619047619,0.947089947089947,0.881481481481482,1;22;22
 TuomasTervo;NORT Middle Norway-Men;FIN;1984;0.87994;64,103,123,63,105,49,123,70,74,33,49,76,403,60,42,131,22,86,189,62,26,31;0.901041666666667,0.957281553398058,0.884010840108401,0.912169312169312,0.555555555555556,0.965986394557823,0.660162601626016,1.02190476190476,0.946846846846847,0.927272727272727,0.919727891156463,0.971929824561403,0.840860215053763,1.03888888888889,0.995238095238095,0.892111959287532,0.893939393939394,1.0062015503876,0.893121693121693,0.962365591397849,0.915384615384615,0.870967741935484;22;22
 AndersTiltnes;NORT Middle Norway-Men;NOR;1985;0.87950;59,140,119,64,61,44,81,89,69,30,45,68,424,69,45,131,18,112,198,60,27,32;0.977401129943503,0.704285714285714,0.913725490196078,0.897916666666667,0.956284153005465,1.07575757575758,1.00246913580247,0.80374531835206,1.01545893719807,1.02,1.00148148148148,1.08627450980392,0.799213836477987,0.903381642512077,0.928888888888889,0.892111959287532,1.09259259259259,0.772619047619048,0.852525252525253,0.994444444444444,0.881481481481482,0.84375;22;22
 FlorianHowald;NORT Middle Norway-Men;SUI;1986;0.87905;55,123,114,63,69,52,94,88,77,34,49,79,412,73,48,125,19,101,191,64,24,32;1.04848484848485,0.801626016260163,0.953801169590643,0.912169312169312,0.845410628019324,0.91025641025641,0.863829787234043,0.812878787878788,0.90995670995671,0.9,0.919727891156463,0.935021097046413,0.822491909385113,0.853881278538813,0.870833333333333,0.934933333333333,1.03508771929825,0.856765676567657,0.883769633507853,0.932291666666667,0.991666666666667,0.84375;22;22
 TuomoMäkelä;NORT Middle Norway-Men;FIN;2006;0.87029;82,118,155,70,89,50,95,101,72,31,45,75,335,84,49,129,21,105,179,62,29,30;0.703252032520325,0.835593220338983,0.701505376344086,0.820952380952381,0.655430711610487,0.946666666666667,0.854736842105263,0.708250825082508,0.973148148148148,0.987096774193548,1.00148148148148,0.984888888888889,1.01154228855721,0.742063492063492,0.853061224489796,0.90594315245478,0.936507936507937,0.824126984126984,0.943016759776536,0.962365591397849,0.820689655172414,0.9;22;22
 HannuAirila;NORT Middle Norway-Men;FIN;2031;0.85958;67,99,183,65,61,77,118,82,75,35,48,84,358,75,48,137,22,101,179,62,25,30;0.860696517412935,0.995959595959596,0.594171220400729,0.884102564102564,0.956284153005465,0.614718614718615,0.688135593220339,0.872357723577236,0.934222222222222,0.874285714285714,0.938888888888889,0.879365079365079,0.946554934823091,0.831111111111111,0.870833333333333,0.853041362530414,0.893939393939394,0.856765676567657,0.943016759776536,0.962365591397849,0.952,0.9;22;22
 MichalOlejnik;NORT Middle Norway-Men;POL;2052;0.85078;82,158,150,59,60,50,100,81,77,36,56,91,386,73,45,126,22,109,175,61,26,29;0.703252032520325,0.624050632911392,0.724888888888889,0.974011299435028,0.972222222222222,0.946666666666667,0.812,0.883127572016461,0.90995670995671,0.85,0.804761904761905,0.811721611721612,0.877892918825561,0.853881278538813,0.928888888888889,0.927513227513228,0.893939393939394,0.79388379204893,0.964571428571429,0.978142076502732,0.915384615384615,0.931034482758621;22;22
 AndreasRüedlinger;NORT Middle Norway-Men;SUI;2052;0.85078;62,109,217,61,100,53,91,85,72,34,50,78,379,74,49,118,19,94,190,61,25,31;0.93010752688172,0.904587155963303,0.501075268817204,0.94207650273224,0.583333333333333,0.893081761006289,0.892307692307692,0.84156862745098,0.973148148148148,0.9,0.901333333333333,0.947008547008547,0.894107299912049,0.842342342342342,0.853061224489796,0.990395480225989,1.03508771929825,0.920567375886525,0.888421052631579,0.978142076502732,0.952,0.870967741935484;22;22
 Rasmus ThraneHansen;NORT Middle Norway-Men;DEN;2114;0.82583;172,114,126,75,93,57,94,77,74,37,55,85,339,76,45,127,26,147,173,62,32,28;0.335271317829457,0.864912280701754,0.862962962962963,0.766222222222222,0.627240143369176,0.830409356725146,0.863829787234043,0.929004329004329,0.946846846846847,0.827027027027027,0.819393939393939,0.869019607843137,0.99960668633235,0.820175438596491,0.928888888888889,0.920209973753281,0.756410256410256,0.588662131519274,0.975722543352601,0.962365591397849,0.74375,0.964285714285714;22;22
 BartoszPawlak;NORT Middle Norway-Men;POL;2120;0.82349;73,133,150,68,62,69,100,84,87,34,52,96,383,72,51,128,25,134,185,65,39,30;0.789954337899543,0.741353383458647,0.724888888888889,0.845098039215686,0.940860215053763,0.685990338164251,0.812,0.851587301587302,0.805363984674329,0.9,0.866666666666667,0.769444444444444,0.884769364664926,0.865740740740741,0.819607843137255,0.913020833333333,0.786666666666667,0.645771144278607,0.912432432432432,0.917948717948718,0.61025641025641,0.9;22;22
 WojciechKowalski;NORT Middle Norway-Men;POL;2121;0.82310;65,127,282,70,95,57,92,83,71,34,49,82,374,68,43,121,23,106,169,60,24,26;0.887179487179487,0.776377952755905,0.385579196217494,0.820952380952381,0.614035087719298,0.830409356725146,0.882608695652174,0.861847389558233,0.986854460093897,0.9,0.919727891156463,0.900813008130081,0.906060606060606,0.916666666666667,0.972093023255814,0.965840220385675,0.855072463768116,0.816352201257862,0.998816568047337,0.994444444444444,0.991666666666667,1.03846153846154;22;22
 PeterHodkinson;NORT Middle Norway-Men;GBR;2154;0.81049;71,118,189,60,71,91,97,82,82,40,60,96,395,99,46,135,24,104,176,63,27,28;0.812206572769953,0.835593220338983,0.575308641975309,0.957777777777778,0.821596244131455,0.52014652014652,0.837113402061856,0.872357723577236,0.854471544715447,0.765,0.751111111111111,0.769444444444444,0.85789029535865,0.62962962962963,0.908695652173913,0.865679012345679,0.819444444444445,0.832051282051282,0.959090909090909,0.947089947089947,0.881481481481482,0.964285714285714;22;22
 AnttiAnttonen;NORT Middle Norway-Men;FIN;2173;0.80341;68,116,157,58,58,56,92,83,72,34,57,85,414,64,45,242,24,104,193,96,27,28;0.848039215686274,0.85,0.692569002123142,0.990804597701149,1.00574712643678,0.845238095238095,0.882608695652174,0.861847389558233,0.973148148148148,0.9,0.790643274853801,0.869019607843137,0.818518518518519,0.973958333333333,0.928888888888889,0.482920110192837,0.819444444444445,0.832051282051282,0.874611398963731,0.621527777777778,0.881481481481482,0.964285714285714;22;22
 AndreasBoesen;NORT Middle Norway-Men;DEN;2176;0.80230;74,127,150,80,70,55,126,91,77,35,53,92,426,73,50,131,24,129,187,65,29,32;0.779279279279279,0.776377952755905,0.724888888888889,0.718333333333333,0.833333333333333,0.860606060606061,0.644444444444444,0.786080586080586,0.90995670995671,0.874285714285714,0.850314465408805,0.802898550724638,0.795461658841941,0.853881278538813,0.836,0.892111959287532,0.819444444444445,0.670801033591731,0.902673796791444,0.917948717948718,0.820689655172414,0.84375;22;22
 ChristopherSmithard;NORT Middle Norway-Men;GBR;2183;0.79973;73,185,142,72,81,91,105,83,78,36,54,87,393,77,47,120,19,117,194,68,27,34;0.789954337899543,0.532972972972973,0.765727699530516,0.798148148148148,0.720164609053498,0.52014652014652,0.773333333333333,0.861847389558233,0.898290598290598,0.85,0.834567901234568,0.84904214559387,0.86225614927905,0.80952380952381,0.88936170212766,0.973888888888889,1.03508771929825,0.73960113960114,0.870103092783505,0.877450980392157,0.881481481481482,0.794117647058823;22;22
 MarkusLang;NORT Middle Norway-Men;AUT;2203;0.79246;122,146,176,78,65,62,101,77,89,37,48,105,389,76,49,135,25,118,177,69,29,30;0.472677595628415,0.675342465753425,0.61780303030303,0.736752136752137,0.897435897435897,0.763440860215054,0.803960396039604,0.929004329004329,0.787265917602996,0.827027027027027,0.938888888888889,0.703492063492063,0.871122536418166,0.820175438596491,0.853061224489796,0.865679012345679,0.786666666666667,0.733333333333333,0.953672316384181,0.864734299516908,0.820689655172414,0.9;22;22
 MårtenBoström;NORT Middle Norway-Men;FIN;2205;0.79175;78,111,268,63,101,55,105,89,93,37,48,94,393,77,45,138,21,93,174,65,29,28;0.739316239316239,0.888288288288288,0.405721393034826,0.912169312169312,0.577557755775578,0.860606060606061,0.773333333333333,0.80374531835206,0.753405017921147,0.827027027027027,0.938888888888889,0.785815602836879,0.86225614927905,0.80952380952381,0.928888888888889,0.846859903381642,0.936507936507937,0.930465949820789,0.970114942528736,0.917948717948718,0.820689655172414,0.964285714285714;22;22
 RuneOlsen;NORT Middle Norway-Men;DEN;2240;0.77937;77,241,148,62,66,93,129,87,70,31,56,91,389,71,44,134,53,106,174,62,27,29;0.748917748917749,0.409128630705394,0.734684684684685,0.926881720430108,0.883838383838384,0.508960573476703,0.629457364341085,0.822222222222222,1.00095238095238,0.987096774193548,0.804761904761905,0.811721611721612,0.871122536418166,0.877934272300469,0.95,0.872139303482587,0.371069182389937,0.816352201257862,0.970114942528736,0.962365591397849,0.881481481481482,0.931034482758621;22;22
 ChristianBobach;NORT Middle Norway-Men;DEN;2262;0.77179;105,116,140,74,76,56,108,96,83,38,54,94,460,74,51,159,44,116,190,68,30,30;0.549206349206349,0.85,0.776666666666667,0.776576576576577,0.767543859649123,0.845238095238095,0.751851851851852,0.745138888888889,0.844176706827309,0.805263157894737,0.834567901234568,0.785815602836879,0.736666666666667,0.842342342342342,0.819607843137255,0.735010482180293,0.446969696969697,0.745977011494253,0.888421052631579,0.877450980392157,0.793333333333333,0.9;22;22
 DavidSchorah;NORT Middle Norway-Men;GBR;2328;0.74991;72,133,133,64,193,51,98,91,93,37,55,89,439,84,61,164,25,131,188,68,29,30;0.800925925925926,0.741353383458647,0.817543859649123,0.897916666666667,0.302245250431779,0.928104575163399,0.828571428571429,0.786080586080586,0.753405017921147,0.827027027027027,0.819393939393939,0.829962546816479,0.771905846621109,0.742063492063492,0.685245901639344,0.71260162601626,0.786666666666667,0.660559796437659,0.897872340425532,0.877450980392157,0.820689655172414,0.9;22;22
 EvanBarr;NORT Middle Norway-Men;AUS;2611;0.66863;77,118,164,86,72,61,147,120,104,42,71,186,435,97,50,200,57,140,206,101,46,31;0.748917748917749,0.835593220338983,0.663008130081301,0.668217054263566,0.810185185185185,0.775956284153006,0.552380952380952,0.596111111111111,0.673717948717949,0.728571428571429,0.634741784037559,0.397132616487455,0.779003831417625,0.642611683848797,0.836,0.584333333333333,0.345029239766082,0.618095238095238,0.819417475728155,0.590759075907591,0.517391304347826,0.870967741935484;22;22
 HirokazuOsaki;NORT Middle Norway-Men;JPN;2700;0.64659;149,140,182,88,215,101,101,81,89,40,64,92,425,102,55,189,77,118,203,113,45,31;0.387024608501119,0.704285714285714,0.597435897435897,0.653030303030303,0.271317829457364,0.468646864686469,0.803960396039604,0.883127572016461,0.787265917602996,0.765,0.704166666666667,0.802898550724638,0.797333333333333,0.611111111111111,0.76,0.618342151675485,0.255411255411255,0.733333333333333,0.831527093596059,0.528023598820059,0.528888888888889,0.870967741935484;22;22
 Kyong SaRi;NORT Middle Norway-Men;PRK;3075;0.56774;104,163,240,102,93,76,177,111,98,40,144,107,586,101,59,230,28,148,285,111,36,36;0.55448717948718,0.604907975460123,0.453055555555556,0.563398692810458,0.627240143369176,0.62280701754386,0.458757062146893,0.644444444444444,0.714965986394558,0.765,0.312962962962963,0.690342679127726,0.578270762229807,0.617161716171617,0.708474576271186,0.508115942028985,0.702380952380952,0.584684684684685,0.592280701754386,0.537537537537538,0.661111111111111,0.75;22;22
 ChiungtzuLin;NORT Middle Norway-Men;TPE;5757;0.30325;190,293,371,133,179,160,288,179,176,62,89,204,804,159,80,474,46,642,850,232,107,39;0.303508771929825,0.336518771331058,0.293081761006289,0.432080200501253,0.325884543761639,0.295833333333333,0.281944444444444,0.399627560521415,0.398106060606061,0.493548387096774,0.506367041198502,0.362091503267974,0.421475953565506,0.392033542976939,0.5225,0.246554149085795,0.427536231884058,0.13478712357217,0.198588235294118,0.257183908045977,0.222429906542056,0.692307692307692;22;22
 SimoneNiggli;NORT Middle Norway-Women;SUI;1749;1.02102;57,86,140,99,59,149,74,35,146,382,85,45,130,132,65,30,35;1.06072874493927,0.992844364937388,0.929120879120879,0.867132867132867,0.963494132985658,1.08724832214765,1.0956340956341,1.05494505494505,0.954689146469968,1.09363672976238,0.879638009049774,1.06153846153846,1.05443786982249,1.0472027972028,1.08402366863905,0.941025641025641,0.956043956043956;17;17
 JudithWyder;NORT Middle Norway-Women;SUI;1828;0.97690;66,98,132,78,56,162,80,41,154,435,70,50,131,144,71,28,32;0.916083916083916,0.8712715855573,0.985431235431235,1.10059171597633,1.01510989010989,1,1.01346153846154,0.900562851782364,0.905094905094905,0.960389036251105,1.06813186813187,0.955384615384615,1.04638872577804,0.959935897435897,0.992416034669556,1.00824175824176,1.04567307692308;17;17
 TatyanaRyabkina;NORT Middle Norway-Women;RUS;1860;0.96009;70,93,131,96,63,166,83,37,151,441,82,48,131,131,72,31,34;0.863736263736264,0.918114143920596,0.992953611274222,0.894230769230769,0.902319902319902,0.975903614457831,0.976830398517146,0.997920997920998,0.923076923076923,0.94732251875109,0.911819887429644,0.995192307692308,1.04638872577804,1.05519671168526,0.978632478632479,0.910669975186104,0.984162895927602;17;17
 LinaStrand;NORT Middle Norway-Women;SWE;1865;0.95752;65,100,139,83,59,163,80,39,142,443,78,50,147,144,72,28,33;0.930177514792899,0.853846153846154,0.935805201992252,1.03429101019462,0.963494132985658,0.993865030674847,1.01346153846154,0.946745562130177,0.981581798483207,0.943045667650634,0.958579881656805,0.955384615384615,0.932496075353218,0.959935897435897,0.978632478632479,1.00824175824176,1.01398601398601;17;17
 MinnaKauppi;NORT Middle Norway-Women;FIN;1894;0.94286;71,85,123,95,65,157,85,36,146,434,68,54,198,142,72,29,34;0.851570964247021,1.00452488687783,1.05753595997498,0.903643724696356,0.874556213017751,1.03184713375796,0.953846153846154,1.02564102564103,0.954689146469968,0.962601914214817,1.09954751131222,0.884615384615385,0.692307692307692,0.973456121343445,0.978632478632479,0.973474801061008,0.984162895927602;17;17
 IdaBobach;NORT Middle Norway-Women;DEN;1896;0.94186;73,132,135,91,59,168,83,36,147,421,77,50,141,136,83,30,34;0.828240252897787,0.646853146853147,0.963532763532763,0.943364327979712,0.963494132985658,0.964285714285714,0.976830398517146,1.02564102564103,0.948194662480377,0.992325963822401,0.971028971028971,0.955384615384615,0.972176759410802,1.01640271493213,0.848934198331789,0.941025641025641,0.984162895927602;17;17
 MerjaRantanen;NORT Middle Norway-Women;FIN;1902;0.93889;58,81,134,80,80,197,88,38,142,450,88,54,142,144,72,25,29;1.04244031830239,1.05413105413105,0.970723306544202,1.07307692307692,0.710576923076923,0.822335025380711,0.921328671328671,0.97165991902834,0.981581798483207,0.928376068376068,0.84965034965035,0.884615384615385,0.965330444203684,0.959935897435897,0.978632478632479,1.12923076923077,1.15384615384615;17;17
 HelenaJansson;NORT Middle Norway-Women;SWE;1904;0.93790;67,83,151,84,77,168,84,37,148,462,71,50,146,139,73,28,36;0.902411021814007,1.02873030583874,0.861436576668365,1.02197802197802,0.738261738261738,0.964285714285714,0.965201465201465,0.997920997920998,0.941787941787942,0.904262404262404,1.05308775731311,0.955384615384615,0.938883034773446,0.994465965688987,0.96522655426765,1.00824175824176,0.929487179487179;17;17
 VenlaNiemi;NORT Middle Norway-Women;FIN;1920;0.93009;63,102,127,96,57,176,81,39,161,467,78,46,143,147,72,30,35;0.95970695970696,0.83710407239819,1.02422774076317,0.894230769230769,0.997300944669366,0.920454545454545,1.00094966761633,0.946745562130177,0.865742952699474,0.894580793938396,0.958579881656805,1.03846153846154,0.958579881656805,0.940345368916797,0.978632478632479,0.941025641025641,0.956043956043956;17;17
 SiljeEkroll Jahren;NORT Middle Norway-Women;NOR;1938;0.92145;74,95,132,90,99,175,87,43,150,416,80,57,143,138,69,54,36;0.817047817047817,0.898785425101215,0.985431235431235,0.953846153846154,0.574203574203574,0.925714285714286,0.931918656056587,0.858676207513417,0.929230769230769,1.00425295857988,0.934615384615385,0.838056680161943,0.958579881656805,1.00167224080268,1.02118171683389,0.522792022792023,0.929487179487179;17;17
 SabineHauswirth;NORT Middle Norway-Women;SUI;1944;0.91861;67,92,139,94,82,184,84,39,162,422,80,53,148,158,75,28,37;0.902411021814007,0.92809364548495,0.935805201992252,0.913256955810147,0.693245778611632,0.880434782608696,0.965201465201465,0.946745562130177,0.86039886039886,0.989974480495807,0.934615384615385,0.901306240928882,0.926195426195426,0.874878286270691,0.93948717948718,1.00824175824176,0.904365904365904;17;17
 SaraLüscher;NORT Middle Norway-Women;SUI;1947;0.91719;68,91,139,87,96,189,82,39,135,461,76,45,142,158,71,32,36;0.889140271493213,0.938292476754015,0.935805201992252,0.986737400530504,0.592147435897436,0.857142857142857,0.98874296435272,0.946745562130177,1.03247863247863,0.906223927915902,0.983805668016194,1.06153846153846,0.965330444203684,0.874878286270691,0.992416034669556,0.882211538461538,0.929487179487179;17;17
 Anne MargretheHausken Nordberg;NORT Middle Norway-Women;NOR;1954;0.91390;70,90,140,274,53,148,75,35,132,401,76,42,134,138,78,31,37;0.863736263736264,0.948717948717949,0.929120879120879,0.313307130825379,1.07256894049347,1.09459459459459,1.08102564102564,1.05494505494505,1.05594405594406,1.04181853059659,0.983805668016194,1.13736263736264,1.02296211251435,1.00167224080268,0.903353057199211,0.910669975186104,0.904365904365904;17;17
 HeiniWennman;NORT Middle Norway-Women;FIN;1955;0.91344;66,128,138,95,63,179,85,38,154,443,80,50,145,150,72,29,40;0.916083916083916,0.667067307692308,0.942586399108138,0.903643724696356,0.902319902319902,0.905027932960894,0.953846153846154,0.97165991902834,0.905094905094905,0.943045667650634,0.934615384615385,0.955384615384615,0.945358090185676,0.921538461538462,0.978632478632479,0.973474801061008,0.836538461538461;17;17
 ToneWigemyr;NORT Middle Norway-Women;NOR;1955;0.91344;63,84,136,181,60,159,96,41,130,433,89,49,148,148,73,30,35;0.95970695970696,1.01648351648352,0.956447963800905,0.47428814279643,0.947435897435897,1.0188679245283,0.844551282051282,0.900562851782364,1.07218934911243,0.964825013323859,0.840103716508211,0.974882260596546,0.926195426195426,0.933991683991684,0.96522655426765,0.941025641025641,0.956043956043956;17;17
 SofiaHaajanen;NORT Middle Norway-Women;FIN;1957;0.91250;69,96,152,96,54,177,99,40,165,430,92,54,150,146,69,32,36;0.876254180602007,0.889423076923077,0.855769230769231,0.894230769230769,1.05270655270655,0.915254237288136,0.818958818958819,0.923076923076923,0.844755244755245,0.971556350626118,0.812709030100334,0.884615384615385,0.913846153846154,0.946786090621707,1.02118171683389,0.882211538461538,0.929487179487179;17;17
 ToveAlexandersson;NORT Middle Norway-Women;SWE;1959;0.91157;55,83,242,84,54,170,85,37,145,443,83,51,151,144,71,28,33;1.0993006993007,1.02873030583874,0.537507946598856,1.02197802197802,1.05270655270655,0.952941176470588,0.953846153846154,0.997920997920998,0.961273209549072,0.943045667650634,0.900834105653383,0.936651583710407,0.907794192562404,0.959935897435897,0.992416034669556,1.00824175824176,1.01398601398601;17;17
 MariFasting;NORT Middle Norway-Women;NOR;1959;0.91157;62,86,136,130,82,181,90,37,144,412,127,53,142,140,76,28,33;0.975186104218362,0.992844364937388,0.956447963800905,0.660355029585799,0.693245778611632,0.895027624309392,0.900854700854701,0.997920997920998,0.967948717948718,1.01400298730396,0.588734100545124,0.901306240928882,0.965330444203684,0.987362637362637,0.927125506072875,1.00824175824176,1.01398601398601;17;17
 MajaAlm;NORT Middle Norway-Women;DEN;1969;0.90694;64,87,136,101,88,220,86,39,142,453,75,48,139,146,74,35,36;0.944711538461538,0.981432360742706,0.956447963800905,0.84996191926885,0.645979020979021,0.736363636363636,0.942754919499106,0.946745562130177,0.981581798483207,0.922227882492783,0.996923076923077,0.995192307692308,0.986164914222468,0.946786090621707,0.952182952182952,0.806593406593407,0.929487179487179;17;17
 AmélieChataing;NORT Middle Norway-Women;FRA;1984;0.90009;69,84,132,93,78,183,86,44,144,497,85,52,146,149,72,32,38;0.876254180602007,1.01648351648352,0.985431235431235,0.923076923076923,0.72879684418146,0.885245901639344,0.942754919499106,0.839160839160839,0.967948717948718,0.84058195325801,0.879638009049774,0.918639053254438,0.938883034773446,0.927723283427981,0.978632478632479,0.882211538461538,0.880566801619433;17;17
 InesBrodmann;NORT Middle Norway-Women;SUI;1985;0.89963;75,105,178,112,82,189,84,39,157,422,72,51,139,137,76,32,35;0.806153846153846,0.813186813186813,0.730769230769231,0.766483516483516,0.693245778611632,0.857142857142857,0.965201465201465,0.946745562130177,0.887800097991181,0.989974480495807,1.03846153846154,0.936651583710407,0.986164914222468,1.00898371701291,0.927125506072875,0.882211538461538,0.956043956043956;17;17
 AnastasiyaTikhonova;NORT Middle Norway-Women;RUS;1995;0.89512;68,174,128,90,67,160,87,38,136,487,80,59,142,139,73,30,37;0.889140271493213,0.490716180371353,1.01622596153846,0.953846153846154,0.848450057405281,1.0125,0.931918656056587,0.97165991902834,1.02488687782805,0.857842362975833,0.934615384615385,0.809647979139504,0.965330444203684,0.994465965688987,0.96522655426765,0.941025641025641,0.904365904365904;17;17
 SarinaJenzer;NORT Middle Norway-Women;SUI;2012;0.88756;76,106,137,99,85,188,98,38,159,479,80,57,136,140,71,28,35;0.795546558704453,0.805515239477504,0.949466591802358,0.867132867132867,0.668778280542986,0.861702127659574,0.827315541601256,0.97165991902834,0.876632801161103,0.872169584069375,0.934615384615385,0.838056680161943,1.0079185520362,0.987362637362637,0.992416034669556,1.00824175824176,0.956043956043956;17;17
 KaroliinaSundberg;NORT Middle Norway-Women;FIN;2018;0.88492;60,85,143,104,67,176,98,40,190,422,118,51,161,150,75,40,38;1.00769230769231,1.00452488687783,0.909628832705756,0.825443786982248,0.848450057405281,0.920454545454545,0.827315541601256,0.923076923076923,0.733603238866397,0.989974480495807,0.633637548891786,0.936651583710407,0.851409460105112,0.921538461538462,0.93948717948718,0.705769230769231,0.880566801619433;17;17
 IngjerdMyhre;NORT Middle Norway-Women;NOR;2028;0.88056;62,95,133,99,70,215,90,43,163,457,87,55,157,157,76,35,34;0.975186104218362,0.898785425101215,0.978021978021978,0.867132867132867,0.812087912087912,0.753488372093023,0.900854700854701,0.858676207513417,0.855120339782916,0.914155866015822,0.859416445623342,0.868531468531468,0.873101420872121,0.880450759431651,0.927125506072875,0.806593406593407,0.984162895927602;17;17
 JosefineEngström;NORT Middle Norway-Women;SWE;2030;0.87969;162,107,137,118,58,176,83,39,159,423,98,51,143,141,71,29,35;0.373219373219373,0.797987059669303,0.949466591802358,0.727509778357236,0.980106100795756,0.920454545454545,0.976830398517146,0.946745562130177,0.876632801161103,0.98763411529369,0.762951334379906,0.936651583710407,0.958579881656805,0.980360065466448,0.992416034669556,0.973474801061008,0.956043956043956;17;17
 HeidiØstlid Bagstevold;NORT Middle Norway-Women;NOR;2031;0.87926;62,115,154,135,58,168,84,38,153,441,77,59,191,151,73,37,35;0.975186104218362,0.74247491638796,0.844655344655345,0.635897435897436,0.980106100795756,0.964285714285714,0.965201465201465,0.97165991902834,0.911010558069382,0.94732251875109,0.971028971028971,0.809647979139504,0.717680225533629,0.915435557819664,0.96522655426765,0.762993762993763,0.956043956043956;17;17
 AnnicaGustafsson;NORT Middle Norway-Women;SWE;2032;0.87882;57,90,164,84,63,182,89,40,169,449,92,55,158,157,109,34,40;1.06072874493927,0.948717948717949,0.793151969981238,1.02197802197802,0.902319902319902,0.89010989010989,0.910976663785653,0.923076923076923,0.824761037778789,0.930443721089601,0.812709030100334,0.868531468531468,0.867575462512171,0.880450759431651,0.646436132674665,0.830316742081448,0.836538461538461;17;17
 ClaireWard;NORT Middle Norway-Women;GBR;2033;0.87839;65,91,150,127,65,177,87,44,159,448,83,54,149,178,77,36,43;0.930177514792899,0.938292476754015,0.867179487179487,0.67595396729255,0.874556213017751,0.915254237288136,0.931918656056587,0.839160839160839,0.876632801161103,0.932520604395604,0.900834105653383,0.884615384615385,0.919979349509551,0.776577355229041,0.915084915084915,0.784188034188034,0.778175313059034;17;17
 SariAnttonen;NORT Middle Norway-Women;FIN;2051;0.87068;64,86,168,79,62,176,90,41,174,519,79,56,143,148,78,47,41;0.944711538461538,0.992844364937388,0.774267399267399,1.08666017526777,0.916873449131514,0.920454545454545,0.900854700854701,0.900562851782364,0.80106100795756,0.804950348302949,0.946445959104187,0.853021978021978,0.958579881656805,0.933991683991684,0.903353057199211,0.600654664484452,0.816135084427767;17;17
 CatherineTaylor;NORT Middle Norway-Women;GBR;2055;0.86899;69,97,177,115,90,186,108,42,148,451,85,53,147,147,70,32,38;0.876254180602007,0.880253766851705,0.734897870491091,0.746488294314381,0.631623931623932,0.870967741935484,0.750712250712251,0.879120879120879,0.941787941787942,0.92631758485417,0.879638009049774,0.901306240928882,0.932496075353218,0.940345368916797,1.00659340659341,0.882211538461538,0.880566801619433;17;17
 SigneKlinting;NORT Middle Norway-Women;DEN;2071;0.86227;68,96,157,100,65,197,91,41,167,482,93,57,160,147,76,35,39;0.889140271493213,0.889423076923077,0.828515433610975,0.858461538461538,0.874556213017751,0.822335025380711,0.890955198647506,0.900562851782364,0.834638415476739,0.866741142674753,0.803970223325062,0.838056680161943,0.856730769230769,0.940345368916797,0.927125506072875,0.806593406593407,0.857988165680473;17;17
 SailaKinni;NORT Middle Norway-Women;FIN;2076;0.86020;64,131,124,104,61,182,99,41,163,489,98,60,155,153,74,40,38;0.944711538461538,0.651790957134469,1.04900744416873,0.825443786982248,0.931904161412358,0.89010989010989,0.818958818958819,0.900562851782364,0.855120339782916,0.854333805254051,0.762951334379906,0.796153846153846,0.884367245657568,0.903469079939668,0.952182952182952,0.705769230769231,0.880566801619433;17;17
 AnnikaBillstam;NORT Middle Norway-Women;SWE;2083;0.85731;60,96,129,160,54,255,87,39,137,468,87,64,154,151,72,33,37;1.00769230769231,0.889423076923077,1.00834824090638,0.536538461538462,1.05270655270655,0.635294117647059,0.931918656056587,0.946745562130177,1.01740595171252,0.89266929651545,0.859416445623342,0.746394230769231,0.89010989010989,0.915435557819664,0.978632478632479,0.855477855477855,0.904365904365904;17;17
 SvetlanaMironova;NORT Middle Norway-Women;RUS;2093;0.85321;73,97,137,199,86,178,96,40,168,440,75,50,144,146,74,55,35;0.828240252897787,0.880253766851705,0.949466591802358,0.431387707769617,0.661001788908766,0.910112359550562,0.844551282051282,0.923076923076923,0.82967032967033,0.949475524475525,0.996923076923077,0.955384615384615,0.951923076923077,0.946786090621707,0.952182952182952,0.513286713286713,0.956043956043956;17;17
 KineHallan Steiwer;NORT Middle Norway-Women;NOR;2103;0.84915;63,103,140,95,58,196,93,41,247,455,91,52,147,159,92,34,37;0.95970695970696,0.828976848394324,0.929120879120879,0.903643724696356,0.980106100795756,0.826530612244898,0.871794871794872,0.900562851782364,0.564310183743382,0.918174133558749,0.821639898562975,0.918639053254438,0.932496075353218,0.869375907111756,0.765886287625418,0.830316742081448,0.904365904365904;17;17
 JuliaGross;NORT Middle Norway-Women;SUI;2111;0.84594;66,104,142,175,64,185,102,40,161,484,93,56,155,144,76,29,35;0.916083916083916,0.821005917159763,0.916034669555796,0.490549450549451,0.888221153846154,0.875675675675676,0.794871794871795,0.923076923076923,0.865742952699474,0.863159567705022,0.803970223325062,0.853021978021978,0.884367245657568,0.959935897435897,0.927125506072875,0.973474801061008,0.956043956043956;17;17
 GørilRønning Sund;NORT Middle Norway-Women;NOR;2129;0.83878;65,91,155,115,61,176,92,44,137,449,162,53,195,180,86,32,36;0.930177514792899,0.938292476754015,0.839205955334988,0.746488294314381,0.931904161412358,0.920454545454545,0.881270903010034,0.839160839160839,1.01740595171252,0.930443721089601,0.461538461538462,0.901306240928882,0.702958579881657,0.767948717948718,0.819320214669052,0.882211538461538,0.929487179487179;17;17
 MariaMagnusson;NORT Middle Norway-Women;SWE;2130;0.83839;87,108,170,93,110,176,87,45,178,462,87,60,151,157,82,37,40;0.694960212201592,0.790598290598291,0.765158371040724,0.923076923076923,0.516783216783217,0.920454545454545,0.931918656056587,0.82051282051282,0.783059636992221,0.904262404262404,0.859416445623342,0.796153846153846,0.907794192562404,0.880450759431651,0.859287054409006,0.762993762993763,0.836538461538461;17;17
 IsabelleFeer;NORT Middle Norway-Women;SUI;2136;0.83603;117,94,131,173,142,181,85,41,155,413,93,51,154,160,74,32,40;0.516765285996055,0.908346972176759,0.992953611274222,0.496220542463317,0.40032502708559,0.895027624309392,0.953846153846154,0.900562851782364,0.899255583126551,1.01154777425964,0.803970223325062,0.936651583710407,0.89010989010989,0.863942307692308,0.952182952182952,0.882211538461538,0.836538461538461;17;17
 EmmaKlingenberg;NORT Middle Norway-Women;DEN;2185;0.81729;79,105,168,135,61,194,81,39,170,548,96,49,133,159,104,30,34;0.765335929892892,0.813186813186813,0.774267399267399,0.635897435897436,0.931904161412358,0.835051546391753,1.00094966761633,0.946745562130177,0.819909502262443,0.762352610892757,0.778846153846154,0.974882260596546,1.03065355696935,0.869375907111756,0.677514792899408,0.941025641025641,0.984162895927602;17;17
 LilianForsgren;NORT Middle Norway-Women;SWE;2192;0.81468;65,111,147,114,63,179,93,46,167,485,82,58,248,177,82,35,40;0.930177514792899,0.769230769230769,0.884877027734171,0.753036437246963,0.902319902319902,0.905027932960894,0.871794871794872,0.802675585284281,0.834638415476739,0.861379857256146,0.911819887429644,0.823607427055703,0.55272952853598,0.78096479791395,0.859287054409006,0.806593406593407,0.836538461538461;17;17
 OutiOjanen;NORT Middle Norway-Women;FIN;2234;0.79936;69,94,157,144,227,168,88,44,146,443,95,60,147,159,121,33,39;0.876254180602007,0.908346972176759,0.828515433610975,0.596153846153846,0.250423585225347,0.964285714285714,0.921328671328671,0.839160839160839,0.954689146469968,0.943045667650634,0.787044534412956,0.796153846153846,0.932496075353218,0.869375907111756,0.582326764144946,0.855477855477855,0.857988165680473;17;17
 StineBagger Hagner;NORT Middle Norway-Women;DEN;2255;0.79192;77,112,151,119,86,202,96,43,162,484,110,52,222,188,80,32,39;0.785214785214785,0.762362637362637,0.861436576668365,0.721396250808016,0.661001788908766,0.801980198019802,0.844551282051282,0.858676207513417,0.86039886039886,0.863159567705022,0.67972027972028,0.918639053254438,0.617463617463617,0.735270049099836,0.880769230769231,0.882211538461538,0.857988165680473;17;17
 IngeSkovgaard Knudsen;NORT Middle Norway-Women;DEN;2257;0.79121;82,108,174,99,75,254,95,42,185,499,93,61,162,157,100,33,38;0.737335834896811,0.790598290598291,0.747568523430592,0.867132867132867,0.757948717948718,0.637795275590551,0.853441295546559,0.879120879120879,0.753430353430353,0.837212887313088,0.803970223325062,0.783102143757881,0.846153846153846,0.880450759431651,0.704615384615385,0.855477855477855,0.880566801619433;17;17
 VanessaRound;NORT Middle Norway-Women;AUS;2279;0.78358;67,107,160,106,65,225,95,49,176,532,90,66,181,192,76,53,39;0.902411021814007,0.797987059669303,0.812980769230769,0.809869375907112,0.874556213017751,0.72,0.853441295546559,0.753532182103611,0.791958041958042,0.785280508964719,0.830769230769231,0.723776223776224,0.757331066723332,0.719951923076923,0.927125506072875,0.532656023222061,0.857988165680473;17;17
 DariaLajn;NORT Middle Norway-Women;POL;2300;0.77642;78,112,329,144,73,192,98,44,172,441,86,49,164,150,74,53,41;0.775147928994083,0.762362637362637,0.395370586859949,0.596153846153846,0.778714436248683,0.84375,0.827315541601256,0.839160839160839,0.810375670840787,0.94732251875109,0.869409660107335,0.974882260596546,0.835834896810506,0.921538461538462,0.952182952182952,0.532656023222061,0.816135084427767;17;17
 RebeccaHarding;NORT Middle Norway-Women;GBR;2307;0.77407;78,114,179,112,68,206,95,44,200,518,91,58,161,187,104,50,42;0.775147928994083,0.748987854251012,0.726686721100129,0.766483516483516,0.835972850678733,0.786407766990291,0.853441295546559,0.839160839160839,0.696923076923077,0.806504306504306,0.821639898562975,0.823607427055703,0.851409460105112,0.739201974496092,0.677514792899408,0.564615384615385,0.796703296703297;17;17
 HannaWisniewska;NORT Middle Norway-Women;POL;2308;0.77373;77,104,169,104,109,193,98,44,179,556,97,64,154,205,79,34,42;0.785214785214785,0.821005917159763,0.769685935366409,0.825443786982248,0.521524347212421,0.839378238341969,0.827315541601256,0.839160839160839,0.778685002148689,0.751383508577753,0.770816812053925,0.746394230769231,0.89010989010989,0.674296435272045,0.891918208373905,0.830316742081448,0.796703296703297;17;17
