 OlavLundanes;NORT Sprint Qual Norway-Men;NOR;796;1.01784;44,40,32,40,21,57,58,31,33,28,40,224,63,21,25,12,27;0.957575757575758,1.18166666666667,1.04791666666667,1.07166666666667,1.00952380952381,1.06081871345029,1.06781609195402,0.860215053763441,0.872727272727273,1.06428571428571,1.00166666666667,0.981845238095238,1.07513227513228,0.987301587301587,1.05333333333333,1.04444444444444,1.04444444444444;17;17
 MatthiasKyburz;NORT Sprint Qual Norway-Men;SUI;812;0.99778;46,50,35,42,22,60,66,25,28,29,41,212,70,21,26,11,28;0.915942028985507,0.945333333333333,0.958095238095238,1.02063492063492,0.963636363636364,1.00777777777778,0.938383838383838,1.06666666666667,1.02857142857143,1.02758620689655,0.977235772357724,1.0374213836478,0.967619047619048,0.987301587301587,1.01282051282051,1.13939393939394,1.00714285714286;17;17
 ThierryGueorgiou;NORT Sprint Qual Norway-Men;FRA;821;0.98685;45,47,34,44,22,64,63,27,28,30,43,217,69,21,26,13,28;0.936296296296296,1.00567375886525,0.986274509803922,0.974242424242424,0.963636363636364,0.944791666666667,0.983068783068783,0.987654320987654,1.02857142857143,0.993333333333333,0.931782945736434,1.01351766513057,0.981642512077295,0.987301587301587,1.01282051282051,0.964102564102564,1.00714285714286;17;17
 GustavBergman;NORT Sprint Qual Norway-Men;SWE;827;0.97969;44,51,35,45,22,68,62,27,28,34,39,216,67,20,27,13,29;0.957575757575758,0.926797385620915,0.958095238095238,0.952592592592593,0.963636363636364,0.88921568627451,0.998924731182796,0.987654320987654,1.02857142857143,0.876470588235294,1.02735042735043,1.01820987654321,1.01094527363184,1.03666666666667,0.975308641975309,0.964102564102564,0.972413793103448;17;17
 EskilKinneberg;NORT Sprint Qual Norway-Men;NOR;831;0.97497;45,50,34,43,20,62,64,27,30,31,41,218,68,22,30,14,32;0.936296296296296,0.945333333333333,0.986274509803922,0.996899224806202,1.06,0.975268817204301,0.967708333333333,0.987654320987654,0.96,0.961290322580645,0.977235772357724,1.00886850152905,0.996078431372549,0.942424242424242,0.877777777777778,0.895238095238095,0.88125;17;17
 JonasLeandersson;NORT Sprint Qual Norway-Men;SWE;833;0.97263;51,53,36,45,22,62,62,25,30,31,40,219,67,20,27,14,29;0.826143790849673,0.891823899371069,0.931481481481481,0.952592592592593,0.963636363636364,0.975268817204301,0.998924731182796,1.06666666666667,0.96,0.961290322580645,1.00166666666667,1.00426179604262,1.01094527363184,1.03666666666667,0.975308641975309,0.895238095238095,0.972413793103448;17;17
 CarlWaaler Kaas;NORT Sprint Qual Norway-Men;NOR;834;0.97146;42,52,34,54,22,63,62,27,29,30,41,217,67,22,28,13,31;1.0031746031746,0.908974358974359,0.986274509803922,0.793827160493827,0.963636363636364,0.95978835978836,0.998924731182796,0.987654320987654,0.993103448275862,0.993333333333333,0.977235772357724,1.01351766513057,1.01094527363184,0.942424242424242,0.94047619047619,0.964102564102564,0.909677419354839;17;17
 FredricPortin;NORT Sprint Qual Norway-Men;FIN;841;0.96338;45,47,36,47,22,58,62,28,37,28,41,209,83,25,28,16,29;0.936296296296296,1.00567375886525,0.931481481481481,0.912056737588652,0.963636363636364,1.04252873563218,0.998924731182796,0.952380952380952,0.778378378378378,1.06428571428571,0.977235772357724,1.05231259968102,0.816064257028112,0.829333333333333,0.94047619047619,0.783333333333333,0.972413793103448;17;17
 FabianHertner;NORT Sprint Qual Norway-Men;SUI;843;0.96109;43,49,34,48,22,61,61,28,28,31,41,238,70,21,27,12,29;0.97984496124031,0.964625850340136,0.986274509803922,0.893055555555556,0.963636363636364,0.991256830601093,1.01530054644809,0.952380952380952,1.02857142857143,0.961290322580645,0.977235772357724,0.924089635854342,0.967619047619048,0.987301587301587,0.975308641975309,1.04444444444444,0.972413793103448;17;17
 MatthiasMerz;NORT Sprint Qual Norway-Men;SUI;849;0.95430;42,52,33,49,21,59,61,26,30,31,40,231,83,21,27,13,30;1.0031746031746,0.908974358974359,1.01616161616162,0.874829931972789,1.00952380952381,1.02485875706215,1.01530054644809,1.02564102564103,0.96,0.961290322580645,1.00166666666667,0.952092352092352,0.816064257028112,0.987301587301587,0.975308641975309,0.964102564102564,0.94;17;17
 BjørnEkeberg;NORT Sprint Qual Norway-Men;NOR;852;0.95094;42,47,35,42,21,68,65,29,30,32,46,226,73,22,28,14,32;1.0031746031746,1.00567375886525,0.958095238095238,1.02063492063492,1.00952380952381,0.88921568627451,0.952820512820513,0.919540229885057,0.96,0.93125,0.871014492753623,0.973156342182891,0.927853881278539,0.942424242424242,0.94047619047619,0.895238095238095,0.88125;17;17
 MattiasKarlsson;NORT Sprint Qual Norway-Men;SWE;856;0.94650;41,44,33,48,33,63,63,28,29,34,41,237,69,22,28,13,30;1.02764227642276,1.07424242424242,1.01616161616162,0.893055555555556,0.642424242424242,0.95978835978836,0.983068783068783,0.952380952380952,0.993103448275862,0.876470588235294,0.977235772357724,0.927988748241913,0.981642512077295,0.942424242424242,0.94047619047619,0.964102564102564,0.94;17;17
 TeroFöhr;NORT Sprint Qual Norway-Men;FIN;857;0.94539;42,48,34,51,24,63,63,28,29,30,42,232,74,22,29,13,33;1.0031746031746,0.984722222222222,0.986274509803922,0.840522875816993,0.883333333333333,0.95978835978836,0.983068783068783,0.952380952380952,0.993103448275862,0.993333333333333,0.953968253968254,0.947988505747126,0.915315315315315,0.942424242424242,0.908045977011494,0.964102564102564,0.854545454545454;17;17
 AndreasRüedlinger;NORT Sprint Qual Norway-Men;SUI;860;0.94209;47,52,36,44,33,65,66,28,29,32,43,220,71,21,26,16,31;0.89645390070922,0.908974358974359,0.931481481481481,0.974242424242424,0.642424242424242,0.93025641025641,0.938383838383838,0.952380952380952,0.993103448275862,0.93125,0.931782945736434,0.99969696969697,0.953990610328639,0.987301587301587,1.01282051282051,0.783333333333333,0.909677419354839;17;17
 WilliamLind;NORT Sprint Qual Norway-Men;SWE;860;0.94209;41,54,35,43,29,62,60,27,36,33,38,244,68,22,26,13,29;1.02764227642276,0.875308641975309,0.958095238095238,0.996899224806202,0.731034482758621,0.975268817204301,1.03222222222222,0.987654320987654,0.8,0.903030303030303,1.05438596491228,0.901366120218579,0.996078431372549,0.942424242424242,1.01282051282051,0.964102564102564,0.972413793103448;17;17
 JerkerLysell;NORT Sprint Qual Norway-Men;SWE;861;0.94100;43,59,35,43,22,65,62,27,35,32,42,223,78,21,27,14,33;0.97984496124031,0.801129943502825,0.958095238095238,0.996899224806202,0.963636363636364,0.93025641025641,0.998924731182796,0.987654320987654,0.822857142857143,0.93125,0.953968253968254,0.986248131539611,0.868376068376068,0.987301587301587,0.975308641975309,0.895238095238095,0.854545454545454;17;17
 ØysteinKvaal Østerbø;NORT Sprint Qual Norway-Men;NOR;863;0.93882;49,49,35,43,21,63,65,32,35,29,40,243,71,21,27,12,28;0.859863945578231,0.964625850340136,0.958095238095238,0.996899224806202,1.00952380952381,0.95978835978836,0.952820512820513,0.833333333333333,0.822857142857143,1.02758620689655,1.00166666666667,0.905075445816187,0.953990610328639,0.987301587301587,0.975308641975309,1.04444444444444,1.00714285714286;17;17
 TuomasTervo;NORT Sprint Qual Norway-Men;FIN;863;0.93882;48,49,35,43,21,61,69,28,35,32,41,239,70,21,29,13,29;0.877777777777778,0.964625850340136,0.958095238095238,0.996899224806202,1.00952380952381,0.991256830601093,0.897584541062802,0.952380952380952,0.822857142857143,0.93125,0.977235772357724,0.920223152022315,0.967619047619048,0.987301587301587,0.908045977011494,0.964102564102564,0.972413793103448;17;17
 AndreasKyburz;NORT Sprint Qual Norway-Men;SUI;866;0.93557;49,57,38,48,29,64,67,27,32,32,40,224,69,22,27,13,28;0.859863945578231,0.829239766081871,0.882456140350877,0.893055555555556,0.731034482758621,0.944791666666667,0.924378109452736,0.987654320987654,0.9,0.93125,1.00166666666667,0.981845238095238,0.981642512077295,0.942424242424242,0.975308641975309,0.964102564102564,1.00714285714286;17;17
 PeterÖberg;NORT Sprint Qual Norway-Men;SWE;868;0.93341;45,50,35,48,26,59,66,33,33,30,43,238,70,21,26,14,31;0.936296296296296,0.945333333333333,0.958095238095238,0.893055555555556,0.815384615384615,1.02485875706215,0.938383838383838,0.808080808080808,0.872727272727273,0.993333333333333,0.931782945736434,0.924089635854342,0.967619047619048,0.987301587301587,1.01282051282051,0.895238095238095,0.909677419354839;17;17
 PhilippeAdamski;NORT Sprint Qual Norway-Men;FRA;870;0.93126;48,49,36,45,22,70,69,29,34,31,40,237,69,21,27,14,29;0.877777777777778,0.964625850340136,0.931481481481481,0.952592592592593,0.963636363636364,0.863809523809524,0.897584541062802,0.919540229885057,0.847058823529412,0.961290322580645,1.00166666666667,0.927988748241913,0.981642512077295,0.987301587301587,0.975308641975309,0.895238095238095,0.972413793103448;17;17
 MartinHubmann;NORT Sprint Qual Norway-Men;SUI;871;0.93020;46,48,36,44,22,65,77,27,38,33,40,240,67,21,28,12,27;0.915942028985507,0.984722222222222,0.931481481481481,0.974242424242424,0.963636363636364,0.93025641025641,0.804329004329004,0.987654320987654,0.757894736842105,0.903030303030303,1.00166666666667,0.916388888888889,1.01094527363184,0.987301587301587,0.94047619047619,1.04444444444444,1.04444444444444;17;17
 TueLassen;NORT Sprint Qual Norway-Men;DEN;874;0.92700;42,50,36,43,21,63,70,33,34,31,42,245,71,21,28,12,32;1.0031746031746,0.945333333333333,0.931481481481481,0.996899224806202,1.00952380952381,0.95978835978836,0.884761904761905,0.808080808080808,0.847058823529412,0.961290322580645,0.953968253968254,0.897687074829932,0.953990610328639,0.987301587301587,0.94047619047619,1.04444444444444,0.88125;17;17
 WojciechKowalski;NORT Sprint Qual Norway-Men;POL;874;0.92700;44,54,34,45,36,63,67,36,37,32,44,222,73,20,25,13,29;0.957575757575758,0.875308641975309,0.986274509803922,0.952592592592593,0.588888888888889,0.95978835978836,0.924378109452736,0.740740740740741,0.778378378378378,0.93125,0.910606060606061,0.990690690690691,0.927853881278539,1.03666666666667,1.05333333333333,0.964102564102564,0.972413793103448;17;17
 ErikRost;NORT Sprint Qual Norway-Men;SWE;876;0.92489;43,45,36,50,23,62,76,32,35,31,47,228,71,23,30,14,30;0.97984496124031,1.05037037037037,0.931481481481481,0.857333333333333,0.921739130434783,0.975268817204301,0.814912280701754,0.833333333333333,0.822857142857143,0.961290322580645,0.852482269503546,0.964619883040936,0.953990610328639,0.901449275362319,0.877777777777778,0.895238095238095,0.94;17;17
 TuomoMäkelä;NORT Sprint Qual Norway-Men;FIN;877;0.92383;45,53,35,47,21,61,67,33,36,30,43,238,69,27,27,14,31;0.936296296296296,0.891823899371069,0.958095238095238,0.912056737588652,1.00952380952381,0.991256830601093,0.924378109452736,0.808080808080808,0.8,0.993333333333333,0.931782945736434,0.924089635854342,0.981642512077295,0.767901234567901,0.975308641975309,0.895238095238095,0.909677419354839;17;17
 SørenBobach;NORT Sprint Qual Norway-Men;DEN;881;0.91964;40,51,34,45,21,68,66,27,30,30,43,253,70,22,34,13,34;1.05333333333333,0.926797385620915,0.986274509803922,0.952592592592593,1.00952380952381,0.88921568627451,0.938383838383838,0.987654320987654,0.96,0.993333333333333,0.931782945736434,0.869301712779974,0.967619047619048,0.942424242424242,0.774509803921569,0.964102564102564,0.829411764705882;17;17
 FlorianHowald;NORT Sprint Qual Norway-Men;SUI;884;0.91652;48,48,35,51,21,65,66,35,31,35,42,238,72,22,30,14,31;0.877777777777778,0.984722222222222,0.958095238095238,0.840522875816993,1.00952380952381,0.93025641025641,0.938383838383838,0.761904761904762,0.929032258064516,0.851428571428571,0.953968253968254,0.924089635854342,0.940740740740741,0.942424242424242,0.877777777777778,0.895238095238095,0.909677419354839;17;17
 JaniLakanen;NORT Sprint Qual Norway-Men;FIN;888;0.91239;46,63,34,44,24,63,67,27,39,31,44,234,72,24,31,13,32;0.915942028985507,0.75026455026455,0.986274509803922,0.974242424242424,0.883333333333333,0.95978835978836,0.924378109452736,0.987654320987654,0.738461538461539,0.961290322580645,0.910606060606061,0.93988603988604,0.940740740740741,0.863888888888889,0.849462365591398,0.964102564102564,0.88125;17;17
 FrédéricTranchand;NORT Sprint Qual Norway-Men;FRA;889;0.91136;44,53,34,43,22,60,64,32,28,30,46,278,66,21,27,13,28;0.957575757575758,0.891823899371069,0.986274509803922,0.996899224806202,0.963636363636364,1.00777777777778,0.967708333333333,0.833333333333333,1.02857142857143,0.993333333333333,0.871014492753623,0.791127098321343,1.02626262626263,0.987301587301587,0.975308641975309,0.964102564102564,1.00714285714286;17;17
 PhilipDahlgren;NORT Sprint Qual Norway-Men;SWE;890;0.91034;48,56,36,46,31,65,63,28,37,32,46,225,81,21,30,16,29;0.877777777777778,0.844047619047619,0.931481481481481,0.931884057971014,0.683870967741935,0.93025641025641,0.983068783068783,0.952380952380952,0.778378378378378,0.93125,0.871014492753623,0.977481481481482,0.836213991769547,0.987301587301587,0.877777777777778,0.783333333333333,0.972413793103448;17;17
 UlfForseth Indgaard;NORT Sprint Qual Norway-Men;NOR;890;0.91034;51,49,34,47,21,63,66,28,38,31,44,247,77,23,28,13,30;0.826143790849673,0.964625850340136,0.986274509803922,0.912056737588652,1.00952380952381,0.95978835978836,0.938383838383838,0.952380952380952,0.757894736842105,0.961290322580645,0.910606060606061,0.890418353576248,0.87965367965368,0.901449275362319,0.94047619047619,0.964102564102564,0.94;17;17
 KirilNikolov;NORT Sprint Qual Norway-Men;BUL;892;0.90830;45,50,37,46,30,65,66,28,28,32,42,259,73,20,27,14,30;0.936296296296296,0.945333333333333,0.906306306306306,0.931884057971014,0.706666666666667,0.93025641025641,0.938383838383838,0.952380952380952,1.02857142857143,0.93125,0.953968253968254,0.849163449163449,0.927853881278539,1.03666666666667,0.975308641975309,0.895238095238095,0.94;17;17
 AnttiAnttonen;NORT Sprint Qual Norway-Men;FIN;895;0.90525;45,63,37,45,32,66,67,30,29,33,41,241,69,22,29,14,32;0.936296296296296,0.75026455026455,0.906306306306306,0.952592592592593,0.6625,0.916161616161616,0.924378109452736,0.888888888888889,0.993103448275862,0.903030303030303,0.977235772357724,0.912586445366528,0.981642512077295,0.942424242424242,0.908045977011494,0.895238095238095,0.88125;17;17
 GernotKerschbaumer;NORT Sprint Qual Norway-Men;AUT;895;0.90525;49,50,36,42,22,66,67,27,30,31,43,267,70,25,29,14,27;0.859863945578231,0.945333333333333,0.931481481481481,1.02063492063492,0.963636363636364,0.916161616161616,0.924378109452736,0.987654320987654,0.96,0.961290322580645,0.931782945736434,0.823720349563046,0.967619047619048,0.829333333333333,0.908045977011494,0.895238095238095,1.04444444444444;17;17
 MagneDæhli;NORT Sprint Qual Norway-Men;NOR;899;0.90122;48,52,35,45,24,68,67,29,34,33,42,255,71,23,28,15,30;0.877777777777778,0.908974358974359,0.958095238095238,0.952592592592593,0.883333333333333,0.88921568627451,0.924378109452736,0.919540229885057,0.847058823529412,0.903030303030303,0.953968253968254,0.862483660130719,0.953990610328639,0.901449275362319,0.94047619047619,0.835555555555555,0.94;17;17
 Rasmus ThraneHansen;NORT Sprint Qual Norway-Men;DEN;899;0.90122;47,50,33,45,22,62,65,27,29,33,42,276,70,22,27,18,31;0.89645390070922,0.945333333333333,1.01616161616162,0.952592592592593,0.963636363636364,0.975268817204301,0.952820512820513,0.987654320987654,0.993103448275862,0.903030303030303,0.953968253968254,0.796859903381642,0.967619047619048,0.942424242424242,0.975308641975309,0.696296296296296,0.909677419354839;17;17
 RaffaelHuber;NORT Sprint Qual Norway-Men;SUI;906;0.89426;50,59,36,46,22,67,69,28,40,32,40,254,71,21,27,13,31;0.842666666666667,0.801129943502825,0.931481481481481,0.931884057971014,0.963636363636364,0.902487562189055,0.897584541062802,0.952380952380952,0.72,0.93125,1.00166666666667,0.865879265091864,0.953990610328639,0.987301587301587,0.975308641975309,0.964102564102564,0.909677419354839;17;17
 MichalOlejnik;NORT Sprint Qual Norway-Men;POL;909;0.89131;46,54,36,53,26,72,64,29,31,31,40,249,71,26,31,14,36;0.915942028985507,0.875308641975309,0.931481481481481,0.808805031446541,0.815384615384615,0.839814814814815,0.967708333333333,0.919540229885057,0.929032258064516,0.961290322580645,1.00166666666667,0.88326639892905,0.953990610328639,0.797435897435897,0.849462365591398,0.895238095238095,0.783333333333333;17;17
 ChristopherSmithard;NORT Sprint Qual Norway-Men;GBR;909;0.89131;51,53,37,47,22,65,67,30,36,33,42,247,79,27,29,14,30;0.826143790849673,0.891823899371069,0.906306306306306,0.912056737588652,0.963636363636364,0.93025641025641,0.924378109452736,0.888888888888889,0.8,0.903030303030303,0.953968253968254,0.890418353576248,0.857383966244726,0.767901234567901,0.908045977011494,0.895238095238095,0.94;17;17
 MatthiasMüller;NORT Sprint Qual Norway-Men;SUI;910;0.89033;42,54,32,48,26,61,66,39,36,32,42,259,75,23,30,13,32;1.0031746031746,0.875308641975309,1.04791666666667,0.893055555555556,0.815384615384615,0.991256830601093,0.938383838383838,0.683760683760684,0.8,0.93125,0.953968253968254,0.849163449163449,0.903111111111111,0.901449275362319,0.877777777777778,0.964102564102564,0.88125;17;17
 AndersTiltnes;NORT Sprint Qual Norway-Men;NOR;911;0.88935;44,68,35,47,31,74,73,28,39,33,46,228,71,22,26,14,32;0.957575757575758,0.695098039215686,0.958095238095238,0.912056737588652,0.683870967741935,0.817117117117117,0.848401826484018,0.952380952380952,0.738461538461539,0.903030303030303,0.871014492753623,0.964619883040936,0.953990610328639,0.942424242424242,1.01282051282051,0.895238095238095,0.88125;17;17
 HannuAirila;NORT Sprint Qual Norway-Men;FIN;912;0.88838;45,53,35,48,22,65,65,28,36,34,42,269,73,23,28,14,32;0.936296296296296,0.891823899371069,0.958095238095238,0.893055555555556,0.963636363636364,0.93025641025641,0.952820512820513,0.952380952380952,0.8,0.876470588235294,0.953968253968254,0.817596034696406,0.927853881278539,0.901449275362319,0.94047619047619,0.895238095238095,0.88125;17;17
 JulianDent;NORT Sprint Qual Norway-Men;AUS;912;0.88838;41,62,34,47,28,72,69,31,40,33,43,231,80,24,30,14,33;1.02764227642276,0.762365591397849,0.986274509803922,0.912056737588652,0.757142857142857,0.839814814814815,0.897584541062802,0.860215053763441,0.72,0.903030303030303,0.931782945736434,0.952092352092352,0.846666666666667,0.863888888888889,0.877777777777778,0.895238095238095,0.854545454545454;17;17
 Hans GunnarOmdal;NORT Sprint Qual Norway-Men;NOR;914;0.88643;48,60,38,50,23,70,67,35,31,32,49,237,70,30,28,15,31;0.877777777777778,0.787777777777778,0.882456140350877,0.857333333333333,0.921739130434783,0.863809523809524,0.924378109452736,0.761904761904762,0.929032258064516,0.93125,0.817687074829932,0.927988748241913,0.967619047619048,0.691111111111111,0.94047619047619,0.835555555555555,0.909677419354839;17;17
 MårtenBoström;NORT Sprint Qual Norway-Men;FIN;918;0.88257;45,56,38,62,32,95,63,27,31,33,47,227,69,22,28,13,30;0.936296296296296,0.844047619047619,0.882456140350877,0.691397849462366,0.6625,0.636491228070175,0.983068783068783,0.987654320987654,0.929032258064516,0.903030303030303,0.852482269503546,0.968869309838473,0.981642512077295,0.942424242424242,0.94047619047619,0.964102564102564,0.94;17;17
 DavidSchorah;NORT Sprint Qual Norway-Men;GBR;933;0.86838;53,57,38,50,22,67,67,37,32,35,43,257,76,22,32,15,30;0.79496855345912,0.829239766081871,0.882456140350877,0.857333333333333,0.963636363636364,0.902487562189055,0.924378109452736,0.720720720720721,0.9,0.851428571428571,0.931782945736434,0.855771725032425,0.891228070175439,0.942424242424242,0.822916666666667,0.835555555555555,0.94;17;17
 BartoszPawlak;NORT Sprint Qual Norway-Men;POL;945;0.85735;44,62,37,49,35,68,71,30,30,33,43,276,74,22,29,14,28;0.957575757575758,0.762365591397849,0.906306306306306,0.874829931972789,0.605714285714286,0.88921568627451,0.872300469483568,0.888888888888889,0.96,0.903030303030303,0.931782945736434,0.796859903381642,0.915315315315315,0.942424242424242,0.908045977011494,0.895238095238095,1.00714285714286;17;17
 MarkusLang;NORT Sprint Qual Norway-Men;AUT;964;0.84046;48,58,37,49,22,69,67,30,39,36,49,266,86,27,33,17,31;0.877777777777778,0.814942528735632,0.906306306306306,0.874829931972789,0.963636363636364,0.876328502415459,0.924378109452736,0.888888888888889,0.738461538461539,0.827777777777778,0.817687074829932,0.826817042606516,0.787596899224806,0.767901234567901,0.797979797979798,0.737254901960784,0.909677419354839;17;17
 AndreasBoesen;NORT Sprint Qual Norway-Men;DEN;972;0.83354;45,61,38,51,24,72,68,32,38,33,44,271,93,25,31,15,31;0.936296296296296,0.774863387978142,0.882456140350877,0.840522875816993,0.883333333333333,0.839814814814815,0.91078431372549,0.833333333333333,0.757894736842105,0.903030303030303,0.910606060606061,0.811562115621156,0.72831541218638,0.829333333333333,0.849462365591398,0.835555555555555,0.909677419354839;17;17
 ChristianBobach;NORT Sprint Qual Norway-Men;DEN;987;0.82087;51,60,37,55,23,68,73,32,32,33,45,285,92,24,30,16,31;0.826143790849673,0.787777777777778,0.906306306306306,0.779393939393939,0.921739130434783,0.88921568627451,0.848401826484018,0.833333333333333,0.9,0.903030303030303,0.89037037037037,0.771695906432749,0.736231884057971,0.863888888888889,0.877777777777778,0.783333333333333,0.909677419354839;17;17
 PeterHodkinson;NORT Sprint Qual Norway-Men;GBR;988;0.82004;50,67,39,53,25,72,77,36,42,35,44,261,76,24,29,28,30;0.842666666666667,0.70547263681592,0.85982905982906,0.808805031446541,0.848,0.839814814814815,0.804329004329004,0.740740740740741,0.685714285714286,0.851428571428571,0.910606060606061,0.842656449553001,0.891228070175439,0.863888888888889,0.908045977011494,0.447619047619048,0.94;17;17
 RuneOlsen;NORT Sprint Qual Norway-Men;DEN;1000;0.81020;50,55,35,48,35,89,66,34,34,30,42,281,101,28,28,14,30;0.842666666666667,0.859393939393939,0.958095238095238,0.893055555555556,0.605714285714286,0.67940074906367,0.938383838383838,0.784313725490196,0.847058823529412,0.993333333333333,0.953968253968254,0.782680901542112,0.670627062706271,0.740476190476191,0.94047619047619,0.895238095238095,0.94;17;17
 EvanBarr;NORT Sprint Qual Norway-Men;AUS;1051;0.77088;51,81,43,49,24,80,73,31,43,33,46,290,85,29,37,22,34;0.826143790849673,0.583539094650206,0.77984496124031,0.874829931972789,0.883333333333333,0.755833333333333,0.848401826484018,0.860215053763441,0.669767441860465,0.903030303030303,0.871014492753623,0.758390804597701,0.796862745098039,0.714942528735632,0.711711711711712,0.56969696969697,0.829411764705882;17;17
 HirokazuOsaki;NORT Sprint Qual Norway-Men;JPN;1187;0.68256;59,70,42,67,25,83,83,50,45,33,50,367,98,26,34,17,38;0.714124293785311,0.675238095238095,0.798412698412698,0.639800995024876,0.848,0.7285140562249,0.746184738955823,0.533333333333333,0.64,0.903030303030303,0.801333333333333,0.599273387829246,0.691156462585034,0.797435897435897,0.774509803921569,0.737254901960784,0.742105263157895;17;17
 Kyong SaRi;NORT Sprint Qual Norway-Men;PRK;1238;0.65444;62,68,41,55,58,87,86,59,44,39,93,328,94,33,35,16,40;0.679569892473118,0.695098039215686,0.817886178861789,0.779393939393939,0.36551724137931,0.695019157088123,0.72015503875969,0.451977401129944,0.654545454545455,0.764102564102564,0.430824372759857,0.670528455284553,0.720567375886525,0.628282828282828,0.752380952380952,0.783333333333333,0.705;17;17
 ChiungtzuLin;NORT Sprint Qual Norway-Men;TPE;1777;0.45594;94,86,57,61,31,165,98,53,45,40,62,662,188,38,38,21,38;0.44822695035461,0.549612403100775,0.588304093567251,0.702732240437158,0.683870967741935,0.366464646464646,0.631972789115646,0.50314465408805,0.64,0.745,0.646236559139785,0.332225579053374,0.360283687943262,0.545614035087719,0.692982456140351,0.596825396825397,0.742105263157895;17;17
 ToveAlexandersson;NORT Sprint Qual Norway-Women;SWE;799;1.00751;52,22,47,24,121,15,33,45,246,71,25,30,34,34;0.940828402366864,0.986013986013986,1.05728314238953,1.04487179487179,1.00190718372537,0.969230769230769,1,1.00512820512821,1.06910569105691,1.1148429035753,0.966153846153846,1.03333333333333,0.434389140271493,0.986425339366516;14;14
 HelenaJansson;NORT Sprint Qual Norway-Women;SWE;801;1.00499;49,20,50,23,116,16,34,45,265,80,25,30,14,34;0.998430141287284,1.08461538461538,0.993846153846154,1.09030100334448,1.04509283819629,0.908653846153846,0.970588235294118,1.00512820512821,0.992452830188679,0.989423076923077,0.966153846153846,1.03333333333333,1.05494505494505,0.986425339366516;14;14
 SimoneNiggli;NORT Sprint Qual Norway-Women;SUI;806;0.99876;51,20,50,28,116,14,31,44,262,85,25,31,17,32;0.959276018099547,1.08461538461538,0.993846153846154,0.895604395604396,1.04509283819629,1.03846153846154,1.06451612903226,1.02797202797203,1.00381679389313,0.931221719457014,0.966153846153846,1,0.868778280542986,1.04807692307692;14;14
 MinnaKauppi;NORT Sprint Qual Norway-Women;FIN;813;0.99016;45,24,49,27,133,14,33,45,262,77,23,30,15,36;1.08717948717949,0.903846153846154,1.01412872841444,0.928774928774929,0.91150954308849,1.03846153846154,1,1.00512820512821,1.00381679389313,1.02797202797203,1.05016722408027,1.03333333333333,0.984615384615385,0.931623931623932;14;14
 LinaStrand;NORT Sprint Qual Norway-Women;SWE;829;0.97105;57,20,52,24,126,15,33,46,270,80,27,32,14,33;0.8582995951417,1.08461538461538,0.955621301775148,1.04487179487179,0.962148962148962,0.969230769230769,1,0.983277591973244,0.974074074074074,0.989423076923077,0.894586894586895,0.96875,1.05494505494505,1.01631701631702;14;14
 AnnikaBillstam;NORT Sprint Qual Norway-Women;SWE;831;0.96871;54,23,49,26,119,15,32,46,271,84,26,36,15,35;0.905982905982906,0.94314381270903,1.01412872841444,0.964497041420118,1.01874595992243,0.969230769230769,1.03125,0.983277591973244,0.970479704797048,0.942307692307692,0.928994082840237,0.861111111111111,0.984615384615385,0.958241758241758;14;14
 Anne MargretheHausken Nordberg;NORT Sprint Qual Norway-Women;NOR;836;0.96292;49,22,54,28,128,15,34,46,282,77,21,30,14,36;0.998430141287284,0.986013986013986,0.92022792022792,0.895604395604396,0.947115384615385,0.969230769230769,0.970588235294118,0.983277591973244,0.932624113475177,1.02797202797203,1.15018315018315,1.03333333333333,1.05494505494505,0.931623931623932;14;14
 JudithWyder;NORT Sprint Qual Norway-Women;SUI;843;0.95492;51,22,52,39,120,16,34,46,284,79,23,30,14,33;0.959276018099547,0.986013986013986,0.955621301775148,0.642998027613412,1.01025641025641,0.908653846153846,0.970588235294118,0.983277591973244,0.926056338028169,1.00194741966894,1.05016722408027,1.03333333333333,1.05494505494505,1.01631701631702;14;14
 JosefineEngström;NORT Sprint Qual Norway-Women;SWE;846;0.95154;55,25,53,26,122,15,34,45,275,80,26,36,19,35;0.889510489510489,0.867692307692308,0.937590711175617,0.964497041420118,0.993694829760403,0.969230769230769,0.970588235294118,1.00512820512821,0.956363636363636,0.989423076923077,0.928994082840237,0.861111111111111,0.777327935222672,0.958241758241758;14;14
 MajaAlm;NORT Sprint Qual Norway-Women;DEN;851;0.94595;54,26,52,34,120,15,36,45,285,76,25,32,18,33;0.905982905982906,0.834319526627219,0.955621301775148,0.737556561085973,1.01025641025641,0.969230769230769,0.916666666666667,1.00512820512821,0.92280701754386,1.0414979757085,0.966153846153846,0.96875,0.820512820512821,1.01631701631702;14;14
 SaraLüscher;NORT Sprint Qual Norway-Women;SUI;854;0.94262;49,24,52,39,143,16,35,46,250,88,26,35,15,36;0.998430141287284,0.903846153846154,0.955621301775148,0.642998027613412,0.847767616998386,0.908653846153846,0.942857142857143,0.983277591973244,1.052,0.899475524475525,0.928994082840237,0.885714285714286,0.984615384615385,0.931623931623932;14;14
 IdaBobach;NORT Sprint Qual Norway-Women;DEN;859;0.93714;49,23,51,41,119,14,31,45,283,94,25,34,16,34;0.998430141287284,0.94314381270903,0.974358974358974,0.611632270168856,1.01874595992243,1.03846153846154,1.06451612903226,1.00512820512821,0.929328621908127,0.842062193126023,0.966153846153846,0.911764705882353,0.923076923076923,0.986425339366516;14;14
 SarinaJenzer;NORT Sprint Qual Norway-Women;SUI;862;0.93387;55,23,55,28,126,16,33,47,278,80,30,37,17,37;0.889510489510489,0.94314381270903,0.903496503496504,0.895604395604396,0.962148962148962,0.908653846153846,1,0.962356792144026,0.946043165467626,0.989423076923077,0.805128205128205,0.837837837837838,0.868778280542986,0.906444906444906;14;14
 ToneWigemyr;NORT Sprint Qual Norway-Women;NOR;866;0.92956;58,24,53,35,134,15,35,48,267,88,26,33,16,34;0.843501326259947,0.903846153846154,0.937590711175617,0.716483516483516,0.904707233065442,0.969230769230769,0.942857142857143,0.942307692307692,0.98501872659176,0.899475524475525,0.928994082840237,0.939393939393939,0.923076923076923,0.986425339366516;14;14
 SabineHauswirth;NORT Sprint Qual Norway-Women;SUI;867;0.92849;53,26,51,57,125,15,38,49,244,88,34,34,17,36;0.923076923076923,0.834319526627219,0.974358974358974,0.439946018893387,0.969846153846154,0.969230769230769,0.868421052631579,0.923076923076923,1.07786885245902,0.899475524475525,0.710407239819005,0.911764705882353,0.868778280542986,0.931623931623932;14;14
 VenlaNiemi;NORT Sprint Qual Norway-Women;FIN;869;0.92635;60,24,53,26,138,15,34,50,278,80,25,32,17,37;0.815384615384615,0.903846153846154,0.937590711175617,0.964497041420118,0.878483835005574,0.969230769230769,0.970588235294118,0.904615384615385,0.946043165467626,0.989423076923077,0.966153846153846,0.96875,0.868778280542986,0.906444906444906;14;14
 AnastasiyaTikhonova;NORT Sprint Qual Norway-Women;RUS;871;0.92423;47,21,50,35,137,15,37,52,281,88,25,32,17,34;1.04091653027823,1.03296703296703,0.993846153846154,0.716483516483516,0.884896125772038,0.969230769230769,0.891891891891892,0.869822485207101,0.935943060498221,0.899475524475525,0.966153846153846,0.96875,0.868778280542986,0.986425339366516;14;14
 MariaMagnusson;NORT Sprint Qual Norway-Women;SWE;877;0.91790;55,21,57,34,129,17,35,46,259,99,31,34,18,42;0.889510489510489,1.03296703296703,0.871794871794872,0.737556561085973,0.939773404889684,0.855203619909502,0.942857142857143,0.983277591973244,1.01544401544402,0.7995337995338,0.779156327543424,0.911764705882353,0.820512820512821,0.798534798534799;14;14
 HeidiØstlid Bagstevold;NORT Sprint Qual Norway-Women;NOR;878;0.91686;47,23,52,57,133,15,33,48,270,84,26,33,19,38;1.04091653027823,0.94314381270903,0.955621301775148,0.439946018893387,0.91150954308849,0.969230769230769,1,0.942307692307692,0.974074074074074,0.942307692307692,0.928994082840237,0.939393939393939,0.777327935222672,0.882591093117409;14;14
 MerjaRantanen;NORT Sprint Qual Norway-Women;FIN;882;0.91270;50,24,48,45,139,14,36,47,287,83,26,31,15,37;0.978461538461538,0.903846153846154,1.03525641025641,0.557264957264957,0.872163807415606,1.03846153846154,0.916666666666667,0.962356792144026,0.916376306620209,0.953660797034291,0.928994082840237,1,0.984615384615385,0.906444906444906;14;14
 JuliaGross;NORT Sprint Qual Norway-Women;SUI;882;0.91270;50,24,55,25,126,16,36,47,306,88,24,33,16,36;0.978461538461538,0.903846153846154,0.903496503496504,1.00307692307692,0.962148962148962,0.908653846153846,0.916666666666667,0.962356792144026,0.859477124183007,0.899475524475525,1.00641025641026,0.939393939393939,0.923076923076923,0.931623931623932;14;14
 SailaKinni;NORT Sprint Qual Norway-Women;FIN;882;0.91270;52,22,53,38,133,16,36,50,281,90,26,31,16,38;0.940828402366864,0.986013986013986,0.937590711175617,0.659919028340081,0.91150954308849,0.908653846153846,0.916666666666667,0.904615384615385,0.935943060498221,0.87948717948718,0.928994082840237,1,0.923076923076923,0.882591093117409;14;14
 HeiniWennman;NORT Sprint Qual Norway-Women;FIN;883;0.91166;54,24,55,36,132,16,35,46,291,88,25,32,15,34;0.905982905982906,0.903846153846154,0.903496503496504,0.696581196581197,0.918414918414918,0.908653846153846,0.942857142857143,0.983277591973244,0.903780068728522,0.899475524475525,0.966153846153846,0.96875,0.984615384615385,0.986425339366516;14;14
 SofiaHaajanen;NORT Sprint Qual Norway-Women;FIN;885;0.90960;57,24,54,26,125,15,34,48,293,86,27,38,15,43;0.8582995951417,0.903846153846154,0.92022792022792,0.964497041420118,0.969846153846154,0.969230769230769,0.970588235294118,0.942307692307692,0.897610921501707,0.920393559928444,0.894586894586895,0.815789473684211,0.984615384615385,0.779964221824687;14;14
 EmmaKlingenberg;NORT Sprint Qual Norway-Women;DEN;885;0.90960;52,23,49,38,121,14,34,44,290,110,24,33,16,37;0.940828402366864,0.94314381270903,1.01412872841444,0.659919028340081,1.00190718372537,1.03846153846154,0.970588235294118,1.02797202797203,0.906896551724138,0.71958041958042,1.00641025641026,0.939393939393939,0.923076923076923,0.906444906444906;14;14
 MariFasting;NORT Sprint Qual Norway-Women;NOR;894;0.90045;49,24,51,30,156,15,37,49,281,85,30,37,16,34;0.998430141287284,0.903846153846154,0.974358974358974,0.835897435897436,0.777120315581854,0.969230769230769,0.891891891891892,0.923076923076923,0.935943060498221,0.931221719457014,0.805128205128205,0.837837837837838,0.923076923076923,0.986425339366516;14;14
 CatherineTaylor;NORT Sprint Qual Norway-Women;GBR;896;0.89844;57,23,51,25,136,14,35,52,288,93,28,38,18,38;0.8582995951417,0.94314381270903,0.974358974358974,1.00307692307692,0.891402714932127,1.03846153846154,0.942857142857143,0.869822485207101,0.913194444444444,0.851116625310174,0.862637362637363,0.815789473684211,0.820512820512821,0.882591093117409;14;14
 KineHallan Steiwer;NORT Sprint Qual Norway-Women;NOR;898;0.89644;56,24,55,42,137,16,37,48,283,90,25,35,17,33;0.873626373626374,0.903846153846154,0.903496503496504,0.597069597069597,0.884896125772038,0.908653846153846,0.891891891891892,0.942307692307692,0.929328621908127,0.87948717948718,0.966153846153846,0.885714285714286,0.868778280542986,1.01631701631702;14;14
 InesBrodmann;NORT Sprint Qual Norway-Women;SUI;899;0.89544;54,24,58,26,152,16,35,47,295,82,24,33,15,38;0.905982905982906,0.903846153846154,0.856763925729443,0.964497041420118,0.797570850202429,0.908653846153846,0.942857142857143,0.962356792144026,0.891525423728814,0.965290806754222,1.00641025641026,0.939393939393939,0.984615384615385,0.882591093117409;14;14
 TatyanaRyabkina;NORT Sprint Qual Norway-Women;RUS;904;0.89049;58,25,56,27,132,17,40,51,282,90,28,35,17,46;0.843501326259947,0.867692307692308,0.887362637362637,0.928774928774929,0.918414918414918,0.855203619909502,0.825,0.886877828054299,0.932624113475177,0.87948717948718,0.862637362637363,0.885714285714286,0.868778280542986,0.729096989966555;14;14
 IsabelleFeer;NORT Sprint Qual Norway-Women;SUI;907;0.88754;52,41,61,25,129,16,37,51,291,94,26,34,15,35;0.940828402366864,0.529080675422139,0.814627994955864,1.00307692307692,0.939773404889684,0.908653846153846,0.891891891891892,0.886877828054299,0.903780068728522,0.842062193126023,0.928994082840237,0.911764705882353,0.984615384615385,0.958241758241758;14;14
 AnnicaGustafsson;NORT Sprint Qual Norway-Women;SWE;908;0.88656;51,25,51,42,131,16,36,53,291,95,27,34,21,35;0.959276018099547,0.867692307692308,0.974358974358974,0.597069597069597,0.925425719318849,0.908653846153846,0.916666666666667,0.853410740203193,0.903780068728522,0.833198380566802,0.894586894586895,0.911764705882353,0.703296703296703,0.958241758241758;14;14
 GørilRønning Sund;NORT Sprint Qual Norway-Women;NOR;908;0.88656;53,23,54,49,140,15,34,47,287,96,26,32,16,36;0.923076923076923,0.94314381270903,0.92022792022792,0.511773940345369,0.865934065934066,0.969230769230769,0.970588235294118,0.962356792144026,0.916376306620209,0.824519230769231,0.928994082840237,0.96875,0.923076923076923,0.931623931623932;14;14
 LilianForsgren;NORT Sprint Qual Norway-Women;SWE;910;0.88462;51,26,53,26,146,16,36,49,300,86,25,37,21,38;0.959276018099547,0.834319526627219,0.937590711175617,0.964497041420118,0.830347734457323,0.908653846153846,0.916666666666667,0.923076923076923,0.876666666666667,0.920393559928444,0.966153846153846,0.837837837837838,0.703296703296703,0.882591093117409;14;14
 SiljeEkroll Jahren;NORT Sprint Qual Norway-Women;NOR;920;0.87500;53,24,57,26,153,15,38,49,290,105,25,34,16,35;0.923076923076923,0.903846153846154,0.871794871794872,0.964497041420118,0.792357968828557,0.969230769230769,0.868421052631579,0.923076923076923,0.906896551724138,0.753846153846154,0.966153846153846,0.911764705882353,0.923076923076923,0.958241758241758;14;14
 SariAnttonen;NORT Sprint Qual Norway-Women;FIN;924;0.87121;50,25,52,48,129,16,36,51,294,91,28,42,24,38;0.978461538461538,0.867692307692308,0.955621301775148,0.522435897435897,0.939773404889684,0.908653846153846,0.916666666666667,0.886877828054299,0.894557823129252,0.869822485207101,0.862637362637363,0.738095238095238,0.615384615384615,0.882591093117409;14;14
 OutiOjanen;NORT Sprint Qual Norway-Women;FIN;926;0.86933;58,24,50,35,147,16,36,49,302,84,34,37,16,38;0.843501326259947,0.903846153846154,0.993846153846154,0.716483516483516,0.824699110413396,0.908653846153846,0.916666666666667,0.923076923076923,0.870860927152318,0.942307692307692,0.710407239819005,0.837837837837838,0.923076923076923,0.882591093117409;14;14
 SigneKlinting;NORT Sprint Qual Norway-Women;DEN;928;0.86746;55,23,55,26,132,17,39,49,323,90,28,35,19,37;0.889510489510489,0.94314381270903,0.903496503496504,0.964497041420118,0.918414918414918,0.855203619909502,0.846153846153846,0.923076923076923,0.814241486068111,0.87948717948718,0.862637362637363,0.885714285714286,0.777327935222672,0.906444906444906;14;14
 KaroliinaSundberg;NORT Sprint Qual Norway-Women;FIN;929;0.86652;55,27,54,42,133,15,34,52,302,89,31,42,17,36;0.889510489510489,0.803418803418803,0.92022792022792,0.597069597069597,0.91150954308849,0.969230769230769,0.970588235294118,0.869822485207101,0.870860927152318,0.889369057908384,0.779156327543424,0.738095238095238,0.868778280542986,0.931623931623932;14;14
 StineBagger Hagner;NORT Sprint Qual Norway-Women;DEN;934;0.86188;55,33,54,30,133,16,43,50,305,95,26,35,21,38;0.889510489510489,0.657342657342657,0.92022792022792,0.835897435897436,0.91150954308849,0.908653846153846,0.767441860465116,0.904615384615385,0.862295081967213,0.833198380566802,0.928994082840237,0.885714285714286,0.703296703296703,0.882591093117409;14;14
 SvetlanaMironova;NORT Sprint Qual Norway-Women;RUS;942;0.85456;62,27,56,25,149,15,35,49,312,91,29,38,20,34;0.789081885856079,0.803418803418803,0.887362637362637,1.00307692307692,0.813629323696438,0.969230769230769,0.942857142857143,0.923076923076923,0.842948717948718,0.869822485207101,0.83289124668435,0.815789473684211,0.738461538461539,0.986425339366516;14;14
 VanessaRound;NORT Sprint Qual Norway-Women;AUS;948;0.84916;56,24,68,25,150,17,40,54,307,90,26,36,16,39;0.873626373626374,0.903846153846154,0.730769230769231,1.00307692307692,0.808205128205128,0.855203619909502,0.825,0.837606837606838,0.856677524429967,0.87948717948718,0.928994082840237,0.861111111111111,0.923076923076923,0.859960552268245;14;14
 DariaLajn;NORT Sprint Qual Norway-Women;POL;948;0.84916;64,25,60,41,141,19,37,49,300,96,27,32,16,41;0.764423076923077,0.867692307692308,0.828205128205128,0.611632270168856,0.859792689579924,0.765182186234818,0.891891891891892,0.923076923076923,0.876666666666667,0.824519230769231,0.894586894586895,0.96875,0.923076923076923,0.818011257035647;14;14
 AmélieChataing;NORT Sprint Qual Norway-Women;FRA;967;0.83247;71,23,60,40,134,17,39,50,293,94,27,33,48,38;0.689057421451788,0.94314381270903,0.828205128205128,0.626923076923077,0.904707233065442,0.855203619909502,0.846153846153846,0.904615384615385,0.897610921501707,0.842062193126023,0.894586894586895,0.939393939393939,0.307692307692308,0.882591093117409;14;14
 IngjerdMyhre;NORT Sprint Qual Norway-Women;NOR;970;0.82990;58,31,61,37,152,16,36,52,308,100,27,35,21,36;0.843501326259947,0.699751861042184,0.814627994955864,0.677754677754678,0.797570850202429,0.908653846153846,0.916666666666667,0.869822485207101,0.853896103896104,0.791538461538462,0.894586894586895,0.885714285714286,0.703296703296703,0.931623931623932;14;14
 RebeccaHarding;NORT Sprint Qual Norway-Women;GBR;978;0.82311;61,25,58,26,151,16,40,50,334,92,29,39,17,40;0.802017654476671,0.867692307692308,0.856763925729443,0.964497041420118,0.80285277636271,0.908653846153846,0.825,0.904615384615385,0.787425149700599,0.860367892976589,0.83289124668435,0.794871794871795,0.868778280542986,0.838461538461538;14;14
 ClaireWard;NORT Sprint Qual Norway-Women;GBR;1002;0.80339;59,26,62,26,162,16,36,47,364,87,26,35,16,40;0.829204693611473,0.834319526627219,0.801488833746898,0.964497041420118,0.748338081671415,0.908653846153846,0.916666666666667,0.962356792144026,0.722527472527473,0.909814323607427,0.928994082840237,0.885714285714286,0.923076923076923,0.838461538461538;14;14
 HannaWisniewska;NORT Sprint Qual Norway-Women;POL;1076;0.74814;63,28,72,35,135,18,37,51,415,91,31,38,18,44;0.776556776556776,0.774725274725275,0.69017094017094,0.716483516483516,0.898005698005698,0.807692307692308,0.891891891891892,0.886877828054299,0.633734939759036,0.869822485207101,0.779156327543424,0.815789473684211,0.820512820512821,0.762237762237762;14;14
 IngeSkovgaard Knudsen;NORT Sprint Qual Norway-Women;DEN;1126;0.71492;63,27,61,27,138,16,39,50,444,120,30,44,20,47;0.776556776556776,0.803418803418803,0.814627994955864,0.928774928774929,0.878483835005574,0.908653846153846,0.846153846153846,0.904615384615385,0.592342342342342,0.659615384615385,0.805128205128205,0.704545454545455,0.738461538461539,0.713584288052373;14;14
