Mazulis Marius;WOC 2004 Long Distance Qualification-M-A;Lithuania;3737;0.99063;161,91,125,435,242,299,168,65,67,168,363,263,818,235,64,112,61;1.01552795031056,0.993131868131868,1.057,0.995402298850575,0.950413223140496,0.964882943143813,1.01860119047619,0.967307692307692,0.996268656716418,0.97172619047619,0.972796143250689,1.04372623574144,1.01528117359413,0.89468085106383,1.080078125,0.940848214285714,0.944672131147541;17;17
Hott Johansen Holger;WOC 2004 Long Distance Qualification-M-A;Norway;3739;0.99010;164,95,148,453,230,285,164,61,78,159,363,273,816,206,73,107,64;0.996951219512195,0.951315789473684,0.892736486486487,0.955849889624724,1,1.01228070175439,1.04344512195122,1.03073770491803,0.855769230769231,1.02672955974843,0.972796143250689,1.00549450549451,1.01776960784314,1.02063106796116,0.946917808219178,0.98481308411215,0.900390625;17;17
Ikonen Pasi;WOC 2004 Long Distance Qualification-M-A;Finland;3762;0.98405;158,88,137,423,222,293,169,64,66,159,355,280,848,210,121,111,58;1.03481012658228,1.02698863636364,0.964416058394161,1.02364066193853,1.03603603603604,0.984641638225256,1.01257396449704,0.982421875,1.01136363636364,1.02672955974843,0.994718309859155,0.980357142857143,0.97936320754717,1.00119047619048,0.571280991735537,0.949324324324324,0.993534482758621;17;17
Wingstedt Emil;WOC 2004 Long Distance Qualification-M-A;Sweden;3794;0.97575;167,87,136,422,239,290,198,66,78,162,361,287,833,222,91,99,56;0.979041916167665,1.03879310344828,0.971507352941177,1.0260663507109,0.96234309623431,0.994827586206897,0.864267676767677,0.952651515151515,0.855769230769231,1.00771604938272,0.978185595567867,0.956445993031359,0.996998799519808,0.947072072072072,0.759615384615385,1.06439393939394,1.02901785714286;17;17
Novikov Valentin;WOC 2004 Long Distance Qualification-M-A;Russia;3806;0.97267;173,97,132,443,231,279,176,60,67,165,349,298,847,203,88,131,67;0.945086705202312,0.931701030927835,1.00094696969697,0.977426636568849,0.995670995670996,1.03405017921147,0.972301136363636,1.04791666666667,0.996268656716418,0.989393939393939,1.01181948424069,0.921140939597315,0.980519480519481,1.03571428571429,0.785511363636364,0.804389312977099,0.860074626865672;17;17
Horst Ingo;WOC 2004 Long Distance Qualification-M-A;Germany;3815;0.97038;159,87,134,436,229,291,216,68,65,169,395,274,828,233,68,103,60;1.02830188679245,1.03879310344828,0.986007462686567,0.993119266055046,1.00436681222707,0.991408934707904,0.79224537037037,0.924632352941177,1.02692307692308,0.965976331360947,0.893987341772152,1.00182481751825,1.0030193236715,0.902360515021459,1.01654411764706,1.02305825242718,0.960416666666667;17;17
Bluett Grant;WOC 2004 Long Distance Qualification-M-A;Australia;3852;0.96106;170,95,142,444,234,293,205,120,70,171,339,273,845,201,73,112,65;0.961764705882353,0.951315789473684,0.930457746478873,0.975225225225225,0.982905982905983,0.984641638225256,0.834756097560976,0.523958333333333,0.953571428571429,0.954678362573099,1.04166666666667,1.00549450549451,0.982840236686391,1.04601990049751,0.946917808219178,0.940848214285714,0.886538461538461;17;17
Sirmais Martins;WOC 2004 Long Distance Qualification-M-A;Latvia;3852;0.96106;171,83,135,460,227,289,168,96,63,176,373,315,856,207,67,106,60;0.956140350877193,1.08885542168675,0.978703703703704,0.941304347826087,1.01321585903084,0.998269896193772,1.01860119047619,0.654947916666667,1.05952380952381,0.927556818181818,0.94671581769437,0.871428571428571,0.970210280373832,1.01570048309179,1.03171641791045,0.994103773584906,0.960416666666667;17;17
Jørgensen Carsten;WOC 2004 Long Distance Qualification-M-A;Denmark;3892;0.95118;167,104,143,423,242,288,189,73,72,182,387,297,815,267,69,113,61;0.979041916167665,0.868990384615385,0.923951048951049,1.02364066193853,0.950413223140496,1.00173611111111,0.90542328042328,0.861301369863014,0.927083333333333,0.896978021978022,0.912467700258398,0.924242424242424,1.01901840490798,0.787453183520599,1.0018115942029,0.932522123893805,0.944672131147541;17;17
Peyvel Benoit;WOC 2004 Long Distance Qualification-M-A;France;3966;0.93343;185,123,141,482,276,296,163,62,75,161,364,277,888,221,84,112,56;0.883783783783784,0.734756097560976,0.937056737588652,0.898340248962656,0.833333333333333,0.974662162162162,1.04984662576687,1.01411290322581,0.89,1.0139751552795,0.970123626373626,0.990974729241877,0.935247747747748,0.951357466063348,0.822916666666667,0.940848214285714,1.02901785714286;17;17
Olm Jan;WOC 2004 Long Distance Qualification-M-A;Estonia;3992;0.92735;164,106,138,472,238,308,178,64,72,163,356,283,851,212,196,128,63;0.996951219512195,0.852594339622642,0.957427536231884,0.917372881355932,0.966386554621849,0.936688311688312,0.961376404494382,0.982421875,0.927083333333333,1.00153374233129,0.991924157303371,0.969964664310954,0.975910693301998,0.991745283018868,0.352678571428571,0.8232421875,0.91468253968254;17;17
Horacek Michal;WOC 2004 Long Distance Qualification-M-A;Czech Republic;4017;0.92158;177,102,151,438,234,295,212,69,75,175,387,314,887,252,72,114,63;0.923728813559322,0.886029411764706,0.875,0.988584474885845,0.982905982905983,0.977966101694915,0.807193396226415,0.911231884057971,0.89,0.932857142857143,0.912467700258398,0.874203821656051,0.93630214205186,0.834325396825397,0.960069444444444,0.924342105263158,0.91468253968254;17;17
Niggli-Luder Matthias;WOC 2004 Long Distance Qualification-M-A;Switzerland;4051;0.91385;170,97,130,475,251,319,184,83,69,185,410,338,856,246,70,107,61;0.961764705882353,0.931701030927835,1.01634615384615,0.911578947368421,0.916334661354582,0.904388714733542,0.930027173913043,0.757530120481928,0.967391304347826,0.882432432432432,0.861280487804878,0.812130177514793,0.970210280373832,0.854674796747967,0.9875,0.98481308411215,0.944672131147541;17;17
Marston Daniel;WOC 2004 Long Distance Qualification-M-A;Great Britian;4077;0.90802;176,103,141,473,238,328,183,72,70,175,376,294,883,238,149,115,63;0.928977272727273,0.877427184466019,0.937056737588652,0.915433403805497,0.966386554621849,0.879573170731707,0.935109289617486,0.873263888888889,0.953571428571429,0.932857142857143,0.939162234042553,0.933673469387755,0.940543601359003,0.883403361344538,0.463926174496644,0.916304347826087,0.91468253968254;17;17
Davidik Marian;WOC 2004 Long Distance Qualification-M-A;Slovakia;4151;0.89183;173,107,161,494,247,334,193,74,71,173,394,296,885,275,89,118,67;0.945086705202312,0.844626168224299,0.820652173913043,0.876518218623482,0.931174089068826,0.86377245508982,0.886658031088083,0.849662162162162,0.940140845070423,0.94364161849711,0.896256345177665,0.927364864864865,0.938418079096045,0.764545454545455,0.776685393258427,0.893008474576271,0.860074626865672;17;17
Nikolov Kiril;WOC 2004 Long Distance Qualification-M-A;Bulgaria;4209;0.87954;195,115,199,462,254,341,188,74,85,182,381,302,842,332,99,103,55;0.838461538461538,0.785869565217391,0.66394472361809,0.937229437229437,0.905511811023622,0.846041055718475,0.910239361702128,0.849662162162162,0.785294117647059,0.896978021978022,0.926837270341207,0.908940397350993,0.986342042755344,0.63328313253012,0.698232323232323,1.02305825242718,1.04772727272727;17;17
Kowalski Wojciech;WOC 2004 Long Distance Qualification-M-A;Poland;4220;0.87725;179,167,148,508,265,305,198,71,72,174,419,293,877,250,127,109,58;0.91340782122905,0.541167664670659,0.892736486486487,0.852362204724409,0.867924528301887,0.945901639344262,0.864267676767677,0.88556338028169,0.927083333333333,0.938218390804598,0.842780429594272,0.936860068259386,0.946978335233751,0.841,0.544291338582677,0.966743119266055,0.993534482758621;17;17
Helminger Norbert;WOC 2004 Long Distance Qualification-M-A;Austria;4235;0.87414;181,108,145,508,257,321,190,77,79,185,381,312,946,226,128,123,68;0.903314917127072,0.836805555555556,0.911206896551724,0.852362204724409,0.894941634241245,0.898753894080997,0.900657894736842,0.816558441558442,0.844936708860759,0.882432432432432,0.926837270341207,0.879807692307692,0.877906976744186,0.930309734513274,0.5400390625,0.856707317073171,0.847426470588235;17;17
Levai Ferenc;WOC 2004 Long Distance Qualification-M-A;Hungary;4284;0.86415;168,107,144,502,262,332,223,96,70,204,436,347,891,252,70,117,63;0.973214285714286,0.844626168224299,0.917534722222222,0.862549800796813,0.877862595419847,0.868975903614458,0.76737668161435,0.654947916666667,0.953571428571429,0.800245098039216,0.809919724770642,0.791066282420749,0.932098765432099,0.834325396825397,0.9875,0.900641025641026,0.91468253968254;17;17
Sillien Nicolas;WOC 2004 Long Distance Qualification-M-A;Belgium;4296;0.86173;297,97,136,447,233,296,199,113,72,180,339,273,865,449,92,150,58;0.55050505050505,0.931701030927835,0.971507352941177,0.968680089485459,0.987124463519313,0.974662162162162,0.859924623115578,0.55641592920354,0.927083333333333,0.906944444444444,1.04166666666667,1.00549450549451,0.960115606936416,0.46826280623608,0.751358695652174,0.7025,0.993534482758621;17;17
May Brian;WOC 2004 Long Distance Qualification-M-A;U.S.A;4511;0.82066;190,121,155,486,277,339,201,76,74,205,401,283,897,530,96,117,63;0.860526315789474,0.746900826446281,0.85241935483871,0.890946502057613,0.830324909747292,0.851032448377581,0.85136815920398,0.827302631578947,0.902027027027027,0.796341463414634,0.880610972568579,0.969964664310954,0.925863991081382,0.396698113207547,0.720052083333333,0.900641025641026,0.91468253968254;17;17
Smith Wil;WOC 2004 Long Distance Qualification-M-A;Canada;4518;0.81939;226,111,145,538,292,385,248,76,74,173,391,313,1007,253,88,128,70;0.723451327433628,0.814189189189189,0.911206896551724,0.804832713754647,0.787671232876712,0.749350649350649,0.690020161290323,0.827302631578947,0.902027027027027,0.94364161849711,0.903132992327366,0.876996805111821,0.824726911618669,0.83102766798419,0.785511363636364,0.8232421875,0.823214285714286;17;17
Seppi Marco;WOC 2004 Long Distance Qualification-M-A;Italy;4616;0.80199;194,299,139,532,340,371,197,73,73,175,400,349,948,257,92,116,61;0.842783505154639,0.302257525083612,0.950539568345324,0.81390977443609,0.676470588235294,0.777628032345013,0.868654822335025,0.861301369863014,0.914383561643836,0.932857142857143,0.8828125,0.786532951289398,0.876054852320675,0.818093385214008,0.751358695652174,0.908405172413793,0.944672131147541;17;17
Kandybey Yevhen;WOC 2004 Long Distance Qualification-M-A;Ukraina;4650;0.79613;209,105,169,543,281,374,247,89,87,207,460,376,964,268,87,118,66;0.782296650717703,0.860714285714286,0.781804733727811,0.797421731123389,0.818505338078292,0.771390374331551,0.692813765182186,0.706460674157303,0.767241379310345,0.788647342995169,0.767663043478261,0.730053191489362,0.861514522821577,0.784514925373134,0.794540229885057,0.893008474576271,0.873106060606061;17;17
Sousa Joaquim;WOC 2004 Long Distance Qualification-M-A;Portugal;4706;0.78666;293,103,129,489,273,530,198,61,67,187,540,362,960,237,105,109,63;0.5580204778157,0.877427184466019,1.02422480620155,0.885480572597137,0.842490842490842,0.544339622641509,0.864267676767677,1.03073770491803,0.996268656716418,0.872994652406417,0.653935185185185,0.75828729281768,0.865104166666667,0.887130801687764,0.658333333333333,0.966743119266055,0.91468253968254;17;17
Legac Lino;WOC 2004 Long Distance Qualification-M-A;Croatia;5249;0.70528;231,124,172,554,298,472,341,97,94,213,448,369,1121,441,76,131,67;0.707792207792208,0.72883064516129,0.768168604651163,0.78158844765343,0.771812080536913,0.611228813559322,0.50183284457478,0.64819587628866,0.710106382978723,0.766431924882629,0.788225446428571,0.74390243902439,0.74085637823372,0.476757369614512,0.909539473684211,0.804389312977099,0.860074626865672;17;17
O´Halloran Colm;WOC 2004 Long Distance Qualification-M-A;Ireland;5273;0.70207;227,122,215,660,350,426,236,89,90,241,576,413,1065,273,92,132,66;0.720264317180617,0.74077868852459,0.61453488372093,0.656060606060606,0.657142857142857,0.677230046948357,0.72510593220339,0.706460674157303,0.741666666666667,0.677385892116183,0.613064236111111,0.664648910411622,0.77981220657277,0.77014652014652,0.751358695652174,0.798295454545455,0.873106060606061;17;17
Barbour Greg;WOC 2004 Long Distance Qualification-M-A;New Zealand;5302;0.69823;193,111,270,584,667,334,222,102,95,241,469,358,1022,307,128,127,72;0.847150259067358,0.814189189189189,0.489351851851852,0.741438356164384,0.344827586206897,0.86377245508982,0.770833333333333,0.616421568627451,0.702631578947368,0.677385892116183,0.752931769722815,0.766759776536313,0.812622309197652,0.68485342019544,0.5400390625,0.829724409448819,0.800347222222222;17;17
Exposito Raul;WOC 2004 Long Distance Qualification-M-A;Spain;5738;0.64517;207,123,222,556,275,365,242,91,94,240,569,369,1555,498,82,188,62;0.789855072463768,0.734756097560976,0.595157657657658,0.778776978417266,0.836363636363636,0.79041095890411,0.707128099173554,0.690934065934066,0.710106382978723,0.680208333333333,0.620606326889279,0.74390243902439,0.534083601286174,0.42218875502008,0.842987804878049,0.560505319148936,0.929435483870968;17;17
Dutkiewicz Colin;WOC 2004 Long Distance Qualification-M-A;South Africa;6260;0.59137;235,401,268,693,334,398,270,95,97,263,583,522,1204,498,187,143,69;0.695744680851064,0.225374064837905,0.493003731343284,0.624819624819625,0.688622754491018,0.724874371859296,0.633796296296296,0.661842105263158,0.688144329896907,0.620722433460076,0.605703259005146,0.525862068965517,0.689784053156146,0.42218875502008,0.369652406417112,0.736888111888112,0.835144927536232;17;17
Qu Kai;WOC 2004 Long Distance Qualification-M-A;China;6978;0.53052;259,387,779,624,325,393,320,114,78,270,657,439,1454,489,110,212,68;0.631274131274131,0.233527131782946,0.169608472400513,0.693910256410256,0.707692307692308,0.734096692111959,0.534765625,0.551535087719298,0.855769230769231,0.60462962962963,0.53748097412481,0.625284738041002,0.571182943603851,0.429959100204499,0.628409090909091,0.497051886792453,0.847426470588235;17;17
Haldin Mats;WOC 2004 Long Distance Qualification-M-B;Finland;3604;1.03996;188,166,145,33,460,201,331,95,114,67,298,305,755,188,91,108,59;1.07978723404255,1.01204819277108,1.0198275862069,1,1.04347826086957,1.06778606965174,1.06873111782477,1.14078947368421,1.00219298245614,1.04477611940298,1.09815436241611,0.958196721311475,1.03841059602649,1.04122340425532,1.00412087912088,0.998842592592593,0.959745762711864;17;17
Karlsson Mattias;WOC 2004 Long Distance Qualification-M-B;Sweden;3675;1.01986;210,168,149,32,451,212,335,107,120,66,308,287,790,191,90,103,56;0.966666666666667,1,0.99244966442953,1.03125,1.06430155210643,1.0123820754717,1.05597014925373,1.01285046728972,0.952083333333333,1.06060606060606,1.0625,1.01829268292683,0.992405063291139,1.02486910994764,1.01527777777778,1.04733009708738,1.01116071428571;17;17
Valstad Bjørnar;WOC 2004 Long Distance Qualification-M-B;Norway;3736;1.00321;207,157,143,33,481,199,330,103,117,69,340,303,790,196,104,106,58;0.980676328502415,1.07006369426752,1.03409090909091,1,0.997920997920998,1.0785175879397,1.0719696969697,1.05218446601942,0.976495726495726,1.01449275362319,0.9625,0.964521452145215,0.992405063291139,0.998724489795918,0.878605769230769,1.01768867924528,0.976293103448276;17;17
Quayle Tom;WOC 2004 Long Distance Qualification-M-B;Australia;3935;0.95248;216,180,153,35,542,227,357,113,133,72,334,312,775,203,112,111,60;0.939814814814815,0.933333333333333,0.966503267973856,0.942857142857143,0.885608856088561,0.945484581497797,0.990896358543417,0.959070796460177,0.859022556390977,0.972222222222222,0.979790419161677,0.936698717948718,1.01161290322581,0.964285714285714,0.815848214285714,0.971846846846847,0.94375;17;17
Kudriavcevas Paulius;WOC 2004 Long Distance Qualification-M-B;Lithuania;3973;0.94337;206,190,149,33,506,301,358,139,104,81,352,298,791,192,101,114,58;0.985436893203884,0.884210526315789,0.99244966442953,1,0.948616600790514,0.713039867109635,0.988128491620112,0.779676258992806,1.09855769230769,0.864197530864197,0.9296875,0.980704697986577,0.991150442477876,1.01953125,0.90470297029703,0.946271929824561,0.976293103448276;17;17
Nielsen Troels;WOC 2004 Long Distance Qualification-M-B;Denmark;3983;0.94100;205,168,142,32,488,222,530,119,113,76,322,286,801,205,106,113,55;0.990243902439024,1,1.04137323943662,1.03125,0.983606557377049,0.966779279279279,0.667452830188679,0.910714285714286,1.01106194690265,0.921052631578947,1.01630434782609,1.02185314685315,0.978776529338327,0.954878048780488,0.862028301886792,0.954646017699115,1.02954545454545;17;17
Gilgien Matthias;WOC 2004 Long Distance Qualification-M-B;Switzerland;4057;0.92384;224,188,154,40,506,225,426,115,127,72,351,318,845,199,87,119,61;0.90625,0.893617021276596,0.960227272727273,0.825,0.948616600790514,0.953888888888889,0.830399061032864,0.942391304347826,0.899606299212598,0.972222222222222,0.932336182336182,0.919025157232704,0.927810650887574,0.983668341708543,1.05028735632184,0.906512605042017,0.92827868852459;17;17
Novotny Radek;WOC 2004 Long Distance Qualification-M-B;Czech Republic;4082;0.91818;215,191,153,44,503,225,388,154,118,101,337,329,847,203,94,118,62;0.944186046511628,0.879581151832461,0.966503267973856,0.75,0.95427435387674,0.953888888888889,0.911726804123711,0.703733766233766,0.968220338983051,0.693069306930693,0.97106824925816,0.888297872340426,0.925619834710744,0.964285714285714,0.972074468085106,0.914194915254237,0.913306451612903;17;17
Bourrin Jean-Baptiste;WOC 2004 Long Distance Qualification-M-B;France;4096;0.91504;221,277,179,32,544,217,374,107,128,78,336,289,816,214,124,105,55;0.918552036199095,0.606498194945848,0.826117318435754,1.03125,0.882352941176471,0.98905529953917,0.945855614973262,1.01285046728972,0.892578125,0.897435897435897,0.973958333333333,1.01124567474048,0.96078431372549,0.914719626168224,0.736895161290323,1.02738095238095,1.02954545454545;17;17
Zamovskis Janis;WOC 2004 Long Distance Qualification-M-B;Latvia;4114;0.91104;205,166,154,139,542,233,391,128,129,74,343,291,859,194,99,109,58;0.990243902439024,1.01204819277108,0.960227272727273,0.237410071942446,0.885608856088561,0.921137339055794,0.904731457800512,0.8466796875,0.885658914728682,0.945945945945946,0.954081632653061,1.00429553264605,0.912689173457509,1.0090206185567,0.922979797979798,0.989678899082569,0.976293103448276;17;17
Palmer Stephen;WOC 2004 Long Distance Qualification-M-B;Great Britian;4131;0.90729;227,189,155,37,492,241,368,140,122,81,385,305,865,211,98,154,61;0.894273127753304,0.888888888888889,0.954032258064516,0.891891891891892,0.975609756097561,0.890560165975104,0.961277173913043,0.774107142857143,0.936475409836066,0.864197530864197,0.85,0.958196721311475,0.90635838150289,0.927725118483412,0.932397959183674,0.700487012987013,0.92827868852459;17;17
Casal Roger;WOC 2004 Long Distance Qualification-M-B;Spain;4149;0.90335;216,175,163,38,514,236,377,113,131,75,400,316,904,211,97,118,65;0.939814814814815,0.96,0.907208588957055,0.868421052631579,0.933852140077821,0.909427966101695,0.938328912466843,0.959070796460177,0.872137404580153,0.933333333333333,0.818125,0.924841772151899,0.867256637168142,0.927725118483412,0.94201030927835,0.914194915254237,0.871153846153846;17;17
Ryapolov Roman;WOC 2004 Long Distance Qualification-M-B;Russia;4213;0.88963;195,168,153,64,470,241,542,149,120,79,367,289,795,324,89,110,58;1.04102564102564,1,0.966503267973856,0.515625,1.02127659574468,0.890560165975104,0.652675276752767,0.727348993288591,0.952083333333333,0.886075949367089,0.891689373297003,1.01124567474048,0.986163522012579,0.604166666666667,1.02668539325843,0.980681818181818,0.976293103448276;17;17
Bader Leif;WOC 2004 Long Distance Qualification-M-B;Germany;4223;0.88752;236,209,169,36,517,243,378,135,136,72,398,320,864,222,99,132,57;0.860169491525424,0.803827751196172,0.875,0.916666666666667,0.928433268858801,0.883230452674897,0.935846560846561,0.802777777777778,0.840073529411765,0.972222222222222,0.822236180904523,0.91328125,0.907407407407407,0.881756756756757,0.922979797979798,0.817234848484849,0.993421052631579;17;17
Petrov Ivaylo;WOC 2004 Long Distance Qualification-M-B;Bulgaria;4267;0.87837;225,179,151,47,526,218,446,116,108,88,352,374,893,211,96,170,67;0.902222222222222,0.93854748603352,0.979304635761589,0.702127659574468,0.91254752851711,0.984518348623853,0.793161434977579,0.93426724137931,1.05787037037037,0.795454545454545,0.9296875,0.781417112299465,0.877939529675252,0.927725118483412,0.951822916666667,0.634558823529412,0.845149253731343;17;17
Kerschbaumer Gernot;WOC 2004 Long Distance Qualification-M-B;Austria;4269;0.87796;219,182,178,92,516,223,431,127,129,76,369,295,845,217,198,115,57;0.926940639269406,0.923076923076923,0.830758426966292,0.358695652173913,0.930232558139535,0.962443946188341,0.8207656612529,0.853346456692913,0.885658914728682,0.921052631578947,0.886856368563686,0.990677966101695,0.927810650887574,0.902073732718894,0.461489898989899,0.93804347826087,0.993421052631579;17;17
Mukhidinov Vyacheslav;WOC 2004 Long Distance Qualification-M-B;Ukraina;4323;0.86699;225,295,157,49,497,254,409,186,120,73,408,330,775,261,109,111,64;0.902222222222222,0.569491525423729,0.94187898089172,0.673469387755102,0.96579476861167,0.84498031496063,0.864914425427873,0.582661290322581,0.952083333333333,0.958904109589041,0.802083333333333,0.885606060606061,1.01161290322581,0.75,0.838302752293578,0.971846846846847,0.884765625;17;17
Quin Andrew;WOC 2004 Long Distance Qualification-M-B;Ireland;4386;0.85454;249,182,162,42,572,257,428,114,144,86,401,344,894,226,108,113,64;0.815261044176707,0.923076923076923,0.912808641975309,0.785714285714286,0.839160839160839,0.83511673151751,0.826518691588785,0.950657894736842,0.793402777777778,0.813953488372093,0.816084788029925,0.849563953488372,0.876957494407159,0.866150442477876,0.846064814814815,0.954646017699115,0.884765625;17;17
Milskovic Damir;WOC 2004 Long Distance Qualification-M-B;Croatia;4517;0.82975;268,286,164,39,581,249,429,115,141,96,395,342,901,222,103,118,68;0.757462686567164,0.587412587412587,0.901676829268293,0.846153846153846,0.826161790017212,0.861947791164659,0.824592074592075,0.942391304347826,0.810283687943262,0.729166666666667,0.828481012658228,0.85453216374269,0.870144284128746,0.881756756756757,0.887135922330097,0.914194915254237,0.832720588235294;17;17
Nömm Marek;WOC 2004 Long Distance Qualification-M-B;Estonia;4554;0.82301;260,176,192,34,501,227,531,119,125,69,405,388,828,231,298,111,59;0.780769230769231,0.954545454545455,0.770182291666667,0.970588235294118,0.958083832335329,0.945484581497797,0.666195856873823,0.910714285714286,0.914,1.01449275362319,0.808024691358025,0.753221649484536,0.946859903381642,0.847402597402597,0.306627516778524,0.971846846846847,0.959745762711864;17;17
Duca Nick;WOC 2004 Long Distance Qualification-M-B;Canada;4595;0.81567;278,223,180,43,562,249,411,136,241,76,390,364,947,212,99,116,68;0.73021582733813,0.753363228699552,0.821527777777778,0.767441860465116,0.854092526690391,0.861947791164659,0.860705596107056,0.796875,0.474066390041494,0.921052631578947,0.839102564102564,0.802884615384615,0.827877507919747,0.923349056603774,0.922979797979798,0.929956896551724,0.832720588235294;17;17
Matsuzawa Toshiyuki;WOC 2004 Long Distance Qualification-M-B;Japan;4706;0.79643;260,333,173,47,543,276,403,197,140,85,381,422,891,248,127,123,57;0.780769230769231,0.504504504504504,0.854768786127168,0.702127659574468,0.883977900552486,0.777626811594203,0.877791563275434,0.5501269035533,0.816071428571429,0.823529411764706,0.858923884514436,0.692535545023697,0.879910213243547,0.789314516129032,0.719488188976378,0.877032520325203,0.993421052631579;17;17
Tenani Alessio;WOC 2004 Long Distance Qualification-M-B;Italy;4749;0.78922;306,263,169,39,593,276,435,174,143,81,460,359,942,231,103,114,61;0.663398692810457,0.638783269961977,0.875,0.846153846153846,0.809443507588533,0.777626811594203,0.813218390804598,0.622844827586207,0.798951048951049,0.864197530864197,0.711413043478261,0.814066852367688,0.832271762208068,0.847402597402597,0.887135922330097,0.946271929824561,0.92827868852459;17;17
Simkens Geert;WOC 2004 Long Distance Qualification-M-B;Belgium;4796;0.78148;249,249,164,35,581,280,401,117,132,98,498,347,915,377,171,122,60;0.815261044176707,0.674698795180723,0.901676829268293,0.942857142857143,0.826161790017212,0.766517857142857,0.88216957605985,0.926282051282051,0.865530303030303,0.714285714285714,0.657128514056225,0.842219020172911,0.856830601092896,0.519230769230769,0.534356725146199,0.88422131147541,0.94375;17;17
Szundi Attila;WOC 2004 Long Distance Qualification-M-B;Hungary;4861;0.77103;276,206,353,61,576,248,462,158,164,176,371,401,851,242,87,171,58;0.735507246376812,0.815533980582524,0.418909348441926,0.540983606557377,0.833333333333333,0.865423387096774,0.765692640692641,0.685917721518987,0.696646341463415,0.397727272727273,0.882075471698113,0.728802992518703,0.921269095182139,0.808884297520661,1.05028735632184,0.630847953216374,0.976293103448276;17;17
Jessop Rob;WOC 2004 Long Distance Qualification-M-B;New Zealand;4964;0.75504;310,203,171,37,659,254,518,127,147,84,530,339,968,256,127,160,74;0.654838709677419,0.827586206896552,0.864766081871345,0.891891891891892,0.728376327769347,0.84498031496063,0.682915057915058,0.853346456692913,0.777210884353742,0.833333333333333,0.617452830188679,0.862094395280236,0.809917355371901,0.7646484375,0.719488188976378,0.67421875,0.765202702702703;17;17
Bartak Lukas;WOC 2004 Long Distance Qualification-M-B;Slovakia;5024;0.74602;208,178,151,37,506,253,723,149,130,75,726,441,890,222,142,125,68;0.975961538461538,0.943820224719101,0.979304635761589,0.891891891891892,0.948616600790514,0.848320158102767,0.489280774550484,0.727348993288591,0.878846153846154,0.933333333333333,0.450757575757576,0.662698412698413,0.880898876404494,0.881756756756757,0.643485915492958,0.863,0.832720588235294;17;17
Alon Tamir;WOC 2004 Long Distance Qualification-M-B;Israel;5056;0.74130;279,233,177,39,673,296,519,204,138,84,477,401,983,261,108,114,70;0.727598566308244,0.721030042918455,0.83545197740113,0.846153846153846,0.713224368499257,0.725084459459459,0.681599229287091,0.53125,0.827898550724638,0.833333333333333,0.686058700209644,0.728802992518703,0.797558494404883,0.75,0.846064814814815,0.946271929824561,0.808928571428571;17;17
Bergeron Eddie;WOC 2004 Long Distance Qualification-M-B;U.S.A;5100;0.73490;296,272,187,45,726,324,456,235,172,91,443,344,946,220,161,120,62;0.685810810810811,0.617647058823529,0.790775401069519,0.733333333333333,0.661157024793388,0.662422839506173,0.775767543859649,0.461170212765957,0.664244186046512,0.769230769230769,0.738713318284424,0.849563953488372,0.828752642706131,0.889772727272727,0.567546583850932,0.898958333333333,0.913306451612903;17;17
Mulder Nicholas;WOC 2004 Long Distance Qualification-M-B;South Africa;5103;0.73447;266,261,162,40,605,277,526,224,149,100,471,406,1032,260,123,126,75;0.763157894736842,0.64367816091954,0.912808641975309,0.825,0.793388429752066,0.774819494584838,0.672528517110266,0.483816964285714,0.766778523489933,0.7,0.6947983014862,0.719827586206897,0.75968992248062,0.752884615384615,0.742886178861789,0.856150793650794,0.755;17;17
Sergio Luis;WOC 2004 Long Distance Qualification-M-B;Portugal;6249;0.59978;282,225,181,38,571,290,476,158,133,87,1566,385,1107,318,235,130,67;0.719858156028369,0.746666666666667,0.816988950276243,0.868421052631579,0.840630472854641,0.740086206896552,0.743172268907563,0.685917721518987,0.859022556390977,0.804597701149425,0.20897190293742,0.759090909090909,0.708220415537489,0.615566037735849,0.388829787234043,0.829807692307692,0.845149253731343;17;17
Radovanovic Slobodan;WOC 2004 Long Distance Qualification-M-B;Serbia and Montenegro;6375;0.58792;335,256,205,60,743,318,493,179,173,93,597,535,1680,323,138,161,86;0.605970149253731,0.65625,0.721341463414634,0.55,0.646029609690444,0.674921383647799,0.717545638945233,0.605446927374302,0.660404624277457,0.752688172043011,0.548157453936348,0.546261682242991,0.466666666666667,0.606037151702786,0.66213768115942,0.670031055900621,0.658430232558139;17;17
Dalin Kalle;WOC 2004 Long Distance Qualification-M-C;Sweden;3674;1.00704;314,65,135,32,456,231,317,234,67,357,56,208,794,131,96,115,66;1.00557324840764,1.01346153846154,0.991666666666667,1.08203125,1.00493421052632,0.970779220779221,1.01143533123028,1.02136752136752,1.04850746268657,1.02696078431373,1.01339285714286,1.00060096153846,1.01590050377834,0.987595419847328,1.11979166666667,0.929347826086957,0.840909090909091;17;17
Kärner Olle;WOC 2004 Long Distance Qualification-M-C;Estonia;3700;0.99997;311,68,145,38,453,230,312,241,76,370,55,211,786,124,114,112,54;1.01527331189711,0.96875,0.923275862068966,0.911184210526316,1.01158940397351,0.975,1.02764423076923,0.991701244813278,0.924342105263158,0.990878378378378,1.03181818181818,0.986374407582938,1.02624045801527,1.04334677419355,0.942982456140351,0.954241071428571,1.02777777777778;17;17
Lakanen Jani;WOC 2004 Long Distance Qualification-M-C;Finland;3707;0.99808;309,70,126,32,468,209,314,251,65,348,57,201,835,140,118,109,55;1.02184466019417,0.941071428571429,1.0625,1.08203125,0.979166666666667,1.07296650717703,1.02109872611465,0.952191235059761,1.08076923076923,1.05352011494253,0.995614035087719,1.03544776119403,0.966017964071856,0.924107142857143,0.911016949152542,0.980504587155963,1.00909090909091;17;17
Omdal Hans Gunnar;WOC 2004 Long Distance Qualification-M-C;Norway;3739;0.98954;312,65,140,36,449,224,314,256,71,366,59,209,803,130,139,110,56;1.01201923076923,1.01346153846154,0.95625,0.961805555555556,1.0206013363029,1.00111607142857,1.02109872611465,0.93359375,0.98943661971831,1.00170765027322,0.961864406779661,0.995813397129187,1.00451432129514,0.995192307692308,0.773381294964029,0.971590909090909,0.991071428571429;17;17
Stevenson Jamie;WOC 2004 Long Distance Qualification-M-C;Great Britian;3807;0.97186;325,64,136,43,498,235,316,248,77,361,67,202,819,133,116,108,59;0.971538461538462,1.029296875,0.984375,0.805232558139535,0.920180722891566,0.954255319148936,1.01463607594937,0.963709677419355,0.912337662337662,1.01558171745152,0.847014925373134,1.03032178217822,0.98489010989011,0.972744360902256,0.926724137931034,0.989583333333333,0.940677966101695;17;17
Jedlicka Michal;WOC 2004 Long Distance Qualification-M-C;Czech Republic;3811;0.97084;330,67,139,46,467,232,334,232,71,369,56,206,835,138,117,115,57;0.956818181818182,0.983208955223881,0.963129496402878,0.752717391304348,0.981263383297645,0.966594827586207,0.959955089820359,1.0301724137931,0.98943661971831,0.993563685636856,1.01339285714286,1.01031553398058,0.966017964071856,0.9375,0.918803418803419,0.929347826086957,0.973684210526316;17;17
Mogensen Allan;WOC 2004 Long Distance Qualification-M-C;Denmark;3878;0.95407;326,84,141,37,472,229,341,232,74,408,59,218,846,134,105,112,60;0.968558282208589,0.78422619047619,0.949468085106383,0.935810810810811,0.970868644067797,0.979257641921397,0.94024926686217,1.0301724137931,0.949324324324324,0.89859068627451,0.961864406779661,0.954701834862385,0.953457446808511,0.965485074626866,1.02380952380952,0.954241071428571,0.925;17;17
Girsch Nicolas;WOC 2004 Long Distance Qualification-M-C;France;3918;0.94433;330,67,139,35,462,218,346,240,74,414,57,217,816,133,183,122,65;0.956818181818182,0.983208955223881,0.963129496402878,0.989285714285714,0.991883116883117,1.02866972477064,0.926661849710983,0.995833333333333,0.949324324324324,0.885567632850242,0.995614035087719,0.959101382488479,0.988511029411765,0.972744360902256,0.587431693989071,0.876024590163934,0.853846153846154;17;17
Lauenstein Marc;WOC 2004 Long Distance Qualification-M-C;Switzerland;3995;0.92613;367,77,139,33,458,269,324,264,94,401,72,222,881,128,108,103,55;0.860354223433243,0.855519480519481,0.963129496402878,1.04924242424242,1.00054585152838,0.83364312267658,0.989583333333333,0.90530303030303,0.747340425531915,0.91427680798005,0.788194444444444,0.9375,0.915578887627696,1.0107421875,0.99537037037037,1.0376213592233,1.00909090909091;17;17
Pospisil Vit;WOC 2004 Long Distance Qualification-M-C;Slovakia;4017;0.92105;335,82,146,48,503,270,362,256,72,410,58,211,806,142,141,118,57;0.942537313432836,0.803353658536585,0.916952054794521,0.721354166666667,0.9110337972167,0.830555555555556,0.885704419889503,0.93359375,0.975694444444444,0.894207317073171,0.978448275862069,0.986374407582938,1.00077543424318,0.911091549295775,0.762411347517731,0.905720338983051,0.973684210526316;17;17
Khramov Andrey;WOC 2004 Long Distance Qualification-M-C;Russia;4019;0.92060;351,92,183,54,519,255,341,265,88,387,66,235,794,131,103,102,53;0.89957264957265,0.716032608695652,0.73155737704918,0.641203703703704,0.882947976878613,0.879411764705882,0.94024926686217,0.90188679245283,0.798295454545455,0.94735142118863,0.859848484848485,0.88563829787234,1.01590050377834,0.987595419847328,1.04368932038835,1.04779411764706,1.04716981132075;17;17
Armalis Vidas;WOC 2004 Long Distance Qualification-M-C;Lithuania;4094;0.90373;355,70,166,36,503,255,361,244,72,408,62,227,896,147,109,115,68;0.88943661971831,0.941071428571429,0.806475903614458,0.961805555555556,0.9110337972167,0.879411764705882,0.888157894736842,0.979508196721312,0.975694444444444,0.89859068627451,0.915322580645161,0.916850220264317,0.900251116071429,0.880102040816326,0.986238532110092,0.929347826086957,0.816176470588235;17;17
Negrello Manuel;WOC 2004 Long Distance Qualification-M-C;Italy;4099;0.90263;316,63,153,45,462,266,341,241,83,449,61,375,837,132,114,102,59;0.999208860759494,1.04563492063492,0.875,0.769444444444444,0.991883116883117,0.843045112781955,0.94024926686217,0.991701244813278,0.846385542168675,0.816536748329621,0.930327868852459,0.555,0.963709677419355,0.980113636363636,0.942982456140351,1.04779411764706,0.940677966101695;17;17
Lang Markus;WOC 2004 Long Distance Qualification-M-C;Austria;4172;0.88683;437,68,133,45,475,258,340,252,81,392,57,239,935,146,122,134,58;0.72254004576659,0.96875,1.00657894736842,0.769444444444444,0.964736842105263,0.869186046511628,0.943014705882353,0.948412698412698,0.867283950617284,0.935267857142857,0.995614035087719,0.87081589958159,0.862700534759358,0.886130136986301,0.881147540983607,0.797574626865672,0.956896551724138;17;17
Pasquasy Fabien;WOC 2004 Long Distance Qualification-M-C;Belgium;4196;0.88176;330,75,126,38,459,228,334,281,87,375,232,237,980,126,111,115,62;0.956818181818182,0.878333333333333,1.0625,0.911184210526316,0.998366013071895,0.983552631578947,0.959955089820359,0.850533807829182,0.807471264367816,0.977666666666667,0.244612068965517,0.878164556962025,0.823086734693877,1.02678571428571,0.968468468468468,0.929347826086957,0.895161290322581;17;17
Pompe Tilo;WOC 2004 Long Distance Qualification-M-C;Germany;4257;0.86913;313,89,137,44,515,231,443,283,81,477,61,231,884,147,124,134,63;1.00878594249201,0.740168539325843,0.977189781021898,0.786931818181818,0.889805825242718,0.970779220779221,0.723758465011287,0.84452296819788,0.867283950617284,0.768605870020964,0.930327868852459,0.900974025974026,0.912471719457014,0.880102040816326,0.866935483870968,0.797574626865672,0.880952380952381;17;17
Sakorav Milko;WOC 2004 Long Distance Qualification-M-C;Bulgaria;4357;0.84918;344,82,156,37,558,268,358,299,94,469,63,282,875,145,124,145,58;0.917877906976744,0.803353658536585,0.858173076923077,0.935810810810811,0.821236559139785,0.836753731343284,0.895600558659218,0.79933110367893,0.747340425531915,0.781716417910448,0.900793650793651,0.738031914893617,0.921857142857143,0.892241379310345,0.866935483870968,0.737068965517241,0.956896551724138;17;17
Morris Eric;WOC 2004 Long Distance Qualification-M-C;Australia;4369;0.84685;360,86,147,46,533,246,372,274,98,441,76,255,959,140,164,115,57;0.877083333333333,0.765988372093023,0.910714285714286,0.752717391304348,0.859756097560976,0.911585365853659,0.861895161290323,0.872262773722628,0.716836734693878,0.831349206349206,0.746710526315789,0.816176470588235,0.841110531803962,0.924107142857143,0.655487804878049,0.929347826086957,0.973684210526316;17;17
Vonyo Peter;WOC 2004 Long Distance Qualification-M-C;Hungary;4375;0.84569;383,82,148,36,516,266,373,284,89,457,64,254,986,149,117,109,62;0.824412532637076,0.803353658536585,0.904560810810811,0.961805555555556,0.888081395348837,0.843045112781955,0.859584450402145,0.841549295774648,0.789325842696629,0.802242888402626,0.88671875,0.819389763779528,0.818078093306288,0.868288590604027,0.918803418803419,0.980504587155963,0.895161290322581;17;17
Smith Mike;WOC 2004 Long Distance Qualification-M-C;Canada;4457;0.83013;371,80,156,42,576,250,384,361,86,430,93,245,920,155,127,118,63;0.851078167115903,0.8234375,0.858173076923077,0.824404761904762,0.795572916666667,0.897,0.8349609375,0.662049861495845,0.816860465116279,0.852616279069767,0.610215053763441,0.849489795918367,0.876766304347826,0.834677419354839,0.846456692913386,0.905720338983051,0.880952380952381;17;17
Gavrylenko Vitaliy;WOC 2004 Long Distance Qualification-M-C;Ukraina;4480;0.82586;548,72,146,50,532,264,376,275,70,390,63,264,968,153,126,115,68;0.576186131386861,0.914930555555556,0.916952054794521,0.6925,0.861372180451128,0.849431818181818,0.852726063829787,0.869090909090909,1.00357142857143,0.940064102564103,0.900793650793651,0.788352272727273,0.833290289256198,0.845588235294118,0.853174603174603,0.929347826086957,0.816176470588235;17;17
Grabowski Maciej;WOC 2004 Long Distance Qualification-M-C;Poland;4600;0.80432;344,81,276,44,555,225,404,430,85,458,64,255,900,176,128,114,61;0.917877906976744,0.813271604938272,0.485054347826087,0.786931818181818,0.825675675675676,0.996666666666667,0.793626237623762,0.555813953488372,0.826470588235294,0.800491266375546,0.88671875,0.816176470588235,0.89625,0.735085227272727,0.83984375,0.9375,0.909836065573771;17;17
Platt Mikell;WOC 2004 Long Distance Qualification-M-C;U.S.A;4732;0.78188;419,96,158,44,599,292,361,287,108,473,85,259,968,159,229,126,69;0.753579952267303,0.686197916666667,0.847310126582278,0.786931818181818,0.765025041736227,0.767979452054795,0.888157894736842,0.832752613240418,0.650462962962963,0.775105708245243,0.667647058823529,0.803571428571429,0.833290289256198,0.813679245283019,0.46943231441048,0.848214285714286,0.804347826086957;17;17
Povoa Marco;WOC 2004 Long Distance Qualification-M-C;Portugal;4794;0.77177;658,159,157,44,484,250,388,274,89,422,58,253,857,333,158,140,70;0.479863221884498,0.414308176100629,0.852707006369427,0.786931818181818,0.946797520661157,0.897,0.826353092783505,0.872262773722628,0.789325842696629,0.868779620853081,0.978448275862069,0.822628458498024,0.941219369894982,0.388513513513513,0.680379746835443,0.763392857142857,0.792857142857143;17;17
Ferrer Lluis;WOC 2004 Long Distance Qualification-M-C;Spain;4844;0.76381;416,88,152,44,626,361,414,266,97,521,77,315,955,221,118,112,61;0.759014423076923,0.748579545454545,0.880756578947368,0.786931818181818,0.73202875399361,0.621191135734072,0.77445652173913,0.898496240601504,0.724226804123711,0.703694817658349,0.737012987012987,0.660714285714286,0.844633507853403,0.585407239819005,0.911016949152542,0.954241071428571,0.909836065573771;17;17
Griff Daniel;WOC 2004 Long Distance Qualification-M-C;Israel;4854;0.76223;445,86,158,41,584,270,424,358,86,460,64,320,1044,178,129,139,68;0.709550561797753,0.765988372093023,0.847310126582278,0.844512195121951,0.784674657534247,0.830555555555556,0.756191037735849,0.667597765363129,0.816860465116279,0.797010869565217,0.88671875,0.650390625,0.772629310344828,0.726825842696629,0.833333333333333,0.768884892086331,0.816176470588235;17;17
Bauer Dragisa;WOC 2004 Long Distance Qualification-M-C;Serbia and Montenegro;4986;0.74205;497,129,158,42,640,283,452,275,92,538,63,312,972,210,130,126,67;0.635311871227364,0.510658914728682,0.847310126582278,0.824404761904762,0.716015625,0.792402826855124,0.709347345132743,0.869090909090909,0.763586956521739,0.681459107806691,0.900793650793651,0.667067307692308,0.829861111111111,0.616071428571429,0.826923076923077,0.848214285714286,0.828358208955224;17;17
Yamaguchi Daisuke;WOC 2004 Long Distance Qualification-M-C;Japan;5080;0.72832;431,114,141,41,570,252,562,333,82,441,214,247,1033,261,148,150,60;0.732598607888631,0.577850877192982,0.949468085106383,0.844512195121951,0.803947368421053,0.889880952380952,0.570507117437722,0.717717717717718,0.856707317073171,0.831349206349206,0.26518691588785,0.842611336032389,0.780856727976767,0.495689655172414,0.726351351351351,0.7125,0.925;17;17
Delic Petar;WOC 2004 Long Distance Qualification-M-C;Croatia;5236;0.70662;406,86,168,41,551,265,433,280,96,533,277,237,1261,154,165,209,74;0.777709359605911,0.765988372093023,0.796875,0.844512195121951,0.831669691470054,0.84622641509434,0.740473441108545,0.853571428571429,0.731770833333333,0.687851782363977,0.204873646209386,0.878164556962025,0.639670896114195,0.840097402597403,0.651515151515151,0.511363636363636,0.75;17;17
Heikoop Mark;WOC 2004 Long Distance Qualification-M-C;Netherlands;7000;0.52855;544,139,222,75,871,431,663,429,126,725,112,376,1466,221,326,179,95;0.580422794117647,0.473920863309353,0.603040540540541,0.461666666666667,0.526119402985075,0.52030162412993,0.483597285067873,0.557109557109557,0.557539682539683,0.505689655172414,0.506696428571429,0.553523936170213,0.550221691678035,0.585407239819005,0.329754601226994,0.597067039106145,0.58421052631579;17;17
Zhang Baoliang;WOC 2004 Long Distance Qualification-M-C;China;7308;0.50628;719,90,266,155,770,751,684,399,146,624,103,381,1550,218,182,184,86;0.439151599443672,0.731944444444444,0.503289473684211,0.223387096774194,0.59512987012987,0.298601864181092,0.46875,0.598997493734336,0.481164383561644,0.587540064102564,0.550970873786408,0.546259842519685,0.520403225806452,0.593463302752294,0.590659340659341,0.580842391304348,0.645348837209302;17;17
Mikkola Marika;WOC 2004 Long Distance Qualification-W-A;Finland;2734;1.00533;179,221,261,253,379,60,184,522,401,87,119,68;1.01675977653631,1.02650290885585,0.747126436781609,1.01129305477132,1.15378816434225,0.842857142857143,0.996894409937888,1.05637657361795,1.03705023156395,0.702791461412151,1.03001200480192,0.978991596638655;12;12
Niggli-Luder Simone;WOC 2004 Long Distance Qualification-W-A;Switzerland;2765;0.99406;174,223,193,266,436,44,181,555,425,84,117,67;1.04597701149425,1.01729660474055,1.01036269430052,0.96186895810956,1.00294888597641,1.14935064935065,1.01341752170481,0.993564993564994,0.978487394957983,0.727891156462585,1.04761904761905,0.993603411513859;12;12
Johansson Jenny;WOC 2004 Long Distance Qualification-W-A;Sweden;2766;0.99370;175,218,186,243,405,55,176,582,401,92,165,68;1.04,1.04062909567497,1.04838709677419,1.05291005291005,1.07971781305115,0.919480519480519,1.04220779220779,0.94747177221404,1.03705023156395,0.664596273291925,0.742857142857143,0.978991596638655;12;12
Ryabkina Tanya;WOC 2004 Long Distance Qualification-W-A;Russia;2800;0.98163;189,230,193,260,450,49,186,544,415,60,161,63;0.962962962962963,0.986335403726708,1.01036269430052,0.984065934065934,0.971746031746032,1.03206997084548,0.986175115207373,1.01365546218487,1.00206540447504,1.01904761904762,0.76131322094055,1.05668934240363;12;12
Staff Hanne;WOC 2004 Long Distance Qualification-W-A;Norway;2811;0.97779;184,220,185,251,506,55,174,542,415,78,126,75;0.989130434782609,1.03116883116883,1.05405405405405,1.01935116676153,0.864201016374929,0.919480519480519,1.05418719211823,1.0173958882446,1.00206540447504,0.783882783882784,0.972789115646258,0.887619047619048;12;12
Monro Heather;WOC 2004 Long Distance Qualification-W-A;Great Britian;2987;0.92018;185,241,204,273,565,57,233,558,420,62,124,65;0.983783783783784,0.941315945465323,0.955882352941177,0.937205651491366,0.773957016434893,0.887218045112782,0.787247087676272,0.988223246287762,0.990136054421769,0.986175115207373,0.988479262672811,1.02417582417582;12;12
Schmalfeld Karin;WOC 2004 Long Distance Qualification-W-A;Germany;3008;0.91375;223,279,212,289,481,65,209,557,434,63,127,69;0.816143497757848,0.813108038914491,0.919811320754717,0.885318833415719,0.909117909117909,0.778021978021978,0.877648667122351,0.989997435239805,0.958196181698486,0.970521541950113,0.965129358830146,0.9648033126294;12;12
Allston Hanny;WOC 2004 Long Distance Qualification-W-A;Australia;3076;0.89355;198,239,207,301,468,55,204,650,479,78,125,72;0.919191919191919,0.949193066347878,0.942028985507246,0.850023730422402,0.934371184371184,0.919480519480519,0.899159663865546,0.848351648351648,0.868177751267522,0.783882783882784,0.980571428571429,0.924603174603175;12;12
Razaitiene Jolanta;WOC 2004 Long Distance Qualification-W-A;Lithuania;3087;0.89037;188,237,201,265,468,187,187,636,460,65,121,72;0.968085106382979,0.957203134418324,0.970149253731343,0.965498652291105,0.934371184371184,0.270435446906035,0.980901451489687,0.867026055705301,0.904037267080745,0.940659340659341,1.01298701298701,0.924603174603175;12;12
Gotseva Lyudmila;WOC 2004 Long Distance Qualification-W-A;Bulgaria;3108;0.88435;202,268,232,253,481,52,245,607,497,67,131,73;0.900990099009901,0.846481876332623,0.84051724137931,1.01129305477132,0.909117909117909,0.972527472527473,0.74868804664723,0.908449046834549,0.836734693877551,0.912579957356077,0.935659760087241,0.911937377690802;12;12
Søes Signe;WOC 2004 Long Distance Qualification-W-A;Denmark;3152;0.87201;191,247,220,324,479,77,198,617,503,94,132,70;0.952879581151832,0.91844997108155,0.886363636363636,0.78968253968254,0.912913808529675,0.656771799628942,0.926406926406926,0.893725399398009,0.826753763135473,0.650455927051672,0.928571428571429,0.951020408163265;12;12
Rebane Kirti;WOC 2004 Long Distance Qualification-W-A;Estonia;3289;0.83569;214,249,256,269,496,56,196,789,467,94,133,70;0.850467289719626,0.911072862880092,0.76171875,0.951141795007966,0.881624423963134,0.903061224489796,0.935860058309038,0.698895527792866,0.890486387274396,0.650455927051672,0.921589688506982,0.951020408163265;12;12
Stehnova Zuzana;WOC 2004 Long Distance Qualification-W-A;Czech Republic;3291;0.83518;212,260,247,287,486,51,253,726,474,72,148,75;0.858490566037736,0.872527472527473,0.789473684210526,0.891488302638128,0.899764844209289,0.991596638655462,0.725014116318464,0.759543486816214,0.877335744424352,0.849206349206349,0.828185328185328,0.887619047619048;12;12
Fauner Renate;WOC 2004 Long Distance Qualification-W-A;Italy;3309;0.83064;225,253,236,298,460,54,219,674,580,100,135,75;0.808888888888889,0.896668548842462,0.826271186440678,0.858581016299137,0.950621118012422,0.936507936507937,0.837573385518591,0.818143281051293,0.716995073891626,0.611428571428571,0.907936507936508,0.887619047619048;12;12
Eisl Andrea;WOC 2004 Long Distance Qualification-W-A;Austria;3349;0.82071;215,469,257,316,463,68,223,602,479,65,126,66;0.846511627906977,0.483703929332927,0.75875486381323,0.809674502712477,0.944461585930268,0.743697478991597,0.822549647661755,0.915994304698624,0.868177751267522,0.940659340659341,0.972789115646258,1.00865800865801;12;12
Spasyuk Mariya;WOC 2004 Long Distance Qualification-W-A;Ukraina;3360;0.81803;222,316,203,316,482,61,203,724,514,75,174,70;0.81981981981982,0.717902350813743,0.960591133004926,0.809674502712477,0.907231772377001,0.82903981264637,0.903589021815623,0.761641673243883,0.809060589216231,0.815238095238095,0.704433497536946,0.951020408163265;12;12
Skrastina Aija;WOC 2004 Long Distance Qualification-W-A;Latvia;3360;0.81803;192,257,325,358,615,60,206,602,477,60,138,70;0.947916666666667,0.882712618121178,0.6,0.714684756584198,0.711033681765389,0.842857142857143,0.890429958391123,0.915994304698624,0.871817909553759,1.01904761904762,0.888198757763975,0.951020408163265;12;12
Hott Johansen Sandy;WOC 2004 Long Distance Qualification-W-A;Canada;3516;0.78173;289,278,399,288,468,49,216,652,490,159,154,74;0.629757785467128,0.816032887975334,0.488721804511278,0.888392857142857,0.934371184371184,1.03206997084548,0.849206349206349,0.845749342681858,0.84868804664723,0.384546271338724,0.795918367346939,0.8996138996139;12;12
Hermans Aline;WOC 2004 Long Distance Qualification-W-A;Belgium;3747;0.73354;228,338,291,314,586,62,249,721,566,174,148,70;0.798245614035088,0.671174978867287,0.670103092783505,0.814831665150136,0.746221355436372,0.815668202764977,0.736660929432014,0.764810778680404,0.734729934376577,0.351395730706076,0.828185328185328,0.951020408163265;12;12
Miyauchi Sakiko;WOC 2004 Long Distance Qualification-W-A;Japan;3929;0.69956;248,376,206,302,600,74,225,818,805,56,144,75;0.733870967741935,0.603343465045593,0.946601941747573,0.84720908230842,0.728809523809524,0.683397683397683,0.815238095238095,0.674118057981139,0.51659272404614,1.09183673469388,0.851190476190476,0.887619047619048;12;12
Zsigmond Szava;WOC 2004 Long Distance Qualification-W-A;Hungary;4109;0.66891;265,341,340,347,764,69,278,774,624,69,152,86;0.686792452830189,0.66527021365731,0.573529411764706,0.737340469328942,0.572363500373972,0.732919254658385,0.659815005138746,0.712440014765596,0.666437728937729,0.886128364389234,0.806390977443609,0.774086378737541;12;12
Valledor Annabel;WOC 2004 Long Distance Qualification-W-A;Spain;4123;0.66664;303,304,266,389,613,65,253,691,939,82,142,76;0.600660066006601,0.746240601503759,0.733082706766917,0.657730444362835,0.713353530645537,0.778021978021978,0.725014116318464,0.798015298738888,0.442872356610376,0.745644599303136,0.86317907444668,0.87593984962406;12;12
Williams Karen;WOC 2004 Long Distance Qualification-W-A;U.S.A;4216;0.65194;240,306,259,423,721,189,254,812,689,75,162,86;0.758333333333333,0.741363211951447,0.752895752895753,0.604863221884498,0.606498910243709,0.267573696145125,0.722159730033746,0.679099225897255,0.603566245075679,0.815238095238095,0.756613756613757,0.774086378737541;12;12
Linton Violet;WOC 2004 Long Distance Qualification-W-A;Ireland;4523;0.60769;332,436,386,419,766,58,271,880,654,88,150,83;0.548192771084337,0.520314547837484,0.505181347150259,0.610637572451415,0.570869078701977,0.87192118226601,0.6768581971534,0.626623376623377,0.635867190913062,0.694805194805195,0.817142857142857,0.802065404475043;12;12
Qin Zhuhua;WOC 2004 Long Distance Qualification-W-A;China;5060;0.54320;488,542,262,395,751,212,269,877,967,62,145,90;0.372950819672131,0.41855561412757,0.744274809160305,0.647739602169982,0.582271257371124,0.238544474393531,0.681890600106213,0.628766900146604,0.430048751661988,0.986175115207373,0.845320197044335,0.73968253968254;12;12
Amador Maria;WOC 2004 Long Distance Qualification-W-A;Portugal;5081;0.54095;550,392,300,450,759,85,312,986,751,226,182,88;0.330909090909091,0.578717201166181,0.65,0.568571428571429,0.57613401091662,0.594957983193277,0.587912087912088,0.559258186033034,0.553737873311775,0.270543615676359,0.673469387755102,0.756493506493506;12;12
Jukkola Heli;WOC 2004 Long Distance Qualification-W-B;Finland;2753;1.02240;115,266,239,312,365,118,114,546,314,176,124,64;1.09130434782609,1.03383458646617,0.99302649930265,0.931623931623932,1.07945205479452,1.06497175141243,1.0219298245614,1.02319902319902,1.02282377919321,1.02840909090909,0.979838709677419,1.05729166666667;12;12
Husebye Birgitte;WOC 2004 Long Distance Qualification-W-B;Norway;2792;1.00812;128,274,235,275,391,119,114,562,309,189,121,75;0.98046875,1.0036496350365,1.00992907801418,1.0569696969697,1.0076726342711,1.05602240896359,1.0219298245614,0.994068801897983,1.03937432578209,0.957671957671958,1.00413223140496,0.902222222222222;12;12
Svärd Gunilla;WOC 2004 Long Distance Qualification-W-B;Sweden;2839;0.99143;126,264,233,296,400,136,106,538,325,231,117,67;0.996031746031746,1.04166666666667,1.01859799713877,0.981981981981982,0.985,0.924019607843137,1.09905660377358,1.03841387856258,0.988205128205128,0.783549783549784,1.03846153846154,1.00995024875622;12;12
Garin Anna;WOC 2004 Long Distance Qualification-W-B;Spain;2973;0.94674;147,289,271,310,473,133,121,550,324,170,117,68;0.853741496598639,0.951557093425606,0.875768757687577,0.937634408602151,0.832980972515856,0.944862155388471,0.962809917355372,1.01575757575758,0.991255144032922,1.06470588235294,1.03846153846154,0.995098039215686;12;12
Grüniger Brigitte;WOC 2004 Long Distance Qualification-W-B;Switzerland;3033;0.92801;172,290,246,296,456,144,125,584,337,190,128,65;0.729651162790698,0.948275862068966,0.964769647696477,0.981981981981982,0.864035087719298,0.872685185185185,0.932,0.95662100456621,0.953016815034619,0.952631578947368,0.94921875,1.04102564102564;12;12
Depta Monika;WOC 2004 Long Distance Qualification-W-B;Poland;3048;0.92345;123,293,238,317,450,123,123,572,342,271,122,74;1.02032520325203,0.938566552901024,0.997198879551821,0.916929547844374,0.875555555555556,1.02168021680217,0.947154471544715,0.976689976689977,0.939083820662768,0.66789667896679,0.995901639344262,0.914414414414415;12;12
Dambe Inga;WOC 2004 Long Distance Qualification-W-B;Latvia;3090;0.91090;151,279,233,284,393,237,124,588,324,276,129,72;0.83112582781457,0.985663082437276,1.01859799713877,1.02347417840376,1.00254452926209,0.530239099859353,0.939516129032258,0.950113378684807,0.991255144032922,0.655797101449275,0.941860465116279,0.939814814814815;12;12
Olm-Junegard Tina;WOC 2004 Long Distance Qualification-W-B;Estonia;3109;0.90533;119,318,277,335,418,125,121,621,331,234,131,79;1.0546218487395,0.864779874213837,0.856799037304453,0.867661691542289,0.942583732057416,1.00533333333333,0.962809917355372,0.899624261943102,0.970292044310171,0.773504273504274,0.927480916030534,0.856540084388186;12;12
Stara Zdenka;WOC 2004 Long Distance Qualification-W-B;Czech Republic;3157;0.89156;187,307,285,297,451,145,132,599,360,190,128,76;0.671122994652406,0.895765472312704,0.832748538011696,0.978675645342312,0.873614190687361,0.866666666666667,0.882575757575758,0.932665553700612,0.89212962962963,0.952631578947368,0.94921875,0.890350877192983;12;12
Dodin Celine;WOC 2004 Long Distance Qualification-W-B;France;3275;0.85944;166,278,279,311,397,140,126,610,373,388,134,73;0.756024096385542,0.989208633093525,0.850657108721625,0.934619506966774,0.992443324937028,0.897619047619048,0.924603174603175,0.915846994535519,0.861036639857015,0.466494845360825,0.906716417910448,0.926940639269407;12;12
O´Neil Alison;WOC 2004 Long Distance Qualification-W-B;Great Britian;3288;0.85604;217,299,277,296,427,159,138,622,343,248,187,75;0.578341013824885,0.919732441471572,0.856799037304453,0.981981981981982,0.92271662763466,0.790356394129979,0.844202898550725,0.898177920685959,0.936345966958212,0.729838709677419,0.649732620320856,0.902222222222222;12;12
Fischer Gunda;WOC 2004 Long Distance Qualification-W-B;Germany;3318;0.84830;156,341,293,375,458,161,140,643,367,171,135,78;0.80448717948718,0.806451612903226,0.810011376564278,0.775111111111111,0.860262008733624,0.780538302277433,0.832142857142857,0.868843960601348,0.87511353315168,1.05847953216374,0.9,0.867521367521368;12;12
Shandurkova Iliana;WOC 2004 Long Distance Qualification-W-B;Bulgaria;3418;0.82348;147,314,277,323,452,160,144,632,551,209,139,70;0.853741496598639,0.875796178343949,0.856799037304453,0.899896800825593,0.871681415929204,0.785416666666667,0.809027777777778,0.883966244725738,0.582879612825166,0.866028708133971,0.87410071942446,0.966666666666667;12;12
Sitdikova Aliya;WOC 2004 Long Distance Qualification-W-B;Russia;3584;0.78534;142,303,290,334,457,139,139,603,341,610,150,76;0.883802816901408,0.907590759075908,0.818390804597701,0.870259481037924,0.862144420131291,0.904076738609113,0.838129496402878,0.926478717523494,0.941837732160313,0.29672131147541,0.81,0.890350877192983;12;12
Mahoney Cherie;WOC 2004 Long Distance Qualification-W-B;Canada;3791;0.74246;238,384,391,371,483,151,161,747,419,215,148,83;0.527310924369748,0.716145833333333,0.606990622335891,0.783468104222821,0.815734989648033,0.832229580573951,0.72360248447205,0.747880410531013,0.766507557677009,0.841860465116279,0.820945945945946,0.815261044176707;12;12
Paterson Claire;WOC 2004 Long Distance Qualification-W-B;New Zealand;4040;0.69670;338,310,439,354,506,187,158,738,417,354,151,88;0.371301775147929,0.887096774193548,0.540622627182992,0.821092278719397,0.778656126482213,0.672014260249554,0.737341772151899,0.757000903342367,0.770183852917666,0.511299435028249,0.804635761589404,0.768939393939394;12;12
Szerencsi Ildiko;WOC 2004 Long Distance Qualification-W-B;Hungary;4057;0.69378;180,389,435,434,452,162,144,778,410,359,239,75;0.697222222222222,0.70694087403599,0.545593869731801,0.66973886328725,0.871681415929204,0.775720164609054,0.809027777777778,0.718080548414739,0.783333333333333,0.504178272980501,0.50836820083682,0.902222222222222;12;12
Bertoldi Helga;WOC 2004 Long Distance Qualification-W-B;Italy;4157;0.67709;210,372,358,363,577,164,163,739,527,470,137,77;0.597619047619048,0.739247311827957,0.662942271880819,0.800734618916437,0.682842287694974,0.766260162601626,0.714723926380368,0.755976544880469,0.609424414927261,0.385106382978723,0.886861313868613,0.878787878787879;12;12
Semak Maria;WOC 2004 Long Distance Qualification-W-B;Ukraina;4640;0.60661;242,365,327,652,553,324,343,843,480,295,138,78;0.518595041322314,0.753424657534247,0.72579001019368,0.445807770961145,0.7124773960217,0.387860082304527,0.339650145772595,0.662712534598656,0.669097222222222,0.613559322033898,0.880434782608696,0.867521367521368;12;12
Lo Olsson Maureen;WOC 2004 Long Distance Qualification-W-B;Hong-kong;4661;0.60388;360,447,394,478,629,317,195,816,476,306,161,82;0.348611111111111,0.615212527964206,0.602368866328257,0.608089260808926,0.626391096979332,0.396424815983176,0.597435897435897,0.684640522875817,0.674719887955182,0.591503267973856,0.754658385093168,0.82520325203252;12;12
Zurcher Sandra;WOC 2004 Long Distance Qualification-W-B;U.S.A;4761;0.59119;751,378,352,405,592,173,176,840,531,290,181,92;0.16711051930759,0.727513227513228,0.674242424242424,0.717695473251029,0.665540540540541,0.726396917148362,0.661931818181818,0.665079365079365,0.604833647206529,0.624137931034483,0.671270718232044,0.735507246376812;12;12
Motoki Tomoko;WOC 2004 Long Distance Qualification-W-B;Japan;5015;0.56125;325,709,332,584,494,164,165,1003,508,523,134,74;0.386153846153846,0.38787023977433,0.714859437751004,0.497716894977169,0.797570850202429,0.766260162601626,0.706060606060606,0.556995679627783,0.632217847769029,0.346080305927342,0.906716417910448,0.914414414414415;12;12
Liao Yanyan;WOC 2004 Long Distance Qualification-W-B;China;8193;0.34355;208,2090,418,454,1386,201,388,1138,616,1015,201,78;0.603365384615385,0.131578947368421,0.567783094098884,0.640234948604993,0.284271284271284,0.625207296849088,0.300257731958763,0.490919742237844,0.521374458874459,0.178325123152709,0.604477611940298,0.867521367521368;12;12
A Höjsgaard Karolina;WOC 2004 Long Distance Qualification-W-C;Sweden;2724;1.01572;289,296,249,410,179,150,520,371,79,114,67;1.17185697808535,0.932432432432432,1.05020080321285,1.05487804878049,0.609869646182495,1.12222222222222,1.04679487179487,0.977987421383648,1.09071729957806,1.05994152046784,0.992537313432836;11;11
Novikova Yulia;WOC 2004 Long Distance Qualification-W-C;Russia;2867;0.96506;358,263,298,479,113,176,560,342,79,126,73;0.945996275605214,1.04942965779468,0.87751677852349,0.902922755741127,0.966076696165192,0.956439393939394,0.97202380952381,1.06091617933723,1.09071729957806,0.958994708994709,0.910958904109589;11;11
Andersen Marianne;WOC 2004 Long Distance Qualification-W-C;Norway;2925;0.94593;330,317,278,427,101,184,591,374,126,129,68;1.02626262626263,0.870662460567823,0.940647482014389,1.01288056206089,1.08085808580858,0.914855072463768,0.921037789058094,0.970142602495544,0.683862433862434,0.936692506459948,0.977941176470588;11;11
Potopalska Natalya;WOC 2004 Long Distance Qualification-W-C;Ukraina;2929;0.94463;370,288,271,452,100,174,542,381,164,119,68;0.915315315315315,0.958333333333333,0.964944649446494,0.956858407079646,1.09166666666667,0.967432950191571,1.00430504305043,0.952318460192476,0.525406504065041,1.01540616246499,0.977941176470588;11;11
Kauppi Minna;WOC 2004 Long Distance Qualification-W-C;Finland;2933;0.94335;377,272,269,438,172,169,517,397,96,153,73;0.898320070733864,1.01470588235294,0.972118959107807,0.987442922374429,0.63468992248062,0.996055226824458,1.0528691166989,0.913937867338371,0.897569444444445,0.789760348583878,0.910958904109589;11;11
Brozkova Dana;WOC 2004 Long Distance Qualification-W-C;Czech Republic;2974;0.93034;356,277,239,466,111,197,669,371,97,128,63;0.951310861423221,0.996389891696751,1.09414225941423,0.928111587982833,0.983483483483484,0.854483925549915,0.813652217239661,0.977987421383648,0.888316151202749,0.944010416666667,1.05555555555556;11;11
Allison Jo;WOC 2004 Long Distance Qualification-W-C;Australia;3033;0.91224;351,307,284,450,124,225,617,383,82,137,73;0.964862298195632,0.899022801302932,0.920774647887324,0.961111111111111,0.880376344086022,0.748148148148148,0.882225823878984,0.947345517841601,1.05081300813008,0.881995133819951,0.910958904109589;11;11
Soulard Juliette;WOC 2004 Long Distance Qualification-W-C;France;3051;0.90686;351,296,286,494,152,194,595,369,107,135,72;0.964862298195632,0.932432432432432,0.914335664335664,0.875506072874494,0.718201754385965,0.867697594501718,0.91484593837535,0.983288166214995,0.805295950155763,0.895061728395062,0.923611111111111;11;11
Winskill Helen;WOC 2004 Long Distance Qualification-W-C;Great Britian;3070;0.90125;379,316,310,441,120,194,627,384,95,137,67;0.893579595426561,0.873417721518987,0.843548387096774,0.980725623582766,0.909722222222222,0.867697594501718,0.868155236576289,0.944878472222222,0.907017543859649,0.881995133819951,0.992537313432836;11;11
Olah Katalin;WOC 2004 Long Distance Qualification-W-C;Hungary;3155;0.87697;371,266,289,429,376,164,545,371,156,122,66;0.912848158131177,1.03759398496241,0.904844290657439,1.00815850815851,0.290336879432624,1.02642276422764,0.998776758409786,0.977987421383648,0.552350427350427,0.990437158469945,1.00757575757576;11;11
Arniece Liga;WOC 2004 Long Distance Qualification-W-C;Latvia;3177;0.87089;355,297,366,538,149,197,593,385,86,134,77;0.953990610328639,0.929292929292929,0.71448087431694,0.803903345724907,0.732662192393736,0.854483925549915,0.917931422147274,0.942424242424242,1.00193798449612,0.901741293532338,0.863636363636364;11;11
Rakayova Martina;WOC 2004 Long Distance Qualification-W-C;Slovakia;3225;0.85793;388,321,273,492,181,237,675,366,100,120,72;0.872852233676976,0.85981308411215,0.957875457875458,0.879065040650406,0.603130755064457,0.710267229254571,0.80641975308642,0.991347905282331,0.861666666666667,1.00694444444444,0.923611111111111;11;11
Fjordside Yvonne;WOC 2004 Long Distance Qualification-W-C;Denmark;3234;0.85555;385,307,268,509,133,177,672,444,124,139,76;0.87965367965368,0.899022801302932,0.975746268656716,0.849705304518664,0.820802005012531,0.951035781544256,0.810019841269841,0.817192192192192,0.69489247311828,0.869304556354916,0.875;11;11
Gil Esther;WOC 2004 Long Distance Qualification-W-C;Spain;3235;0.85528;383,343,273,498,137,219,652,417,102,138,73;0.884247171453438,0.80466472303207,0.957875457875458,0.868473895582329,0.79683698296837,0.768645357686454,0.834867075664622,0.870103916866507,0.844771241830065,0.8756038647343,0.910958904109589;11;11
Fey Zsuzsa;WOC 2004 Long Distance Qualification-W-C;Romania;3254;0.85029;399,290,288,487,316,202,582,358,96,168,68;0.848788638262323,0.951724137931034,0.907986111111111,0.888090349075975,0.345464135021097,0.833333333333333,0.935280641466209,1.0135009310987,0.897569444444445,0.719246031746032,0.977941176470588;11;11
Kazlauskaite Inga;WOC 2004 Long Distance Qualification-W-C;Lithuania;3321;0.83313;382,326,277,495,268,227,583,384,185,124,70;0.886561954624782,0.846625766871166,0.944043321299639,0.873737373737374,0.407338308457711,0.741556534508076,0.933676386506575,0.944878472222222,0.465765765765766,0.974462365591398,0.95;11;11
Roberto Kristina;WOC 2004 Long Distance Qualification-W-C;Portugal;3369;0.82126;436,363,299,541,118,219,645,423,101,142,82;0.776758409785933,0.760330578512397,0.874581939799331,0.799445471349353,0.925141242937853,0.768645357686454,0.843927648578811,0.857762017336485,0.853135313531353,0.85093896713615,0.810975609756098;11;11
Jaeger Meike;WOC 2004 Long Distance Qualification-W-C;Germany;3510;0.78827;414,367,299,517,145,235,741,449,97,175,71;0.818035426731079,0.752043596730245,0.874581939799331,0.836557059961315,0.752873563218391,0.716312056737589,0.734592892487629,0.808092056421678,0.888316151202749,0.69047619047619,0.936619718309859;11;11
Bamba Yoko;WOC 2004 Long Distance Qualification-W-C;Japan;3641;0.75991;392,342,316,517,128,218,845,443,212,153,75;0.863945578231293,0.807017543859649,0.82753164556962,0.836557059961315,0.852864583333333,0.77217125382263,0.644181459566075,0.819036869826937,0.406446540880503,0.789760348583878,0.886666666666667;11;11
Olafsen Erin;WOC 2004 Long Distance Qualification-W-C;U.S.A;3663;0.75535;496,385,298,566,173,232,687,484,107,161,74;0.682795698924731,0.716883116883117,0.87751677852349,0.764134275618375,0.63102119460501,0.725574712643678,0.792333818534692,0.74965564738292,0.805295950155763,0.750517598343685,0.898648648648649;11;11
Smith Rachel;WOC 2004 Long Distance Qualification-W-C;New Zealand;3740;0.73980;395,351,429,584,126,227,730,536,130,149,83;0.857383966244726,0.786324786324786,0.60955710955711,0.740582191780822,0.866402116402116,0.741556534508076,0.745662100456621,0.676927860696517,0.662820512820513,0.810961968680089,0.801204819277108;11;11
Rihma Annika;WOC 2004 Long Distance Qualification-W-C;Estonia;3742;0.73940;636,323,298,741,112,229,644,417,120,151,71;0.532494758909853,0.854489164086687,0.87751677852349,0.583670715249663,0.974702380952381,0.735080058224163,0.845238095238095,0.870103916866507,0.718055555555556,0.800220750551876,0.936619718309859;11;11
Qin Yanxia;WOC 2004 Long Distance Qualification-W-C;China;7823;0.35368;710,396,407,1848,175,1382,1332,829,421,246,77;0.476995305164319,0.696969696969697,0.642506142506142,0.234036796536797,0.623809523809524,0.121804148576942,0.408658658658659,0.437675914756735,0.204671417260491,0.491192411924119,0.863636363636364;11;11
