Novikov Valentin;WOC 2004 Middle Distance Qualification-M-A;Russia;1578;1.02528;111,161,98,235,79,93,27,143,73,146,152,77,41,74,45,23;1.13213213213213,0.961352657004831,0.943310657596372,1.07234042553191,0.9957805907173,1.08482676224612,0.991769547325103,1.03185703185703,1.11872146118721,1.05479452054795,1.02777777777778,0.998556998556999,0.712737127371274,1.04804804804805,1.00246913580247,0.801932367149758;16;16
Nordberg Anders;WOC 2004 Middle Distance Qualification-M-A;Norway;1650;0.98054;129,153,90,263,82,97,26,148,81,160,159,80,34,78,48,22;0.974160206718346,1.01161946259985,1.02716049382716,0.958174904942966,0.959349593495935,1.04009163802978,1.02991452991453,0.996996996996997,1.0082304526749,0.9625,0.982529699510832,0.961111111111111,0.859477124183006,0.994301994301994,0.939814814814815,0.838383838383838;16;16
Voveris Edgaras;WOC 2004 Middle Distance Qualification-M-A;Lithuania;1694;0.95507;183,155,101,259,72,101,29,147,80,160,157,80,29,77,44,20;0.686703096539162,0.998566308243728,0.915291529152915,0.972972972972973,1.09259259259259,0.998899889988999,0.923371647509579,1.00377928949358,1.02083333333333,0.9625,0.995046001415428,0.961111111111111,1.00766283524904,1.00721500721501,1.02525252525253,0.922222222222222;16;16
Merz Matthias;WOC 2004 Middle Distance Qualification-M-A;Switzerland;1704;0.94947;128,145,89,245,76,97,25,180,81,159,165,85,27,140,43,19;0.981770833333333,1.06743295019157,1.03870162297129,1.02857142857143,1.03508771929825,1.04009163802978,1.07111111111111,0.819753086419753,1.0082304526749,0.968553459119497,0.946801346801347,0.904575163398693,1.08230452674897,0.553968253968254,1.04909560723514,0.970760233918129;16;16
Kärner Olle;WOC 2004 Middle Distance Qualification-M-A;Estonia;1709;0.94669;143,176,119,248,83,121,29,136,82,155,163,80,32,73,48,21;0.878787878787879,0.879419191919192,0.776844070961718,1.01612903225806,0.947791164658635,0.833792470156106,0.923371647509579,1.08496732026144,0.995934959349594,0.993548387096774,0.958418541240627,0.961111111111111,0.913194444444444,1.06240487062405,0.939814814814815,0.878306878306878;16;16
Stevenson Jamie;WOC 2004 Middle Distance Qualification-M-A;Great Britain;1741;0.92929;141,169,94,281,80,104,30,143,88,156,191,90,29,81,46,18;0.891252955082742,0.915844838921762,0.983451536643026,0.896797153024911,0.983333333333333,0.97008547008547,0.892592592592593,1.03185703185703,0.928030303030303,0.987179487179487,0.817917393833624,0.854320987654321,1.00766283524904,0.957475994513032,0.980676328502415,1.02469135802469;16;16
Olsson Jörgen;WOC 2004 Middle Distance Qualification-M-A;Sweden;1758;0.92030;123,151,92,246,175,103,29,157,86,169,155,76,49,81,47,19;1.02168021680217,1.02501839587932,1.0048309178744,1.02439024390244,0.44952380952381,0.97950377562028,0.923371647509579,0.939844302901628,0.949612403100775,0.911242603550296,1.0078853046595,1.01169590643275,0.596371882086168,0.957475994513032,0.959810874704492,0.970760233918129;16;16
Pasquasy Fabien;WOC 2004 Middle Distance Qualification-M-A;Belgium;1815;0.89140;127,176,111,319,85,112,27,184,84,185,160,74,27,77,48,19;0.989501312335958,0.879419191919192,0.832832832832833,0.789968652037618,0.925490196078431,0.900793650793651,0.991769547325103,0.801932367149758,0.972222222222222,0.832432432432432,0.976388888888889,1.03903903903904,1.08230452674897,1.00721500721501,0.939814814814815,0.970760233918129;16;16
Grabowski Maciej;WOC 2004 Middle Distance Qualification-M-A;Poland;1827;0.88554;132,175,90,382,81,121,30,155,88,157,155,75,33,84,51,18;0.952020202020202,0.884444444444444,1.02716049382716,0.659685863874346,0.97119341563786,0.833792470156106,0.892592592592593,0.951971326164874,0.928030303030303,0.980891719745223,1.0078853046595,1.02518518518519,0.885521885521885,0.923280423280423,0.884531590413943,1.02469135802469;16;16
De Haas Troy;WOC 2004 Middle Distance Qualification-M-A;Australia;1855;0.87218;134,198,157,263,89,118,29,153,85,160,161,101,27,115,46,19;0.937810945273632,0.781705948372615,0.588818117480538,0.958174904942966,0.883895131086142,0.854990583804143,0.923371647509579,0.964415395787945,0.96078431372549,0.9625,0.970324361628709,0.761276127612761,1.08230452674897,0.674396135265701,0.980676328502415,0.970760233918129;16;16
Huovila Jarkko;WOC 2004 Middle Distance Qualification-M-A;Finland;1864;0.86797;124,165,104,342,168,99,27,164,88,156,160,84,31,86,48,18;1.01344086021505,0.938047138047138,0.888888888888889,0.736842105263158,0.468253968253968,1.01907968574635,0.991769547325103,0.899728997289973,0.928030303030303,0.987179487179487,0.976388888888889,0.915343915343915,0.942652329749104,0.901808785529716,0.939814814814815,1.02469135802469;16;16
Jørgensen Carsten;WOC 2004 Middle Distance Qualification-M-A;Denmark;1869;0.86564;282,181,84,265,86,117,29,154,95,150,157,80,43,78,48,20;0.445626477541371,0.85512584407612,1.1005291005291,0.950943396226415,0.914728682170543,0.862298195631529,0.923371647509579,0.958152958152958,0.859649122807018,1.02666666666667,0.995046001415428,0.961111111111111,0.679586563307494,0.994301994301994,0.939814814814815,0.922222222222222;16;16
Smola Michal;WOC 2004 Middle Distance Qualification-M-A;Czech Republic;1877;0.86195;125,153,208,268,101,106,28,204,91,155,162,80,36,93,47,20;1.00533333333333,1.01161946259985,0.444444444444444,0.940298507462687,0.778877887788779,0.951781970649895,0.956349206349206,0.723311546840959,0.897435897435897,0.993548387096774,0.964334705075446,0.961111111111111,0.811728395061728,0.833930704898447,0.959810874704492,0.922222222222222;16;16
Pospisil Vit;WOC 2004 Middle Distance Qualification-M-A;Slovakia;1890;0.85603;169,184,125,270,100,116,33,172,91,172,181,92,33,84,46,22;0.743589743589744,0.841183574879227,0.739555555555556,0.933333333333333,0.786666666666667,0.869731800766284,0.811447811447811,0.857881136950904,0.897435897435897,0.895348837209302,0.863106200122775,0.835748792270531,0.885521885521885,0.923280423280423,0.980676328502415,0.838383838383838;16;16
Renard Damien;WOC 2004 Middle Distance Qualification-M-A;France;1902;0.85063;232,179,95,283,89,119,27,159,103,152,151,71,31,148,43,20;0.541666666666667,0.864680322780881,0.973099415204678,0.890459363957597,0.883895131086142,0.84780578898226,0.991769547325103,0.928022361984626,0.792880258899676,1.01315789473684,1.0345842531273,1.0829420970266,0.942652329749104,0.524024024024024,1.04909560723514,0.922222222222222;16;16
Pinker Marcus;WOC 2004 Middle Distance Qualification-M-A;Ireland;1992;0.81219;158,195,103,294,87,124,36,178,95,176,187,90,33,161,55,20;0.79535864978903,0.793732193732194,0.897518878101402,0.857142857142857,0.904214559386973,0.813620071684588,0.743827160493827,0.82896379525593,0.859649122807018,0.875,0.835412953060012,0.854320987654321,0.885521885521885,0.481711525189786,0.82020202020202,0.922222222222222;16;16
Fischer Axel;WOC 2004 Middle Distance Qualification-M-A;Germany;2018;0.80173;157,184,108,280,98,145,35,172,123,181,198,142,37,88,51,19;0.800424628450106,0.841183574879227,0.8559670781893,0.9,0.802721088435374,0.695785440613027,0.765079365079365,0.857881136950904,0.663956639566396,0.850828729281768,0.789001122334456,0.541471048513302,0.78978978978979,0.881313131313131,0.884531590413943,0.970760233918129;16;16
Delic Petar;WOC 2004 Middle Distance Qualification-M-A;Croatia;2038;0.79386;260,164,168,262,76,114,39,163,86,195,172,98,31,124,60,26;0.483333333333333,0.943766937669377,0.55026455026455,0.961832061068702,1.03508771929825,0.884990253411306,0.686609686609687,0.905248807089298,0.949612403100775,0.78974358974359,0.908268733850129,0.784580498866213,0.942652329749104,0.625448028673835,0.751851851851852,0.709401709401709;16;16
Takahashi Yoshinori;WOC 2004 Middle Distance Qualification-M-A;Japan;2103;0.76932;419,180,124,276,93,119,32,166,83,160,165,79,38,99,50,20;0.299920445505171,0.859876543209876,0.745519713261649,0.91304347826087,0.845878136200717,0.84780578898226,0.836805555555556,0.888888888888889,0.983935742971888,0.9625,0.946801346801347,0.973277074542897,0.769005847953216,0.783389450056117,0.902222222222222,0.922222222222222;16;16
Gavrylenko Vitaliy;WOC 2004 Middle Distance Qualification-M-A;Ukraine;2110;0.76677;402,149,142,249,116,119,32,157,92,174,164,90,33,118,52,21;0.312603648424544,1.03877703206562,0.651017214397496,1.01204819277108,0.67816091954023,0.84780578898226,0.836805555555556,0.939844302901628,0.88768115942029,0.885057471264368,0.952574525745257,0.854320987654321,0.885521885521885,0.657250470809793,0.867521367521368,0.878306878306878;16;16
Breitschädel Felix;WOC 2004 Middle Distance Qualification-M-A;Austria;2259;0.71620;491,167,179,266,79,108,37,155,87,200,166,99,31,121,56,17;0.255940257976918,0.926813040585496,0.516449410304159,0.947368421052632,0.9957805907173,0.934156378600823,0.723723723723724,0.951971326164874,0.938697318007663,0.77,0.941097724230254,0.77665544332211,0.942652329749104,0.640955004591368,0.805555555555556,1.08496732026144;16;16
May Brian;WOC 2004 Middle Distance Qualification-M-A;U.S.A;2284;0.70836;132,198,114,545,120,115,40,184,98,238,190,98,39,92,59,22;0.952020202020202,0.781705948372615,0.810916179337232,0.462385321100917,0.655555555555556,0.877294685990338,0.669444444444445,0.801932367149758,0.833333333333333,0.647058823529412,0.822222222222222,0.784580498866213,0.749287749287749,0.842995169082126,0.764595103578155,0.838383838383838;16;16
Alon Tamir;WOC 2004 Middle Distance Qualification-M-A;Israel;2305;0.70190;208,244,126,351,134,142,31,224,159,189,183,109,38,90,56,21;0.604166666666667,0.634335154826958,0.7336860670194,0.717948717948718,0.587064676616915,0.710485133020344,0.863799283154122,0.658730158730159,0.513626834381551,0.814814814814815,0.853673345476624,0.705402650356779,0.769005847953216,0.861728395061728,0.805555555555556,0.878306878306878;16;16
Krumins Janis;WOC 2004 Middle Distance Qualification-M-A;Latvia;2349;0.68876;322,162,118,261,113,174,25,149,93,187,473,86,42,79,46,19;0.390269151138716,0.955418381344307,0.783427495291902,0.96551724137931,0.696165191740413,0.579821200510856,1.07111111111111,0.990305741983594,0.878136200716846,0.823529411764706,0.330279539581865,0.89405684754522,0.695767195767196,0.981715893108298,0.980676328502415,0.970760233918129;16;16
Smith Wil;WOC 2004 Middle Distance Qualification-M-A;Canada;2427;0.66662;211,274,364,322,102,138,38,206,113,159,190,101,37,95,56,21;0.595576619273302,0.564882400648824,0.253968253968254,0.782608695652174,0.77124183006536,0.731078904991948,0.704678362573099,0.716289104638619,0.722713864306785,0.968553459119497,0.822222222222222,0.761276127612761,0.78978978978979,0.816374269005848,0.805555555555556,0.878306878306878;16;16
Valente Joao;WOC 2004 Middle Distance Qualification-M-A;Portugal;2437;0.66389;170,207,154,392,126,145,29,177,175,210,221,208,43,103,55,22;0.73921568627451,0.74771873322598,0.6002886002886,0.642857142857143,0.624338624338624,0.695785440613027,0.923371647509579,0.833647206528562,0.466666666666667,0.733333333333333,0.706887883358472,0.36965811965812,0.679586563307494,0.752966558791802,0.82020202020202,0.838383838383838;16;16
Kamenarov Ivaylo;WOC 2004 Middle Distance Qualification-M-A;Bulgaria;2449;0.66063;486,195,100,283,135,181,32,189,119,254,170,98,45,89,50,23;0.258573388203018,0.793732193732194,0.924444444444444,0.890459363957597,0.582716049382716,0.557397176181707,0.836805555555556,0.78071722516167,0.686274509803922,0.606299212598425,0.918954248366013,0.784580498866213,0.649382716049383,0.871410736579276,0.902222222222222,0.801932367149758;16;16
Dutkiewicz Colin;WOC 2004 Middle Distance Qualification-M-A;South Africa;2729;0.59285;173,236,153,425,150,174,36,268,124,262,212,124,42,264,66,20;0.726396917148362,0.655838041431262,0.604212055192447,0.592941176470588,0.524444444444444,0.579821200510856,0.743827160493827,0.550580431177446,0.658602150537634,0.587786259541985,0.736897274633124,0.620071684587814,0.695767195767196,0.293771043771044,0.683501683501683,0.922222222222222;16;16
Glowacki Michal;WOC 2004 Middle Distance Qualification-M-A;New Zealand;2796;0.57864;248,177,105,628,83,129,33,170,98,193,378,101,42,328,56,27;0.506720430107527,0.874450721908349,0.88042328042328,0.401273885350318,0.947791164658635,0.782084409991387,0.811447811447811,0.86797385620915,0.833333333333333,0.797927461139896,0.413286302175191,0.761276127612761,0.695767195767196,0.236449864498645,0.805555555555556,0.683127572016461;16;16
Gomez Javi;WOC 2004 Middle Distance Qualification-M-A;Spain;3002;0.53894;552,189,371,463,107,167,34,180,130,241,202,117,46,103,73,27;0.227657004830918,0.818930041152263,0.249176400119796,0.544276457883369,0.735202492211838,0.604125083166999,0.787581699346405,0.819753086419753,0.628205128205128,0.639004149377593,0.773377337733773,0.657169990503324,0.635265700483092,0.752966558791802,0.617960426179604,0.683127572016461;16;16
Zhang Baoliang;WOC 2004 Middle Distance Qualification-M-A;China;3024;0.53502;153,225,137,628,153,139,48,420,210,201,200,85,34,169,201,21;0.821350762527233,0.687901234567901,0.67477696674777,0.401273885350318,0.514161220043573,0.72581934452438,0.55787037037037,0.351322751322751,0.388888888888889,0.766169154228856,0.781111111111111,0.904575163398693,0.859477124183006,0.458908612754767,0.224433388612493,0.878306878306878;16;16
Seidenari Giacomo;WOC 2004 Middle Distance Qualification-M-A;Italy;3088;0.52393;435,210,572,420,107,298,37,187,109,195,185,95,71,97,51,19;0.288888888888889,0.737037037037037,0.161616161616162,0.6,0.735202492211838,0.33855331841909,0.723723723723724,0.789067142008318,0.749235474006116,0.78974358974359,0.844444444444444,0.809356725146199,0.411580594679186,0.799541809851088,0.884531590413943,0.970760233918129;16;16
Radovanovic Slobodan;WOC 2004 Middle Distance Qualification-M-A;Serbia and Montenegro;3239;0.49950;282,734,201,405,133,172,39,249,146,228,233,157,48,122,64,26;0.445626477541371,0.210868907054193,0.459922609176341,0.622222222222222,0.591478696741855,0.58656330749354,0.686609686609687,0.592592592592593,0.559360730593607,0.675438596491228,0.670481640438722,0.489738145789101,0.608796296296296,0.635701275045537,0.704861111111111,0.709401709401709;16;16
Gueorgiou Thierry;WOC 2004 Middle Distance Qualification-M-B;France;1554;1.02467;171,115,145,63,166,32,87,138,87,157,139,85,43,84,23,19;1.02079272254711,1.01932367149758,1.00766283524904,0.971781305114638,1.095046854083,1.00694444444444,1.03448275862069,0.973429951690821,0.961685823754789,1.06581740976645,1.02478017585931,1.05882352941176,0.984496124031008,1.0515873015873,0.980676328502415,0.95906432748538;16;16
Näsman Johan;WOC 2004 Middle Distance Qualification-M-B;Sweden;1578;1.00908;162,106,169,54,179,34,79,132,97,174,136,87,42,84,22,21;1.07750342935528,1.10587002096436,0.864562787639711,1.13374485596708,1.0155183116077,0.947712418300654,1.13924050632911,1.01767676767677,0.862542955326461,0.961685823754789,1.04738562091503,1.03448275862069,1.00793650793651,1.0515873015873,1.02525252525253,0.867724867724868;16;16
Ikonen Pasi;WOC 2004 Middle Distance Qualification-M-B;Finland;1638;0.97212;184,117,144,67,189,32,103,132,88,181,133,92,43,90,25,18;0.948671497584541,1.00189933523267,1.01466049382716,0.913764510779436,0.961787184009406,1.00694444444444,0.87378640776699,1.01767676767677,0.950757575757576,0.924493554327809,1.07101086048454,0.978260869565217,0.984496124031008,0.981481481481481,0.902222222222222,1.01234567901235;16;16
Novikov Leonid;WOC 2004 Middle Distance Qualification-M-B;Russia;1644;0.96857;173,117,147,65,187,30,80,147,78,177,145,112,44,99,23,20;1.00899165061015,1.00189933523267,0.99395313681028,0.941880341880342,0.972073677956031,1.07407407407407,1.125,0.913832199546485,1.07264957264957,0.945386064030132,0.982375478927203,0.803571428571429,0.962121212121212,0.892255892255892,0.980676328502415,0.911111111111111;16;16
Kristiansen Øystein;WOC 2004 Middle Distance Qualification-M-B;Norway;1716;0.92793;181,128,145,67,183,48,126,150,82,170,142,119,42,90,23,20;0.96439533456108,0.915798611111111,1.00766283524904,0.913764510779436,0.993321190042502,0.671296296296296,0.714285714285714,0.895555555555556,1.02032520325203,0.984313725490196,1.00312989045383,0.756302521008403,1.00793650793651,0.981481481481481,0.980676328502415,0.911111111111111;16;16
Schgaguler Klaus;WOC 2004 Middle Distance Qualification-M-B;Italy;1720;0.92578;220,138,174,66,183,32,92,142,84,176,151,87,42,87,27,19;0.793434343434343,0.849436392914654,0.839719029374202,0.927609427609428,0.993321190042502,1.00694444444444,0.978260869565217,0.946009389671362,0.996031746031746,0.950757575757576,0.943340691685063,1.03448275862069,1.00793650793651,1.01532567049808,0.835390946502058,0.95906432748538;16;16
Helminger Norbert;WOC 2004 Middle Distance Qualification-M-B;Austria;1796;0.88660;177,131,145,62,188,35,95,146,92,207,174,137,46,109,32,20;0.986189579409918,0.894826123833757,1.00766283524904,0.987455197132616,0.966903073286052,0.920634920634921,0.947368421052632,0.920091324200913,0.909420289855073,0.808373590982287,0.818646232439336,0.656934306569343,0.920289855072464,0.81039755351682,0.704861111111111,0.911111111111111;16;16
Shepherd David;WOC 2004 Middle Distance Qualification-M-B;Australia;1819;0.87539;306,117,148,70,194,33,136,128,89,166,149,93,47,92,32,19;0.570442992011619,1.00189933523267,0.987237237237237,0.874603174603175,0.936998854524628,0.976430976430976,0.661764705882353,1.04947916666667,0.940074906367041,1.00803212851406,0.956002982848621,0.967741935483871,0.900709219858156,0.960144927536232,0.704861111111111,0.95906432748538;16;16
Bernaciak Aleksander;WOC 2004 Middle Distance Qualification-M-B;Poland;1823;0.87347;186,180,155,64,184,37,115,140,134,173,159,98,55,97,26,20;0.938470728793309,0.651234567901235,0.942652329749104,0.956597222222222,0.98792270531401,0.870870870870871,0.782608695652174,0.95952380952381,0.624378109452736,0.967244701348748,0.895877009084556,0.918367346938776,0.76969696969697,0.910652920962199,0.867521367521368,0.911111111111111;16;16
Bartak Lukas;WOC 2004 Middle Distance Qualification-M-B;Slovakia;1831;0.86965;209,146,161,83,201,34,105,135,107,193,170,95,47,103,21,21;0.835194045720361,0.802891933028919,0.90752242926156,0.737617135207497,0.904367053620785,0.947712418300654,0.857142857142857,0.995061728395062,0.781931464174455,0.867012089810017,0.837908496732026,0.947368421052632,0.900709219858156,0.857605177993527,1.07407407407407,0.867724867724868;16;16
Krepsta Simonas;WOC 2004 Middle Distance Qualification-M-B;Lithuania;1835;0.86776;257,126,142,65,177,35,132,131,89,160,224,119,44,95,23,16;0.679204496325119,0.930335097001764,1.02895148669797,0.941880341880342,1.02699309478971,0.920634920634921,0.681818181818182,1.02544529262087,0.940074906367041,1.04583333333333,0.635912698412698,0.756302521008403,0.962121212121212,0.929824561403509,0.980676328502415,1.13888888888889;16;16
Ushkvarok Pavlo;WOC 2004 Middle Distance Qualification-M-B;Ukraine;1839;0.86587;178,123,278,63,193,35,92,142,108,199,162,92,41,88,26,19;0.980649188514357,0.953026196928636,0.525579536370903,0.971781305114638,0.941853770869315,0.920634920634921,0.978260869565217,0.946009389671362,0.774691358024691,0.840871021775544,0.879286694101509,0.978260869565217,1.03252032520325,1.00378787878788,0.867521367521368,0.95906432748538;16;16
Jaudzems Kristaps;WOC 2004 Middle Distance Qualification-M-B;Latvia;1876;0.84879;177,162,158,59,197,118,98,142,113,187,159,114,48,96,30,18;0.986189579409918,0.723593964334705,0.924753867791843,1.0376647834275,0.92272983643542,0.273069679849341,0.918367346938776,0.946009389671362,0.740412979351032,0.894830659536542,0.895877009084556,0.789473684210526,0.881944444444445,0.920138888888889,0.751851851851852,1.01234567901235;16;16
Horacek Michal;WOC 2004 Middle Distance Qualification-M-B;Czech Republic;1896;0.83984;172,111,150,62,211,34,316,146,109,161,154,90,44,93,23,20;1.01485788113695,1.05605605605606,0.974074074074074,0.987455197132616,0.861506055818852,0.947712418300654,0.284810126582278,0.920091324200913,0.767584097859327,1.03933747412008,0.924963924963925,1,0.962121212121212,0.949820788530466,0.980676328502415,0.911111111111111;16;16
Pompe Tilo;WOC 2004 Middle Distance Qualification-M-B;Germany;1938;0.82164;184,305,154,64,192,34,95,165,86,198,150,100,51,108,31,21;0.948671497584541,0.384335154826958,0.948773448773449,0.956597222222222,0.946759259259259,0.947712418300654,0.947368421052632,0.814141414141414,0.972868217054264,0.845117845117845,0.94962962962963,0.9,0.830065359477124,0.817901234567901,0.727598566308244,0.867724867724868;16;16
Levai Ferenc;WOC 2004 Middle Distance Qualification-M-B;Hungary;1956;0.81408;180,154,170,63,236,37,161,146,105,211,165,112,51,118,28,19;0.969753086419753,0.761183261183261,0.859477124183007,0.971781305114638,0.770244821092279,0.870870870870871,0.559006211180124,0.920091324200913,0.796825396825397,0.79304897314376,0.863299663299663,0.803571428571429,0.830065359477124,0.748587570621469,0.805555555555556,0.95906432748538;16;16
Nielsen Troels;WOC 2004 Middle Distance Qualification-M-B;Denmark;1958;0.81324;181,281,159,62,191,35,93,134,82,318,145,102,41,93,22,19;0.96439533456108,0.417160933175168,0.918937805730259,0.987455197132616,0.951716114019779,0.920634920634921,0.967741935483871,1.00248756218905,1.02032520325203,0.526205450733753,0.982375478927203,0.882352941176471,1.03252032520325,0.949820788530466,1.02525252525253,0.95906432748538;16;16
Sakorav Milko;WOC 2004 Middle Distance Qualification-M-B;Bulgaria;1964;0.81076;235,154,259,68,220,53,128,154,84,169,143,116,45,93,24,19;0.742789598108747,0.761183261183261,0.564135564135564,0.900326797385621,0.826262626262626,0.607966457023061,0.703125,0.872294372294372,0.996031746031746,0.990138067061144,0.996114996114996,0.775862068965517,0.940740740740741,0.949820788530466,0.939814814814815,0.95906432748538;16;16
Marston Daniel;WOC 2004 Middle Distance Qualification-M-B;Great Britain;2008;0.79299;210,229,173,77,203,36,150,141,89,178,175,130,51,122,23,21;0.831216931216931,0.511887433284813,0.844572896596018,0.795093795093795,0.895457033388068,0.895061728395062,0.6,0.952718676122931,0.940074906367041,0.940074906367041,0.813968253968254,0.692307692307692,0.830065359477124,0.724043715846994,0.980676328502415,0.867724867724868;16;16
Steinemann Denis;WOC 2004 Middle Distance Qualification-M-B;Switzerland;2081;0.76518;184,131,149,69,532,35,104,142,105,188,172,89,45,87,30,19;0.948671497584541,0.894826123833757,0.980611483967189,0.887278582930757,0.341687552213868,0.920634920634921,0.865384615384615,0.946009389671362,0.796825396825397,0.890070921985816,0.828165374677003,1.01123595505618,0.940740740740741,1.01532567049808,0.751851851851852,0.95906432748538;16;16
Griff Daniel;WOC 2004 Middle Distance Qualification-M-B;Israel;2121;0.75075;203,144,197,89,227,44,116,196,120,216,187,165,61,110,28,18;0.859879584017515,0.814043209876543,0.741680767061478,0.68789013732834,0.800783162016642,0.732323232323232,0.775862068965517,0.685374149659864,0.697222222222222,0.774691358024691,0.761734997029115,0.545454545454545,0.693989071038251,0.803030303030303,0.805555555555556,1.01234567901235;16;16
Simkens Geert;WOC 2004 Middle Distance Qualification-M-B;Belgium;2124;0.74969;367,123,156,67,290,44,151,139,99,199,153,139,43,111,25,18;0.475628216772631,0.953026196928636,0.936609686609687,0.913764510779436,0.626819923371647,0.732323232323232,0.596026490066225,0.96642685851319,0.845117845117845,0.840871021775544,0.931009440813362,0.647482014388489,0.984496124031008,0.795795795795796,0.902222222222222,1.01234567901235;16;16
Pasión Pedro;WOC 2004 Middle Distance Qualification-M-B;Spain;2131;0.74722;194,210,157,67,220,40,113,206,86,233,267,138,46,109,25,20;0.899770904925544,0.558201058201058,0.930644019815994,0.913764510779436,0.826262626262626,0.805555555555556,0.79646017699115,0.65210355987055,0.972868217054264,0.718168812589413,0.533499791926758,0.652173913043478,0.920289855072464,0.81039755351682,0.902222222222222,0.911111111111111;16;16
Barbour Greg;WOC 2004 Middle Distance Qualification-M-B;New Zealand;2204;0.72247;209,170,205,63,258,45,112,160,121,201,182,244,52,134,27,21;0.835194045720361,0.689542483660131,0.712737127371274,0.971781305114638,0.704565030146425,0.716049382716049,0.803571428571429,0.839583333333333,0.691460055096419,0.832504145936982,0.782661782661783,0.368852459016393,0.814102564102564,0.659203980099502,0.835390946502058,0.867724867724868;16;16
Duca Nick;WOC 2004 Middle Distance Qualification-M-B;Canada;2256;0.70582;231,152,175,64,216,31,296,166,97,181,175,113,45,269,26,19;0.755651755651756,0.771198830409357,0.834920634920635,0.956597222222222,0.84156378600823,1.03942652329749,0.304054054054054,0.809236947791165,0.862542955326461,0.924493554327809,0.813968253968254,0.79646017699115,0.940740740740741,0.328376703841388,0.867521367521368,0.95906432748538;16;16
Kashimada Koji;WOC 2004 Middle Distance Qualification-M-B;Japan;2463;0.64650;272,146,284,73,232,42,138,161,103,227,204,358,53,118,30,22;0.641748366013072,0.802891933028919,0.514475743348983,0.838660578386606,0.783524904214559,0.767195767195767,0.652173913043478,0.834368530020704,0.812297734627832,0.737151248164464,0.698257080610022,0.251396648044693,0.79874213836478,0.748587570621469,0.751851851851852,0.828282828282828;16;16
Aadli Erkki;WOC 2004 Middle Distance Qualification-M-B;Estonia;2480;0.64207;698,131,282,65,200,34,150,143,89,199,161,125,48,110,25,20;0.250079592486469,0.894826123833757,0.51812450748621,0.941880341880342,0.908888888888889,0.947712418300654,0.6,0.939393939393939,0.940074906367041,0.840871021775544,0.884748102139407,0.72,0.881944444444445,0.803030303030303,0.902222222222222,0.911111111111111;16;16
Avramovic Dejan;WOC 2004 Middle Distance Qualification-M-B;Serbia and Montenegro;2493;0.63872;507,236,181,69,218,39,110,210,86,235,264,125,52,111,28,22;0.344291036598729,0.496704331450094,0.807243707796194,0.887278582930757,0.833843017329256,0.826210826210826,0.818181818181818,0.63968253968254,0.972868217054264,0.712056737588653,0.53956228956229,0.72,0.814102564102564,0.795795795795796,0.805555555555556,0.828282828282828;16;16
Linton Stephen;WOC 2004 Middle Distance Qualification-M-B;Ireland;2557;0.62273;545,151,218,76,227,49,164,156,162,260,218,113,58,107,32,21;0.320285423037717,0.776306107431935,0.670234454638124,0.805555555555556,0.800783162016642,0.657596371882086,0.548780487804878,0.861111111111111,0.516460905349794,0.643589743589744,0.653414882772681,0.79646017699115,0.729885057471264,0.825545171339564,0.704861111111111,0.867724867724868;16;16
Sergio Luis;WOC 2004 Middle Distance Qualification-M-B;Portugal;2558;0.62249;209,235,195,70,443,38,116,327,104,201,193,127,54,198,28,20;0.835194045720361,0.498817966903073,0.749287749287749,0.874603174603175,0.410333584148483,0.847953216374269,0.775862068965517,0.410805300713558,0.80448717948718,0.832504145936982,0.738054116292458,0.708661417322835,0.783950617283951,0.446127946127946,0.805555555555556,0.911111111111111;16;16
Mulder Nicholas;WOC 2004 Middle Distance Qualification-M-B;South Africa;2794;0.56991;462,213,162,74,454,43,226,178,125,271,230,125,61,112,35,23;0.377825877825878,0.550339071465832,0.901920438957476,0.827327327327327,0.400391581008321,0.749354005167959,0.398230088495575,0.754681647940075,0.669333333333333,0.617466174661747,0.619323671497585,0.72,0.693989071038251,0.788690476190476,0.644444444444444,0.792270531400966;16;16
Bergeron Eddie;WOC 2004 Middle Distance Qualification-M-B;U.S.A;2934;0.54272;234,270,298,100,301,52,137,341,328,281,221,133,59,119,37,23;0.745963912630579,0.434156378600823,0.490305741983594,0.612222222222222,0.60391288298265,0.61965811965812,0.656934306569343,0.393939393939394,0.255081300813008,0.595492289442467,0.644544997486174,0.676691729323308,0.717514124293785,0.742296918767507,0.60960960960961,0.792270531400966;16;16
Miljkovic Damir;WOC 2004 Middle Distance Qualification-M-B;Croatia;3027;0.52604;266,289,872,178,381,32,97,162,85,198,153,97,51,113,31,22;0.656223893065998,0.40561322568243,0.167558613659531,0.34394506866417,0.477107028288131,1.00694444444444,0.927835051546392,0.829218106995885,0.984313725490196,0.845117845117845,0.931009440813362,0.927835051546392,0.830065359477124,0.781710914454277,0.727598566308244,0.828282828282828;16;16
Heikoop Mark;WOC 2004 Middle Distance Qualification-M-B;Netherlands;3500;0.45495;383,450,218,104,356,56,361,282,209,310,278,184,77,157,43,32;0.455758630693356,0.260493827160494,0.670234454638124,0.588675213675214,0.510611735330836,0.575396825396825,0.249307479224377,0.476359338061466,0.400318979266348,0.539784946236559,0.512390087929656,0.489130434782609,0.54978354978355,0.562632696390658,0.524547803617571,0.569444444444444;16;16
Qu Kai;WOC 2004 Middle Distance Qualification-M-B;China;6121;0.26014;321,748,463,90,1497,266,681,305,197,471,387,289,99,192,77,38;0.543786777431637,0.156714200831848,0.315574754019678,0.680246913580247,0.121428041267721,0.121136173767753,0.13215859030837,0.440437158469945,0.424703891708968,0.355272469922151,0.368073499856446,0.311418685121107,0.427609427609428,0.460069444444444,0.292929292929293,0.47953216374269;16;16
Hott Johansen Holger;WOC 2004 Middle Distance Qualification-M-C;Norway;1557;1.01967;144,117,168,153,117,47,108,183,47,117,43,150,36,56,49,22;1.05902777777778,1.03952991452991,0.83110119047619,1.07516339869281,1.05555555555556,1.09308510638298,1.05555555555556,1.03210382513661,1.09574468085106,1.05235042735043,1.03779069767442,1.0175,0.819444444444444,1.06919642857143,1.07397959183673,0.806818181818182;16;16
Haldin Mats;WOC 2004 Middle Distance Qualification-M-C;Finland;1641;0.96747;171,122,136,181,132,61,104,190,52,123,46,152,31,67,51,22;0.891812865497076,0.996926229508197,1.02665441176471,0.908839779005525,0.935606060606061,0.842213114754098,1.09615384615385,0.994078947368421,0.990384615384615,1.0010162601626,0.970108695652174,1.00411184210526,0.951612903225806,0.89365671641791,1.03186274509804,0.806818181818182;16;16
Sirmais Martins;WOC 2004 Middle Distance Qualification-M-C;Latvia;1647;0.96395;161,124,177,173,116,64,117,178,51,114,43,173,28,61,50,17;0.947204968944099,0.980846774193548,0.788841807909605,0.950867052023121,1.06465517241379,0.802734375,0.974358974358974,1.06109550561798,1.00980392156863,1.08004385964912,1.03779069767442,0.882225433526012,1.05357142857143,0.98155737704918,1.0525,1.04411764705882;16;16
Wingstedt Emil;WOC 2004 Middle Distance Qualification-M-C;Sweden;1676;0.94727;150,120,130,298,119,48,107,188,48,119,41,148,31,57,55,17;1.01666666666667,1.01354166666667,1.07403846153846,0.552013422818792,1.03781512605042,1.0703125,1.06542056074766,1.00465425531915,1.07291666666667,1.03466386554622,1.08841463414634,1.03125,0.951612903225806,1.05043859649123,0.956818181818182,1.04411764705882;16;16
Mamleev Misha;WOC 2004 Middle Distance Qualification-M-C;Russia;1688;0.94054;176,134,126,161,130,57,124,198,55,128,46,183,29,65,56,20;0.866477272727273,0.907649253731343,1.10813492063492,1.02173913043478,0.95,0.901315789473684,0.919354838709677,0.953914141414141,0.936363636363636,0.9619140625,0.970108695652174,0.834016393442623,1.01724137931034,0.921153846153846,0.939732142857143,0.8875;16;16
Omeltchenko Yuri;WOC 2004 Middle Distance Qualification-M-C;Ukraine;1701;0.93335;149,126,171,195,123,54,142,187,56,128,54,154,29,59,55,19;1.02348993288591,0.965277777777778,0.816520467836257,0.843589743589744,1.00406504065041,0.951388888888889,0.802816901408451,1.01002673796791,0.919642857142857,0.9619140625,0.826388888888889,0.991071428571429,1.01724137931034,1.01483050847458,0.956818181818182,0.934210526315789;16;16
Johnson Oli;WOC 2004 Middle Distance Qualification-M-C;Great Britain;1772;0.89595;175,137,168,168,129,60,134,212,56,153,44,170,31,62,54,19;0.871428571428571,0.887773722627737,0.83110119047619,0.979166666666667,0.957364341085271,0.85625,0.850746268656716,0.890919811320755,0.919642857142857,0.804738562091503,1.01420454545455,0.897794117647059,0.951612903225806,0.965725806451613,0.974537037037037,0.934210526315789;16;16
Bluett Grant;WOC 2004 Middle Distance Qualification-M-C;Australia;1776;0.89393;244,129,148,161,130,57,119,213,57,143,53,160,31,59,52,20;0.625,0.942829457364341,0.943412162162162,1.02173913043478,0.95,0.901315789473684,0.957983193277311,0.886737089201878,0.903508771929825,0.861013986013986,0.841981132075472,0.95390625,0.951612903225806,1.01483050847458,1.01201923076923,0.8875;16;16
Gilgien Matthias;WOC 2004 Middle Distance Qualification-M-C;Switzerland;1896;0.83735;158,164,151,182,153,60,139,253,60,140,65,178,44,69,62,18;0.965189873417722,0.741615853658537,0.924668874172185,0.903846153846154,0.80718954248366,0.85625,0.820143884892086,0.746541501976285,0.858333333333333,0.879464285714286,0.686538461538462,0.857443820224719,0.670454545454545,0.867753623188406,0.848790322580645,0.986111111111111;16;16
Mazulis Marius;WOC 2004 Middle Distance Qualification-M-C;Lithuania;1899;0.83603;157,132,395,181,125,46,109,195,53,128,50,150,33,62,62,21;0.971337579617834,0.921401515151515,0.353481012658228,0.908839779005525,0.988,1.11684782608696,1.04587155963303,0.968589743589744,0.971698113207547,0.9619140625,0.8925,1.0175,0.893939393939394,0.965725806451613,0.848790322580645,0.845238095238095;16;16
Nömm Marek;WOC 2004 Middle Distance Qualification-M-C;Estonia;1900;0.83559;226,127,134,203,150,68,132,239,55,152,51,185,35,66,61,16;0.674778761061947,0.957677165354331,1.0419776119403,0.810344827586207,0.823333333333333,0.755514705882353,0.863636363636364,0.790271966527197,0.936363636363636,0.810032894736842,0.875,0.825,0.842857142857143,0.90719696969697,0.862704918032787,1.109375;16;16
Davidik Marian;WOC 2004 Middle Distance Qualification-M-C;Slovakia;1929;0.82303;198,128,161,202,145,65,190,219,57,158,47,172,45,66,58,18;0.77020202020202,0.9501953125,0.867236024844721,0.814356435643564,0.851724137931035,0.790384615384615,0.6,0.862442922374429,0.903508771929825,0.779272151898734,0.949468085106383,0.887354651162791,0.655555555555556,0.90719696969697,0.907327586206897,0.986111111111111;16;16
Nielsen Christian;WOC 2004 Middle Distance Qualification-M-C;Denmark;1980;0.80183;301,128,184,181,135,62,138,218,63,154,49,179,33,73,63,19;0.506644518272425,0.9501953125,0.75883152173913,0.908839779005525,0.914814814814815,0.828629032258065,0.826086956521739,0.866399082568807,0.817460317460317,0.799512987012987,0.910714285714286,0.852653631284916,0.893939393939394,0.820205479452055,0.83531746031746,0.934210526315789;16;16
Gueorgiou Remi;WOC 2004 Middle Distance Qualification-M-C;France;2020;0.78595;145,135,317,187,151,61,136,252,64,141,61,180,38,73,60,19;1.05172413793103,0.900925925925926,0.440457413249211,0.879679144385027,0.817880794701987,0.842213114754098,0.838235294117647,0.749503968253968,0.8046875,0.87322695035461,0.73155737704918,0.847916666666667,0.776315789473684,0.820205479452055,0.877083333333333,0.934210526315789;16;16
Tenani Alessio;WOC 2004 Middle Distance Qualification-M-C;Italy;2033;0.78093;180,171,146,188,200,100,149,295,67,148,51,150,34,66,68,20;0.847222222222222,0.71125730994152,0.956335616438356,0.875,0.6175,0.51375,0.76510067114094,0.640254237288136,0.76865671641791,0.831925675675676,0.875,1.0175,0.867647058823529,0.90719696969697,0.773897058823529,0.8875;16;16
Marchenko Alexey;WOC 2004 Middle Distance Qualification-M-C;Israel;2153;0.73740;203,181,200,255,144,65,155,255,70,182,49,206,34,80,55,19;0.751231527093596,0.671961325966851,0.698125,0.645098039215686,0.857638888888889,0.790384615384615,0.735483870967742,0.740686274509804,0.735714285714286,0.676510989010989,0.910714285714286,0.740898058252427,0.867647058823529,0.7484375,0.956818181818182,0.934210526315789;16;16
Kowalski Wojciech;WOC 2004 Middle Distance Qualification-M-C;Poland;2199;0.72198;174,150,157,206,144,73,153,516,61,134,47,200,29,77,59,19;0.876436781609195,0.810833333333333,0.889331210191083,0.798543689320388,0.857638888888889,0.703767123287671,0.745098039215686,0.366036821705426,0.844262295081967,0.91884328358209,0.949468085106383,0.763125,1.01724137931034,0.777597402597403,0.891949152542373,0.934210526315789;16;16
Lucan Vladimir;WOC 2004 Middle Distance Qualification-M-C;Czech Republic;2333;0.68051;156,122,248,168,198,56,207,440,67,186,61,199,41,84,72,28;0.977564102564103,0.996926229508197,0.563004032258065,0.979166666666667,0.623737373737374,0.917410714285714,0.550724637681159,0.429261363636364,0.76865671641791,0.661962365591398,0.73155737704918,0.766959798994975,0.719512195121951,0.712797619047619,0.730902777777778,0.633928571428571;16;16
Gilot Jan;WOC 2004 Middle Distance Qualification-M-C;Belgium;2364;0.67158;303,133,221,209,289,62,195,287,60,148,59,199,32,73,76,18;0.503300330033003,0.914473684210526,0.631787330316742,0.787081339712919,0.427335640138408,0.828629032258065,0.584615384615385,0.658101045296167,0.858333333333333,0.831925675675676,0.75635593220339,0.766959798994975,0.921875,0.820205479452055,0.692434210526316,0.986111111111111;16;16
Scarborough James;WOC 2004 Middle Distance Qualification-M-C;U.S.A;2403;0.66068;206,282,357,198,178,69,151,261,83,161,51,215,49,63,58,21;0.740291262135922,0.431294326241135,0.391106442577031,0.830808080808081,0.693820224719101,0.744565217391304,0.754966887417219,0.723659003831418,0.620481927710843,0.764751552795031,0.875,0.709883720930233,0.602040816326531,0.950396825396825,0.907327586206897,0.845238095238095;16;16
Dobbs Neil;WOC 2004 Middle Distance Qualification-M-C;Ireland;2463;0.64459;203,191,410,270,160,66,138,315,68,150,57,225,53,75,60,22;0.751231527093596,0.636780104712042,0.340548780487805,0.609259259259259,0.771875,0.778409090909091,0.826086956521739,0.599603174603175,0.757352941176471,0.820833333333333,0.782894736842105,0.678333333333333,0.556603773584906,0.798333333333333,0.877083333333333,0.806818181818182;16;16
Jessop Rob;WOC 2004 Middle Distance Qualification-M-C;New Zealand;2478;0.64069;173,162,149,251,417,65,181,233,68,216,55,274,34,90,85,25;0.88150289017341,0.750771604938272,0.937080536912752,0.655378486055777,0.296163069544364,0.790384615384615,0.629834254143646,0.810622317596567,0.757352941176471,0.570023148148148,0.811363636363636,0.557025547445255,0.867647058823529,0.665277777777778,0.619117647058824,0.71;16;16
Vonyo Peter;WOC 2004 Middle Distance Qualification-M-C;Hungary;2493;0.63683;393,164,157,218,299,68,151,252,75,167,61,285,31,71,80,21;0.388040712468193,0.741615853658537,0.889331210191083,0.754587155963303,0.41304347826087,0.755514705882353,0.754966887417219,0.749503968253968,0.686666666666667,0.737275449101796,0.73155737704918,0.535526315789474,0.951612903225806,0.84330985915493,0.6578125,0.845238095238095;16;16
Gonon Francois;WOC 2004 Middle Distance Qualification-M-C;France;2494;0.63658;456,115,387,161,404,49,159,192,51,128,53,157,32,70,56,24;0.334429824561404,1.05760869565217,0.36078811369509,1.02173913043478,0.305693069306931,1.0484693877551,0.716981132075472,0.983723958333333,1.00980392156863,0.9619140625,0.841981132075472,0.972133757961783,0.921875,0.855357142857143,0.939732142857143,0.739583333333333;16;16
Dimitrov Nikolay;WOC 2004 Middle Distance Qualification-M-C;Bulgaria;2513;0.63176;275,133,158,347,129,54,124,575,57,172,47,178,58,121,63,22;0.554545454545455,0.914473684210526,0.88370253164557,0.474063400576369,0.957364341085271,0.951388888888889,0.919354838709677,0.328478260869565,0.903508771929825,0.715843023255814,0.949468085106383,0.857443820224719,0.508620689655172,0.494834710743802,0.83531746031746,0.806818181818182;16;16
Gieseler Christian;WOC 2004 Middle Distance Qualification-M-C;Germany;2537;0.62579;337,135,148,171,581,64,141,256,59,138,57,242,28,92,68,20;0.452522255192878,0.900925925925926,0.943412162162162,0.961988304093567,0.212564543889845,0.802734375,0.808510638297872,0.73779296875,0.872881355932203,0.892210144927536,0.782894736842105,0.630681818181818,1.05357142857143,0.650815217391304,0.773897058823529,0.8875;16;16
Waddington Mike;WOC 2004 Middle Distance Qualification-M-C;Canada;2583;0.61464;163,152,246,175,135,63,135,623,64,250,48,303,44,79,73,30;0.93558282208589,0.800164473684211,0.567581300813008,0.94,0.914814814814815,0.81547619047619,0.844444444444444,0.303170144462279,0.8046875,0.4925,0.9296875,0.503712871287129,0.670454545454545,0.757911392405063,0.720890410958904,0.591666666666667;16;16
Shinohara Takeo;WOC 2004 Middle Distance Qualification-M-C;Japan;2826;0.56179;246,148,242,238,158,64,154,293,74,175,62,768,48,74,62,20;0.619918699186992,0.821790540540541,0.576962809917355,0.691176470588235,0.781645569620253,0.802734375,0.74025974025974,0.64462457337884,0.695945945945946,0.703571428571429,0.719758064516129,0.19873046875,0.614583333333333,0.809121621621622,0.848790322580645,0.8875;16;16
Legac Lino;WOC 2004 Middle Distance Qualification-M-C;Croatia;3236;0.49061;285,256,170,178,693,127,143,574,65,254,55,203,50,88,69,26;0.535087719298246,0.47509765625,0.821323529411765,0.924157303370786,0.178210678210678,0.404527559055118,0.797202797202797,0.329050522648084,0.792307692307692,0.484744094488189,0.811363636363636,0.751847290640394,0.59,0.680397727272727,0.76268115942029,0.682692307692308;16;16
Bauer Dragisa;WOC 2004 Middle Distance Qualification-M-C;Serbia and Montenegro;3270;0.48551;515,235,202,241,631,76,189,263,63,210,51,223,199,67,82,23;0.296116504854369,0.517553191489362,0.691212871287129,0.682572614107884,0.195721077654517,0.675986842105263,0.603174603174603,0.718155893536122,0.817460317460317,0.586309523809524,0.875,0.684417040358744,0.148241206030151,0.89365671641791,0.641768292682927,0.771739130434783;16;16
Terry Martin;WOC 2004 Middle Distance Qualification-M-C;South Africa;3286;0.48315;191,135,302,421,384,110,153,691,90,160,53,365,34,106,70,21;0.798429319371728,0.900925925925926,0.462334437086093,0.390736342042755,0.321614583333333,0.467045454545455,0.745098039215686,0.273335745296671,0.572222222222222,0.76953125,0.841981132075472,0.418150684931507,0.867647058823529,0.564858490566038,0.751785714285714,0.845238095238095;16;16
Aires Tiago;WOC 2004 Middle Distance Qualification-M-C;Portugal;3622;0.43833;201,146,228,338,185,62,157,1077,63,341,52,551,34,80,82,25;0.758706467661692,0.833047945205479,0.612390350877193,0.486686390532544,0.667567567567568,0.828629032258065,0.726114649681529,0.175371402042711,0.817460317460317,0.361070381231672,0.858173076923077,0.276996370235935,0.867647058823529,0.7484375,0.641768292682927,0.71;16;16
Johansson Jenny;WOC 2004 Middle Distance Qualification-W-A;Sweden;1524;1.05306;165,104,162,144,47,202,374,47,56,81,94,25,23;1.12121212121212,1.01098901098901,1.20017636684303,1.05654761904762,1.05775075987842,0.915841584158416,1.03857906799083,1.03951367781155,1.11734693877551,0.991181657848325,1.12462006079027,1.04,0.937888198757764;13;13
Annus Anu;WOC 2004 Middle Distance Qualification-W-A;Estonia;1665;0.96388;177,113,216,143,45,161,423,54,76,84,123,27,23;1.04519774011299,0.930467762326169,0.900132275132275,1.06393606393606,1.1047619047619,1.14906832298137,0.918270854441067,0.904761904761905,0.823308270676692,0.95578231292517,0.859465737514518,0.962962962962963,0.937888198757764;13;13
Staff Hanne;WOC 2004 Middle Distance Qualification-W-A;Norway;1722;0.93197;294,115,212,142,46,159,412,46,75,76,97,25,23;0.629251700680272,0.914285714285714,0.917115902964959,1.07142857142857,1.08074534161491,1.16352201257862,0.942787794729542,1.06211180124224,0.834285714285714,1.05639097744361,1.08983799705449,1.04,0.937888198757764;13;13
Schmalfeld Karin;WOC 2004 Middle Distance Qualification-W-A;Germany;1743;0.92074;236,110,221,164,59,201,374,58,75,77,110,36,22;0.783898305084746,0.955844155844156,0.879767291531997,0.927700348432056,0.842615012106538,0.920398009950249,1.03857906799083,0.842364532019704,0.834285714285714,1.04267161410019,0.961038961038961,0.722222222222222,0.980519480519481;13;13
Gemperle Sara;WOC 2004 Middle Distance Qualification-W-A;Switzerland;1759;0.91237;179,121,225,179,57,197,410,57,79,89,115,29,22;1.03351955307263,0.868949232585596,0.864126984126984,0.849960095770152,0.87218045112782,0.939086294416244,0.947386759581882,0.857142857142857,0.792043399638336,0.902086677367576,0.919254658385093,0.896551724137931,0.980519480519481;13;13
Depta Monika;WOC 2004 Middle Distance Qualification-W-A;Poland;1784;0.89958;187,108,266,180,58,229,396,48,55,88,108,34,27;0.989304812834225,0.973544973544973,0.73093447905478,0.845238095238095,0.857142857142857,0.807860262008734,0.980880230880231,1.01785714285714,1.13766233766234,0.912337662337662,0.978835978835979,0.764705882352941,0.798941798941799;13;13
Søes Signe;WOC 2004 Middle Distance Qualification-W-A;Denmark;1841;0.87173;226,123,199,159,56,214,447,54,90,105,116,28,24;0.81858407079646,0.854819976771196,0.9770279971285,0.956873315363881,0.887755102040816,0.864485981308411,0.868967721316715,0.904761904761905,0.695238095238095,0.764625850340136,0.911330049261084,0.928571428571429,0.898809523809524;13;13
Mikkola Marika;WOC 2004 Middle Distance Qualification-W-A;Finland;1895;0.84689;344,96,175,145,48,249,484,45,62,83,105,37,22;0.537790697674419,1.0952380952381,1.11102040816327,1.04926108374384,1.03571428571429,0.742971887550201,0.802538370720189,1.08571428571429,1.00921658986175,0.967297762478485,1.00680272108844,0.702702702702703,0.980519480519481;13;13
Korzhova Natasha;WOC 2004 Middle Distance Qualification-W-A;Russia;1933;0.83024;226,136,209,190,60,277,441,58,74,94,113,28,27;0.81858407079646,0.773109243697479,0.93028024606972,0.800751879699248,0.828571428571429,0.667870036101083,0.880790411402656,0.842364532019704,0.845559845559846,0.854103343465046,0.935524652338812,0.928571428571429,0.798941798941799;13;13
Fey Zsuzsa;WOC 2004 Middle Distance Qualification-W-A;Romania;1956;0.82048;369,127,207,186,60,220,406,58,67,87,121,26,22;0.501355013550135,0.827896512935883,0.939268461007591,0.817972350230415,0.828571428571429,0.840909090909091,0.956720619282196,0.842364532019704,0.933901918976546,0.922824302134647,0.873671782762692,1,0.980519480519481;13;13
Plokhenko Victoriya;WOC 2004 Middle Distance Qualification-W-A;Ukraine;1976;0.81217;184,136,212,169,62,324,467,67,71,94,134,34,22;1.0054347826087,0.773109243697479,0.917115902964959,0.900253592561285,0.80184331797235,0.570987654320988,0.831752829611502,0.729211087420043,0.881287726358149,0.854103343465046,0.788912579957356,0.764705882352941,0.980519480519481;13;13
Klechova Vendula;WOC 2004 Middle Distance Qualification-W-A;Czech Republic;2022;0.79370;330,101,350,168,97,183,376,52,103,91,123,25,23;0.560606060606061,1.04101838755304,0.555510204081633,0.905612244897959,0.512518409425626,1.01092896174863,1.0330547112462,0.93956043956044,0.60748959778086,0.882260596546311,0.859465737514518,1.04,0.937888198757764;13;13
Winslow Danielle;WOC 2004 Middle Distance Qualification-W-A;Australia;2088;0.76861;223,135,240,181,62,291,527,64,80,92,125,42,26;0.829596412556054,0.778835978835979,0.810119047619048,0.840568271507498,0.80184331797235,0.63573883161512,0.737056112767688,0.763392857142857,0.782142857142857,0.872670807453416,0.845714285714286,0.619047619047619,0.82967032967033;13;13
Dodin Celine;WOC 2004 Middle Distance Qualification-W-A;France;2116;0.75844;205,158,236,198,68,253,588,58,70,95,138,26,23;0.902439024390244,0.665461121157324,0.823849878934625,0.768398268398268,0.73109243697479,0.731225296442688,0.660592808551992,0.842364532019704,0.893877551020408,0.845112781954887,0.766045548654244,1,0.937888198757764;13;13
Rollins Sarah;WOC 2004 Middle Distance Qualification-W-A;Great Britain;2158;0.74368;476,122,226,175,56,192,414,53,189,88,117,30,20;0.388655462184874,0.861826697892272,0.860303413400758,0.869387755102041,0.887755102040816,0.963541666666667,0.938233264320221,0.921832884097035,0.331065759637188,0.912337662337662,0.903540903540903,0.866666666666667,1.07857142857143;13;13
Gil Esther;WOC 2004 Middle Distance Qualification-W-A;Spain;2231;0.71934;250,197,216,205,71,349,479,56,76,133,141,31,27;0.74,0.533720087019579,0.900132275132275,0.742160278745645,0.700201207243461,0.530085959885387,0.810915597971965,0.872448979591837,0.823308270676692,0.603651987110634,0.749746707193516,0.838709677419355,0.798941798941799;13;13
Olafsen Erin;WOC 2004 Middle Distance Qualification-W-A;U.S.A;2294;0.69959;345,131,229,346,54,247,500,65,73,82,170,31,21;0.536231884057971,0.802617230098146,0.849033063006862,0.439719240297275,0.920634920634921,0.748987854251012,0.776857142857143,0.751648351648352,0.857142857142857,0.979094076655052,0.621848739495798,0.838709677419355,1.02721088435374;13;13
McNeil Philippa;WOC 2004 Middle Distance Qualification-W-A;Canada;2304;0.69655;260,168,262,223,69,300,538,70,91,102,156,42,23;0.711538461538462,0.625850340136054,0.742093784078517,0.682254964766176,0.720496894409938,0.616666666666667,0.721986192246415,0.697959183673469,0.687598116169545,0.787114845938375,0.677655677655678,0.619047619047619,0.937888198757764;13;13
Tajima Rika;WOC 2004 Middle Distance Qualification-W-A;Japan;2390;0.67149;218,234,253,197,58,490,480,69,74,118,141,35,23;0.848623853211009,0.449328449328449,0.768492377188029,0.772298767222625,0.857142857142857,0.377551020408163,0.80922619047619,0.708074534161491,0.845559845559846,0.680387409200969,0.749746707193516,0.742857142857143,0.937888198757764;13;13
Szerencsi Ildiko;WOC 2004 Middle Distance Qualification-W-A;Hungary;2497;0.64271;219,145,245,199,74,322,564,215,97,106,240,43,28;0.844748858447489,0.72512315270936,0.793586005830904,0.764536970567121,0.671814671814672,0.574534161490683,0.6887031408308,0.227242524916943,0.645066273932253,0.757412398921833,0.44047619047619,0.604651162790698,0.770408163265306;13;13
Alsauskaite Dainora;WOC 2004 Middle Distance Qualification-W-A;Lithuania;2544;0.63084;441,104,810,173,54,210,383,51,63,79,113,36,27;0.419501133786848,1.01098901098901,0.240035273368607,0.87943848059455,0.920634920634921,0.880952380952381,1.0141738157404,0.957983193277311,0.993197278911565,1.01627486437613,0.935524652338812,0.722222222222222,0.798941798941799;13;13
Arniece Liga;WOC 2004 Middle Distance Qualification-W-A;Latvia;2591;0.61940;203,135,241,173,54,222,681,455,65,107,191,31,33;0.911330049261084,0.778835978835979,0.806757557794902,0.87943848059455,0.920634920634921,0.833333333333333,0.570379693727711,0.107378335949765,0.962637362637363,0.750333778371162,0.553477935676889,0.838709677419355,0.653679653679654;13;13
Gotseva Lyudmila;WOC 2004 Middle Distance Qualification-W-A;Bulgaria;2666;0.60197;200,148,197,213,65,253,1112,65,74,103,172,34,30;0.925,0.71042471042471,0.986947063089195,0.714285714285714,0.764835164835165,0.731225296442688,0.349306269270298,0.751648351648352,0.845559845559846,0.779472954230236,0.614617940199335,0.764705882352941,0.719047619047619;13;13
Creedon Ailbhe;WOC 2004 Middle Distance Qualification-W-A;Ireland;2798;0.57357;498,157,539,229,59,295,555,58,93,101,143,48,23;0.3714859437751,0.669699727024568,0.36072091174132,0.664379288833437,0.842615012106538,0.627118644067797,0.6998712998713,0.842364532019704,0.672811059907834,0.794908062234795,0.739260739260739,0.541666666666667,0.937888198757764;13;13
Costa Raquel;WOC 2004 Middle Distance Qualification-W-A;Portugal;3030;0.52966;285,175,300,334,71,523,679,70,151,143,235,38,26;0.649122807017544,0.600816326530612,0.648095238095238,0.45551753635586,0.700201207243461,0.353728489483748,0.572059751735746,0.697959183673469,0.41438032166509,0.561438561438562,0.449848024316109,0.684210526315789,0.82967032967033;13;13
Hermans Aline;WOC 2004 Middle Distance Qualification-W-A;Belgium;3057;0.52498;272,151,223,197,63,551,1016,80,162,113,173,30,26;0.680147058823529,0.696310312204352,0.871877001921845,0.772298767222625,0.789115646258503,0.335753176043557,0.382311586051744,0.610714285714286,0.386243386243386,0.710493046776233,0.611065235342692,0.866666666666667,0.82967032967033;13;13
Qin Zhuhua;WOC 2004 Middle Distance Qualification-W-A;China;3869;0.41480;248,299,244,198,79,508,1038,88,178,805,128,33,23;0.745967741935484,0.351648351648352,0.796838407494145,0.768398268398268,0.629294755877034,0.364173228346457,0.37420864299477,0.555194805194805,0.351524879614767,0.0997338065661047,0.825892857142857,0.787878787878788,0.937888198757764;13;13
Niggli-Luder Simone;WOC 2004 Middle Distance Qualification-W-B;Switzerland;1449;1.03865;121,130,178,105,41,166,69,291,138,44,87,57,22;1.185360094451,0.97032967032967,1.00802568218299,1.05850340136054,1.25087108013937,1.02151462994837,1.16149068322981,1.08149239077074,0.858178053830228,1.13311688311688,0.881773399014778,1.11278195488722,0.941558441558442;13;13
Jukkola Heli;WOC 2004 Middle Distance Qualification-W-B;Finland;1573;0.95677;153,134,185,123,53,180,77,319,125,51,75,76,22;0.937441643323996,0.94136460554371,0.96988416988417,0.903600464576074,0.967654986522911,0.942063492063492,1.04081632653061,0.986565158978952,0.947428571428571,0.977591036414566,1.02285714285714,0.834586466165414,0.941558441558442;13;13
Ryabkina Tanya;WOC 2004 Middle Distance Qualification-W-B;Russia;1579;0.95313;176,127,195,114,51,178,84,323,116,57,68,69,21;0.814935064935065,0.993250843644544,0.92014652014652,0.974937343358396,1.00560224089636,0.952648475120385,0.954081632653061,0.974347633790358,1.02093596059113,0.87468671679198,1.1281512605042,0.919254658385093,0.986394557823129;13;13
Bäckström Lina;WOC 2004 Middle Distance Qualification-W-B;Sweden;1609;0.93536;155,124,200,108,51,164,95,345,132,55,88,68,24;0.925345622119816,1.01728110599078,0.897142857142857,1.02910052910053,1.00560224089636,1.03397212543554,0.843609022556391,0.912215320910973,0.897186147186147,0.906493506493506,0.871753246753247,0.932773109243697,0.863095238095238;13;13
Dambe Inga;WOC 2004 Middle Distance Qualification-W-B;Latvia;1676;0.89797;147,130,188,111,56,170,141,379,99,67,94,71,23;0.975704567541302,0.97032967032967,0.954407294832827,1.001287001287,0.915816326530612,0.997478991596639,0.56838905775076,0.830380701093102,1.1962481962482,0.744136460554371,0.816109422492401,0.893360160965795,0.900621118012422;13;13
Monro Heather;WOC 2004 Middle Distance Qualification-W-B;Great Britain;1721;0.87449;279,143,187,121,54,170,82,309,156,49,74,75,22;0.514080901177675,0.882117882117882,0.959511077158136,0.9185360094451,0.94973544973545,0.997478991596639,0.977351916376307,1.01849283402681,0.759157509157509,1.01749271137026,1.03667953667954,0.845714285714286,0.941558441558442;13;13
Navratilova Iva;WOC 2004 Middle Distance Qualification-W-B;Czech Republic;1736;0.86694;165,130,215,137,58,196,96,351,134,58,91,81,24;0.869264069264069,0.97032967032967,0.834551495016611,0.81126173096976,0.88423645320197,0.865160349854228,0.834821428571428,0.896621896621897,0.883795309168444,0.859605911330049,0.843014128728414,0.783068783068783,0.863095238095238;13;13
Widler Käthi;WOC 2004 Middle Distance Qualification-W-B;Switzerland;1742;0.86395;136,153,245,182,55,187,83,330,151,54,80,66,20;1.0546218487395,0.824463118580766,0.732361516034985,0.610675039246468,0.932467532467532,0.906799083269672,0.965576592082616,0.953679653679654,0.784295175023652,0.923280423280423,0.958928571428571,0.961038961038961,1.03571428571429;13;13
Xylander Anke;WOC 2004 Middle Distance Qualification-W-B;Germany;1758;0.85609;187,157,212,132,65,215,87,340,129,59,88,65,22;0.766997708174179,0.803457688808007,0.846361185983827,0.841991341991342,0.789010989010989,0.788704318936877,0.921182266009852,0.92563025210084,0.918050941306755,0.845036319612591,0.871753246753247,0.975824175824176,0.941558441558442;13;13
Allison Jo;WOC 2004 Middle Distance Qualification-W-B;Australia;1761;0.85463;178,137,190,185,54,206,101,343,129,51,91,70,26;0.805778491171749,0.920750782064651,0.944360902255639,0.600772200772201,0.94973544973545,0.823162274618585,0.793493635077793,0.917534360683049,0.918050941306755,0.977591036414566,0.843014128728414,0.906122448979592,0.796703296703297;13;13
Rebane Kirti;WOC 2004 Middle Distance Qualification-W-B;Estonia;1806;0.83333;189,186,209,115,55,166,142,330,142,76,94,76,26;0.758881330309902,0.678187403993856,0.85850991114149,0.966459627329193,0.932467532467532,1.02151462994837,0.564386317907445,0.953679653679654,0.834004024144869,0.656015037593985,0.816109422492401,0.834586466165414,0.796703296703297;13;13
Rakayova Martina;WOC 2004 Middle Distance Qualification-W-B;Slovakia;1830;0.82240;183,204,168,114,60,207,105,384,156,64,88,73,24;0.78376268540203,0.618347338935574,1.06802721088435,0.974937343358396,0.854761904761905,0.819185645272602,0.763265306122449,0.819568452380952,0.759157509157509,0.779017857142857,0.871753246753247,0.868884540117417,0.863095238095238;13;13
Sargautyte Ieva;WOC 2004 Middle Distance Qualification-W-B;Lithuania;1830;0.82240;160,131,179,113,62,175,79,457,246,68,69,68,23;0.896428571428571,0.962922573609596,1.0023942537909,0.983565107458913,0.827188940092166,0.968979591836735,1.01446654611212,0.688652703969991,0.481416957026713,0.733193277310924,1.11180124223602,0.932773109243697,0.900621118012422;13;13
Fjordside Yvonne;WOC 2004 Middle Distance Qualification-W-B;Denmark;1850;0.81351;179,140,242,147,71,200,113,350,122,65,120,79,22;0.801276935355148,0.901020408163265,0.741440377804014,0.756073858114674,0.722334004024145,0.847857142857143,0.709228824273072,0.899183673469388,0.970725995316159,0.767032967032967,0.639285714285714,0.802893309222423,0.941558441558442;13;13
Spasyuk Mariya;WOC 2004 Middle Distance Qualification-W-B;Ukraine;1885;0.79841;195,153,225,153,63,204,111,352,177,69,89,74,20;0.735531135531135,0.824463118580766,0.797460317460317,0.726423902894491,0.8140589569161,0.831232492997199,0.722007722007722,0.894074675324675,0.66908797417272,0.722567287784679,0.861958266452648,0.857142857142857,1.03571428571429;13;13
Gornicka-Antonowicz Anna;WOC 2004 Middle Distance Qualification-W-B;Poland;1967;0.76512;132,133,227,364,59,176,125,301,231,50,84,62,23;1.08658008658009,0.9484425349087,0.790434235368156,0.305337519623234,0.869249394673123,0.963474025974026,0.641142857142857,1.04556241101092,0.512677798392084,0.997142857142857,0.913265306122449,1.02304147465438,0.900621118012422;13;13
Olah Katalin;WOC 2004 Middle Distance Qualification-W-B;Hungary;1981;0.75972;479,111,171,113,61,232,95,337,115,50,139,58,20;0.299433343274679,1.13642213642214,1.04928989139515,0.983565107458913,0.840749414519906,0.730911330049261,0.843609022556391,0.933870284018652,1.02981366459627,0.997142857142857,0.551901336073998,1.0935960591133,1.03571428571429;13;13
Hausken Anne Margrethe;WOC 2004 Middle Distance Qualification-W-B;Norway;2048;0.73486;383,187,228,136,56,210,88,342,185,56,89,68,20;0.374487131667288,0.674560733384263,0.786967418546366,0.817226890756303,0.915816326530612,0.807482993197279,0.910714285714286,0.920217209690894,0.64015444015444,0.89030612244898,0.861958266452648,0.932773109243697,1.03571428571429;13;13
Vannier Valerie;WOC 2004 Middle Distance Qualification-W-B;France;2175;0.69195;420,159,255,147,74,245,104,397,123,62,88,76,25;0.341496598639456,0.793351302785265,0.703641456582633,0.756073858114674,0.693050193050193,0.692128279883382,0.770604395604396,0.79273119827276,0.962833914053426,0.804147465437788,0.871753246753247,0.834586466165414,0.828571428571429;13;13
Scaravonati Laura;WOC 2004 Middle Distance Qualification-W-B;Italy;2307;0.65236;177,140,207,138,61,211,87,845,145,80,96,93,27;0.810330912025827,0.901020408163265,0.866804692891649,0.805383022774327,0.840749414519906,0.80365605958023,0.921182266009852,0.372442941673711,0.816748768472906,0.623214285714286,0.799107142857143,0.682027649769585,0.767195767195767;13;13
Van Opstal Lieke;WOC 2004 Middle Distance Qualification-W-B;Netherlands;2439;0.61706;222,182,259,144,77,294,129,640,192,70,122,81,27;0.646074646074646,0.69309262166405,0.692774407060121,0.771825396825397,0.666048237476809,0.576773566569485,0.621262458471761,0.491741071428571,0.616815476190476,0.712244897959184,0.628805620608899,0.783068783068783,0.767195767195767;13;13
Williams Karen;WOC 2004 Middle Distance Qualification-W-B;U.S.A;2495;0.60321;178,196,594,177,67,264,131,445,161,69,97,87,29;0.805778491171749,0.643586005830904,0.302068302068302,0.627925746569814,0.76545842217484,0.642316017316017,0.611777535441658,0.707223113964687,0.735581188997338,0.722567287784679,0.790868924889543,0.729064039408867,0.714285714285714;13;13
Paterson Claire;WOC 2004 Middle Distance Qualification-W-B;New Zealand;2701;0.55720;326,183,252,149,60,608,118,542,162,87,100,90,24;0.439964943032428,0.689305230288837,0.712018140589569,0.745925215723873,0.854761904761905,0.27890037593985,0.679176755447942,0.580653663679494,0.731040564373898,0.573070607553366,0.767142857142857,0.704761904761905,0.863095238095238;13;13
James Pam;WOC 2004 Middle Distance Qualification-W-B;Canada;2919;0.51559;197,188,548,143,72,627,138,457,155,73,202,88,31;0.728063814358231,0.6709726443769,0.327424400417101,0.777222777222777,0.712301587301587,0.270448849396218,0.580745341614907,0.688652703969991,0.764055299539171,0.682974559686888,0.37977369165488,0.720779220779221,0.668202764976959;13;13
Amador Maria;WOC 2004 Middle Distance Qualification-W-B;Portugal;3483;0.43210;236,206,425,496,78,455,515,528,216,75,110,117,26;0.60774818401937,0.612343966712899,0.42218487394958,0.224078341013825,0.657509157509158,0.372684458398744,0.155617198335645,0.596049783549784,0.548280423280423,0.664761904761905,0.697402597402597,0.542124542124542,0.796703296703297;13;13
Maturana Encarna;WOC 2004 Middle Distance Qualification-W-B;Spain;3727;0.40381;1552,333,257,246,69,240,164,437,145,68,103,82,31;0.0924153166421208,0.378807378807379,0.69816564758199,0.451800232288037,0.743271221532091,0.706547619047619,0.488675958188153,0.720169990192874,0.816748768472906,0.733193277310924,0.744798890429958,0.773519163763066,0.668202764976959;13;13
Kaneko Emi;WOC 2004 Middle Distance Qualification-W-B;Japan;3924;0.38354;1186,298,248,180,58,612,145,778,158,70,97,70,24;0.12093471452662,0.423298178331735,0.723502304147465,0.617460317460317,0.88423645320197,0.277077497665733,0.552709359605911,0.404517076753581,0.749547920433996,0.712244897959184,0.790868924889543,0.906122448979592,0.863095238095238;13;13
Kauppi Minna;WOC 2004 Middle Distance Qualification-W-C;Finland;1512;1.03420;175,94,175,113,28,168,462,62,50,83,45,35,22;1.11265306122449,1.06686930091185,1.04,0.982300884955752,1.12755102040816,0.965136054421769,1.04421768707483,0.974654377880184,1.02,1.13080895008606,1.02857142857143,0.755102040816326,0.980519480519481;13;13
Andersen Marianne;WOC 2004 Middle Distance Qualification-W-C;Norway;1609;0.97185;189,100,194,110,33,170,489,58,51,104,58,29,24;1.0302343159486,1.00285714285714,0.938144329896907,1.00909090909091,0.956709956709957,0.953781512605042,0.98656149576395,1.04187192118227,1,0.902472527472527,0.798029556650246,0.911330049261084,0.898809523809524;13;13
Svärd Gunilla;WOC 2004 Middle Distance Qualification-W-C;Sweden;1611;0.97065;299,88,180,99,28,137,483,60,49,89,55,23,21;0.651218346870521,1.13961038961039,1.01111111111111,1.12121212121212,1.12755102040816,1.18352450469239,0.998816918071576,1.00714285714286,1.04081632653061,1.0545746388443,0.841558441558442,1.14906832298137,1.02721088435374;13;13
König-Salmi Vroni;WOC 2004 Middle Distance Qualification-W-C;Switzerland;1635;0.95640;217,97,160,169,37,137,486,72,53,90,56,35,26;0.897300855826201,1.03387334315169,1.1375,0.656804733727811,0.853281853281853,1.18352450469239,0.99265138154027,0.839285714285714,0.962264150943396,1.04285714285714,0.826530612244898,0.755102040816326,0.82967032967033;13;13
Garin Anna;WOC 2004 Middle Distance Qualification-W-C;Spain;1716;0.91126;214,124,187,119,55,178,498,72,55,118,49,26,21;0.909879839786382,0.808755760368664,0.973262032085562,0.932773109243697,0.574025974025974,0.91091492776886,0.96873207114171,0.839285714285714,0.927272727272727,0.795399515738499,0.944606413994169,1.01648351648352,1.02721088435374;13;13
Stehnova Zuzana;WOC 2004 Middle Distance Qualification-W-C;Czech Republic;1786;0.87554;191,111,224,124,34,205,557,65,61,108,51,34,21;1.01944652206432,0.903474903474904,0.8125,0.895161290322581,0.928571428571429,0.790940766550523,0.866119517825083,0.92967032967033,0.836065573770492,0.869047619047619,0.907563025210084,0.777310924369748,1.02721088435374;13;13
Potopalska Natalya;WOC 2004 Middle Distance Qualification-W-C;Ukraine;1797;0.87018;331,117,188,127,38,171,524,56,51,96,49,26,23;0.588260681916271,0.857142857142857,0.968085106382979,0.874015748031496,0.830827067669173,0.948203842940685,0.920665212649945,1.07908163265306,1,0.977678571428572,0.944606413994169,1.01648351648352,0.937888198757764;13;13
Hott Johansen Sandy;WOC 2004 Middle Distance Qualification-W-C;Canada;1843;0.84846;192,105,221,200,35,194,573,67,52,104,47,28,25;1.0141369047619,0.955102040816327,0.823529411764706,0.555,0.902040816326531,0.835787923416789,0.841934679631015,0.901918976545842,0.980769230769231,0.902472527472527,0.984802431610942,0.943877551020408,0.862857142857143;13;13
Key Natasha;WOC 2004 Middle Distance Qualification-W-C;Australia;1877;0.83309;265,108,228,144,36,204,515,87,55,123,56,34,22;0.734770889487871,0.928571428571429,0.798245614035088,0.770833333333333,0.876984126984127,0.794817927170868,0.936754507628294,0.694581280788177,0.927272727272727,0.763066202090592,0.826530612244898,0.777310924369748,0.980519480519481;13;13
Soulard Juliette;WOC 2004 Middle Distance Qualification-W-C;France;1897;0.82431;316,110,193,195,37,188,502,85,55,110,53,30,23;0.61618444846293,0.911688311688312,0.94300518134715,0.569230769230769,0.853281853281853,0.862462006079027,0.961013090495162,0.710924369747899,0.927272727272727,0.853246753246753,0.873315363881402,0.880952380952381,0.937888198757764;13;13
Belozerova Olga;WOC 2004 Middle Distance Qualification-W-C;Russia;1909;0.81913;413,113,203,108,33,174,478,63,51,174,44,30,25;0.471463161535801,0.887484197218711,0.896551724137931,1.02777777777778,0.956709956709957,0.931855500821018,1.00926479378362,0.959183673469388,1,0.539408866995074,1.05194805194805,0.880952380952381,0.862857142857143;13;13
Smith Rachel;WOC 2004 Middle Distance Qualification-W-C;New Zealand;1941;0.80562;199,117,224,139,36,199,666,68,60,117,60,33,23;0.978463747307968,0.857142857142857,0.8125,0.798561151079137,0.876984126984127,0.814788226848528,0.724367224367224,0.888655462184874,0.85,0.802197802197802,0.771428571428571,0.800865800865801,0.937888198757764;13;13
Hausner Helene;WOC 2004 Middle Distance Qualification-W-C;Denmark;1956;0.79944;203,110,265,115,34,280,570,60,57,157,50,29,26;0.959183673469388,0.911688311688312,0.686792452830189,0.965217391304348,0.928571428571429,0.579081632653061,0.846365914786967,1.00714285714286,0.894736842105263,0.597816196542311,0.925714285714286,0.911330049261084,0.82967032967033;13;13
Florkowska Marta;WOC 2004 Middle Distance Qualification-W-C;Poland;1978;0.79055;264,121,227,168,37,223,561,81,88,104,54,28,22;0.737554112554113,0.828807556080283,0.801762114537445,0.660714285714286,0.853281853281853,0.72709801409353,0.859943977591036,0.746031746031746,0.579545454545455,0.902472527472527,0.857142857142857,0.943877551020408,0.980519480519481;13;13
Fischer Gunda;WOC 2004 Middle Distance Qualification-W-C;Germany;2002;0.78108;233,142,265,168,39,222,552,66,65,120,58,47,25;0.835683629675046,0.706237424547284,0.686792452830189,0.660714285714286,0.80952380952381,0.73037323037323,0.873964803312629,0.915584415584416,0.784615384615385,0.782142857142857,0.798029556650246,0.562310030395137,0.862857142857143;13;13
Olm-Junegard Tina;WOC 2004 Middle Distance Qualification-W-C;Estonia;2020;0.77412;245,113,390,117,35,181,554,89,53,109,85,27,22;0.794752186588921,0.887484197218711,0.466666666666667,0.948717948717949,0.902040816326531,0.895816890292028,0.870809695719443,0.678972712680578,0.962264150943396,0.861074705111402,0.54453781512605,0.978835978835979,0.980519480519481;13;13
Razaitiene Jolanta;WOC 2004 Middle Distance Qualification-W-C;Lithuania;2218;0.70501;361,115,333,124,33,178,481,78,74,348,40,28,25;0.539374752671152,0.872049689440994,0.546546546546547,0.895161290322581,0.956709956709957,0.91091492776886,1.00297000297,0.774725274725275,0.689189189189189,0.269704433497537,1.15714285714286,0.943877551020408,0.862857142857143;13;13
Wootton Hannah;WOC 2004 Middle Distance Qualification-W-C;Great Britain;2230;0.70122;244,133,244,212,32,204,673,127,64,188,60,27,22;0.798009367681499,0.754027926960258,0.745901639344262,0.523584905660377,0.986607142857143,0.794817927170868,0.716832944173212,0.475815523059618,0.796875,0.499240121580547,0.771428571428571,0.978835978835979,0.980519480519481;13;13
Brautigam Pavlina;WOC 2004 Middle Distance Qualification-W-C;U.S.A;2270;0.68886;280,140,252,160,49,258,733,75,72,128,59,34,30;0.695408163265306,0.716326530612245,0.722222222222222,0.69375,0.644314868804665,0.628460686600221,0.658156304813876,0.805714285714286,0.708333333333333,0.733258928571429,0.784503631961259,0.777310924369748,0.719047619047619;13;13
Shandurkova Iliana;WOC 2004 Middle Distance Qualification-W-C;Bulgaria;2276;0.68704;222,164,200,131,40,595,555,68,61,132,53,31,24;0.877091377091377,0.611498257839721,0.91,0.847328244274809,0.789285714285714,0.272509003601441,0.869240669240669,0.888655462184874,0.836065573770492,0.711038961038961,0.873315363881402,0.852534562211982,0.898809523809524;13;13
Skrastina Aija;WOC 2004 Middle Distance Qualification-W-C;Latvia;2288;0.68344;217,115,422,115,36,457,588,64,60,97,56,37,24;0.897300855826201,0.872049689440994,0.431279620853081,0.965217391304348,0.876984126984127,0.354798374492029,0.820456754130224,0.944196428571429,0.85,0.96759941089838,0.826530612244898,0.714285714285714,0.898809523809524;13;13
Bertoldi Helga;WOC 2004 Middle Distance Qualification-W-C;Italy;2319;0.67431;274,137,290,206,76,263,652,102,66,132,65,33,23;0.710636079249218,0.732012513034411,0.627586206896552,0.538834951456311,0.415413533834587,0.616512764801738,0.739921121822962,0.592436974789916,0.772727272727273,0.711038961038961,0.712087912087912,0.800865800865801,0.937888198757764;13;13
Eisl Andrea;WOC 2004 Middle Distance Qualification-W-C;Austria;2470;0.63308;819,118,191,138,93,205,569,67,56,98,60,34,22;0.237746380603523,0.849878934624697,0.952879581151832,0.804347826086957,0.339477726574501,0.790940766550523,0.847853376851619,0.901918976545842,0.910714285714286,0.957725947521866,0.771428571428571,0.777310924369748,0.980519480519481;13;13
Roberto Kristina;WOC 2004 Middle Distance Qualification-W-C;Portugal;2610;0.59912;257,130,521,144,40,178,603,276,61,261,60,41,38;0.757643135075042,0.771428571428571,0.349328214971209,0.770833333333333,0.789285714285714,0.91091492776886,0.800047382136934,0.218944099378882,0.836065573770492,0.359605911330049,0.771428571428571,0.644599303135888,0.567669172932331;13;13
Zsigmond Szava;WOC 2004 Middle Distance Qualification-W-C;Hungary;2890;0.54108;732,258,248,189,46,210,757,88,87,133,79,36,27;0.2660031225605,0.388704318936877,0.733870967741935,0.587301587301587,0.686335403726708,0.772108843537415,0.637290054727307,0.686688311688312,0.586206896551724,0.705692803437164,0.585895117540687,0.734126984126984,0.798941798941799;13;13
Lo Olsson Maureen;WOC 2004 Middle Distance Qualification-W-C;Hong-kong;3112;0.50248;402,150,289,234,60,283,1083,89,79,290,68,57,28;0.484363894811656,0.668571428571429,0.629757785467128,0.474358974358974,0.526190476190476,0.572942958101969,0.44545574462472,0.678972712680578,0.645569620253165,0.323645320197044,0.680672268907563,0.463659147869674,0.770408163265306;13;13
Linton Violet;WOC 2004 Middle Distance Qualification-W-C;Ireland;3221;0.48547;349,150,922,215,64,375,667,110,87,132,66,58,26;0.557920589439214,0.668571428571429,0.197396963123644,0.516279069767442,0.493303571428571,0.432380952380952,0.72328121653459,0.549350649350649,0.586206896551724,0.711038961038961,0.701298701298701,0.455665024630542,0.82967032967033;13;13
Liao Yanyan;WOC 2004 Middle Distance Qualification-W-C;China;6559;0.23841;1344,167,1714,237,198,296,1532,279,144,415,122,80,31;0.144876700680272,0.600513259195894,0.106184364060677,0.468354430379747,0.159451659451659,0.547779922779923,0.314901156284968,0.216589861751152,0.354166666666667,0.226161790017212,0.379391100702576,0.330357142857143,0.695852534562212;13;13
