Kyburz Matthias;WOC Sprint Final-Men (MEN);Switzerland;932;1.01697;85,41,46,90,40,35,25,14,10,64,86,44,23,28,94,53,53,38,30,17,16;1.06951871657754,0.968957871396896,1.02569169960474,1.04747474747475,0.993181818181818,1.04155844155844,1.04363636363636,1,1.06363636363636,1.06534090909091,1.04334038054968,0.931818181818182,0.988142292490119,0.824675324675325,1.0348162475822,0.962264150943396,1.00514579759863,1.00239234449761,1.03333333333333,0.994652406417112,1.03409090909091;21;21
Merz Matthias;WOC Sprint Final-Men (MEN);Switzerland;949;0.99875;96,39,44,92,40,35,26,14,11,74,90,42,23,23,98,49,51,37,29,18,18;0.946969696969697,1.01864801864802,1.07231404958678,1.02470355731225,0.993181818181818,1.04155844155844,1.0034965034965,1,0.966942148760331,0.921375921375921,0.996969696969697,0.976190476190476,0.988142292490119,1.00395256916996,0.992578849721707,1.04081632653061,1.0445632798574,1.02948402948403,1.06896551724138,0.939393939393939,0.919191919191919;21;21
Müller Matthias;WOC Sprint Final-Men (MEN);Switzerland;959;0.98834;86,40,47,95,44,37,26,15,11,71,93,43,24,22,94,51,54,39,33,16,18;1.05708245243129,0.993181818181818,1.00386847195358,0.992344497607655,0.902892561983471,0.985257985257985,1.0034965034965,0.933333333333333,0.966942148760331,0.960307298335467,0.964809384164223,0.953488372093023,0.946969696969697,1.0495867768595,1.0348162475822,1,0.986531986531987,0.976689976689977,0.939393939393939,1.05681818181818,0.919191919191919;21;21
Fraser Scott;WOC Sprint Final-Men (MEN);Great Britain;971;0.97613;82,41,52,95,45,37,28,15,21,69,85,41,22,22,97,51,54,38,35,22,19;1.10864745011086,0.968957871396896,0.907342657342657,0.992344497607655,0.882828282828283,0.985257985257985,0.931818181818182,0.933333333333333,0.506493506493507,0.988142292490119,1.05561497326203,1,1.03305785123967,1.0495867768595,1.00281162136832,1,0.986531986531987,1.00239234449761,0.885714285714286,0.768595041322314,0.870813397129187;21;21
Khramov Andrey;WOC Sprint Final-Men (MEN);Russia;982;0.96519;102,40,48,99,40,37,27,14,12,66,97,42,24,24,99,53,53,40,31,17,17;0.89126559714795,0.993181818181818,0.982954545454545,0.952249770431589,0.993181818181818,0.985257985257985,0.966329966329966,1,0.886363636363636,1.03305785123967,0.925023430178069,0.976190476190476,0.946969696969697,0.962121212121212,0.982552800734619,0.962264150943396,1.00514579759863,0.952272727272727,1,0.994652406417112,0.973262032085562;21;21
Mäkelä Tuomo;WOC Sprint Final-Men (MEN);Finland;992;0.95546;99,39,46,93,42,37,26,15,12,71,102,41,23,24,98,55,56,41,34,20,18;0.918273645546373,1.01864801864802,1.02569169960474,1.01368523949169,0.945887445887446,0.985257985257985,1.0034965034965,0.933333333333333,0.886363636363636,0.960307298335467,0.879679144385027,1,0.988142292490119,0.962121212121212,0.992578849721707,0.927272727272727,0.951298701298701,0.929046563192905,0.911764705882353,0.845454545454545,0.919191919191919;21;21
Gvildys Jonas Vytautas;WOC Sprint Final-Men (MEN);Lithuania;993;0.95450;101,43,47,95,43,37,26,16,11,68,92,44,24,25,106,59,50,40,31,19,16;0.9000900090009,0.923890063424947,1.00386847195358,0.992344497607655,0.923890063424947,0.985257985257985,1.0034965034965,0.875,0.966942148760331,1.00267379679144,0.975296442687747,0.931818181818182,0.946969696969697,0.923636363636364,0.917667238421955,0.864406779661017,1.06545454545455,0.952272727272727,1,0.889952153110048,1.03409090909091;21;21
Lenkei Zsolt;WOC Sprint Final-Men (MEN);Hungary;999;0.94877;94,42,53,102,43,39,27,16,11,72,90,46,24,23,104,52,56,39,32,17,17;0.967117988394584,0.945887445887446,0.890222984562607,0.924242424242424,0.923890063424947,0.934731934731935,0.966329966329966,0.875,0.966942148760331,0.946969696969697,0.996969696969697,0.891304347826087,0.946969696969697,1.00395256916996,0.935314685314685,0.980769230769231,0.951298701298701,0.976689976689977,0.96875,0.994652406417112,0.973262032085562;21;21
Bobach Søren;WOC Sprint Final-Men (MEN);Denmark;1003;0.94498;99,42,48,101,42,38,28,17,11,72,92,42,25,26,100,53,56,41,34,18,18;0.918273645546373,0.945887445887446,0.982954545454545,0.933393339333933,0.945887445887446,0.95933014354067,0.931818181818182,0.823529411764706,0.966942148760331,0.946969696969697,0.975296442687747,0.976190476190476,0.909090909090909,0.888111888111888,0.972727272727273,0.962264150943396,0.951298701298701,0.929046563192905,0.911764705882353,0.939393939393939,0.919191919191919;21;21
Král Vojtech;WOC Sprint Final-Men (MEN);Czech Republic;1005;0.94310;107,41,50,97,41,37,27,14,12,69,96,43,24,24,104,57,56,40,32,17,17;0.849617672047579,0.968957871396896,0.943636363636364,0.971883786316776,0.968957871396896,0.985257985257985,0.966329966329966,1,0.886363636363636,0.988142292490119,0.934659090909091,0.953488372093023,0.946969696969697,0.962121212121212,0.935314685314685,0.894736842105263,0.951298701298701,0.952272727272727,0.96875,0.994652406417112,0.973262032085562;21;21
Strain Murray;WOC Sprint Final-Men (MEN);Great Britain;1006;0.94217;106,42,57,93,44,38,27,15,11,70,90,42,27,31,99,51,56,40,33,17,17;0.857632933104631,0.945887445887446,0.827751196172249,1.01368523949169,0.902892561983471,0.95933014354067,0.966329966329966,0.933333333333333,0.966942148760331,0.974025974025974,0.996969696969697,0.976190476190476,0.841750841750842,0.744868035190616,0.982552800734619,1,0.951298701298701,0.952272727272727,0.939393939393939,0.994652406417112,0.973262032085562;21;21
Holmberg Anders;WOC Sprint Final-Men (MEN);Sweden;1009;0.93936;100,38,49,96,38,42,27,15,13,77,92,45,25,25,103,51,58,41,34,21,19;0.909090909090909,1.04545454545455,0.962894248608534,0.982007575757576,1.04545454545455,0.867965367965368,0.966329966329966,0.933333333333333,0.818181818181818,0.885478158205431,0.975296442687747,0.911111111111111,0.909090909090909,0.923636363636364,0.944395410414828,1,0.918495297805643,0.929046563192905,0.911764705882353,0.805194805194805,0.870813397129187;21;21
Lysell Jerker;WOC Sprint Final-Men (MEN);Sweden;1011;0.93751;107,40,60,111,42,37,25,15,11,79,91,42,23,24,95,51,54,37,33,17,17;0.849617672047579,0.993181818181818,0.786363636363636,0.849303849303849,0.945887445887446,0.985257985257985,1.04363636363636,0.933333333333333,0.966942148760331,0.863060989643268,0.986013986013986,0.976190476190476,0.988142292490119,0.962121212121212,1.02392344497608,1,0.986531986531987,1.02948402948403,0.939393939393939,0.994652406417112,0.973262032085562;21;21
Zinca Ionut;WOC Sprint Final-Men (MEN);Romania;1012;0.93658;104,40,52,97,44,37,27,14,10,69,115,40,23,22,100,57,54,37,33,19,18;0.874125874125874,0.993181818181818,0.907342657342657,0.971883786316776,0.902892561983471,0.985257985257985,0.966329966329966,1,1.06363636363636,0.988142292490119,0.780237154150198,1.025,0.988142292490119,1.0495867768595,0.972727272727273,0.894736842105263,0.986531986531987,1.02948402948403,0.939393939393939,0.889952153110048,0.919191919191919;21;21
Leandersson Jonas;WOC Sprint Final-Men (MEN);Sweden;1019;0.93015;105,41,53,97,41,38,26,14,11,68,105,45,25,25,101,58,54,41,34,17,20;0.865800865800866,0.968957871396896,0.890222984562607,0.971883786316776,0.968957871396896,0.95933014354067,1.0034965034965,1,0.966942148760331,1.00267379679144,0.854545454545455,0.911111111111111,0.909090909090909,0.923636363636364,0.963096309630963,0.879310344827586,0.986531986531987,0.929046563192905,0.911764705882353,0.994652406417112,0.827272727272727;21;21
Dlabaja Tomáš;WOC Sprint Final-Men (MEN);Czech Republic;1019;0.93015;98,41,52,99,44,37,27,15,13,70,107,44,23,24,101,55,59,41,32,18,19;0.927643784786642,0.968957871396896,0.907342657342657,0.952249770431589,0.902892561983471,0.985257985257985,0.966329966329966,0.933333333333333,0.818181818181818,0.974025974025974,0.83857264231096,0.931818181818182,0.988142292490119,0.962121212121212,0.963096309630963,0.927272727272727,0.902927580893683,0.929046563192905,0.96875,0.939393939393939,0.870813397129187;21;21
Kowalski Wojciech;WOC Sprint Final-Men (MEN);Poland;1022;0.92742;109,45,55,102,44,40,27,15,11,79,92,40,24,27,99,54,55,41,30,17,16;0.834028356964137,0.882828282828283,0.857851239669421,0.924242424242424,0.902892561983471,0.911363636363636,0.966329966329966,0.933333333333333,0.966942148760331,0.863060989643268,0.975296442687747,1.025,0.946969696969697,0.855218855218855,0.982552800734619,0.944444444444444,0.968595041322314,0.929046563192905,1.03333333333333,0.994652406417112,1.03409090909091;21;21
Coupat Vincent;WOC Sprint Final-Men (MEN);France;1024;0.92560;97,41,50,97,45,39,27,16,12,70,97,43,23,23,106,63,63,38,35,19,20;0.937207122774133,0.968957871396896,0.943636363636364,0.971883786316776,0.882828282828283,0.934731934731935,0.966329966329966,0.875,0.886363636363636,0.974025974025974,0.925023430178069,0.953488372093023,0.988142292490119,1.00395256916996,0.917667238421955,0.80952380952381,0.845598845598846,1.00239234449761,0.885714285714286,0.889952153110048,0.827272727272727;21;21
Sidorov Alexey;WOC Sprint Final-Men (MEN);Russia;1025;0.92470;103,44,53,108,45,40,28,15,11,73,98,42,22,25,98,53,60,39,32,19,17;0.88261253309797,0.902892561983471,0.890222984562607,0.872895622895623,0.882828282828283,0.911363636363636,0.931818181818182,0.933333333333333,0.966942148760331,0.933997509339975,0.915584415584416,0.976190476190476,1.03305785123967,0.923636363636364,0.992578849721707,0.962264150943396,0.887878787878788,0.976689976689977,0.96875,0.889952153110048,0.973262032085562;21;21
Hansen Rasmus Thrane;WOC Sprint Final-Men (MEN);Denmark;1027;0.92290;101,46,50,101,42,35,28,15,11,69,99,40,25,25,111,59,57,41,32,21,19;0.9000900090009,0.863636363636364,0.943636363636364,0.933393339333933,0.945887445887446,1.04155844155844,0.931818181818182,0.933333333333333,0.966942148760331,0.988142292490119,0.90633608815427,1.025,0.909090909090909,0.923636363636364,0.876330876330876,0.864406779661017,0.934609250398724,0.929046563192905,0.96875,0.805194805194805,0.870813397129187;21;21
Merl Robert;WOC Sprint Final-Men (MEN);Austria;1028;0.92200;106,45,56,113,40,39,28,15,11,77,91,42,23,27,99,54,55,39,33,17,18;0.857632933104631,0.882828282828283,0.842532467532467,0.834271922767498,0.993181818181818,0.934731934731935,0.931818181818182,0.933333333333333,0.966942148760331,0.885478158205431,0.986013986013986,0.976190476190476,0.988142292490119,0.855218855218855,0.982552800734619,0.944444444444444,0.968595041322314,0.976689976689977,0.939393939393939,0.994652406417112,0.919191919191919;21;21
Kovacs Adam;WOC Sprint Final-Men (MEN);Hungary;1032;0.91843;99,44,57,100,43,38,30,15,12,70,97,41,23,23,129,47,54,38,30,22,20;0.918273645546373,0.902892561983471,0.827751196172249,0.942727272727273,0.923890063424947,0.95933014354067,0.86969696969697,0.933333333333333,0.886363636363636,0.974025974025974,0.925023430178069,1,0.988142292490119,1.00395256916996,0.754052149400987,1.08510638297872,0.986531986531987,1.00239234449761,1.03333333333333,0.768595041322314,0.827272727272727;21;21
Tervo Tuomas;WOC Sprint Final-Men (MEN);Finland;1035;0.91577;106,47,52,99,42,39,28,16,11,70,102,41,24,24,101,63,57,40,34,19,20;0.857632933104631,0.845261121856867,0.907342657342657,0.952249770431589,0.945887445887446,0.934731934731935,0.931818181818182,0.875,0.966942148760331,0.974025974025974,0.879679144385027,1,0.946969696969697,0.962121212121212,0.963096309630963,0.80952380952381,0.934609250398724,0.952272727272727,0.911764705882353,0.889952153110048,0.827272727272727;21;21
Reig Andreu Blanes;WOC Sprint Final-Men (MEN);Spain;1041;0.91049;90,42,50,106,43,40,28,15,11,78,96,44,25,24,111,63,58,44,33,20,20;1.01010101010101,0.945887445887446,0.943636363636364,0.889365351629502,0.923890063424947,0.911363636363636,0.931818181818182,0.933333333333333,0.966942148760331,0.874125874125874,0.934659090909091,0.931818181818182,0.909090909090909,0.962121212121212,0.876330876330876,0.80952380952381,0.918495297805643,0.865702479338843,0.939393939393939,0.845454545454545,0.827272727272727;21;21
Aleliunas Vilius;WOC Sprint Final-Men (MEN);Lithuania;1048;0.90441;92,43,54,98,40,38,31,13,11,75,126,42,23,28,108,56,60,42,33,17,18;0.988142292490119,0.923890063424947,0.873737373737374,0.961966604823748,0.993181818181818,0.95933014354067,0.841642228739003,1.07692307692308,0.966942148760331,0.909090909090909,0.712121212121212,0.976190476190476,0.988142292490119,0.824675324675325,0.900673400673401,0.910714285714286,0.887878787878788,0.906926406926407,0.939393939393939,0.994652406417112,0.919191919191919;21;21
Procházka Jan;WOC Sprint Final-Men (MEN);Czech Republic;1050;0.90268;105,42,57,104,37,39,31,16,11,74,91,42,24,25,115,59,59,46,32,21,20;0.865800865800866,0.945887445887446,0.827751196172249,0.906468531468531,1.07371007371007,0.934731934731935,0.841642228739003,0.875,0.966942148760331,0.921375921375921,0.986013986013986,0.976190476190476,0.946969696969697,0.923636363636364,0.845849802371541,0.864406779661017,0.902927580893683,0.828063241106719,0.96875,0.805194805194805,0.827272727272727;21;21
Simonin Nicolas;WOC Sprint Final-Men (MEN);Ireland;1055;0.89841;87,45,53,102,45,38,28,13,11,106,99,44,25,24,106,55,57,41,36,19,21;1.04493207941484,0.882828282828283,0.890222984562607,0.924242424242424,0.882828282828283,0.95933014354067,0.931818181818182,1.07692307692308,0.966942148760331,0.643224699828473,0.90633608815427,0.931818181818182,0.909090909090909,0.962121212121212,0.917667238421955,0.927272727272727,0.934609250398724,0.929046563192905,0.861111111111111,0.889952153110048,0.787878787878788;21;21
Lubina Alexander;WOC Sprint Final-Men (MEN);Germany;1057;0.89671;93,43,59,110,45,39,28,15,11,77,105,42,23,26,111,54,59,42,36,19,20;0.977517106549365,0.923890063424947,0.799691833590139,0.85702479338843,0.882828282828283,0.934731934731935,0.931818181818182,0.933333333333333,0.966942148760331,0.885478158205431,0.854545454545455,0.976190476190476,0.988142292490119,0.888111888111888,0.876330876330876,0.944444444444444,0.902927580893683,0.906926406926407,0.861111111111111,0.889952153110048,0.827272727272727;21;21
Indgaard Ulf Forseth;WOC Sprint Final-Men (MEN);Norway;1058;0.89586;106,45,57,96,43,43,27,17,10,76,89,43,23,24,119,63,57,50,33,18,19;0.857632933104631,0.882828282828283,0.827751196172249,0.982007575757576,0.923890063424947,0.847780126849894,0.966329966329966,0.823529411764706,1.06363636363636,0.897129186602871,1.00817160367722,0.953488372093023,0.988142292490119,0.962121212121212,0.817417876241406,0.80952380952381,0.934609250398724,0.761818181818182,0.939393939393939,0.939393939393939,0.870813397129187;21;21
Martinez Antonio;WOC Sprint Final-Men (MEN);Spain;1062;0.89248;117,41,54,119,45,37,28,15,14,72,103,42,24,24,100,54,58,41,35,19,20;0.777000777000777,0.968957871396896,0.873737373737374,0.792207792207792,0.882828282828283,0.985257985257985,0.931818181818182,0.933333333333333,0.75974025974026,0.946969696969697,0.871138570167696,0.976190476190476,0.946969696969697,0.962121212121212,0.972727272727273,0.944444444444444,0.918495297805643,0.929046563192905,0.885714285714286,0.889952153110048,0.827272727272727;21;21
Michiels Yannick;WOC Sprint Final-Men (MEN);Belgium;1063;0.89164;99,48,47,95,44,37,28,15,11,68,115,42,26,26,112,75,61,42,34,18,20;0.918273645546373,0.827651515151515,1.00386847195358,0.992344497607655,0.902892561983471,0.985257985257985,0.931818181818182,0.933333333333333,0.966942148760331,1.00267379679144,0.780237154150198,0.976190476190476,0.874125874125874,0.888111888111888,0.868506493506493,0.68,0.873323397913562,0.906926406926407,0.911764705882353,0.939393939393939,0.827272727272727;21;21
Dent Julian;WOC Sprint Final-Men (MEN);Australia;1070;0.88581;120,39,49,100,42,39,28,15,11,78,108,44,26,25,116,57,57,40,36,21,19;0.757575757575758,1.01864801864802,0.962894248608534,0.942727272727273,0.945887445887446,0.934731934731935,0.931818181818182,0.933333333333333,0.966942148760331,0.874125874125874,0.830808080808081,0.931818181818182,0.874125874125874,0.923636363636364,0.838557993730408,0.894736842105263,0.934609250398724,0.952272727272727,0.861111111111111,0.805194805194805,0.870813397129187;21;21
Robertson Tim;WOC Sprint Final-Men (MEN);New Zealand;1071;0.88498;116,42,60,103,44,41,29,16,11,74,107,42,23,26,99,57,60,44,36,20,21;0.783699059561129,0.945887445887446,0.786363636363636,0.915269196822595,0.902892561983471,0.889135254988914,0.899686520376175,0.875,0.966942148760331,0.921375921375921,0.83857264231096,0.976190476190476,0.988142292490119,0.888111888111888,0.982552800734619,0.894736842105263,0.887878787878788,0.865702479338843,0.861111111111111,0.845454545454545,0.787878787878788;21;21
Krepsta Simonas;WOC Sprint Final-Men (MEN);Lithuania;1072;0.88416;113,43,53,100,44,38,31,15,11,82,103,48,29,27,105,56,62,42,32,20,18;0.80450522928399,0.923890063424947,0.890222984562607,0.942727272727273,0.902892561983471,0.95933014354067,0.841642228739003,0.933333333333333,0.966942148760331,0.831485587583149,0.871138570167696,0.854166666666667,0.783699059561129,0.855218855218855,0.926406926406926,0.910714285714286,0.859237536656892,0.906926406926407,0.96875,0.845454545454545,0.919191919191919;21;21
Kamenarov Ivaylo;WOC Sprint Final-Men (MEN);Bulgaria;1074;0.88251;104,47,54,100,41,39,30,15,10,74,107,46,25,25,110,66,57,48,35,19,22;0.874125874125874,0.845261121856867,0.873737373737374,0.942727272727273,0.968957871396896,0.934731934731935,0.86969696969697,0.933333333333333,1.06363636363636,0.921375921375921,0.83857264231096,0.891304347826087,0.909090909090909,0.923636363636364,0.884297520661157,0.772727272727273,0.934609250398724,0.793560606060606,0.885714285714286,0.889952153110048,0.752066115702479;21;21
Goeres Patrick;WOC Sprint Final-Men (MEN);Canada;1074;0.88251;114,45,50,109,46,39,29,17,12,73,97,46,27,25,113,57,58,41,37,20,19;0.797448165869219,0.882828282828283,0.943636363636364,0.86488740617181,0.863636363636364,0.934731934731935,0.899686520376175,0.823529411764706,0.886363636363636,0.933997509339975,0.925023430178069,0.891304347826087,0.841750841750842,0.923636363636364,0.86082059533387,0.894736842105263,0.918495297805643,0.929046563192905,0.837837837837838,0.845454545454545,0.870813397129187;21;21
Morrison Ross;WOC Sprint Final-Men (MEN);New Zealand;1074;0.88251;111,43,48,108,42,44,28,15,11,74,123,43,25,27,114,52,57,39,33,22,15;0.819000819000819,0.923890063424947,0.982954545454545,0.872895622895623,0.945887445887446,0.828512396694215,0.931818181818182,0.933333333333333,0.966942148760331,0.921375921375921,0.729490022172949,0.953488372093023,0.909090909090909,0.855218855218855,0.853269537480064,0.980769230769231,0.934609250398724,0.976689976689977,0.939393939393939,0.768595041322314,1.1030303030303;21;21
Nakonechny Dmitry;WOC Sprint Final-Men (MEN);Russia;1075;0.88169;112,40,52,97,39,39,32,16,11,77,98,44,23,26,111,75,66,40,36,23,18;0.811688311688312,0.993181818181818,0.907342657342657,0.971883786316776,1.01864801864802,0.934731934731935,0.815340909090909,0.875,0.966942148760331,0.885478158205431,0.915584415584416,0.931818181818182,0.988142292490119,0.888111888111888,0.876330876330876,0.68,0.807162534435262,0.952272727272727,0.861111111111111,0.735177865612648,0.919191919191919;21;21
Brickhill-Jones David;WOC Sprint Final-Men (MEN);Australia;1080;0.87761;105,48,53,104,44,38,36,17,12,75,97,43,30,34,113,59,59,41,34,20,18;0.865800865800866,0.827651515151515,0.890222984562607,0.906468531468531,0.902892561983471,0.95933014354067,0.724747474747475,0.823529411764706,0.886363636363636,0.909090909090909,0.925023430178069,0.953488372093023,0.757575757575758,0.679144385026738,0.86082059533387,0.864406779661017,0.902927580893683,0.929046563192905,0.911764705882353,0.845454545454545,0.919191919191919;21;21
Siegert Wolfgang;WOC Sprint Final-Men (MEN);Austria;1081;0.87680;116,43,52,109,42,42,30,15,12,75,103,47,31,26,110,55,60,39,35,19,20;0.783699059561129,0.923890063424947,0.907342657342657,0.86488740617181,0.945887445887446,0.867965367965368,0.86969696969697,0.933333333333333,0.886363636363636,0.909090909090909,0.871138570167696,0.872340425531915,0.733137829912023,0.888111888111888,0.884297520661157,0.927272727272727,0.887878787878788,0.976689976689977,0.885714285714286,0.889952153110048,0.827272727272727;21;21
Krüger Robert;WOC Sprint Final-Men (MEN);Germany;1091;0.86876;101,44,57,110,46,43,28,14,11,77,100,44,24,31,129,58,59,42,34,20,19;0.9000900090009,0.902892561983471,0.827751196172249,0.85702479338843,0.863636363636364,0.847780126849894,0.931818181818182,1,0.966942148760331,0.885478158205431,0.897272727272727,0.931818181818182,0.946969696969697,0.744868035190616,0.754052149400987,0.879310344827586,0.902927580893683,0.906926406926407,0.911764705882353,0.845454545454545,0.870813397129187;21;21
Schgaguler Klaus;WOC Sprint Final-Men (MEN);Italy;1093;0.86717;111,46,59,106,47,40,33,15,12,75,108,41,25,25,105,65,59,42,34,23,22;0.819000819000819,0.863636363636364,0.799691833590139,0.889365351629502,0.845261121856867,0.911363636363636,0.790633608815427,0.933333333333333,0.886363636363636,0.909090909090909,0.830808080808081,1,0.909090909090909,0.923636363636364,0.926406926406926,0.784615384615385,0.902927580893683,0.906926406926407,0.911764705882353,0.735177865612648,0.752066115702479;21;21
Crone Michael;WOC Sprint Final-Men (MEN);Republic of South Africa;1121;0.84551;105,47,56,132,53,40,26,16,11,78,104,49,22,26,111,68,65,42,34,19,17;0.865800865800866,0.845261121856867,0.842532467532467,0.714187327823691,0.749571183533448,0.911363636363636,1.0034965034965,0.875,0.966942148760331,0.874125874125874,0.862762237762238,0.836734693877551,1.03305785123967,0.888111888111888,0.876330876330876,0.75,0.81958041958042,0.906926406926407,0.911764705882353,0.889952153110048,0.973262032085562;21;21
Niggli-Luder Simone;WOC Sprint Final-Women (WOMEN);Switzerland;943;1.01832;47,45,79,44,41,28,16,12,75,103,47,29,25,110,58,58,48,34,23,21;1.0174081237911,1.06464646464646,1.05983889528193,1.02066115702479,1.00443458980044,1.0487012987013,1.00568181818182,0.992424242424242,1.0230303030303,1.02030008826125,1.00580270793037,0.921630094043887,1.03272727272727,1.03140495867769,1.04545454545455,1.07680250783699,0.910984848484849,1.01871657754011,0.91304347826087,0.943722943722944;20;20
Alm Maja;WOC Sprint Final-Women (WOMEN);Denmark;980;0.97987;52,49,84,48,41,30,19,12,76,99,49,26,29,123,59,64,43,35,21,21;0.91958041958042,0.977736549165121,0.996753246753247,0.935606060606061,1.00443458980044,0.978787878787879,0.84688995215311,0.992424242424242,1.00956937799043,1.06152433425161,0.964749536178108,1.02797202797203,0.890282131661442,0.922394678492239,1.02773497688752,0.975852272727273,1.0169133192389,0.989610389610389,1,0.943722943722944;20;20
Billstam Annika;WOC Sprint Final-Women (WOMEN);Sweden;988;0.97194;46,54,82,46,43,29,16,12,80,103,49,29,27,115,64,65,49,34,23,22;1.0395256916996,0.887205387205387,1.02106430155211,0.976284584980237,0.957716701902748,1.01253918495298,1.00568181818182,0.992424242424242,0.959090909090909,1.02030008826125,0.964749536178108,0.921630094043887,0.956228956228956,0.986561264822134,0.947443181818182,0.960839160839161,0.89239332096475,1.01871657754011,0.91304347826087,0.900826446280992;20;20
Jansson Helena;WOC Sprint Final-Women (WOMEN);Sweden;990;0.96997;49,53,82,46,42,29,17,12,75,109,47,27,28,115,66,63,48,38,22,22;0.975881261595547,0.903945111492281,1.02106430155211,0.976284584980237,0.98051948051948,1.01253918495298,0.946524064171123,0.992424242424242,1.0230303030303,0.964136780650542,1.00580270793037,0.98989898989899,0.922077922077922,0.986561264822134,0.918732782369146,0.991341991341991,0.910984848484849,0.911483253588517,0.954545454545455,0.900826446280992;20;20
Friederich Rahel;WOC Sprint Final-Women (WOMEN);Switzerland;993;0.96704;46,53,90,50,42,29,17,13,83,107,52,27,25,110,66,65,42,34,22,20;1.0395256916996,0.903945111492281,0.93030303030303,0.898181818181818,0.98051948051948,1.01253918495298,0.946524064171123,0.916083916083916,0.924424972617744,0.982158028887001,0.909090909090909,0.98989898989899,1.03272727272727,1.03140495867769,0.918732782369146,0.960839160839161,1.04112554112554,1.01871657754011,0.954545454545455,0.990909090909091;20;20
Niemi Venla;WOC Sprint Final-Women (WOMEN);Finland;999;0.96123;56,54,85,47,42,29,16,13,77,112,50,32,26,110,61,62,46,39,21,21;0.853896103896104,0.887205387205387,0.985026737967915,0.955512572533849,0.98051948051948,1.01253918495298,1.00568181818182,0.916083916083916,0.996458087367178,0.938311688311688,0.945454545454545,0.835227272727273,0.993006993006993,1.03140495867769,0.994038748137109,1.00733137829912,0.950592885375494,0.888111888111888,1,0.943722943722944;20;20
Ward Claire;WOC Sprint Final-Women (WOMEN);Great Britain;1009;0.95171;56,50,85,44,44,30,17,13,78,117,50,30,28,116,59,63,47,36,23,23;0.853896103896104,0.958181818181818,0.985026737967915,1.02066115702479,0.93595041322314,0.978787878787879,0.946524064171123,0.916083916083916,0.983682983682984,0.898212898212898,0.945454545454545,0.890909090909091,0.922077922077922,0.978056426332288,1.02773497688752,0.991341991341991,0.93036750483559,0.962121212121212,0.91304347826087,0.861660079051383;20;20
Eliasson Lena;WOC Sprint Final-Women (WOMEN);Sweden;1016;0.94515;50,46,84,47,46,31,16,12,75,115,49,27,26,120,83,62,47,37,21,22;0.956363636363636,1.04150197628458,0.996753246753247,0.955512572533849,0.895256916996047,0.947214076246334,1.00568181818182,0.992424242424242,1.0230303030303,0.913833992094862,0.964749536178108,0.98989898989899,0.993006993006993,0.945454545454545,0.730558598028478,1.00733137829912,0.93036750483559,0.936117936117936,1,0.900826446280992;20;20
Ingham Lizzie;WOC Sprint Final-Women (WOMEN);New Zealand;1027;0.93503;49,54,90,43,42,30,18,13,83,119,50,29,28,120,63,67,46,37,23,23;0.975881261595547,0.887205387205387,0.93030303030303,1.04439746300211,0.98051948051948,0.978787878787879,0.893939393939394,0.916083916083916,0.924424972617744,0.883116883116883,0.945454545454545,0.921630094043887,0.922077922077922,0.945454545454545,0.962481962481962,0.932157394843962,0.950592885375494,0.936117936117936,0.91304347826087,0.861660079051383;20;20
Jahren Silje Ekroll;WOC Sprint Final-Women (WOMEN);Norway;1032;0.93050;54,52,101,47,46,31,16,12,77,114,47,27,25,118,70,64,56,34,22,19;0.885521885521886,0.921328671328671,0.828982898289829,0.955512572533849,0.895256916996047,0.947214076246334,1.00568181818182,0.992424242424242,0.996458087367178,0.921850079744817,1.00580270793037,0.98989898989899,1.03272727272727,0.961479198767334,0.866233766233766,0.975852272727273,0.780844155844156,1.01871657754011,0.954545454545455,1.04306220095694;20;20
Hill Tessa;WOC Sprint Final-Women (WOMEN);Great Britain;1034;0.92870;64,62,86,47,44,31,17,13,76,128,47,27,27,110,62,64,45,39,23,22;0.747159090909091,0.772727272727273,0.973572938689218,0.955512572533849,0.93595041322314,0.947214076246334,0.946524064171123,0.916083916083916,1.00956937799043,0.821022727272727,1.00580270793037,0.98989898989899,0.956228956228956,1.03140495867769,0.978005865102639,0.975852272727273,0.971717171717172,0.888111888111888,0.91304347826087,0.900826446280992;20;20
Klinting Signe;WOC Sprint Final-Women (WOMEN);Denmark;1038;0.92512;51,50,93,47,46,33,17,14,81,111,55,33,29,121,62,68,44,41,21,21;0.937611408199644,0.958181818181818,0.900293255131965,0.955512572533849,0.895256916996047,0.889807162534435,0.946524064171123,0.850649350649351,0.947250280583614,0.946764946764947,0.859504132231405,0.809917355371901,0.890282131661442,0.937640871525169,0.978005865102639,0.918449197860963,0.993801652892562,0.844789356984479,1,0.943722943722944;20;20
Hao Shuangyan;WOC Sprint Final-Women (WOMEN);China;1045;0.91892;55,47,91,42,41,30,17,11,85,113,52,29,33,127,63,61,49,35,43,21;0.869421487603306,1.01934235976789,0.92007992007992,1.06926406926407,1.00443458980044,0.978787878787879,0.946524064171123,1.08264462809917,0.902673796791444,0.930008045052293,0.909090909090909,0.921630094043887,0.78236914600551,0.893342877594846,0.962481962481962,1.02384500745156,0.89239332096475,0.989610389610389,0.488372093023256,0.943722943722944;20;20
Gyurko Fanni;WOC Sprint Final-Women (WOMEN);Hungary;1053;0.91194;56,51,108,48,47,36,22,14,80,129,51,29,26,110,64,64,42,35,19,22;0.853896103896104,0.939393939393939,0.775252525252525,0.935606060606061,0.876208897485493,0.815656565656566,0.731404958677686,0.850649350649351,0.959090909090909,0.814658210007047,0.926916221033868,0.921630094043887,0.993006993006993,1.03140495867769,0.947443181818182,0.975852272727273,1.04112554112554,0.989610389610389,1.10526315789474,0.900826446280992;20;20
Teini Marika;WOC Sprint Final-Women (WOMEN);Finland;1053;0.91194;48,53,95,50,44,30,17,13,91,108,54,31,26,127,70,69,45,39,22,21;0.996212121212121,0.903945111492281,0.88133971291866,0.898181818181818,0.93595041322314,0.978787878787879,0.946524064171123,0.916083916083916,0.843156843156843,0.973063973063973,0.875420875420875,0.86217008797654,0.993006993006993,0.893342877594846,0.866233766233766,0.905138339920949,0.971717171717172,0.888111888111888,0.954545454545455,0.943722943722944;20;20
Wyder Judith;WOC Sprint Final-Women (WOMEN);Switzerland;1056;0.90935;45,42,100,47,42,29,16,12,82,132,47,27,33,139,73,64,45,34,25,22;1.06262626262626,1.14069264069264,0.837272727272727,0.955512572533849,0.98051948051948,1.01253918495298,1.00568181818182,0.992424242424242,0.93569844789357,0.796143250688705,1.00580270793037,0.98989898989899,0.78236914600551,0.81621975147155,0.830635118306351,0.975852272727273,0.971717171717172,1.01871657754011,0.84,0.900826446280992;20;20
Bagstevold Heidi Østlid;WOC Sprint Final-Women (WOMEN);Norway;1057;0.90849;51,62,94,49,42,32,17,13,97,119,47,27,27,116,68,66,45,39,21,25;0.937611408199644,0.772727272727273,0.890715667311412,0.916512059369202,0.98051948051948,0.917613636363636,0.946524064171123,0.916083916083916,0.791002811621368,0.883116883116883,1.00580270793037,0.98989898989899,0.956228956228956,0.978056426332288,0.891711229946524,0.946280991735537,0.971717171717172,0.888111888111888,1,0.792727272727273;20;20
Duchová Iveta;WOC Sprint Final-Women (WOMEN);Czech Republic;1059;0.90677;48,53,87,50,42,30,19,14,85,109,55,33,28,126,72,66,57,40,22,23;0.996212121212121,0.903945111492281,0.962382445141066,0.898181818181818,0.98051948051948,0.978787878787879,0.84688995215311,0.850649350649351,0.902673796791444,0.964136780650542,0.859504132231405,0.809917355371901,0.922077922077922,0.9004329004329,0.842171717171717,0.946280991735537,0.767145135566188,0.865909090909091,0.954545454545455,0.861660079051383;20;20
Kutkaite Ausrine;WOC Sprint Final-Women (WOMEN);Lithuania;1064;0.90251;50,60,95,50,49,34,18,15,85,122,47,29,29,120,64,67,45,39,27,19;0.956363636363636,0.798484848484848,0.88133971291866,0.898181818181818,0.840445269016698,0.863636363636364,0.893939393939394,0.793939393939394,0.902673796791444,0.861400894187779,1.00580270793037,0.921630094043887,0.890282131661442,0.945454545454545,0.947443181818182,0.932157394843962,0.971717171717172,0.888111888111888,0.777777777777778,1.04306220095694;20;20
Crocker Alison;WOC Sprint Final-Women (WOMEN);United States of America;1067;0.89997;67,52,95,49,48,38,19,15,78,101,52,25,30,130,60,79,48,34,25,22;0.71370420624152,0.921328671328671,0.88133971291866,0.916512059369202,0.857954545454545,0.772727272727273,0.84688995215311,0.793939393939394,0.983682983682984,1.04050405040504,0.909090909090909,1.06909090909091,0.860606060606061,0.872727272727273,1.01060606060606,0.790563866513234,0.910984848484849,1.01871657754011,0.84,0.900826446280992;20;20
Mironova Svetlana;WOC Sprint Final-Women (WOMEN);Russia;1067;0.89997;64,63,89,49,49,31,16,12,83,131,47,32,28,124,64,63,45,38,21,18;0.747159090909091,0.76046176046176,0.940755873340143,0.916512059369202,0.840445269016698,0.947214076246334,1.00568181818182,0.992424242424242,0.924424972617744,0.802220680083276,1.00580270793037,0.835227272727273,0.922077922077922,0.914956011730205,0.947443181818182,0.991341991341991,0.971717171717172,0.911483253588517,1,1.1010101010101;20;20
Kadan Ursula;WOC Sprint Final-Women (WOMEN);Austria;1081;0.88832;60,54,90,48,53,32,18,13,92,124,55,31,27,118,72,66,48,39,21,20;0.796969696969697,0.887205387205387,0.93030303030303,0.935606060606061,0.777015437392796,0.917613636363636,0.893939393939394,0.916083916083916,0.83399209486166,0.847507331378299,0.859504132231405,0.86217008797654,0.956228956228956,0.961479198767334,0.842171717171717,0.946280991735537,0.910984848484849,0.888111888111888,1,0.990909090909091;20;20
Tikhonova Anastasiya;WOC Sprint Final-Women (WOMEN);Russia;1082;0.88750;65,61,83,45,43,34,17,12,90,110,52,32,47,119,69,66,58,37,22,20;0.735664335664336,0.785394932935916,1.00876232201533,0.997979797979798,0.957716701902748,0.863636363636364,0.946524064171123,0.992424242424242,0.852525252525253,0.955371900826446,0.909090909090909,0.835227272727273,0.549323017408124,0.953399541634836,0.878787878787879,0.946280991735537,0.753918495297806,0.936117936117936,0.954545454545455,0.990909090909091;20;20
Knarston Greta;WOC Sprint Final-Women (WOMEN);New Zealand;1085;0.88504;51,52,103,45,44,32,20,12,84,126,53,33,28,119,78,71,50,37,22,25;0.937611408199644,0.921328671328671,0.81288614298323,0.997979797979798,0.93595041322314,0.917613636363636,0.804545454545454,0.992424242424242,0.913419913419913,0.834054834054834,0.891938250428816,0.809917355371901,0.922077922077922,0.953399541634836,0.777389277389277,0.879641485275288,0.874545454545455,0.936117936117936,0.954545454545455,0.792727272727273;20;20
Hausken Nordberg Anne Margrethe;WOC Sprint Final-Women (WOMEN);Norway;1086;0.88423;54,51,104,52,40,36,17,13,138,96,52,26,25,137,58,65,41,37,22,22;0.885521885521886,0.939393939393939,0.80506993006993,0.863636363636364,1.02954545454545,0.815656565656566,0.946524064171123,0.916083916083916,0.555994729907773,1.09469696969697,0.909090909090909,1.02797202797203,1.03272727272727,0.828135368281354,1.04545454545455,0.960839160839161,1.06651884700665,0.936117936117936,0.954545454545455,0.900826446280992;20;20
Kazlauskaite Inga;WOC Sprint Final-Women (WOMEN);Lithuania;1099;0.87377;51,55,95,51,48,34,18,13,88,120,60,30,29,121,74,71,58,39,23,21;0.937611408199644,0.871074380165289,0.88133971291866,0.880570409982175,0.857954545454545,0.863636363636364,0.893939393939394,0.916083916083916,0.871900826446281,0.875757575757576,0.787878787878788,0.890909090909091,0.890282131661442,0.937640871525169,0.819410319410319,0.879641485275288,0.753918495297806,0.888111888111888,0.91304347826087,0.943722943722944;20;20
Geypen Kim;WOC Sprint Final-Women (WOMEN);Belgium;1106;0.86824;61,52,134,64,39,31,15,12,88,111,51,30,29,127,69,69,44,38,22,20;0.783904619970194,0.921328671328671,0.62483039348711,0.701704545454545,1.05594405594406,0.947214076246334,1.07272727272727,0.992424242424242,0.871900826446281,0.946764946764947,0.926916221033868,0.890909090909091,0.890282131661442,0.893342877594846,0.878787878787879,0.905138339920949,0.993801652892562,0.911483253588517,0.954545454545455,0.990909090909091;20;20
Szerencsi Ildiko;WOC Sprint Final-Women (WOMEN);Hungary;1111;0.86433;57,50,96,48,44,33,17,44,88,123,48,28,31,136,67,69,50,39,21,22;0.838915470494418,0.958181818181818,0.872159090909091,0.935606060606061,0.93595041322314,0.889807162534435,0.946524064171123,0.270661157024793,0.871900826446281,0.85439763488544,0.984848484848485,0.954545454545454,0.832844574780059,0.834224598930481,0.905020352781547,0.905138339920949,0.874545454545455,0.888111888111888,1,0.900826446280992;20;20
Wisniewska Hanna;WOC Sprint Final-Women (WOMEN);Poland;1113;0.86278;56,60,84,51,45,35,19,14,86,137,50,32,34,140,62,69,50,40,25,24;0.853896103896104,0.798484848484848,0.996753246753247,0.880570409982175,0.915151515151515,0.838961038961039,0.84688995215311,0.850649350649351,0.892177589852009,0.767086927670869,0.945454545454545,0.835227272727273,0.759358288770053,0.81038961038961,0.978005865102639,0.905138339920949,0.874545454545455,0.865909090909091,0.84,0.825757575757576;20;20
Lajn Daria;WOC Sprint Final-Women (WOMEN);Poland;1115;0.86123;54,64,90,49,46,34,17,12,88,135,49,30,34,129,74,71,47,42,23,27;0.885521885521886,0.748579545454545,0.93030303030303,0.916512059369202,0.895256916996047,0.863636363636364,0.946524064171123,0.992424242424242,0.871900826446281,0.778451178451179,0.964749536178108,0.890909090909091,0.759358288770053,0.879492600422833,0.819410319410319,0.879641485275288,0.93036750483559,0.824675324675325,0.91304347826087,0.734006734006734;20;20
Grigorova-Burgova Antoniya;WOC Sprint Final-Women (WOMEN);Bulgaria;1117;0.85969;54,63,104,45,43,33,20,16,87,113,54,31,26,137,76,66,58,41,28,22;0.885521885521886,0.76046176046176,0.80506993006993,0.997979797979798,0.957716701902748,0.889807162534435,0.804545454545454,0.744318181818182,0.881922675026123,0.930008045052293,0.875420875420875,0.86217008797654,0.993006993006993,0.828135368281354,0.797846889952153,0.946280991735537,0.753918495297806,0.844789356984479,0.75,0.900826446280992;20;20
Ražaityte Gabija;WOC Sprint Final-Women (WOMEN);Lithuania;1119;0.85815;53,59,100,51,47,32,17,12,84,122,59,29,32,142,72,70,53,39,27,19;0.902229845626072,0.812018489984592,0.837272727272727,0.880570409982175,0.876208897485493,0.917613636363636,0.946524064171123,0.992424242424242,0.913419913419913,0.861400894187779,0.801232665639445,0.921630094043887,0.806818181818182,0.798975672215109,0.842171717171717,0.892207792207792,0.825042881646655,0.888111888111888,0.777777777777778,1.04306220095694;20;20
Haajanen Sofia;WOC Sprint Final-Women (WOMEN);Finland;1126;0.85282;64,49,90,48,41,36,16,13,77,134,47,31,28,121,132,63,49,36,28,23;0.747159090909091,0.977736549165121,0.93030303030303,0.935606060606061,1.00443458980044,0.815656565656566,1.00568181818182,0.916083916083916,0.996458087367178,0.784260515603799,1.00580270793037,0.86217008797654,0.922077922077922,0.937640871525169,0.459366391184573,0.991341991341991,0.89239332096475,0.962121212121212,0.75,0.861660079051383;20;20
Minagawa Mikiko;WOC Sprint Final-Women (WOMEN);Japan;1132;0.84830;55,63,119,47,48,35,18,14,84,119,53,31,32,120,74,73,50,45,27,25;0.869421487603306,0.76046176046176,0.703590527119939,0.955512572533849,0.857954545454545,0.838961038961039,0.893939393939394,0.850649350649351,0.913419913419913,0.883116883116883,0.891938250428816,0.86217008797654,0.806818181818182,0.945454545454545,0.819410319410319,0.855541718555417,0.874545454545455,0.76969696969697,0.777777777777778,0.792727272727273;20;20
Dodin Celine;WOC Sprint Final-Women (WOMEN);France;1145;0.83867;63,65,125,50,47,32,20,13,87,118,53,29,32,125,72,69,54,42,23,26;0.759018759018759,0.737062937062937,0.669818181818182,0.898181818181818,0.876208897485493,0.917613636363636,0.804545454545454,0.916083916083916,0.881922675026123,0.89060092449923,0.891938250428816,0.921630094043887,0.806818181818182,0.907636363636364,0.842171717171717,0.905138339920949,0.80976430976431,0.824675324675325,0.91304347826087,0.762237762237762;20;20
Vercellotti Lea;WOC Sprint Final-Women (WOMEN);France;1147;0.83720;48,51,161,49,46,33,17,13,94,130,54,32,29,123,64,67,49,41,22,24;0.996212121212121,0.939393939393939,0.520045172219085,0.916512059369202,0.895256916996047,0.889807162534435,0.946524064171123,0.916083916083916,0.816247582205029,0.808391608391608,0.875420875420875,0.835227272727273,0.890282131661442,0.922394678492239,0.947443181818182,0.932157394843962,0.89239332096475,0.844789356984479,0.954545454545455,0.825757575757576;20;20
Zhu Mingyue;WOC Sprint Final-Women (WOMEN);China;1164;0.82498;62,54,117,49,46,32,18,12,90,122,56,32,32,139,83,82,48,41,27,22;0.771260997067449,0.887205387205387,0.715617715617716,0.916512059369202,0.895256916996047,0.917613636363636,0.893939393939394,0.992424242424242,0.852525252525253,0.861400894187779,0.844155844155844,0.835227272727273,0.806818181818182,0.81621975147155,0.730558598028478,0.761640798226164,0.910984848484849,0.844789356984479,0.777777777777778,0.900826446280992;20;20
Taylor Catherine;WOC Sprint Final-Women (WOMEN);Great Britain;1169;0.82145;65,56,93,48,48,35,36,13,92,120,57,35,33,137,79,75,53,42,25,27;0.735664335664336,0.85551948051948,0.900293255131965,0.935606060606061,0.857954545454545,0.838961038961039,0.446969696969697,0.916083916083916,0.83399209486166,0.875757575757576,0.829346092503987,0.763636363636364,0.78236914600551,0.828135368281354,0.767548906789413,0.832727272727273,0.825042881646655,0.824675324675325,0.84,0.734006734006734;20;20
Chataing Amélie;WOC Sprint Final-Women (WOMEN);France;1180;0.81379;69,48,100,47,43,30,18,14,85,117,53,33,28,218,75,69,46,38,24,25;0.693017127799737,0.998106060606061,0.837272727272727,0.955512572533849,0.957716701902748,0.978787878787879,0.893939393939394,0.850649350649351,0.902673796791444,0.898212898212898,0.891938250428816,0.809917355371901,0.922077922077922,0.520433694745621,0.808484848484848,0.905138339920949,0.950592885375494,0.911483253588517,0.875,0.792727272727273;20;20
Doetsch Esther;WOC Sprint Final-Women (WOMEN);Germany;1203;0.79823;89,63,115,50,49,35,18,14,82,122,59,36,30,136,78,74,60,44,26,23;0.537282941777324,0.76046176046176,0.728063241106719,0.898181818181818,0.840445269016698,0.838961038961039,0.893939393939394,0.850649350649351,0.93569844789357,0.861400894187779,0.801232665639445,0.742424242424242,0.860606060606061,0.834224598930481,0.777389277389277,0.843980343980344,0.728787878787879,0.787190082644628,0.807692307692308,0.861660079051383;20;20
Wang Yingwei;WOC Sprint Final-Women (WOMEN);China;1228;0.78198;105,63,88,47,46,31,18,15,88,117,55,34,80,156,66,73,59,40,24,23;0.455411255411255,0.76046176046176,0.951446280991736,0.955512572533849,0.895256916996047,0.947214076246334,0.893939393939394,0.793939393939394,0.871900826446281,0.898212898212898,0.859504132231405,0.786096256684492,0.322727272727273,0.727272727272727,0.918732782369146,0.855541718555417,0.741140215716487,0.865909090909091,0.875,0.861660079051383;20;20
Costa Raquel;WOC Sprint Final-Women (WOMEN);Portugal;1279;0.75080;61,66,115,51,50,36,18,13,104,149,56,35,34,143,72,69,53,39,90,25;0.783904619970194,0.725895316804408,0.728063241106719,0.880570409982175,0.823636363636364,0.815656565656566,0.893939393939394,0.916083916083916,0.737762237762238,0.705308114704088,0.844155844155844,0.763636363636364,0.759358288770053,0.793388429752066,0.842171717171717,0.905138339920949,0.825042881646655,0.888111888111888,0.233333333333333,0.792727272727273;20;20
Dimitrova Nataliya;WOC Sprint Final-Women (WOMEN);Bulgaria;1390;0.69084;60,53,188,61,42,30,23,166,85,134,52,31,35,138,85,68,50,40,24,25;0.796969696969697,0.903945111492281,0.445357833655706,0.736214605067064,0.98051948051948,0.978787878787879,0.699604743083004,0.0717415115005476,0.902673796791444,0.784260515603799,0.909090909090909,0.86217008797654,0.737662337662338,0.822134387351779,0.713368983957219,0.918449197860963,0.874545454545455,0.865909090909091,0.875,0.792727272727273;20;20
