Kovacs Adam;WOC Sprint Qualification-Men (MEN*Q:1);Hungary;831;0.98881;49,42,36,27,45,13,33,61,93,38,20,75,74,37,103,46,28,11;0.997959183673469,1.00238095238095,0.919444444444445,0.988888888888889,0.948888888888889,1.05384615384615,0.945454545454545,0.995081967213115,0.93010752688172,1.03684210526316,0.95,1.01333333333333,0.959459459459459,1.01891891891892,1.05533980582524,1.00869565217391,0.996428571428571,0.909090909090909;18;18
Kyburz Matthias;WOC Sprint Qualification-Men (MEN*Q:1);Switzerland;833;0.98643;46,43,34,27,42,14,31,59,85,39,19,86,72,41,108,47,29,11;1.06304347826087,0.97906976744186,0.973529411764706,0.988888888888889,1.01666666666667,0.978571428571429,1.00645161290323,1.02881355932203,1.01764705882353,1.01025641025641,1,0.883720930232558,0.986111111111111,0.919512195121951,1.00648148148148,0.987234042553191,0.962068965517241,0.909090909090909;18;18
Lysell Jerker;WOC Sprint Qualification-Men (MEN*Q:1);Sweden;835;0.98407;50,42,33,28,43,13,32,59,89,39,19,77,70,43,111,46,30,11;0.978,1.00238095238095,1.0030303030303,0.953571428571429,0.993023255813954,1.05384615384615,0.975,1.02881355932203,0.971910112359551,1.01025641025641,1,0.987012987012987,1.01428571428571,0.876744186046512,0.979279279279279,1.00869565217391,0.93,0.909090909090909;18;18
Strain Murray;WOC Sprint Qualification-Men (MEN*Q:1);Great Britain;836;0.98289;62,42,34,26,43,14,32,61,86,41,18,76,72,37,107,46,28,11;0.788709677419355,1.00238095238095,0.973529411764706,1.02692307692308,0.993023255813954,0.978571428571429,0.975,0.995081967213115,1.00581395348837,0.960975609756098,1.05555555555556,1,0.986111111111111,1.01891891891892,1.01588785046729,1.00869565217391,0.996428571428571,0.909090909090909;18;18
Mäkelä Tuomo;WOC Sprint Qualification-Men (MEN*Q:1);Finland;840;0.97821;50,43,34,27,45,14,31,63,80,41,28,74,70,49,105,46,29,11;0.978,0.97906976744186,0.973529411764706,0.988888888888889,0.948888888888889,0.978571428571429,1.00645161290323,0.963492063492064,1.08125,0.960975609756098,0.678571428571429,1.02702702702703,1.01428571428571,0.769387755102041,1.0352380952381,1.00869565217391,0.962068965517241,0.909090909090909;18;18
Dent Julian;WOC Sprint Qualification-Men (MEN*Q:1);Australia;843;0.97473;48,40,32,28,43,14,30,63,88,41,19,76,79,39,113,50,30,10;1.01875,1.0525,1.034375,0.953571428571429,0.993023255813954,0.978571428571429,1.04,0.963492063492064,0.982954545454545,0.960975609756098,1,1,0.89873417721519,0.966666666666667,0.961946902654867,0.928,0.93,1;18;18
Coupat Vincent;WOC Sprint Qualification-Men (MEN*Q:1);France;845;0.97243;54,44,33,28,45,15,32,63,88,40,19,77,71,39,111,48,28,10;0.905555555555556,0.956818181818182,1.0030303030303,0.953571428571429,0.948888888888889,0.913333333333333,0.975,0.963492063492064,0.982954545454545,0.985,1,0.987012987012987,1,0.966666666666667,0.979279279279279,0.966666666666667,0.996428571428571,1;18;18
Kamenarov Ivaylo;WOC Sprint Qualification-Men (MEN*Q:1);Bulgaria;853;0.96331;53,43,33,27,43,14,31,62,89,39,20,78,76,38,117,51,29,10;0.922641509433962,0.97906976744186,1.0030303030303,0.988888888888889,0.993023255813954,0.978571428571429,1.00645161290323,0.979032258064516,0.971910112359551,1.01025641025641,0.95,0.974358974358974,0.934210526315789,0.992105263157895,0.929059829059829,0.909803921568627,0.962068965517241,1;18;18
Krüger Robert;WOC Sprint Qualification-Men (MEN*Q:1);Germany;854;0.96218;52,44,33,27,48,14,33,63,90,40,20,78,72,38,113,49,30,10;0.940384615384615,0.956818181818182,1.0030303030303,0.988888888888889,0.889583333333333,0.978571428571429,0.945454545454545,0.963492063492064,0.961111111111111,0.985,0.95,0.974358974358974,0.986111111111111,0.992105263157895,0.961946902654867,0.946938775510204,0.93,1;18;18
Merl Robert;WOC Sprint Qualification-Men (MEN*Q:1);Austria;854;0.96218;56,43,34,27,43,14,32,62,91,42,21,76,73,38,112,49,30,11;0.873214285714286,0.97906976744186,0.973529411764706,0.988888888888889,0.993023255813954,0.978571428571429,0.975,0.979032258064516,0.950549450549451,0.938095238095238,0.904761904761905,1,0.972602739726027,0.992105263157895,0.970535714285714,0.946938775510204,0.93,0.909090909090909;18;18
Zinca Ionut;WOC Sprint Qualification-Men (MEN*Q:1);Romania;854;0.96218;58,45,37,27,44,14,33,61,94,40,20,77,69,37,112,46,29,11;0.843103448275862,0.935555555555556,0.894594594594595,0.988888888888889,0.970454545454546,0.978571428571429,0.945454545454545,0.995081967213115,0.920212765957447,0.985,0.95,0.987012987012987,1.02898550724638,1.01891891891892,0.970535714285714,1.00869565217391,0.962068965517241,0.909090909090909;18;18
Nakonechny Dmitry;WOC Sprint Qualification-Men (MEN*Q:1);Russia;857;0.95881;55,45,31,28,41,15,37,67,87,41,22,79,74,38,111,49,27,10;0.889090909090909,0.935555555555556,1.06774193548387,0.953571428571429,1.04146341463415,0.913333333333333,0.843243243243243,0.905970149253731,0.994252873563218,0.960975609756098,0.863636363636364,0.962025316455696,0.959459459459459,0.992105263157895,0.979279279279279,0.946938775510204,1.03333333333333,1;18;18
Dlabaja Tomáš;WOC Sprint Qualification-Men (MEN*Q:1);Czech Republic;858;0.95769;52,45,35,30,43,14,32,65,92,42,19,78,74,39,112,46,29,11;0.940384615384615,0.935555555555556,0.945714285714286,0.89,0.993023255813954,0.978571428571429,0.975,0.933846153846154,0.940217391304348,0.938095238095238,1,0.974358974358974,0.959459459459459,0.966666666666667,0.970535714285714,1.00869565217391,0.962068965517241,0.909090909090909;18;18
Schgaguler Klaus;WOC Sprint Qualification-Men (MEN*Q:1);Italy;862;0.95325;57,45,34,27,44,15,35,63,85,43,20,80,72,45,112,45,30,10;0.857894736842105,0.935555555555556,0.973529411764706,0.988888888888889,0.970454545454546,0.913333333333333,0.891428571428571,0.963492063492064,1.01764705882353,0.916279069767442,0.95,0.95,0.986111111111111,0.837777777777778,0.970535714285714,1.03111111111111,0.93,1;18;18
Krepsta Simonas;WOC Sprint Qualification-Men (MEN*Q:1);Lithuania;863;0.95214;51,43,34,28,43,15,31,67,97,41,20,81,71,39,113,49,30,10;0.958823529411765,0.97906976744186,0.973529411764706,0.953571428571429,0.993023255813954,0.913333333333333,1.00645161290323,0.905970149253731,0.891752577319588,0.960975609756098,0.95,0.938271604938272,1,0.966666666666667,0.961946902654867,0.946938775510204,0.93,1;18;18
Silva Miguel;WOC Sprint Qualification-Men (MEN*Q:1);Portugal;866;0.94885;57,43,35,28,46,21,31,64,88,43,20,78,76,38,110,50,28,10;0.857894736842105,0.97906976744186,0.945714285714286,0.953571428571429,0.928260869565217,0.652380952380952,1.00645161290323,0.9484375,0.982954545454545,0.916279069767442,0.95,0.974358974358974,0.934210526315789,0.992105263157895,0.988181818181818,0.928,0.996428571428571,1;18;18
Hendrickx Tomas;WOC Sprint Qualification-Men (MEN*Q:1);Belgium;876;0.93801;55,42,36,29,44,15,31,68,91,40,20,79,82,44,112,48,29,11;0.889090909090909,1.00238095238095,0.919444444444445,0.920689655172414,0.970454545454546,0.913333333333333,1.00645161290323,0.892647058823529,0.950549450549451,0.985,0.95,0.962025316455696,0.865853658536585,0.856818181818182,0.970535714285714,0.966666666666667,0.962068965517241,0.909090909090909;18;18
Pawlak Bartosz;WOC Sprint Qualification-Men (MEN*Q:1);Poland;876;0.93801;50,43,34,28,46,14,33,64,94,40,21,82,78,40,119,49,31,10;0.978,0.97906976744186,0.973529411764706,0.953571428571429,0.928260869565217,0.978571428571429,0.945454545454545,0.9484375,0.920212765957447,0.985,0.904761904761905,0.926829268292683,0.91025641025641,0.9425,0.91344537815126,0.946938775510204,0.9,1;18;18
Bobach Christian;WOC Sprint Qualification-Men (MEN*Q:1);Denmark;878;0.93588;52,45,35,28,46,15,34,65,97,40,21,82,76,39,112,50,30,11;0.940384615384615,0.935555555555556,0.945714285714286,0.953571428571429,0.928260869565217,0.913333333333333,0.917647058823529,0.933846153846154,0.891752577319588,0.985,0.904761904761905,0.926829268292683,0.934210526315789,0.966666666666667,0.970535714285714,0.928,0.93,0.909090909090909;18;18
Daehli Magne;WOC Sprint Qualification-Men (MEN*Q:1);Norway;892;0.92119;60,44,34,28,45,15,52,59,89,40,20,88,71,37,125,49,26,10;0.815,0.956818181818182,0.973529411764706,0.953571428571429,0.948888888888889,0.913333333333333,0.6,1.02881355932203,0.971910112359551,0.985,0.95,0.863636363636364,1,1.01891891891892,0.8696,0.946938775510204,1.07307692307692,1;18;18
Panchenko Artem;WOC Sprint Qualification-Men (MEN*Q:1);Ukraine;916;0.89705;52,45,36,28,49,13,32,65,96,45,19,93,82,46,122,52,30,11;0.940384615384615,0.935555555555556,0.919444444444445,0.953571428571429,0.871428571428571,1.05384615384615,0.975,0.933846153846154,0.901041666666667,0.875555555555556,1,0.817204301075269,0.865853658536585,0.819565217391304,0.890983606557377,0.892307692307692,0.93,0.909090909090909;18;18
Reynolds Thomas;WOC Sprint Qualification-Men (MEN*Q:1);New Zealand;916;0.89705;51,43,34,31,44,16,36,64,97,43,20,93,82,40,124,53,34,11;0.958823529411765,0.97906976744186,0.973529411764706,0.861290322580645,0.970454545454546,0.85625,0.866666666666667,0.9484375,0.891752577319588,0.916279069767442,0.95,0.817204301075269,0.865853658536585,0.9425,0.876612903225806,0.875471698113208,0.820588235294118,0.909090909090909;18;18
Matjaž Štanfel;WOC Sprint Qualification-Men (MEN*Q:1);Croatia;921;0.89218;48,43,36,28,45,14,32,67,96,42,22,95,86,43,130,56,28,10;1.01875,0.97906976744186,0.919444444444445,0.953571428571429,0.948888888888889,0.978571428571429,0.975,0.905970149253731,0.901041666666667,0.938095238095238,0.863636363636364,0.8,0.825581395348837,0.876744186046512,0.836153846153846,0.828571428571429,0.996428571428571,1;18;18
Salin Andrey;WOC Sprint Qualification-Men (MEN*Q:1);Belorussia;925;0.88832;49,41,51,25,43,21,55,60,136,39,18,74,77,39,109,49,28,11;0.997959183673469,1.02682926829268,0.649019607843137,1.068,0.993023255813954,0.652380952380952,0.567272727272727,1.01166666666667,0.636029411764706,1.01025641025641,1.05555555555556,1.02702702702703,0.922077922077922,0.966666666666667,0.997247706422018,0.946938775510204,0.996428571428571,0.909090909090909;18;18
Anderson Robbie;WOC Sprint Qualification-Men (MEN*Q:1);Canada;938;0.87601;53,44,38,29,51,14,34,67,99,44,25,87,87,43,124,54,33,12;0.922641509433962,0.956818181818182,0.871052631578947,0.920689655172414,0.837254901960784,0.978571428571429,0.917647058823529,0.905970149253731,0.873737373737374,0.895454545454545,0.76,0.873563218390805,0.816091954022989,0.876744186046512,0.876612903225806,0.859259259259259,0.845454545454545,0.833333333333333;18;18
Matsuzawa Toshiyuki;WOC Sprint Qualification-Men (MEN*Q:1);Japan;951;0.86404;60,49,39,33,47,18,34,69,108,43,21,86,81,48,121,53,30,11;0.815,0.859183673469388,0.848717948717949,0.809090909090909,0.908510638297872,0.761111111111111,0.917647058823529,0.879710144927536,0.800925925925926,0.916279069767442,0.904761904761905,0.883720930232558,0.876543209876543,0.785416666666667,0.898347107438017,0.875471698113208,0.93,0.909090909090909;18;18
Healy David;WOC Sprint Qualification-Men (MEN*Q:1);Ireland;955;0.86042;49,44,36,31,47,15,34,69,105,45,21,91,93,45,134,52,33,11;0.997959183673469,0.956818181818182,0.919444444444445,0.861290322580645,0.908510638297872,0.913333333333333,0.917647058823529,0.879710144927536,0.823809523809524,0.875555555555556,0.904761904761905,0.835164835164835,0.763440860215054,0.837777777777778,0.811194029850746,0.892307692307692,0.845454545454545,0.909090909090909;18;18
Murcia Raul Ferra;WOC Sprint Qualification-Men (MEN*Q:1);Spain;967;0.84974;58,47,40,29,48,16,37,70,111,47,22,90,87,43,125,54,33,10;0.843103448275862,0.895744680851064,0.8275,0.920689655172414,0.889583333333333,0.85625,0.843243243243243,0.867142857142857,0.779279279279279,0.838297872340426,0.863636363636364,0.844444444444444,0.816091954022989,0.876744186046512,0.8696,0.859259259259259,0.845454545454545,1;18;18
Granovskiy Boris;WOC Sprint Qualification-Men (MEN*Q:1);United States of America;976;0.84191;58,49,39,31,47,16,36,73,112,45,24,89,88,43,126,55,33,12;0.843103448275862,0.859183673469388,0.848717948717949,0.861290322580645,0.908510638297872,0.85625,0.866666666666667,0.831506849315069,0.772321428571429,0.875555555555556,0.791666666666667,0.853932584269663,0.806818181818182,0.876744186046512,0.862698412698413,0.843636363636364,0.845454545454545,0.833333333333333;18;18
Liang Xiyuan;WOC Sprint Qualification-Men (MEN*Q:1);China;979;0.83933;50,43,37,30,48,14,33,134,101,44,22,84,79,40,116,58,35,11;0.978,0.97906976744186,0.894594594594595,0.89,0.889583333333333,0.978571428571429,0.945454545454545,0.452985074626866,0.856435643564356,0.895454545454545,0.863636363636364,0.904761904761905,0.89873417721519,0.9425,0.937068965517241,0.8,0.797142857142857,0.909090909090909;18;18
Postica Igori;WOC Sprint Qualification-Men (MEN*Q:1);Moldova;984;0.83506;56,50,41,33,49,16,35,69,118,46,24,90,86,44,131,56,29,11;0.873214285714286,0.842,0.807317073170732,0.809090909090909,0.871428571428571,0.85625,0.891428571428571,0.879710144927536,0.733050847457627,0.856521739130435,0.791666666666667,0.844444444444444,0.825581395348837,0.856818181818182,0.829770992366412,0.828571428571429,0.962068965517241,0.909090909090909;18;18
Foppen Niels Peter;WOC Sprint Qualification-Men (MEN*Q:1);Netherlands;997;0.82417;56,47,37,32,51,19,39,73,106,47,39,94,88,41,130,57,31,10;0.873214285714286,0.895744680851064,0.894594594594595,0.834375,0.837254901960784,0.721052631578947,0.8,0.831506849315069,0.816037735849057,0.838297872340426,0.487179487179487,0.808510638297872,0.806818181818182,0.919512195121951,0.836153846153846,0.814035087719298,0.9,1;18;18
Almeida Ronaldo;WOC Sprint Qualification-Men (MEN*Q:1);Brazil;1016;0.80876;55,45,36,29,51,16,43,84,112,51,31,99,85,45,135,57,30,12;0.889090909090909,0.935555555555556,0.919444444444445,0.920689655172414,0.837254901960784,0.85625,0.725581395348837,0.722619047619048,0.772321428571429,0.772549019607843,0.612903225806452,0.767676767676768,0.835294117647059,0.837777777777778,0.805185185185185,0.814035087719298,0.93,0.833333333333333;18;18
Man Chi Kin;WOC Sprint Qualification-Men (MEN*Q:1);Hong Kong;1025;0.80166;61,50,40,32,59,17,37,71,119,46,24,93,89,45,139,59,32,12;0.801639344262295,0.842,0.8275,0.834375,0.723728813559322,0.805882352941176,0.843243243243243,0.854929577464789,0.726890756302521,0.856521739130435,0.791666666666667,0.817204301075269,0.797752808988764,0.837777777777778,0.782014388489209,0.786440677966102,0.871875,0.833333333333333;18;18
Bodur Fatih;WOC Sprint Qualification-Men (MEN*Q:1);Turkey;1096;0.74973;73,49,44,32,54,23,35,76,111,50,23,109,93,47,158,66,39,14;0.66986301369863,0.859183673469388,0.752272727272727,0.834375,0.790740740740741,0.595652173913043,0.891428571428571,0.798684210526316,0.779279279279279,0.788,0.826086956521739,0.697247706422018,0.763440860215054,0.802127659574468,0.687974683544304,0.703030303030303,0.715384615384615,0.714285714285714;18;18
Ryu Byung-Gu;WOC Sprint Qualification-Men (MEN*Q:1);South Korea;1174;0.69991;75,50,43,42,82,19,49,76,112,56,27,127,110,46,146,70,34,10;0.652,0.842,0.769767441860465,0.635714285714286,0.520731707317073,0.721052631578947,0.636734693877551,0.798684210526316,0.772321428571429,0.703571428571429,0.703703703703704,0.598425196850394,0.645454545454546,0.819565217391304,0.744520547945206,0.662857142857143,0.820588235294118,1;18;18
Kirov Riste;WOC Sprint Qualification-Men (MEN*Q:1);Macedonia;1219;0.67408;60,54,42,37,60,20,54,80,134,57,26,125,118,52,178,69,39,14;0.815,0.77962962962963,0.788095238095238,0.721621621621622,0.711666666666667,0.685,0.577777777777778,0.75875,0.645522388059702,0.691228070175439,0.730769230769231,0.608,0.601694915254237,0.725,0.610674157303371,0.672463768115942,0.715384615384615,0.714285714285714;18;18
Papadimitriou Theodoros;WOC Sprint Qualification-Men (MEN*Q:1);Greece;1816;0.45248;130,83,116,51,91,27,66,113,184,94,88,159,172,64,230,80,52,16;0.376153846153846,0.507228915662651,0.285344827586207,0.523529411764706,0.469230769230769,0.507407407407407,0.472727272727273,0.53716814159292,0.470108695652174,0.419148936170213,0.215909090909091,0.477987421383648,0.412790697674419,0.5890625,0.472608695652174,0.58,0.536538461538462,0.625;18;18
Jansson Helena;WOC Sprint Qualification-Women (WOMEN*Q:1);Sweden;837;1.03286;59,49,52,66,101,45,24,86,79,42,122,50,14,34,14;1.02966101694915,1.01530612244898,1.06490384615385,1.07575757575758,1.01980198019802,1.01388888888889,0.901041666666667,1.05087209302326,1.06962025316456,1.0327380952381,1.05225409836066,1.055,0.964285714285714,0.959558823529412,0.848214285714286;15;15
Niggli-Luder Simone;WOC Sprint Qualification-Women (WOMEN*Q:1);Switzerland;840;1.02917;58,47,52,67,98,43,19,93,83,42,125,51,16,33,13;1.04741379310345,1.05851063829787,1.06490384615385,1.05970149253731,1.05102040816327,1.06104651162791,1.13815789473684,0.971774193548387,1.01807228915663,1.0327380952381,1.027,1.0343137254902,0.84375,0.988636363636364,0.913461538461538;15;15
Hausken Nordberg Anne Margrethe;WOC Sprint Qualification-Women (WOMEN*Q:1);Norway;870;0.99368;64,51,56,70,104,47,23,89,87,43,122,53,13,35,13;0.94921875,0.975490196078431,0.988839285714286,1.01428571428571,0.990384615384615,0.970744680851064,0.940217391304348,1.01544943820225,0.971264367816092,1.00872093023256,1.05225409836066,0.995283018867924,1.03846153846154,0.932142857142857,0.913461538461538;15;15
Gyurko Fanni;WOC Sprint Qualification-Women (WOMEN*Q:1);Hungary;890;0.97135;61,49,57,75,108,46,24,97,89,43,128,53,15,31,14;0.995901639344262,1.01530612244898,0.971491228070175,0.946666666666667,0.953703703703704,0.991847826086957,0.901041666666667,0.931701030927835,0.949438202247191,1.00872093023256,1.0029296875,0.995283018867924,0.9,1.05241935483871,0.848214285714286;15;15
Niemi Venla;WOC Sprint Qualification-Women (WOMEN*Q:1);Finland;892;0.96917;63,51,57,72,106,46,20,96,87,44,132,55,13,37,13;0.964285714285714,0.975490196078431,0.971491228070175,0.986111111111111,0.971698113207547,0.991847826086957,1.08125,0.94140625,0.971264367816092,0.985795454545455,0.972537878787879,0.959090909090909,1.03846153846154,0.881756756756757,0.913461538461538;15;15
Knarston Greta;WOC Sprint Qualification-Women (WOMEN*Q:1);New Zealand;901;0.95949;65,52,56,72,105,44,22,93,93,44,137,57,15,34,12;0.934615384615385,0.956730769230769,0.988839285714286,0.986111111111111,0.980952380952381,1.03693181818182,0.982954545454545,0.971774193548387,0.908602150537634,0.985795454545455,0.937043795620438,0.925438596491228,0.9,0.959558823529412,0.989583333333333;15;15
Ward Claire;WOC Sprint Qualification-Women (WOMEN*Q:1);Great Britain;906;0.95419;61,50,94,72,106,48,19,85,81,50,128,51,14,34,13;0.995901639344262,0.995,0.589095744680851,0.986111111111111,0.971698113207547,0.950520833333333,1.13815789473684,1.06323529411765,1.04320987654321,0.8675,1.0029296875,1.0343137254902,0.964285714285714,0.959558823529412,0.913461538461538;15;15
Vercellotti Lea;WOC Sprint Qualification-Women (WOMEN*Q:1);France;918;0.94172;65,52,57,77,110,46,23,97,90,47,135,58,13,35,13;0.934615384615385,0.956730769230769,0.971491228070175,0.922077922077922,0.936363636363636,0.991847826086957,0.940217391304348,0.931701030927835,0.938888888888889,0.922872340425532,0.950925925925926,0.90948275862069,1.03846153846154,0.932142857142857,0.913461538461538;15;15
Klinting Signe;WOC Sprint Qualification-Women (WOMEN*Q:1);Denmark;920;0.93967;58,51,58,87,110,48,23,93,96,45,136,54,16,32,13;1.04741379310345,0.975490196078431,0.954741379310345,0.816091954022989,0.936363636363636,0.950520833333333,0.940217391304348,0.971774193548387,0.880208333333333,0.963888888888889,0.943933823529412,0.976851851851852,0.84375,1.01953125,0.913461538461538;15;15
Jureníková Eva;WOC Sprint Qualification-Women (WOMEN*Q:1);Czech Republic;923;0.93662;75,53,58,83,104,49,25,90,85,44,139,56,15,34,13;0.81,0.938679245283019,0.954741379310345,0.855421686746988,0.990384615384615,0.931122448979592,0.865,1.00416666666667,0.994117647058824,0.985795454545455,0.923561151079137,0.941964285714286,0.9,0.959558823529412,0.913461538461538;15;15
Grigorova-Burgova Antoniya;WOC Sprint Qualification-Women (WOMEN*Q:1);Bulgaria;933;0.92658;63,53,58,87,113,49,28,95,88,46,135,58,14,34,12;0.964285714285714,0.938679245283019,0.954741379310345,0.816091954022989,0.911504424778761,0.931122448979592,0.772321428571429,0.951315789473684,0.960227272727273,0.942934782608696,0.950925925925926,0.90948275862069,0.964285714285714,0.959558823529412,0.989583333333333;15;15
Zhu Mingyue;WOC Sprint Qualification-Women (WOMEN*Q:1);China;935;0.92460;69,53,58,77,109,50,25,105,89,46,135,60,17,30,12;0.880434782608696,0.938679245283019,0.954741379310345,0.922077922077922,0.944954128440367,0.9125,0.865,0.860714285714286,0.949438202247191,0.942934782608696,0.950925925925926,0.879166666666667,0.794117647058823,1.0875,0.989583333333333;15;15
Minagawa Mikiko;WOC Sprint Qualification-Women (WOMEN*Q:1);Japan;939;0.92066;67,55,60,74,112,49,26,98,94,45,135,56,19,36,13;0.906716417910448,0.904545454545455,0.922916666666667,0.959459459459459,0.919642857142857,0.931122448979592,0.831730769230769,0.92219387755102,0.898936170212766,0.963888888888889,0.950925925925926,0.941964285714286,0.710526315789474,0.90625,0.913461538461538;15;15
Costa Raquel;WOC Sprint Qualification-Women (WOMEN*Q:1);Portugal;942;0.91773;68,56,67,77,102,50,24,99,93,45,142,55,13,38,13;0.893382352941177,0.888392857142857,0.826492537313433,0.922077922077922,1.00980392156863,0.9125,0.901041666666667,0.912878787878788,0.908602150537634,0.963888888888889,0.904049295774648,0.959090909090909,1.03846153846154,0.858552631578947,0.913461538461538;15;15
Ražaityte Gabija;WOC Sprint Qualification-Women (WOMEN*Q:1);Lithuania;949;0.91096;75,55,60,78,119,49,24,94,95,47,135,57,15,34,12;0.81,0.904545454545455,0.922916666666667,0.91025641025641,0.865546218487395,0.931122448979592,0.901041666666667,0.961436170212766,0.889473684210526,0.922872340425532,0.950925925925926,0.925438596491228,0.9,0.959558823529412,0.989583333333333;15;15
Rebane Kirti;WOC Sprint Qualification-Women (WOMEN*Q:1);Estonia;950;0.91000;71,56,61,81,115,50,24,96,97,45,137,55,15,35,12;0.855633802816901,0.888392857142857,0.907786885245902,0.876543209876543,0.895652173913044,0.9125,0.901041666666667,0.94140625,0.871134020618557,0.963888888888889,0.937043795620438,0.959090909090909,0.9,0.932142857142857,0.989583333333333;15;15
Popovich Ekaterina;WOC Sprint Qualification-Women (WOMEN*Q:1);Russia;954;0.90618;63,54,59,87,108,49,25,112,86,45,148,56,15,34,13;0.964285714285714,0.921296296296296,0.938559322033898,0.816091954022989,0.953703703703704,0.931122448979592,0.865,0.806919642857143,0.982558139534884,0.963888888888889,0.867398648648649,0.941964285714286,0.9,0.959558823529412,0.913461538461538;15;15
Guizzardi Michela;WOC Sprint Qualification-Women (WOMEN*Q:1);Italy;960;0.90052;74,57,59,77,116,51,24,97,93,46,140,58,17,39,12;0.820945945945946,0.87280701754386,0.938559322033898,0.922077922077922,0.887931034482759,0.894607843137255,0.901041666666667,0.931701030927835,0.908602150537634,0.942934782608696,0.916964285714286,0.90948275862069,0.794117647058823,0.836538461538462,0.989583333333333;15;15
Bauer Julia;WOC Sprint Qualification-Women (WOMEN*Q:1);Austria;962;0.89865;75,55,60,82,105,50,25,99,96,46,141,57,22,37,12;0.81,0.904545454545455,0.922916666666667,0.865853658536585,0.980952380952381,0.9125,0.865,0.912878787878788,0.880208333333333,0.942934782608696,0.910460992907801,0.925438596491228,0.613636363636364,0.881756756756757,0.989583333333333;15;15
Casanova Susanne;WOC Sprint Qualification-Women (WOMEN*Q:1);Australia;965;0.89585;70,55,64,81,114,54,25,96,93,47,144,60,17,33,12;0.867857142857143,0.904545454545455,0.865234375,0.876543209876543,0.903508771929825,0.844907407407407,0.865,0.94140625,0.908602150537634,0.922872340425532,0.891493055555556,0.879166666666667,0.794117647058823,0.988636363636364,0.989583333333333;15;15
Tröße Christiane;WOC Sprint Qualification-Women (WOMEN*Q:1);Germany;981;0.88124;65,56,61,80,119,48,24,99,88,48,168,60,16,36,13;0.934615384615385,0.888392857142857,0.907786885245902,0.8875,0.865546218487395,0.950520833333333,0.901041666666667,0.912878787878788,0.960227272727273,0.903645833333333,0.764136904761905,0.879166666666667,0.84375,0.90625,0.913461538461538;15;15
Klapouskaya Nastsia;WOC Sprint Qualification-Women (WOMEN*Q:1);Belorussia;984;0.87856;69,56,66,81,113,51,24,115,96,49,141,59,16,35,13;0.880434782608696,0.888392857142857,0.839015151515151,0.876543209876543,0.911504424778761,0.894607843137255,0.901041666666667,0.785869565217391,0.880208333333333,0.885204081632653,0.910460992907801,0.894067796610169,0.84375,0.932142857142857,0.913461538461538;15;15
Sluta Olga;WOC Sprint Qualification-Women (WOMEN*Q:1);Ukraine;995;0.86884;64,50,56,78,105,49,24,163,96,47,145,57,16,34,11;0.94921875,0.995,0.988839285714286,0.91025641025641,0.980952380952381,0.931122448979592,0.901041666666667,0.554447852760736,0.880208333333333,0.922872340425532,0.885344827586207,0.925438596491228,0.84375,0.959558823529412,1.07954545454545;15;15
Jovanovic Sladjana;WOC Sprint Qualification-Women (WOMEN*Q:1);Serbia;1061;0.81480;83,59,65,93,139,51,26,102,94,48,148,70,14,56,13;0.731927710843373,0.843220338983051,0.851923076923077,0.763440860215054,0.741007194244604,0.894607843137255,0.831730769230769,0.886029411764706,0.898936170212766,0.903645833333333,0.867398648648649,0.753571428571429,0.964285714285714,0.582589285714286,0.913461538461538;15;15
Flaqué Berta Meseguer;WOC Sprint Qualification-Women (WOMEN*Q:1);Spain;1077;0.80269;82,60,88,81,121,53,25,122,108,54,151,65,17,36,14;0.740853658536585,0.829166666666667,0.629261363636364,0.876543209876543,0.851239669421488,0.860849056603774,0.865,0.74077868852459,0.782407407407407,0.803240740740741,0.850165562913907,0.811538461538462,0.794117647058823,0.90625,0.848214285714286;15;15
Chan Pui Fung;WOC Sprint Qualification-Women (WOMEN*Q:1);Hong Kong;1113;0.77673;77,66,65,90,137,58,28,112,107,56,184,65,18,38,12;0.788961038961039,0.753787878787879,0.851923076923077,0.788888888888889,0.751824817518248,0.786637931034483,0.772321428571429,0.806919642857143,0.789719626168224,0.774553571428571,0.697690217391304,0.811538461538462,0.75,0.858552631578947,0.989583333333333;15;15
Burgess Hannah;WOC Sprint Qualification-Women (WOMEN*Q:1);United States of America;1127;0.76708;74,62,67,90,140,60,31,121,115,58,168,69,16,42,14;0.820945945945946,0.80241935483871,0.826492537313433,0.788888888888889,0.735714285714286,0.760416666666667,0.69758064516129,0.746900826446281,0.734782608695652,0.747844827586207,0.764136904761905,0.764492753623188,0.84375,0.776785714285714,0.848214285714286;15;15
Cin Tugba;WOC Sprint Qualification-Women (WOMEN*Q:1);Turkey;1137;0.76033;77,57,77,103,124,55,27,129,103,53,162,69,49,39,13;0.788961038961039,0.87280701754386,0.719155844155844,0.689320388349515,0.830645161290323,0.829545454545455,0.800925925925926,0.700581395348837,0.820388349514563,0.818396226415094,0.792438271604938,0.764492753623188,0.275510204081633,0.836538461538462,0.913461538461538;15;15
Wu Szu-Ying;WOC Sprint Qualification-Women (WOMEN*Q:1);Chinese Taipei;1284;0.67329;77,59,64,225,137,67,27,136,116,54,176,71,24,38,13;0.788961038961039,0.843220338983051,0.865234375,0.315555555555556,0.751824817518248,0.680970149253731,0.800925925925926,0.664522058823529,0.728448275862069,0.803240740740741,0.729403409090909,0.742957746478873,0.5625,0.858552631578947,0.913461538461538;15;15
Merz Matthias;WOC Sprint Qualification-Men (MEN*Q:2);Switzerland;803;1.02055;47,34,28,18,25,31,37,58,18,93,99,11,41,64,107,50,29,13;1.04255319148936,1.05,1.06071428571429,1.06111111111111,1.004,1.04516129032258,1.07297297297297,1.05344827586207,1.01666666666667,1.00430107526882,1.01313131313131,1.05454545454545,1.02926829268293,0.9921875,1.03364485981308,0.996,0.968965517241379,0.761538461538462;18;18
Fraser Scott;WOC Sprint Qualification-Men (MEN*Q:2);Great Britain;821;0.99817;48,36,30,22,25,33,40,63,20,92,101,12,40,63,108,48,29,11;1.02083333333333,0.991666666666667,0.99,0.868181818181818,1.004,0.981818181818182,0.9925,0.96984126984127,0.915,1.01521739130435,0.993069306930693,0.966666666666667,1.055,1.00793650793651,1.02407407407407,1.0375,0.968965517241379,0.9;18;18
Leandersson Jonas;WOC Sprint Qualification-Men (MEN*Q:2);Sweden;829;0.98854;51,37,28,18,25,31,41,63,18,93,102,11,42,65,113,51,29,11;0.96078431372549,0.964864864864865,1.06071428571429,1.06111111111111,1.004,1.04516129032258,0.968292682926829,0.96984126984127,1.01666666666667,1.00430107526882,0.983333333333333,1.05454545454545,1.0047619047619,0.976923076923077,0.978761061946903,0.976470588235294,0.968965517241379,0.9;18;18
Indgaard Ulf Forseth;WOC Sprint Qualification-Men (MEN*Q:2);Norway;832;0.98498;52,36,30,20,25,35,41,61,20,95,101,13,43,63,108,51,28,10;0.942307692307692,0.991666666666667,0.99,0.955,1.004,0.925714285714286,0.968292682926829,1.0016393442623,0.915,0.983157894736842,0.993069306930693,0.892307692307692,0.981395348837209,1.00793650793651,1.02407407407407,0.976470588235294,1.00357142857143,0.99;18;18
Simonin Nicolas;WOC Sprint Qualification-Men (MEN*Q:2);Ireland;832;0.98498;53,37,31,19,26,32,39,61,17,93,102,11,45,64,110,52,30,10;0.924528301886792,0.964864864864865,0.958064516129032,1.00526315789474,0.965384615384615,1.0125,1.01794871794872,1.0016393442623,1.07647058823529,1.00430107526882,0.983333333333333,1.05454545454545,0.937777777777778,0.9921875,1.00545454545455,0.957692307692308,0.936666666666667,0.99;18;18
Michiels Yannick;WOC Sprint Qualification-Men (MEN*Q:2);Belgium;836;0.98026;49,34,29,20,24,31,39,61,18,91,99,12,42,62,109,75,30,11;1,1.05,1.02413793103448,0.955,1.04583333333333,1.04516129032258,1.01794871794872,1.0016393442623,1.01666666666667,1.02637362637363,1.01313131313131,0.966666666666667,1.0047619047619,1.0241935483871,1.01467889908257,0.664,0.936666666666667,0.9;18;18
Procházka Jan;WOC Sprint Qualification-Men (MEN*Q:2);Czech Republic;841;0.97444;52,36,31,20,27,35,42,63,19,93,99,12,40,64,115,51,30,12;0.942307692307692,0.991666666666667,0.958064516129032,0.955,0.92962962962963,0.925714285714286,0.945238095238095,0.96984126984127,0.963157894736842,1.00430107526882,1.01313131313131,0.966666666666667,1.055,0.9921875,0.961739130434783,0.976470588235294,0.936666666666667,0.825;18;18
Tervo Tuomas;WOC Sprint Qualification-Men (MEN*Q:2);Finland;843;0.97212;50,38,31,20,26,33,41,61,19,100,98,12,43,65,113,52,30,11;0.98,0.939473684210526,0.958064516129032,0.955,0.965384615384615,0.981818181818182,0.968292682926829,1.0016393442623,0.963157894736842,0.934,1.0234693877551,0.966666666666667,0.981395348837209,0.976923076923077,0.978761061946903,0.957692307692308,0.936666666666667,0.9;18;18
Gvildys Jonas Vytautas;WOC Sprint Qualification-Men (MEN*Q:2);Lithuania;845;0.96982;49,35,31,20,27,35,44,61,18,101,101,11,44,61,116,52,29,10;1,1.02,0.958064516129032,0.955,0.92962962962963,0.925714285714286,0.902272727272727,1.0016393442623,1.01666666666667,0.924752475247525,0.993069306930693,1.05454545454545,0.959090909090909,1.04098360655738,0.953448275862069,0.957692307692308,0.968965517241379,0.99;18;18
Reig Andreu Blanes;WOC Sprint Qualification-Men (MEN*Q:2);Spain;851;0.96298;54,37,31,21,25,33,41,61,21,98,101,12,44,66,112,54,29,11;0.907407407407407,0.964864864864865,0.958064516129032,0.90952380952381,1.004,0.981818181818182,0.968292682926829,1.0016393442623,0.871428571428571,0.953061224489796,0.993069306930693,0.966666666666667,0.959090909090909,0.962121212121212,0.9875,0.922222222222222,0.968965517241379,0.9;18;18
Robertson Tim;WOC Sprint Qualification-Men (MEN*Q:2);New Zealand;852;0.96185;50,37,31,21,25,35,40,64,19,97,102,12,43,71,118,50,26,11;0.98,0.964864864864865,0.958064516129032,0.90952380952381,1.004,0.925714285714286,0.9925,0.9546875,0.963157894736842,0.962886597938144,0.983333333333333,0.966666666666667,0.981395348837209,0.894366197183099,0.93728813559322,0.996,1.08076923076923,0.9;18;18
Sidorov Alexey;WOC Sprint Qualification-Men (MEN*Q:2);Russia;857;0.95624;52,39,33,19,25,34,43,64,18,97,104,14,49,65,113,50,28,10;0.942307692307692,0.915384615384615,0.9,1.00526315789474,1.004,0.952941176470588,0.923255813953488,0.9546875,1.01666666666667,0.962886597938144,0.964423076923077,0.828571428571429,0.861224489795918,0.976923076923077,0.978761061946903,0.996,1.00357142857143,0.99;18;18
Goeres Patrick;WOC Sprint Qualification-Men (MEN*Q:2);Canada;859;0.95402;52,39,32,20,26,34,41,64,20,97,110,12,45,66,113,49,28,11;0.942307692307692,0.915384615384615,0.928125,0.955,0.965384615384615,0.952941176470588,0.968292682926829,0.9546875,0.915,0.962886597938144,0.911818181818182,0.966666666666667,0.937777777777778,0.962121212121212,0.978761061946903,1.01632653061224,1.00357142857143,0.9;18;18
Bobach Søren;WOC Sprint Qualification-Men (MEN*Q:2);Denmark;861;0.95180;49,39,31,20,26,34,41,66,19,93,104,13,49,70,113,52,31,11;1,0.915384615384615,0.958064516129032,0.955,0.965384615384615,0.952941176470588,0.968292682926829,0.925757575757576,0.963157894736842,1.00430107526882,0.964423076923077,0.892307692307692,0.861224489795918,0.907142857142857,0.978761061946903,0.957692307692308,0.906451612903226,0.9;18;18
Siegert Wolfgang;WOC Sprint Qualification-Men (MEN*Q:2);Austria;867;0.94521;54,38,33,20,26,36,41,65,21,97,104,13,44,67,115,53,29,11;0.907407407407407,0.939473684210526,0.9,0.955,0.965384615384615,0.9,0.968292682926829,0.94,0.871428571428571,0.962886597938144,0.964423076923077,0.892307692307692,0.959090909090909,0.947761194029851,0.961739130434783,0.939622641509434,0.968965517241379,0.9;18;18
Sirakov Ivan;WOC Sprint Qualification-Men (MEN*Q:2);Bulgaria;868;0.94412;52,36,30,19,26,35,40,66,20,99,110,14,44,66,122,48,30,11;0.942307692307692,0.991666666666667,0.99,1.00526315789474,0.965384615384615,0.925714285714286,0.9925,0.925757575757576,0.915,0.943434343434344,0.911818181818182,0.828571428571429,0.959090909090909,0.962121212121212,0.90655737704918,1.0375,0.936666666666667,0.9;18;18
Basset Lucas;WOC Sprint Qualification-Men (MEN*Q:2);France;869;0.94304;50,39,31,19,27,33,53,64,20,94,104,12,51,65,117,50,29,11;0.98,0.915384615384615,0.958064516129032,1.00526315789474,0.92962962962963,0.981818181818182,0.749056603773585,0.9546875,0.915,0.993617021276596,0.964423076923077,0.966666666666667,0.827450980392157,0.976923076923077,0.945299145299145,0.996,0.968965517241379,0.9;18;18
Uppill Simon;WOC Sprint Qualification-Men (MEN*Q:2);Australia;871;0.94087;56,37,33,22,29,35,43,62,22,97,104,12,44,67,114,53,30,11;0.875,0.964864864864865,0.9,0.868181818181818,0.86551724137931,0.925714285714286,0.923255813953488,0.985483870967742,0.831818181818182,0.962886597938144,0.964423076923077,0.966666666666667,0.959090909090909,0.947761194029851,0.970175438596491,0.939622641509434,0.936666666666667,0.9;18;18
Jubelis Andris;WOC Sprint Qualification-Men (MEN*Q:2);Latvia;874;0.93764;52,36,29,19,27,36,41,64,19,105,110,14,51,64,114,52,30,11;0.942307692307692,0.991666666666667,1.02413793103448,1.00526315789474,0.92962962962963,0.9,0.968292682926829,0.9546875,0.963157894736842,0.88952380952381,0.911818181818182,0.828571428571429,0.827450980392157,0.9921875,0.970175438596491,0.957692307692308,0.936666666666667,0.9;18;18
Bukovác Pavol;WOC Sprint Qualification-Men (MEN*Q:2);Slovakia;878;0.93337;50,37,31,20,26,35,39,63,21,109,108,14,45,67,120,54,29,10;0.98,0.964864864864865,0.958064516129032,0.955,0.965384615384615,0.925714285714286,1.01794871794872,0.96984126984127,0.871428571428571,0.856880733944954,0.928703703703704,0.828571428571429,0.937777777777778,0.947761194029851,0.921666666666667,0.922222222222222,0.968965517241379,0.99;18;18
Brandt Christoph;WOC Sprint Qualification-Men (MEN*Q:2);Germany;888;0.92286;50,40,33,20,26,35,54,65,19,99,104,12,45,70,119,54,31,12;0.98,0.8925,0.9,0.955,0.965384615384615,0.925714285714286,0.735185185185185,0.94,0.963157894736842,0.943434343434344,0.964423076923077,0.966666666666667,0.937777777777778,0.907142857142857,0.929411764705882,0.922222222222222,0.906451612903226,0.825;18;18
Seppi Marco;WOC Sprint Qualification-Men (MEN*Q:2);Italy;894;0.91667;52,37,35,20,26,35,53,62,23,103,107,13,49,65,118,55,30,11;0.942307692307692,0.964864864864865,0.848571428571429,0.955,0.965384615384615,0.925714285714286,0.749056603773585,0.985483870967742,0.795652173913044,0.906796116504854,0.937383177570093,0.892307692307692,0.861224489795918,0.976923076923077,0.93728813559322,0.905454545454545,0.936666666666667,0.9;18;18
Glibov Ruslan;WOC Sprint Qualification-Men (MEN*Q:2);Ukraine;908;0.90253;53,39,33,21,28,36,48,65,20,104,111,15,45,71,122,53,32,12;0.924528301886792,0.915384615384615,0.9,0.90952380952381,0.896428571428571,0.9,0.827083333333333,0.94,0.915,0.898076923076923,0.903603603603604,0.773333333333333,0.937777777777778,0.894366197183099,0.90655737704918,0.939622641509434,0.878125,0.825;18;18
Leal Tiago Gingão;WOC Sprint Qualification-Men (MEN*Q:2);Portugal;909;0.90154;52,38,32,21,49,33,42,66,19,103,106,12,51,66,119,56,33,11;0.942307692307692,0.939473684210526,0.928125,0.90952380952381,0.512244897959184,0.981818181818182,0.945238095238095,0.925757575757576,0.963157894736842,0.906796116504854,0.94622641509434,0.966666666666667,0.827450980392157,0.962121212121212,0.929411764705882,0.889285714285714,0.851515151515152,0.9;18;18
Green Jeremy;WOC Sprint Qualification-Men (MEN*Q:2);Republic of South Africa;931;0.88024;48,42,35,22,31,37,54,70,22,105,111,14,47,70,128,53,33,9;1.02083333333333,0.85,0.848571428571429,0.868181818181818,0.809677419354839,0.875675675675676,0.735185185185185,0.872857142857143,0.831818181818182,0.88952380952381,0.903603603603604,0.828571428571429,0.897872340425532,0.907142857142857,0.8640625,0.939622641509434,0.851515151515152,1.1;18;18
Bogya Tamas;WOC Sprint Qualification-Men (MEN*Q:2);Romania;938;0.87367;55,42,33,21,27,38,57,68,19,105,107,19,54,75,121,54,32,11;0.890909090909091,0.85,0.9,0.90952380952381,0.92962962962963,0.852631578947368,0.696491228070175,0.898529411764706,0.963157894736842,0.88952380952381,0.937383177570093,0.610526315789474,0.781481481481482,0.846666666666667,0.914049586776859,0.922222222222222,0.878125,0.9;18;18
Hribar Andraž;WOC Sprint Qualification-Men (MEN*Q:2);Slovenia;943;0.86903;51,38,34,22,27,39,45,70,20,108,121,12,48,74,132,59,33,10;0.96078431372549,0.939473684210526,0.873529411764706,0.868181818181818,0.92962962962963,0.830769230769231,0.882222222222222,0.872857142857143,0.915,0.864814814814815,0.828925619834711,0.966666666666667,0.879166666666667,0.858108108108108,0.837878787878788,0.844067796610169,0.851515151515152,0.99;18;18
Yi Zhihui;WOC Sprint Qualification-Men (MEN*Q:2);China;951;0.86172;57,41,31,20,26,36,43,65,36,127,115,14,46,80,124,53,27,10;0.859649122807018,0.870731707317073,0.958064516129032,0.955,0.965384615384615,0.9,0.923255813953488,0.94,0.508333333333333,0.735433070866142,0.872173913043478,0.828571428571429,0.917391304347826,0.79375,0.891935483870968,0.939622641509434,1.04074074074074,0.99;18;18
Teragauchi Wataru;WOC Sprint Qualification-Men (MEN*Q:2);Japan;958;0.85543;57,41,32,21,31,45,48,68,27,109,109,14,50,70,133,60,31,12;0.859649122807018,0.870731707317073,0.928125,0.90952380952381,0.809677419354839,0.72,0.827083333333333,0.898529411764706,0.677777777777778,0.856880733944954,0.920183486238532,0.828571428571429,0.844,0.907142857142857,0.831578947368421,0.83,0.906451612903226,0.825;18;18
Yip Gerald;WOC Sprint Qualification-Men (MEN*Q:2);Hong Kong;975;0.84051;55,41,33,23,28,41,43,68,23,109,150,18,48,71,127,57,30,10;0.890909090909091,0.870731707317073,0.9,0.830434782608696,0.896428571428571,0.790243902439024,0.923255813953488,0.898529411764706,0.795652173913044,0.856880733944954,0.668666666666667,0.644444444444444,0.879166666666667,0.894366197183099,0.870866141732283,0.873684210526316,0.936666666666667,0.99;18;18
Isciuc Ivan;WOC Sprint Qualification-Men (MEN*Q:2);Moldova;984;0.83283;54,38,31,21,45,38,46,69,25,111,139,15,46,73,127,60,33,13;0.907407407407407,0.939473684210526,0.958064516129032,0.90952380952381,0.557777777777778,0.852631578947368,0.86304347826087,0.885507246376812,0.732,0.841441441441442,0.72158273381295,0.773333333333333,0.917391304347826,0.86986301369863,0.870866141732283,0.83,0.851515151515152,0.761538461538462;18;18
Rengifo Robson Figueira;WOC Sprint Qualification-Men (MEN*Q:2);Brazil;1000;0.81950;57,43,34,20,32,47,49,74,22,151,111,14,50,71,130,53,31,11;0.859649122807018,0.830232558139535,0.873529411764706,0.955,0.784375,0.68936170212766,0.810204081632653,0.825675675675676,0.831818181818182,0.618543046357616,0.903603603603604,0.828571428571429,0.844,0.894366197183099,0.850769230769231,0.939622641509434,0.906451612903226,0.9;18;18
Barbone Giacomo;WOC Sprint Qualification-Men (MEN*Q:2);United States of America;1014;0.80819;70,38,31,22,27,38,51,70,24,117,130,19,56,77,140,64,28,12;0.7,0.939473684210526,0.958064516129032,0.868181818181818,0.92962962962963,0.852631578947368,0.77843137254902,0.872857142857143,0.7625,0.798290598290598,0.771538461538462,0.610526315789474,0.753571428571429,0.824675324675325,0.79,0.778125,1.00357142857143,0.825;18;18
Erdogan Musa;WOC Sprint Qualification-Men (MEN*Q:2);Turkey;1016;0.80659;60,45,34,23,30,38,51,78,25,111,121,21,73,71,133,62,29,11;0.816666666666667,0.793333333333333,0.873529411764706,0.830434782608696,0.836666666666667,0.852631578947368,0.77843137254902,0.783333333333333,0.732,0.841441441441442,0.828925619834711,0.552380952380952,0.578082191780822,0.894366197183099,0.831578947368421,0.803225806451613,0.968965517241379,0.9;18;18
Ri Kyong Sa;WOC Sprint Qualification-Men (MEN*Q:2);DPR Korea;1046;0.78346;64,45,36,23,30,42,51,82,22,124,126,13,60,81,139,63,34,11;0.765625,0.793333333333333,0.825,0.830434782608696,0.836666666666667,0.771428571428571,0.77843137254902,0.745121951219512,0.831818181818182,0.753225806451613,0.796031746031746,0.892307692307692,0.703333333333333,0.783950617283951,0.79568345323741,0.79047619047619,0.826470588235294,0.9;18;18
Buselli Francisco;WOC Sprint Qualification-Men (MEN*Q:2);Argentina;1055;0.77678;60,44,34,23,30,38,63,76,24,146,120,20,50,76,142,64,33,12;0.816666666666667,0.811363636363636,0.873529411764706,0.830434782608696,0.836666666666667,0.852631578947368,0.63015873015873,0.803947368421053,0.7625,0.63972602739726,0.835833333333333,0.58,0.844,0.835526315789474,0.77887323943662,0.778125,0.851515151515152,0.825;18;18
Liu Cheng-Hsun;WOC Sprint Qualification-Men (MEN*Q:2);Chinese Taipei;1104;0.74230;79,41,33,22,30,42,48,73,24,120,137,17,53,80,196,66,33,10;0.620253164556962,0.870731707317073,0.9,0.868181818181818,0.836666666666667,0.771428571428571,0.827083333333333,0.836986301369863,0.7625,0.778333333333333,0.732116788321168,0.682352941176471,0.79622641509434,0.79375,0.564285714285714,0.754545454545455,0.851515151515152,0.99;18;18
Heikoop Mark;WOC Sprint Qualification-Men (MEN*Q:2);Netherlands;1227;0.66789;61,50,41,28,35,46,58,91,31,140,153,17,67,97,174,78,43,17;0.80327868852459,0.714,0.724390243902439,0.682142857142857,0.717142857142857,0.704347826086956,0.68448275862069,0.671428571428571,0.590322580645161,0.667142857142857,0.655555555555556,0.682352941176471,0.629850746268657,0.654639175257732,0.635632183908046,0.638461538461538,0.653488372093023,0.582352941176471;18;18
Park Jong-Hyun;WOC Sprint Qualification-Men (MEN*Q:2);South Korea;1270;0.64528;63,54,40,26,34,48,67,92,29,151,187,25,66,92,176,73,35,12;0.777777777777778,0.661111111111111,0.7425,0.734615384615385,0.738235294117647,0.675,0.592537313432836,0.664130434782609,0.631034482758621,0.618543046357616,0.536363636363636,0.464,0.639393939393939,0.690217391304348,0.628409090909091,0.682191780821918,0.802857142857143,0.825;18;18
Ingham Lizzie;WOC Sprint Qualification-Women (WOMEN*Q:2);New Zealand;848;0.98871;53,42,14,29,70,21,105,121,13,53,74,137,57,13,34,12;1.08894878706199,0.996598639455782,1.11224489795918,1.02955665024631,1,1.03401360544218,1.00816326530612,0.946871310507674,1.03296703296703,0.962264150943396,0.988416988416988,0.94577685088634,0.992481203007519,1.06593406593407,0.941176470588235,0.976190476190476;16;16
Bagstevold Heidi Østlid;WOC Sprint Qualification-Women (WOMEN*Q:2);Norway;852;0.98407;61,43,17,31,68,24,106,113,16,48,74,131,58,14,34,14;0.946135831381733,0.973421926910299,0.915966386554622,0.963133640552995,1.02941176470588,0.904761904761905,0.998652291105121,1.01390644753477,0.839285714285714,1.0625,0.988416988416988,0.989094874591058,0.975369458128079,0.989795918367347,0.941176470588235,0.836734693877551;16;16
Crocker Alison;WOC Sprint Qualification-Women (WOMEN*Q:2);United States of America;853;0.98292;60,47,19,32,75,22,108,118,13,51,70,126,53,14,33,12;0.961904761904762,0.890577507598784,0.819548872180451,0.933035714285714,0.933333333333333,0.987012987012987,0.98015873015873,0.970944309927361,1.03296703296703,1,1.04489795918367,1.02834467120181,1.06738544474394,0.989795918367347,0.96969696969697,0.976190476190476;16;16
Eliasson Lena;WOC Sprint Qualification-Women (WOMEN*Q:2);Sweden;857;0.97833;57,40,15,30,69,22,105,110,13,69,76,129,59,15,35,13;1.0125313283208,1.04642857142857,1.03809523809524,0.995238095238095,1.01449275362319,0.987012987012987,1.00816326530612,1.04155844155844,1.03296703296703,0.739130434782609,0.962406015037594,1.00442967884828,0.958837772397094,0.923809523809524,0.914285714285714,0.901098901098901;16;16
Wyder Judith;WOC Sprint Qualification-Women (WOMEN*Q:2);Switzerland;858;0.97719;58,40,16,29,70,27,116,113,14,53,72,129,58,15,35,13;0.995073891625616,1.04642857142857,0.973214285714286,1.02955665024631,1,0.804232804232804,0.91256157635468,1.01390644753477,0.959183673469388,0.962264150943396,1.01587301587302,1.00442967884828,0.975369458128079,0.923809523809524,0.914285714285714,0.901098901098901;16;16
Hill Tessa;WOC Sprint Qualification-Women (WOMEN*Q:2);Great Britain;875;0.95820;63,46,16,32,75,22,112,117,15,55,73,135,56,14,32,12;0.91609977324263,0.909937888198758,0.973214285714286,0.933035714285714,0.933333333333333,0.987012987012987,0.94515306122449,0.979242979242979,0.895238095238095,0.927272727272727,1.00195694716243,0.95978835978836,1.01020408163265,0.989795918367347,1,0.976190476190476;16;16
Haajanen Sofia;WOC Sprint Qualification-Women (WOMEN*Q:2);Finland;892;0.93994;60,43,17,47,70,25,107,123,16,51,75,135,58,18,34,13;0.961904761904762,0.973421926910299,0.915966386554622,0.635258358662614,1,0.868571428571429,0.98931909212283,0.931475029036005,0.839285714285714,1,0.975238095238095,0.95978835978836,0.975369458128079,0.76984126984127,0.941176470588235,0.901098901098901;16;16
Dimitrova Nataliya;WOC Sprint Qualification-Women (WOMEN*Q:2);Bulgaria;894;0.93784;63,46,17,31,77,22,117,123,15,58,74,131,59,15,33,13;0.91609977324263,0.909937888198758,0.915966386554622,0.963133640552995,0.909090909090909,0.987012987012987,0.904761904761905,0.931475029036005,0.895238095238095,0.879310344827586,0.988416988416988,0.989094874591058,0.958837772397094,0.923809523809524,0.96969696969697,0.901098901098901;16;16
Tikhonova Anastasiya;WOC Sprint Qualification-Women (WOMEN*Q:2);Russia;895;0.93679;85,44,23,30,75,22,107,121,14,52,76,129,56,16,33,12;0.678991596638655,0.951298701298701,0.677018633540373,0.995238095238095,0.933333333333333,0.987012987012987,0.98931909212283,0.946871310507674,0.959183673469388,0.980769230769231,0.962406015037594,1.00442967884828,1.01020408163265,0.866071428571429,0.96969696969697,0.976190476190476;16;16
Lajn Daria;WOC Sprint Qualification-Women (WOMEN*Q:2);Poland;898;0.93366;61,48,17,30,72,26,116,119,14,57,77,140,60,14,34,13;0.946135831381733,0.872023809523809,0.915966386554622,0.995238095238095,0.972222222222222,0.835164835164835,0.91256157635468,0.962785114045618,0.959183673469388,0.894736842105263,0.949907235621521,0.925510204081633,0.942857142857143,0.989795918367347,0.941176470588235,0.901098901098901;16;16
Geypen Kim;WOC Sprint Qualification-Women (WOMEN*Q:2);Belgium;904;0.92747;62,43,16,44,72,22,103,122,16,55,98,132,60,18,29,12;0.930875576036866,0.973421926910299,0.973214285714286,0.678571428571429,0.972222222222222,0.987012987012987,1.02773925104022,0.939110070257611,0.839285714285714,0.927272727272727,0.746355685131195,0.981601731601732,0.942857142857143,0.76984126984127,1.10344827586207,0.976190476190476;16;16
Dodin Celine;WOC Sprint Qualification-Women (WOMEN*Q:2);France;905;0.92644;57,45,17,31,78,25,120,124,18,54,80,134,60,14,35,13;1.0125313283208,0.93015873015873,0.915966386554622,0.963133640552995,0.897435897435897,0.868571428571429,0.882142857142857,0.923963133640553,0.746031746031746,0.944444444444444,0.914285714285714,0.966950959488273,0.942857142857143,0.989795918367347,0.914285714285714,0.901098901098901;16;16
Kazlauskaite Inga;WOC Sprint Qualification-Women (WOMEN*Q:2);Lithuania;910;0.92135;63,46,18,32,79,26,117,130,13,55,77,132,58,18,34,12;0.91609977324263,0.909937888198758,0.865079365079365,0.933035714285714,0.886075949367089,0.835164835164835,0.904761904761905,0.881318681318681,1.03296703296703,0.927272727272727,0.949907235621521,0.981601731601732,0.975369458128079,0.76984126984127,0.941176470588235,0.976190476190476;16;16
Wang Yingwei;WOC Sprint Qualification-Women (WOMEN*Q:2);China;912;0.91933;67,48,18,42,80,23,112,118,15,55,78,138,60,15,31,12;0.861407249466951,0.872023809523809,0.865079365079365,0.710884353741497,0.875,0.944099378881988,0.94515306122449,0.970944309927361,0.895238095238095,0.927272727272727,0.937728937728938,0.938923395445135,0.942857142857143,0.923809523809524,1.03225806451613,0.976190476190476;16;16
Doetsch Esther;WOC Sprint Qualification-Women (WOMEN*Q:2);Germany;916;0.91532;60,46,16,31,74,22,118,130,15,57,81,145,60,15,33,13;0.961904761904762,0.909937888198758,0.973214285714286,0.963133640552995,0.945945945945946,0.987012987012987,0.897094430992736,0.881318681318681,0.895238095238095,0.894736842105263,0.90299823633157,0.893596059113301,0.942857142857143,0.923809523809524,0.96969696969697,0.901098901098901;16;16
Effeney Rachel;WOC Sprint Qualification-Women (WOMEN*Q:2);Australia;930;0.90154;61,47,18,30,76,25,121,127,20,56,80,137,63,18,38,13;0.946135831381733,0.890577507598784,0.865079365079365,0.995238095238095,0.921052631578947,0.868571428571429,0.874852420306966,0.902137232845894,0.671428571428571,0.910714285714286,0.914285714285714,0.94577685088634,0.897959183673469,0.76984126984127,0.842105263157895,0.901098901098901;16;16
Ramstein Laura;WOC Sprint Qualification-Women (WOMEN*Q:2);Austria;933;0.89864;64,58,17,31,81,24,119,128,15,52,80,142,64,14,33,11;0.901785714285714,0.721674876847291,0.915966386554622,0.963133640552995,0.864197530864197,0.904761904761905,0.889555822328932,0.895089285714286,0.895238095238095,0.980769230769231,0.914285714285714,0.912474849094567,0.883928571428571,0.989795918367347,0.96969696969697,1.06493506493506;16;16
Labašová Katarína;WOC Sprint Qualification-Women (WOMEN*Q:2);Slovakia;939;0.89290;63,42,19,31,71,21,154,113,19,58,80,133,69,17,36,13;0.91609977324263,0.996598639455782,0.819548872180451,0.963133640552995,0.985915492957746,1.03401360544218,0.687384044526902,1.01390644753477,0.706766917293233,0.879310344827586,0.914285714285714,0.97422126745435,0.819875776397516,0.815126050420168,0.888888888888889,0.901098901098901;16;16
Danylova Anastasiia;WOC Sprint Qualification-Women (WOMEN*Q:2);Ukraine;949;0.88349;67,49,17,32,78,23,120,127,14,63,94,141,63,16,34,11;0.861407249466951,0.854227405247813,0.915966386554622,0.933035714285714,0.897435897435897,0.944099378881988,0.882142857142857,0.902137232845894,0.959183673469388,0.80952380952381,0.778115501519757,0.918946301925025,0.897959183673469,0.866071428571429,0.941176470588235,1.06493506493506;16;16
Scalet Carlotta;WOC Sprint Qualification-Women (WOMEN*Q:2);Italy;958;0.87519;59,54,18,51,80,28,122,129,15,54,82,140,60,17,35,14;0.978208232445521,0.775132275132275,0.865079365079365,0.585434173669468,0.875,0.775510204081633,0.86768149882904,0.888150609080842,0.895238095238095,0.944444444444444,0.89198606271777,0.925510204081633,0.942857142857143,0.815126050420168,0.914285714285714,0.836734693877551;16;16
Bochenková Ivana;WOC Sprint Qualification-Women (WOMEN*Q:2);Czech Republic;964;0.86974;63,45,16,32,74,25,125,132,14,72,84,154,62,19,34,13;0.91609977324263,0.93015873015873,0.973214285714286,0.933035714285714,0.945945945945946,0.868571428571429,0.846857142857143,0.867965367965368,0.959183673469388,0.708333333333333,0.870748299319728,0.841372912801484,0.912442396313364,0.729323308270677,0.941176470588235,0.901098901098901;16;16
Johanson Liis;WOC Sprint Qualification-Women (WOMEN*Q:2);Estonia;968;0.86615;74,47,16,36,76,25,122,157,16,50,79,140,59,22,37,12;0.77992277992278,0.890577507598784,0.973214285714286,0.829365079365079,0.921052631578947,0.868571428571429,0.86768149882904,0.72975432211101,0.839285714285714,1.02,0.925858951175407,0.925510204081633,0.958837772397094,0.62987012987013,0.864864864864865,0.976190476190476;16;16
Kano Naoko;WOC Sprint Qualification-Women (WOMEN*Q:2);Japan;994;0.84349;69,52,23,48,81,24,128,133,16,59,81,150,65,16,37,12;0.836438923395445,0.804945054945055,0.677018633540373,0.62202380952381,0.864197530864197,0.904761904761905,0.827008928571429,0.861439312567132,0.839285714285714,0.864406779661017,0.90299823633157,0.863809523809524,0.87032967032967,0.866071428571429,0.864864864864865,0.976190476190476;16;16
Pasturiza Miriam;WOC Sprint Qualification-Women (WOMEN*Q:2);Brazil;1105;0.75876;81,50,18,38,88,28,141,192,15,59,87,167,75,16,37,13;0.712522045855379,0.837142857142857,0.865079365079365,0.785714285714286,0.795454545454545,0.775510204081633,0.750759878419453,0.59672619047619,0.895238095238095,0.864406779661017,0.84072249589491,0.775876817792986,0.754285714285714,0.866071428571429,0.864864864864865,0.901098901098901;16;16
Yurok Irina;WOC Sprint Qualification-Women (WOMEN*Q:2);Belorussia;1129;0.74263;80,61,18,37,86,26,150,171,26,73,105,162,66,16,38,14;0.721428571428571,0.686182669789227,0.865079365079365,0.806949806949807,0.813953488372093,0.835164835164835,0.705714285714286,0.67000835421888,0.516483516483517,0.698630136986301,0.696598639455782,0.799823633156967,0.857142857142857,0.866071428571429,0.842105263157895,0.836734693877551;16;16
Yu Tsz Ying;WOC Sprint Qualification-Women (WOMEN*Q:2);Hong Kong;1151;0.72843;70,54,18,52,87,28,153,165,22,74,99,185,74,20,38,12;0.824489795918367,0.775132275132275,0.865079365079365,0.574175824175824,0.804597701149425,0.775510204081633,0.69187675070028,0.694372294372294,0.61038961038961,0.689189189189189,0.738816738816739,0.7003861003861,0.764478764478765,0.692857142857143,0.842105263157895,0.976190476190476;16;16
Uzen Sengul;WOC Sprint Qualification-Women (WOMEN*Q:2);Turkey;1269;0.66070;71,59,33,87,102,28,154,177,23,78,105,190,81,22,44,15;0.812877263581489,0.709443099273608,0.471861471861472,0.343185550082102,0.686274509803922,0.775510204081633,0.687384044526902,0.64729620661824,0.583850931677019,0.653846153846154,0.696598639455782,0.681954887218045,0.698412698412698,0.62987012987013,0.727272727272727,0.780952380952381;16;16
Karadimou Georgia;WOC Sprint Qualification-Women (WOMEN*Q:2);Greece;2299;0.36469;122,91,260,62,153,35,277,416,35,120,152,369,104,30,54,19;0.473067915690867,0.459968602825746,0.0598901098901099,0.481566820276498,0.457516339869281,0.620408163265306,0.382155750386797,0.275412087912088,0.383673469387755,0.425,0.481203007518797,0.3511420828494,0.543956043956044,0.461904761904762,0.592592592592593,0.616541353383459;16;16
Tranchand Frederic;WOC Sprint Qualification-Men (MEN*Q:3);France;801;0.99945;42,38,28,19,50,42,63,18,93,97,58,58,17,95,43,30,10;0.968253968253968,0.988304093567251,1.04365079365079,0.988304093567251,0.866666666666667,1.05026455026455,0.961199294532628,1.02469135802469,0.971326164874552,1.01718213058419,1.06896551724138,1.0727969348659,0.993464052287582,0.969590643274854,1.03617571059432,1.04444444444444,0.977777777777778;17;17
Hansen Rasmus Thrane;WOC Sprint Qualification-Men (MEN*Q:3);Denmark;804;0.99572;41,37,29,19,44,44,61,20,92,99,63,62,18,88,45,32,10;0.991869918699187,1.01501501501502,1.00766283524904,0.988304093567251,0.984848484848485,1.00252525252525,0.992714025500911,0.922222222222222,0.981884057971014,0.996632996632997,0.984126984126984,1.00358422939068,0.938271604938272,1.04671717171717,0.990123456790123,0.979166666666667,0.977777777777778;17;17
Khramov Andrey;WOC Sprint Qualification-Men (MEN*Q:3);Russia;807;0.99201;40,38,30,18,46,45,63,20,88,101,63,61,18,91,43,31,11;1.01666666666667,0.988304093567251,0.974074074074074,1.04320987654321,0.942028985507246,0.980246913580247,0.961199294532628,0.922222222222222,1.02651515151515,0.976897689768977,0.984126984126984,1.0200364298725,0.938271604938272,1.01221001221001,1.03617571059432,1.01075268817204,0.888888888888889;17;17
Müller Matthias;WOC Sprint Qualification-Men (MEN*Q:3);Switzerland;818;0.97867;41,39,31,18,43,44,60,19,89,106,62,63,17,93,45,35,13;0.991869918699187,0.962962962962963,0.942652329749104,1.04320987654321,1.0077519379845,1.00252525252525,1.00925925925926,0.970760233918129,1.01498127340824,0.930817610062893,1,0.987654320987654,0.993464052287582,0.990442054958184,0.990123456790123,0.895238095238095,0.752136752136752;17;17
Lenkei Zsolt;WOC Sprint Qualification-Men (MEN*Q:3);Hungary;823;0.97273;44,41,31,19,43,45,61,18,88,99,66,64,16,99,44,34,11;0.924242424242424,0.915989159891599,0.942652329749104,0.988304093567251,1.0077519379845,0.980246913580247,0.992714025500911,1.02469135802469,1.02651515151515,0.996632996632997,0.939393939393939,0.972222222222222,1.05555555555556,0.930415263748597,1.01262626262626,0.92156862745098,0.888888888888889;17;17
Martinez Antonio;WOC Sprint Qualification-Men (MEN*Q:3);Spain;827;0.96802;41,38,28,19,45,44,62,21,99,101,69,63,17,92,45,32,11;0.991869918699187,0.988304093567251,1.04365079365079,0.988304093567251,0.962962962962963,1.00252525252525,0.976702508960574,0.878306878306878,0.912457912457912,0.976897689768977,0.898550724637681,0.987654320987654,0.993464052287582,1.0012077294686,0.990123456790123,0.979166666666667,0.888888888888889;17;17
Holmberg Anders;WOC Sprint Qualification-Men (MEN*Q:3);Sweden;830;0.96452;39,39,29,20,44,44,61,20,88,97,70,64,18,99,47,40,11;1.04273504273504,0.962962962962963,1.00766283524904,0.938888888888889,0.984848484848485,1.00252525252525,0.992714025500911,0.922222222222222,1.02651515151515,1.01718213058419,0.885714285714286,0.972222222222222,0.938271604938272,0.930415263748597,0.947990543735225,0.783333333333333,0.888888888888889;17;17
Aleliunas Vilius;WOC Sprint Qualification-Men (MEN*Q:3);Lithuania;831;0.96336;41,36,31,19,44,45,62,19,99,98,70,63,19,93,49,32,11;0.991869918699187,1.04320987654321,0.942652329749104,0.988304093567251,0.984848484848485,0.980246913580247,0.976702508960574,0.970760233918129,0.912457912457912,1.00680272108844,0.885714285714286,0.987654320987654,0.888888888888889,0.990442054958184,0.909297052154195,0.979166666666667,0.888888888888889;17;17
Král Vojtech;WOC Sprint Qualification-Men (MEN*Q:3);Czech Republic;833;0.96105;42,40,31,19,44,46,62,19,96,103,63,64,19,93,49,33,10;0.968253968253968,0.938888888888889,0.942652329749104,0.988304093567251,0.984848484848485,0.958937198067633,0.976702508960574,0.970760233918129,0.940972222222222,0.957928802588997,0.984126984126984,0.972222222222222,0.888888888888889,0.990442054958184,0.909297052154195,0.94949494949495,0.977777777777778;17;17
Nikolov Kiril;WOC Sprint Qualification-Men (MEN*Q:3);Bulgaria;834;0.95990;42,39,30,20,44,45,60,20,94,98,70,64,18,99,47,32,12;0.968253968253968,0.962962962962963,0.974074074074074,0.938888888888889,0.984848484848485,0.980246913580247,1.00925925925926,0.922222222222222,0.960992907801418,1.00680272108844,0.885714285714286,0.972222222222222,0.938271604938272,0.930415263748597,0.947990543735225,0.979166666666667,0.814814814814815;17;17
Crone Michael;WOC Sprint Qualification-Men (MEN*Q:3);Republic of South Africa;836;0.95760;41,37,30,20,46,45,64,18,96,102,71,65,17,95,47,33,9;0.991869918699187,1.01501501501502,0.974074074074074,0.938888888888889,0.942028985507246,0.980246913580247,0.946180555555556,1.02469135802469,0.940972222222222,0.967320261437909,0.873239436619718,0.957264957264957,0.993464052287582,0.969590643274854,0.947990543735225,0.94949494949495,1.08641975308642;17;17
Kowalski Wojciech;WOC Sprint Qualification-Men (MEN*Q:3);Poland;836;0.95760;43,40,30,19,44,47,64,20,97,101,60,65,17,101,47,31,10;0.945736434108527,0.938888888888889,0.974074074074074,0.988304093567251,0.984848484848485,0.938534278959811,0.946180555555556,0.922222222222222,0.93127147766323,0.976897689768977,1.03333333333333,0.957264957264957,0.993464052287582,0.911991199119912,0.947990543735225,1.01075268817204,0.977777777777778;17;17
Lubina Alexander;WOC Sprint Qualification-Men (MEN*Q:3);Germany;841;0.95191;42,40,31,20,45,46,61,18,97,102,69,66,17,97,46,34,10;0.968253968253968,0.938888888888889,0.942652329749104,0.938888888888889,0.962962962962963,0.958937198067633,0.992714025500911,1.02469135802469,0.93127147766323,0.967320261437909,0.898550724637681,0.942760942760943,0.993464052287582,0.949599083619702,0.968599033816425,0.92156862745098,0.977777777777778;17;17
Morrison Ross;WOC Sprint Qualification-Men (MEN*Q:3);New Zealand;842;0.95078;41,39,30,21,44,46,62,21,97,102,68,66,19,95,47,33,11;0.991869918699187,0.962962962962963,0.974074074074074,0.894179894179894,0.984848484848485,0.958937198067633,0.976702508960574,0.878306878306878,0.93127147766323,0.967320261437909,0.911764705882353,0.942760942760943,0.888888888888889,0.969590643274854,0.947990543735225,0.94949494949495,0.888888888888889;17;17
Brickhill-Jones David;WOC Sprint Qualification-Men (MEN*Q:3);Australia;843;0.94965;41,38,30,19,44,47,62,19,94,105,63,62,20,104,53,31,11;0.991869918699187,0.988304093567251,0.974074074074074,0.988304093567251,0.984848484848485,0.938534278959811,0.976702508960574,0.970760233918129,0.960992907801418,0.93968253968254,0.984126984126984,1.00358422939068,0.844444444444444,0.885683760683761,0.840670859538784,1.01075268817204,0.888888888888889;17;17
Østerbø Øystein Kvaal;WOC Sprint Qualification-Men (MEN*Q:3);Norway;844;0.94853;44,42,31,20,41,48,63,18,99,100,63,66,17,100,47,34,11;0.924242424242424,0.894179894179894,0.942652329749104,0.938888888888889,1.05691056910569,0.918981481481482,0.961199294532628,1.02469135802469,0.912457912457912,0.986666666666667,0.984126984126984,0.942760942760943,0.993464052287582,0.921111111111111,0.947990543735225,0.92156862745098,0.888888888888889;17;17
Gremmel Helmut;WOC Sprint Qualification-Men (MEN*Q:3);Austria;845;0.94740;44,39,32,20,46,48,65,20,92,106,63,66,17,94,50,32,11;0.924242424242424,0.962962962962963,0.913194444444444,0.938888888888889,0.942028985507246,0.918981481481482,0.931623931623932,0.922222222222222,0.981884057971014,0.930817610062893,0.984126984126984,0.942760942760943,0.993464052287582,0.979905437352246,0.891111111111111,0.979166666666667,0.888888888888889;17;17
Portin Fredric;WOC Sprint Qualification-Men (MEN*Q:3);Finland;845;0.94740;44,39,29,20,43,49,60,21,90,99,77,65,17,99,47,33,13;0.924242424242424,0.962962962962963,1.00766283524904,0.938888888888889,1.0077519379845,0.900226757369615,1.00925925925926,0.878306878306878,1.0037037037037,0.996632996632997,0.805194805194805,0.957264957264957,0.993464052287582,0.930415263748597,0.947990543735225,0.94949494949495,0.752136752136752;17;17
Speake Matthew;WOC Sprint Qualification-Men (MEN*Q:3);Great Britain;851;0.94072;47,42,32,21,55,48,61,19,93,101,65,73,17,90,44,31,12;0.865248226950355,0.894179894179894,0.913194444444444,0.894179894179894,0.787878787878788,0.918981481481482,0.992714025500911,0.970760233918129,0.971326164874552,0.976897689768977,0.953846153846154,0.852359208523592,0.993464052287582,1.02345679012346,1.01262626262626,1.01075268817204,0.814814814814815;17;17
Critchley Will;WOC Sprint Qualification-Men (MEN*Q:3);Canada;868;0.92230;44,39,32,21,45,44,65,20,105,103,66,67,20,107,48,32,10;0.924242424242424,0.962962962962963,0.913194444444444,0.894179894179894,0.962962962962963,1.00252525252525,0.931623931623932,0.922222222222222,0.86031746031746,0.957928802588997,0.939393939393939,0.928689883913765,0.844444444444444,0.860851505711319,0.928240740740741,0.979166666666667,0.977777777777778;17;17
Miguel Diogo;WOC Sprint Qualification-Men (MEN*Q:3);Portugal;873;0.91702;42,39,31,20,58,48,63,19,96,104,75,64,17,103,50,33,11;0.968253968253968,0.962962962962963,0.942652329749104,0.938888888888889,0.747126436781609,0.918981481481482,0.961199294532628,0.970760233918129,0.940972222222222,0.948717948717949,0.826666666666667,0.972222222222222,0.993464052287582,0.89428263214671,0.891111111111111,0.94949494949495,0.888888888888889;17;17
Ryzhkov Sergei;WOC Sprint Qualification-Men (MEN*Q:3);Belorussia;874;0.91597;41,38,30,19,45,47,60,21,102,106,78,66,19,101,57,33,11;0.991869918699187,0.988304093567251,0.974074074074074,0.988304093567251,0.962962962962963,0.938534278959811,1.00925925925926,0.878306878306878,0.88562091503268,0.930817610062893,0.794871794871795,0.942760942760943,0.888888888888889,0.911991199119912,0.781676413255361,0.94949494949495,0.888888888888889;17;17
Ringer Štefan;WOC Sprint Qualification-Men (MEN*Q:3);Slovakia;876;0.91388;45,40,32,21,46,47,66,19,106,107,66,68,18,97,47,40,11;0.903703703703704,0.938888888888889,0.913194444444444,0.894179894179894,0.942028985507246,0.938534278959811,0.917508417508417,0.970760233918129,0.852201257861635,0.922118380062305,0.939393939393939,0.915032679738562,0.938271604938272,0.949599083619702,0.947990543735225,0.783333333333333,0.888888888888889;17;17
Shcherbakov Denys;WOC Sprint Qualification-Men (MEN*Q:3);Ukraine;886;0.90356;46,43,33,20,47,48,64,19,101,122,65,67,18,102,48,32,11;0.884057971014493,0.873385012919897,0.885521885521885,0.938888888888889,0.921985815602837,0.918981481481482,0.946180555555556,0.970760233918129,0.894389438943894,0.808743169398907,0.953846153846154,0.928689883913765,0.938271604938272,0.903050108932462,0.928240740740741,0.979166666666667,0.888888888888889;17;17
Suciu Simion;WOC Sprint Qualification-Men (MEN*Q:3);Romania;887;0.90254;43,39,31,20,47,64,68,19,99,105,70,68,19,103,46,34,12;0.945736434108527,0.962962962962963,0.942652329749104,0.938888888888889,0.921985815602837,0.689236111111111,0.890522875816994,0.970760233918129,0.912457912457912,0.93968253968254,0.885714285714286,0.915032679738562,0.888888888888889,0.89428263214671,0.968599033816425,0.92156862745098,0.814814814814815;17;17
Tenani Alessio;WOC Sprint Qualification-Men (MEN*Q:3);Italy;888;0.90153;43,41,31,20,45,47,61,19,102,108,70,71,20,109,51,37,13;0.945736434108527,0.915989159891599,0.942652329749104,0.938888888888889,0.962962962962963,0.938534278959811,0.992714025500911,0.970760233918129,0.88562091503268,0.91358024691358,0.885714285714286,0.876369327073552,0.844444444444444,0.845056065239551,0.87363834422658,0.846846846846847,0.752136752136752;17;17
Kacmaz Ahmet;WOC Sprint Qualification-Men (MEN*Q:3);Turkey;911;0.87877;46,40,33,21,48,62,71,20,113,110,66,64,19,101,52,36,9;0.884057971014493,0.938888888888889,0.885521885521885,0.894179894179894,0.902777777777778,0.711469534050179,0.852895148669797,0.922222222222222,0.799410029498525,0.896969696969697,0.939393939393939,0.972222222222222,0.888888888888889,0.911991199119912,0.856837606837607,0.87037037037037,1.08641975308642;17;17
Tschopp Marcel;WOC Sprint Qualification-Men (MEN*Q:3);Liechtenstein;917;0.87302;45,46,34,21,52,48,70,20,118,108,70,70,17,104,49,33,12;0.903703703703704,0.816425120772947,0.859477124183006,0.894179894179894,0.833333333333333,0.918981481481482,0.865079365079365,0.922222222222222,0.765536723163842,0.91358024691358,0.885714285714286,0.888888888888889,0.993464052287582,0.885683760683761,0.909297052154195,0.94949494949495,0.814814814814815;17;17
Hill Colm;WOC Sprint Qualification-Men (MEN*Q:3);Ireland;923;0.86734;47,42,33,21,53,47,68,20,107,106,86,69,19,108,50,37,10;0.865248226950355,0.894179894179894,0.885521885521885,0.894179894179894,0.817610062893082,0.938534278959811,0.890522875816994,0.922222222222222,0.844236760124611,0.930817610062893,0.720930232558139,0.901771336553945,0.888888888888889,0.852880658436214,0.891111111111111,0.846846846846847,0.977777777777778;17;17
Lai Jiewei;WOC Sprint Qualification-Men (MEN*Q:3);China;929;0.86174;45,40,32,21,48,47,80,21,97,107,72,68,18,109,48,66,10;0.903703703703704,0.938888888888889,0.913194444444444,0.894179894179894,0.902777777777778,0.938534278959811,0.756944444444444,0.878306878306878,0.93127147766323,0.922118380062305,0.861111111111111,0.915032679738562,0.938271604938272,0.845056065239551,0.928240740740741,0.474747474747475,0.977777777777778;17;17
Naganawa Tomoaki;WOC Sprint Qualification-Men (MEN*Q:3);Japan;930;0.86081;45,41,32,20,65,49,66,20,107,113,78,71,19,101,53,39,11;0.903703703703704,0.915989159891599,0.913194444444444,0.938888888888889,0.666666666666667,0.900226757369615,0.917508417508417,0.922222222222222,0.844236760124611,0.873156342182891,0.794871794871795,0.876369327073552,0.888888888888889,0.911991199119912,0.840670859538784,0.803418803418803,0.888888888888889;17;17
Goubau Johan;WOC Sprint Qualification-Men (MEN*Q:3);Belgium;1023;0.78256;43,38,31,20,48,48,68,19,107,111,72,72,18,221,54,40,13;0.945736434108527,0.988304093567251,0.942652329749104,0.938888888888889,0.902777777777778,0.918981481481482,0.890522875816994,0.970760233918129,0.844236760124611,0.888888888888889,0.861111111111111,0.864197530864197,0.938271604938272,0.416792357968829,0.825102880658436,0.783333333333333,0.752136752136752;17;17
Tang Chun Kit;WOC Sprint Qualification-Men (MEN*Q:3);Hong Kong;1089;0.73513;48,42,38,23,56,57,76,21,195,124,75,76,21,121,64,39,13;0.847222222222222,0.894179894179894,0.769005847953216,0.816425120772947,0.773809523809524,0.773879142300195,0.796783625730994,0.878306878306878,0.463247863247863,0.795698924731183,0.826666666666667,0.818713450292398,0.804232804232804,0.761248852157943,0.696180555555556,0.803418803418803,0.752136752136752;17;17
Yu Chieh-Lin;WOC Sprint Qualification-Men (MEN*Q:3);Chinese Taipei;1095;0.73110;50,46,38,24,79,58,81,23,134,137,85,83,24,122,64,37,10;0.813333333333333,0.816425120772947,0.769005847953216,0.782407407407407,0.548523206751055,0.760536398467433,0.747599451303155,0.801932367149758,0.674129353233831,0.720194647201946,0.729411764705882,0.749665327978581,0.703703703703704,0.755009107468124,0.696180555555556,0.846846846846847,0.977777777777778;17;17
Van De Riet Gerrit;WOC Sprint Qualification-Men (MEN*Q:3);Netherlands;1125;0.71160;56,54,40,26,58,60,83,24,130,136,98,84,22,135,64,43,12;0.726190476190476,0.695473251028807,0.730555555555556,0.722222222222222,0.747126436781609,0.735185185185185,0.72958500669344,0.768518518518518,0.694871794871795,0.725490196078431,0.63265306122449,0.740740740740741,0.767676767676768,0.682304526748971,0.696180555555556,0.728682170542636,0.814814814814815;17;17
Vavilchenkov Vasilii;WOC Sprint Qualification-Men (MEN*Q:3);Kyrgyzstan;2900;0.27605;225,47,40,25,92,249,79,478,151,147,103,74,21,738,348,66,17;0.180740740740741,0.799054373522459,0.730555555555556,0.751111111111111,0.471014492753623,0.177153056671129,0.766526019690577,0.0385867038586704,0.598233995584989,0.671201814058957,0.601941747572815,0.840840840840841,0.804232804232804,0.124811803673592,0.128033205619413,0.474747474747475,0.575163398692811;17;17
Billstam Annika;WOC Sprint Qualification-Women (WOMEN*Q:3);Sweden;812;1.00724;49,44,25,35,81,20,105,110,75,43,19,109,54,31,12;1.02551020408163,1.02272727272727,1.03,1.04642857142857,0.890432098765432,1.05,1.01071428571429,1.0375,1.01833333333333,1,1.01315789473684,1.01032110091743,1.01157407407407,1.0241935483871,0.979166666666667;15;15
Jahren Silje Ekroll;WOC Sprint Qualification-Women (WOMEN*Q:3);Norway;828;0.98777;52,48,26,40,77,22,99,121,78,43,19,106,54,29,14;0.966346153846154,0.9375,0.990384615384615,0.915625,0.936688311688312,0.954545454545455,1.0719696969697,0.943181818181818,0.979166666666667,1,1.01315789473684,1.03891509433962,1.01157407407407,1.0948275862069,0.839285714285714;15;15
Mironova Svetlana;WOC Sprint Qualification-Women (WOMEN*Q:3);Russia;836;0.97832;52,44,27,37,70,28,102,129,74,42,22,110,54,33,12;0.966346153846154,1.02272727272727,0.953703703703704,0.989864864864865,1.03035714285714,0.75,1.04044117647059,0.88468992248062,1.03209459459459,1.02380952380952,0.875,1.00113636363636,1.01157407407407,0.962121212121212,0.979166666666667;15;15
Friederich Rahel;WOC Sprint Qualification-Women (WOMEN*Q:3);Switzerland;844;0.96905;51,45,24,36,72,21,123,115,76,42,19,120,54,34,12;0.985294117647059,1,1.07291666666667,1.01736111111111,1.00173611111111,1,0.86280487804878,0.992391304347826,1.00493421052632,1.02380952380952,1.01315789473684,0.917708333333333,1.01157407407407,0.933823529411765,0.979166666666667;15;15
Szerencsi Ildiko;WOC Sprint Qualification-Women (WOMEN*Q:3);Hungary;844;0.96905;48,45,26,37,71,21,111,125,77,44,19,117,58,33,12;1.046875,1,0.990384615384615,0.989864864864865,1.01584507042254,1,0.956081081081081,0.913,0.991883116883117,0.977272727272727,1.01315789473684,0.941239316239316,0.941810344827586,0.962121212121212,0.979166666666667;15;15
Wisniewska Hanna;WOC Sprint Qualification-Women (WOMEN*Q:3);Poland;852;0.95995;51,46,30,39,72,23,117,113,78,43,21,113,55,37,14;0.985294117647059,0.978260869565217,0.858333333333333,0.939102564102564,1.00173611111111,0.91304347826087,0.907051282051282,1.00995575221239,0.979166666666667,1,0.916666666666667,0.974557522123894,0.993181818181818,0.858108108108108,0.839285714285714;15;15
Taylor Catherine;WOC Sprint Qualification-Women (WOMEN*Q:3);Great Britain;853;0.95882;53,46,27,37,75,23,108,115,80,45,21,113,59,37,14;0.94811320754717,0.978260869565217,0.953703703703704,0.989864864864865,0.961666666666667,0.91304347826087,0.982638888888889,0.992391304347826,0.9546875,0.955555555555556,0.916666666666667,0.974557522123894,0.925847457627119,0.858108108108108,0.839285714285714;15;15
Alm Maja;WOC Sprint Qualification-Women (WOMEN*Q:3);Denmark;855;0.95658;54,47,28,37,74,22,115,113,80,45,19,115,57,35,14;0.930555555555556,0.957446808510638,0.919642857142857,0.989864864864865,0.974662162162162,0.954545454545455,0.922826086956522,1.00995575221239,0.9546875,0.955555555555556,1.01315789473684,0.957608695652174,0.958333333333333,0.907142857142857,0.839285714285714;15;15
Duchová Iveta;WOC Sprint Qualification-Women (WOMEN*Q:3);Czech Republic;855;0.95658;48,49,28,37,78,21,116,117,79,45,20,113,57,35,12;1.046875,0.918367346938776,0.919642857142857,0.989864864864865,0.924679487179487,1,0.914870689655172,0.97542735042735,0.966772151898734,0.955555555555556,0.9625,0.974557522123894,0.958333333333333,0.907142857142857,0.979166666666667;15;15
Kadan Ursula;WOC Sprint Qualification-Women (WOMEN*Q:3);Austria;856;0.95546;54,48,27,38,77,22,116,118,80,47,22,110,54,32,11;0.930555555555556,0.9375,0.953703703703704,0.963815789473684,0.936688311688312,0.954545454545455,0.914870689655172,0.967161016949153,0.9546875,0.914893617021277,0.875,1.00113636363636,1.01157407407407,0.9921875,1.06818181818182;15;15
Teini Marika;WOC Sprint Qualification-Women (WOMEN*Q:3);Finland;860;0.95102;52,49,27,37,77,23,104,118,82,47,21,119,56,35,13;0.966346153846154,0.918367346938776,0.953703703703704,0.989864864864865,0.936688311688312,0.91304347826087,1.02043269230769,0.967161016949153,0.93140243902439,0.914893617021277,0.916666666666667,0.925420168067227,0.975446428571429,0.907142857142857,0.903846153846154;15;15
Rihma Annika;WOC Sprint Qualification-Women (WOMEN*Q:3);Estonia;861;0.94991;52,47,26,53,77,24,110,120,76,43,19,111,57,34,12;0.966346153846154,0.957446808510638,0.990384615384615,0.691037735849057,0.936688311688312,0.875,0.964772727272727,0.951041666666667,1.00493421052632,1,1.01315789473684,0.992117117117117,0.958333333333333,0.933823529411765,0.979166666666667;15;15
Chataing Amélie;WOC Sprint Qualification-Women (WOMEN*Q:3);France;863;0.94771;52,49,26,40,77,23,110,119,81,44,20,120,57,34,11;0.966346153846154,0.918367346938776,0.990384615384615,0.915625,0.936688311688312,0.91304347826087,0.964772727272727,0.959033613445378,0.942901234567901,0.977272727272727,0.9625,0.917708333333333,0.958333333333333,0.933823529411765,1.06818181818182;15;15
Hao Shuangyan;WOC Sprint Qualification-Women (WOMEN*Q:3);China;868;0.94225;67,43,30,39,71,22,129,113,77,44,21,109,59,32,12;0.75,1.04651162790698,0.858333333333333,0.939102564102564,1.01584507042254,0.954545454545455,0.822674418604651,1.00995575221239,0.991883116883117,0.977272727272727,0.916666666666667,1.01032110091743,0.925847457627119,0.9921875,0.979166666666667;15;15
Kutkaite Ausrine;WOC Sprint Qualification-Women (WOMEN*Q:3);Lithuania;876;0.93365;52,47,29,40,74,19,115,117,94,47,23,119,56,32,12;0.966346153846154,0.957446808510638,0.887931034482759,0.915625,0.974662162162162,1.10526315789474,0.922826086956522,0.97542735042735,0.8125,0.914893617021277,0.83695652173913,0.925420168067227,0.975446428571429,0.9921875,0.979166666666667;15;15
Saeger Samantha;WOC Sprint Qualification-Women (WOMEN*Q:3);United States of America;881;0.92835;55,47,27,39,74,25,119,120,82,47,21,120,58,33,14;0.913636363636364,0.957446808510638,0.953703703703704,0.939102564102564,0.974662162162162,0.84,0.891806722689076,0.951041666666667,0.93140243902439,0.914893617021277,0.916666666666667,0.917708333333333,0.941810344827586,0.962121212121212,0.839285714285714;15;15
Fabré Miek;WOC Sprint Qualification-Women (WOMEN*Q:3);Belgium;883;0.92625;55,49,33,38,75,23,120,117,81,46,20,122,59,33,12;0.913636363636364,0.918367346938776,0.78030303030303,0.963815789473684,0.961666666666667,0.91304347826087,0.884375,0.97542735042735,0.942901234567901,0.934782608695652,0.9625,0.902663934426229,0.925847457627119,0.962121212121212,0.979166666666667;15;15
Dambe Inga;WOC Sprint Qualification-Women (WOMEN*Q:3);Latvia;884;0.92520;53,47,29,39,73,30,121,122,78,44,21,122,58,34,13;0.94811320754717,0.957446808510638,0.887931034482759,0.939102564102564,0.988013698630137,0.7,0.877066115702479,0.935450819672131,0.979166666666667,0.977272727272727,0.916666666666667,0.902663934426229,0.941810344827586,0.933823529411765,0.903846153846154;15;15
Shandurkova Iliana;WOC Sprint Qualification-Women (WOMEN*Q:3);Bulgaria;904;0.90473;52,54,26,38,77,24,120,127,83,47,21,127,58,37,13;0.966346153846154,0.833333333333333,0.990384615384615,0.963815789473684,0.936688311688312,0.875,0.884375,0.898622047244094,0.920180722891566,0.914893617021277,0.916666666666667,0.867125984251969,0.941810344827586,0.858108108108108,0.903846153846154;15;15
Perramon Ona Rafols;WOC Sprint Qualification-Women (WOMEN*Q:3);Spain;912;0.89679;58,50,28,39,79,24,121,123,86,49,20,128,60,34,13;0.866379310344828,0.9,0.919642857142857,0.939102564102564,0.912974683544304,0.875,0.877066115702479,0.927845528455285,0.888081395348837,0.877551020408163,0.9625,0.8603515625,0.910416666666667,0.933823529411765,0.903846153846154;15;15
Simpson Angela;WOC Sprint Qualification-Women (WOMEN*Q:3);New Zealand;918;0.89093;55,48,28,41,76,23,130,126,84,48,20,127,63,36,13;0.913636363636364,0.9375,0.919642857142857,0.893292682926829,0.949013157894737,0.91304347826087,0.816346153846154,0.905753968253968,0.90922619047619,0.895833333333333,0.9625,0.867125984251969,0.867063492063492,0.881944444444444,0.903846153846154;15;15
Rieznychenko Olga;WOC Sprint Qualification-Women (WOMEN*Q:3);Ukraine;920;0.88899;56,53,33,40,79,23,132,118,83,44,21,138,56,32,12;0.897321428571429,0.849056603773585,0.78030303030303,0.915625,0.912974683544304,0.91304347826087,0.803977272727273,0.967161016949153,0.920180722891566,0.977272727272727,0.916666666666667,0.798007246376812,0.975446428571429,0.9921875,0.979166666666667;15;15
Kirchlechner Christine;WOC Sprint Qualification-Women (WOMEN*Q:3);Italy;960;0.85195;54,52,27,38,113,22,137,126,84,46,21,116,73,37,14;0.930555555555556,0.865384615384615,0.953703703703704,0.963815789473684,0.638274336283186,0.954545454545455,0.77463503649635,0.905753968253968,0.90922619047619,0.934782608695652,0.916666666666667,0.949353448275862,0.748287671232877,0.858108108108108,0.839285714285714;15;15
Hussey Rosalind;WOC Sprint Qualification-Women (WOMEN*Q:3);Ireland;970;0.84317;51,49,31,53,78,25,122,141,86,49,22,158,59,34,12;0.985294117647059,0.918367346938776,0.830645161290323,0.691037735849057,0.924679487179487,0.84,0.869877049180328,0.809397163120567,0.888081395348837,0.877551020408163,0.875,0.696993670886076,0.925847457627119,0.933823529411765,0.979166666666667;15;15
Anderson Bridget;WOC Sprint Qualification-Women (WOMEN*Q:3);Australia;992;0.82447;58,51,29,42,86,26,137,138,96,56,23,129,64,42,15;0.866379310344828,0.882352941176471,0.887931034482759,0.87202380952381,0.838662790697674,0.807692307692308,0.77463503649635,0.826992753623188,0.795572916666667,0.767857142857143,0.83695652173913,0.853682170542636,0.853515625,0.755952380952381,0.783333333333333;15;15
Aydin Selvihan;WOC Sprint Qualification-Women (WOMEN*Q:3);Turkey;1177;0.69488;69,62,38,49,105,33,163,165,103,57,28,163,82,46,14;0.728260869565217,0.725806451612903,0.677631578947368,0.747448979591837,0.686904761904762,0.636363636363636,0.651073619631902,0.691666666666667,0.741504854368932,0.754385964912281,0.6875,0.675613496932515,0.666158536585366,0.690217391304348,0.839285714285714;15;15
Flerin Mojca;WOC Sprint Qualification-Women (WOMEN*Q:3);Slovenia;1225;0.66765;83,54,32,108,101,29,183,189,107,50,23,140,76,37,13;0.605421686746988,0.833333333333333,0.8046875,0.33912037037037,0.714108910891089,0.724137931034483,0.579918032786885,0.603835978835979,0.713785046728972,0.86,0.83695652173913,0.786607142857143,0.71875,0.858108108108108,0.903846153846154;15;15
De Carvalho Tânia Maria J.;WOC Sprint Qualification-Women (WOMEN*Q:3);Brazil;1403;0.58295;65,60,33,209,108,28,210,198,109,59,30,162,79,39,14;0.773076923076923,0.75,0.78030303030303,0.175239234449761,0.667824074074074,0.75,0.505357142857143,0.576388888888889,0.700688073394495,0.728813559322034,0.641666666666667,0.679783950617284,0.691455696202532,0.814102564102564,0.839285714285714;15;15
Cheng Yuen Ki Hilda;WOC Sprint Qualification-Women (WOMEN*Q:3);Hong Kong;1722;0.47496;64,63,43,133,414,30,155,288,107,79,25,164,95,46,16;0.78515625,0.714285714285714,0.598837209302326,0.275375939849624,0.174214975845411,0.7,0.684677419354839,0.396267361111111,0.713785046728972,0.544303797468354,0.77,0.671493902439024,0.575,0.690217391304348,0.734375;15;15
