Vister Martin;NM uka, kvalifisering mellomdistanse-H21_Heat_1;Indre Østfold OK;1167;1.00675;81,154,79,156,52,97,31,115,63,158,59,28,54,15,25;1.04938271604938,1.02191558441558,0.985759493670886,1.07051282051282,0.903846153846154,0.934278350515464,1.1008064516129,0.918478260869565,1.02777777777778,1.04113924050633,1.02754237288136,0.977678571428571,1.0462962962963,0.975,0.875;15;15
Axelsson Erik;NM uka, kvalifisering mellomdistanse-H21_Heat_1;Halden SK;1192;0.98563;86,157,77,168,56,97,34,102,69,159,59,28,56,16,28;0.988372093023256,1.00238853503185,1.01136363636364,0.994047619047619,0.839285714285714,0.934278350515464,1.00367647058824,1.03553921568627,0.938405797101449,1.03459119496855,1.02754237288136,0.977678571428571,1.00892857142857,0.9140625,0.78125;15;15
Karlsson Mattias;NM uka, kvalifisering mellomdistanse-H21_Heat_1;Halden SK;1202;0.97743;88,151,76,168,50,94,45,105,70,169,60,28,58,15,25;0.965909090909091,1.04221854304636,1.02467105263158,0.994047619047619,0.94,0.964095744680851,0.758333333333333,1.00595238095238,0.925,0.973372781065089,1.01041666666667,0.977678571428571,0.974137931034483,0.975,0.875;15;15
Lucasen Håvard;NM uka, kvalifisering mellomdistanse-H21_Heat_1;Ås-UMB Orientering;1226;0.95830;85,157,74,167,51,95,39,109,62,194,61,32,57,17,26;1,1.00238853503185,1.05236486486486,1,0.92156862745098,0.953947368421053,0.875,0.969036697247706,1.04435483870968,0.847938144329897,0.993852459016393,0.85546875,0.991228070175439,0.860294117647059,0.841346153846154;15;15
Danielsen Vegard;NM uka, kvalifisering mellomdistanse-H21_Heat_1;Kristiansand OK;1236;0.95055;81,158,82,206,48,98,35,110,66,166,57,26,59,18,26;1.04938271604938,0.996044303797468,0.94969512195122,0.810679611650485,0.979166666666667,0.924744897959184,0.975,0.960227272727273,0.981060606060606,0.990963855421687,1.06359649122807,1.05288461538462,0.957627118644068,0.8125,0.841346153846154;15;15
Skaare Rasmus Korvald;NM uka, kvalifisering mellomdistanse-H21_Heat_1;NTNUI;1255;0.93616;88,164,80,169,48,88,40,106,63,162,115,30,61,16,25;0.965909090909091,0.959603658536585,0.9734375,0.988165680473373,0.979166666666667,1.02982954545455,0.853125,0.996462264150943,1.02777777777778,1.01543209876543,0.527173913043478,0.9125,0.926229508196721,0.9140625,0.875;15;15
Mathisen Hans Petter;NM uka, kvalifisering mellomdistanse-H21_Heat_1;NTNUI;1268;0.92656;90,171,93,207,48,92,33,105,64,165,71,29,59,17,24;0.944444444444444,0.920321637426901,0.837365591397849,0.806763285024155,0.979166666666667,0.985054347826087,1.03409090909091,1.00595238095238,1.01171875,0.996969696969697,0.85387323943662,0.943965517241379,0.957627118644068,0.860294117647059,0.911458333333333;15;15
Speake Matthew;NM uka, kvalifisering mellomdistanse-H21_Heat_1;Lillomarka OL;1298;0.90514;88,173,83,220,57,91,35,105,75,172,83,26,54,12,24;0.965909090909091,0.909682080924855,0.938253012048193,0.759090909090909,0.824561403508772,0.995879120879121,0.975,1.00595238095238,0.863333333333333,0.956395348837209,0.730421686746988,1.05288461538462,1.0462962962963,1.21875,0.911458333333333;15;15
Aalvik Dag;NM uka, kvalifisering mellomdistanse-H21_Heat_1;Nydalens SK;1323;0.88804;99,175,95,170,56,92,35,107,121,173,66,31,58,17,28;0.858585858585859,0.899285714285714,0.819736842105263,0.982352941176471,0.839285714285714,0.985054347826087,0.975,0.98714953271028,0.535123966942149,0.950867052023121,0.918560606060606,0.883064516129032,0.974137931034483,0.860294117647059,0.78125;15;15
Nielsen Halvor Eid;NM uka, kvalifisering mellomdistanse-H21_Heat_1;NTNUI;1339;0.87743;103,164,90,227,52,106,35,113,86,193,62,27,57,15,9;0.825242718446602,0.959603658536585,0.865277777777778,0.73568281938326,0.903846153846154,0.854952830188679,0.975,0.934734513274336,0.752906976744186,0.852331606217617,0.977822580645161,1.01388888888889,0.991228070175439,0.975,2.43055555555556;15;15
Hoset Martin;NM uka, kvalifisering mellomdistanse-H21_Heat_1;NTNUI;1358;0.86515;87,168,85,202,54,115,38,125,70,201,69,36,66,17,25;0.977011494252874,0.936755952380952,0.916176470588235,0.826732673267327,0.87037037037037,0.78804347826087,0.898026315789474,0.845,0.925,0.818407960199005,0.878623188405797,0.760416666666667,0.856060606060606,0.860294117647059,0.875;15;15
Peikli Vegard;NM uka, kvalifisering mellomdistanse-H21_Heat_1;Sandnes IL (Rogaland);1374;0.85508;102,187,102,172,55,100,41,115,73,183,86,37,80,16,25;0.833333333333333,0.841577540106952,0.763480392156863,0.970930232558139,0.854545454545454,0.90625,0.832317073170732,0.918478260869565,0.886986301369863,0.898907103825137,0.704941860465116,0.739864864864865,0.70625,0.9140625,0.875;15;15
Indgaard Ulf Forseth;NM uka, kvalifisering mellomdistanse-H21_Heat_1;Frol IL;1380;0.85136;93,154,72,356,43,79,37,106,63,165,90,28,58,14,22;0.913978494623656,1.02191558441558,1.08159722222222,0.469101123595506,1.09302325581395,1.14715189873418,0.922297297297297,0.996462264150943,1.02777777777778,0.996969696969697,0.673611111111111,0.977678571428571,0.974137931034483,1.04464285714286,0.994318181818182;15;15
Eriksen Jan Richard;NM uka, kvalifisering mellomdistanse-H21_Heat_1;Asker Skiklubb;1395;0.84220;94,186,93,182,61,103,46,127,82,212,70,30,65,16,28;0.904255319148936,0.846102150537634,0.837365591397849,0.917582417582418,0.770491803278688,0.879854368932039,0.741847826086957,0.831692913385827,0.789634146341463,0.775943396226415,0.866071428571429,0.9125,0.869230769230769,0.9140625,0.78125;15;15
Wikstrøm Marius;NM uka, kvalifisering mellomdistanse-H21_Heat_1;Ringsaker OK;1401;0.83860;96,179,88,167,52,94,41,109,97,212,112,28,83,16,27;0.885416666666667,0.879189944134078,0.884943181818182,1,0.903846153846154,0.964095744680851,0.832317073170732,0.969036697247706,0.667525773195876,0.775943396226415,0.541294642857143,0.977678571428571,0.680722891566265,0.9140625,0.810185185185185;15;15
Gottfridsson David;NM uka, kvalifisering mellomdistanse-H21_Heat_1;Ås-UMB Orientering;1419;0.82796;88,169,91,267,47,102,35,110,75,193,61,32,109,15,25;0.965909090909091,0.931213017751479,0.855769230769231,0.625468164794007,1,0.888480392156863,0.975,0.960227272727273,0.863333333333333,0.852331606217617,0.993852459016393,0.85546875,0.518348623853211,0.975,0.875;15;15
Kocbach Jan;NM uka, kvalifisering mellomdistanse-H21_Heat_1;Fana IL;1421;0.82679;94,186,96,207,62,111,41,113,68,207,82,29,83,16,26;0.904255319148936,0.846102150537634,0.811197916666667,0.806763285024155,0.758064516129032,0.816441441441441,0.832317073170732,0.934734513274336,0.952205882352941,0.794685990338164,0.739329268292683,0.943965517241379,0.680722891566265,0.9140625,0.841346153846154;15;15
Maroni Terje;NM uka, kvalifisering mellomdistanse-H21_Heat_1;Byåsen IL;1422;0.82621;92,173,95,222,58,108,38,116,101,190,79,33,79,15,23;0.923913043478261,0.909682080924855,0.819736842105263,0.752252252252252,0.810344827586207,0.83912037037037,0.898026315789474,0.910560344827586,0.641089108910891,0.865789473684211,0.767405063291139,0.829545454545455,0.715189873417722,0.975,0.951086956521739;15;15
Øie Marius;NM uka, kvalifisering mellomdistanse-H21_Heat_1;Løten OL;1424;0.82505;98,216,88,200,62,113,36,119,76,203,74,34,59,17,29;0.86734693877551,0.728587962962963,0.884943181818182,0.835,0.758064516129032,0.801991150442478,0.947916666666667,0.887605042016807,0.851973684210526,0.810344827586207,0.819256756756757,0.805147058823529,0.957627118644068,0.860294117647059,0.754310344827586;15;15
Benjaminsen Mathias;NM uka, kvalifisering mellomdistanse-H21_Heat_1;Lillomarka OL;1425;0.82447;97,185,94,193,62,117,38,135,83,195,81,34,68,16,27;0.876288659793814,0.850675675675676,0.828457446808511,0.865284974093264,0.758064516129032,0.77457264957265,0.898026315789474,0.782407407407407,0.780120481927711,0.843589743589744,0.748456790123457,0.805147058823529,0.830882352941177,0.9140625,0.810185185185185;15;15
Edstrøm Jan Andreas;NM uka, kvalifisering mellomdistanse-H21_Heat_1;Lillomarka OL;1432;0.82044;87,173,89,215,45,110,36,123,86,246,75,33,74,16,24;0.977011494252874,0.909682080924855,0.875,0.776744186046512,1.04444444444444,0.823863636363636,0.947916666666667,0.858739837398374,0.752906976744186,0.66869918699187,0.808333333333333,0.829545454545455,0.763513513513513,0.9140625,0.911458333333333;15;15
Ragvin Dag Steinar;NM uka, kvalifisering mellomdistanse-H21_Heat_1;Skien OK;1441;0.81532;107,191,93,198,64,106,43,135,83,196,67,34,76,18,30;0.794392523364486,0.823952879581152,0.837365591397849,0.843434343434343,0.734375,0.854952830188679,0.793604651162791,0.782407407407407,0.780120481927711,0.839285714285714,0.904850746268657,0.805147058823529,0.743421052631579,0.8125,0.729166666666667;15;15
Iliev Lacho;NM uka, kvalifisering mellomdistanse-H21_Heat_1;Halden SK;1448;0.81138;103,192,91,196,69,116,40,129,75,198,99,31,63,17,29;0.825242718446602,0.819661458333333,0.855769230769231,0.852040816326531,0.681159420289855,0.78125,0.853125,0.818798449612403,0.863333333333333,0.830808080808081,0.612373737373737,0.883064516129032,0.896825396825397,0.860294117647059,0.754310344827586;15;15
Beyer Brattli Magnus;NM uka, kvalifisering mellomdistanse-H21_Heat_1;Mo OK;1452;0.80914;109,170,153,171,62,122,35,114,109,191,86,29,61,16,24;0.779816513761468,0.925735294117647,0.508986928104575,0.976608187134503,0.758064516129032,0.742827868852459,0.975,0.926535087719298,0.594036697247706,0.861256544502618,0.704941860465116,0.943965517241379,0.926229508196721,0.9140625,0.911458333333333;15;15
Nordbrøden Hallvard;NM uka, kvalifisering mellomdistanse-H21_Heat_1;NTNUI;1476;0.79599;105,199,90,200,60,125,45,125,93,212,74,34,67,18,29;0.80952380952381,0.790829145728643,0.865277777777778,0.835,0.783333333333333,0.725,0.758333333333333,0.845,0.696236559139785,0.775943396226415,0.819256756756757,0.805147058823529,0.843283582089552,0.8125,0.754310344827586;15;15
Johansson Magnus;NM uka, kvalifisering mellomdistanse-H21_Heat_1;Kristiansand OK;1524;0.77092;95,181,176,214,61,108,38,129,80,219,76,31,69,19,28;0.894736842105263,0.869475138121547,0.442471590909091,0.780373831775701,0.770491803278688,0.83912037037037,0.898026315789474,0.818798449612403,0.809375,0.751141552511416,0.797697368421053,0.883064516129032,0.818840579710145,0.769736842105263,0.78125;15;15
Luchsinger Harri;NM uka, kvalifisering mellomdistanse-H21_Heat_1;NTNUI;1537;0.76439;101,206,111,259,65,116,38,134,78,192,78,39,73,18,29;0.841584158415842,0.763956310679612,0.701576576576577,0.644787644787645,0.723076923076923,0.78125,0.898026315789474,0.788246268656716,0.830128205128205,0.856770833333333,0.77724358974359,0.701923076923077,0.773972602739726,0.8125,0.754310344827586;15;15
Laiho Aapo;NM uka, kvalifisering mellomdistanse-H21_Heat_1;NTNUI;1552;0.75701;85,165,84,223,53,110,37,122,193,180,162,28,63,18,29;1,0.953787878787879,0.927083333333333,0.748878923766816,0.886792452830189,0.823863636363636,0.922297297297297,0.86577868852459,0.335492227979275,0.913888888888889,0.374228395061728,0.977678571428571,0.896825396825397,0.8125,0.754310344827586;15;15
Oliversen Magnus Skauge;NM uka, kvalifisering mellomdistanse-H21_Heat_1;Trøsken IL;1566;0.75024;110,309,90,223,53,103,41,118,85,193,105,31,62,17,26;0.772727272727273,0.509304207119741,0.865277777777778,0.748878923766816,0.886792452830189,0.879854368932039,0.832317073170732,0.895127118644068,0.761764705882353,0.852331606217617,0.577380952380952,0.883064516129032,0.911290322580645,0.860294117647059,0.841346153846154;15;15
Lund Hansen Magne;NM uka, kvalifisering mellomdistanse-H21_Heat_1;Sandefjord OK;1971;0.59608;97,406,109,185,47,118,50,160,275,228,123,39,82,26,26;0.876288659793814,0.38762315270936,0.714449541284404,0.902702702702703,1,0.768008474576271,0.6825,0.66015625,0.235454545454545,0.721491228070175,0.492886178861789,0.701923076923077,0.689024390243902,0.5625,0.841346153846154;15;15
Oskarsson Nicholas;NM uka, kvalifisering mellomdistanse-H21_Heat_2;Lillomarka OL;1208;1.00800;141,139,34,166,43,110,47,124,64,166,55,26,56,13,24;1.00788022064618,0.976818545163869,1.03267973856209,1.04886211512718,0.963824289405685,0.934343434343434,1.01182033096927,0.973118279569892,0.998263888888889,1.0053547523427,1.15959595959596,1.03846153846154,1.03174603174603,1.16239316239316,0.986111111111111;15;15
Johansen Per Harald Havnen;NM uka, kvalifisering mellomdistanse-H21_Heat_2;Varegg Fleridrett;1239;0.98278;155,132,35,174,39,100,50,133,70,163,62,31,57,14,24;0.916845878136201,1.02861952861953,1.0031746031746,1.00063856960409,1.06267806267806,1.02777777777778,0.951111111111111,0.907268170426065,0.912698412698413,1.02385821404226,1.02867383512545,0.870967741935484,1.01364522417154,1.07936507936508,0.986111111111111;15;15
Bråten Vetle Ruud;NM uka, kvalifisering mellomdistanse-H21_Heat_2;Raumar Orientering;1253;0.97180;132,128,34,182,52,110,49,123,66,169,80,29,59,16,24;1.07659932659933,1.06076388888889,1.03267973856209,0.956654456654457,0.797008547008547,0.934343434343434,0.970521541950113,0.981029810298103,0.968013468013468,0.987508218277449,0.797222222222222,0.931034482758621,0.979284369114878,0.944444444444444,0.986111111111111;15;15
Weltzien Audun;NM uka, kvalifisering mellomdistanse-H21_Heat_2;IL Tyrving;1260;0.96640;155,144,36,175,45,105,45,117,76,163,54,31,63,18,33;0.916845878136201,0.942901234567901,0.975308641975309,0.994920634920635,0.920987654320988,0.978835978835979,1.05679012345679,1.03133903133903,0.840643274853801,1.02385821404226,1.18106995884774,0.870967741935484,0.917107583774251,0.839506172839506,0.717171717171717;15;15
Årstad Thomas Natvig;NM uka, kvalifisering mellomdistanse-H21_Heat_2;NTNUI;1268;0.96030;137,153,38,178,59,109,57,118,61,165,70,27,56,16,24;1.03730738037307,0.887436456063907,0.923976608187135,0.978152309612984,0.702448210922787,0.942915392456677,0.834307992202729,1.0225988700565,1.04735883424408,1.01144781144781,0.911111111111111,1,1.03174603174603,0.944444444444444,0.986111111111111;15;15
Skjeset Lars;NM uka, kvalifisering mellomdistanse-H21_Heat_2;Frol IL;1308;0.93094;136,145,34,171,77,99,51,121,66,186,79,29,71,17,26;1.04493464052288,0.93639846743295,1.03267973856209,1.01819363222872,0.538239538239538,1.0381593714927,0.932461873638344,0.997245179063361,0.968013468013468,0.897252090800478,0.807313642756681,0.931034482758621,0.81377151799687,0.888888888888889,0.91025641025641;15;15
Often Per Melander;NM uka, kvalifisering mellomdistanse-H21_Heat_2;NTNUI;1364;0.89272;144,134,39,216,47,100,59,116,65,247,68,28,60,16,25;0.986882716049383,1.01326699834163,0.9002849002849,0.806069958847737,0.881796690307329,1.02777777777778,0.806026365348399,1.04022988505747,0.982905982905983,0.675663517768781,0.937908496732026,0.964285714285714,0.962962962962963,0.944444444444444,0.946666666666667;15;15
Størmer Leif;NM uka, kvalifisering mellomdistanse-H21_Heat_2;Fossum IF;1376;0.88493;157,144,39,188,64,124,56,135,72,187,70,34,62,20,24;0.905166312809625,0.942901234567901,0.9002849002849,0.92612293144208,0.647569444444444,0.828853046594982,0.849206349206349,0.893827160493827,0.887345679012346,0.892453951277481,0.911111111111111,0.794117647058823,0.931899641577061,0.755555555555556,0.986111111111111;15;15
Vågsnes Sigve;NM uka, kvalifisering mellomdistanse-H21_Heat_2;Oppsal Orientering;1387;0.87791;139,144,36,341,33,105,49,119,65,160,70,27,55,16,28;1.02238209432454,0.942901234567901,0.975308641975309,0.510589768654285,1.25589225589226,0.978835978835979,0.970521541950113,1.0140056022409,0.982905982905983,1.04305555555556,0.911111111111111,1,1.05050505050505,0.944444444444444,0.845238095238095;15;15
Skogstad Yngve;NM uka, kvalifisering mellomdistanse-H21_Heat_2;Frol IL;1387;0.87791;156,129,55,180,172,107,44,122,63,163,63,34,58,15,26;0.910968660968661,1.05254091300603,0.638383838383838,0.967283950617284,0.240956072351421,0.960539979231568,1.08080808080808,0.989071038251366,1.01410934744268,1.02385821404226,1.01234567901235,0.794117647058823,0.996168582375479,1.00740740740741,0.91025641025641;15;15
Alvestad Stig;NM uka, kvalifisering mellomdistanse-H21_Heat_2;Ganddal IL;1388;0.87728;152,144,37,186,68,129,54,134,67,192,90,28,65,19,23;0.934941520467836,0.942901234567901,0.948948948948949,0.936081242532855,0.609477124183006,0.796726959517657,0.880658436213992,0.900497512437811,0.953565505804312,0.869212962962963,0.708641975308642,0.964285714285714,0.888888888888889,0.795321637426901,1.02898550724638;15;15
Haverstad Sindre Jansson;NM uka, kvalifisering mellomdistanse-H21_Heat_2;NTNUI;1403;0.86790;174,155,41,191,45,126,55,148,74,172,90,30,62,15,25;0.816730523627075,0.875985663082437,0.856368563685637,0.911576497963933,0.920987654320988,0.815696649029982,0.864646464646465,0.815315315315315,0.863363363363363,0.970284237726098,0.708641975308642,0.9,0.931899641577061,1.00740740740741,0.946666666666667;15;15
Stene Per Øyvind;NM uka, kvalifisering mellomdistanse-H21_Heat_2;Nydalens SK;1407;0.86543;159,155,40,187,69,117,53,126,92,193,76,32,62,18,28;0.893780573025856,0.875985663082437,0.877777777777778,0.931075460487225,0.600644122383253,0.878442545109212,0.89727463312369,0.957671957671958,0.694444444444444,0.864709268854347,0.839181286549708,0.84375,0.931899641577061,0.839506172839506,0.845238095238095;15;15
Arnevik Leiv-Terje;NM uka, kvalifisering mellomdistanse-H21_Heat_2;Søgne og Songdalen OK;1413;0.86176;149,143,40,184,72,123,64,144,67,181,118,26,59,17,26;0.953765846383296,0.94949494949495,0.877777777777778,0.946256038647343,0.575617283950617,0.835591689250226,0.743055555555556,0.837962962962963,0.953565505804312,0.922038060159607,0.540489642184557,1.03846153846154,0.979284369114878,0.888888888888889,0.91025641025641;15;15
Rustad Eirik;NM uka, kvalifisering mellomdistanse-H21_Heat_2;Raumar Orientering;1425;0.85450;166,151,39,210,40,117,54,146,67,208,84,31,68,19,25;0.856091030789826,0.899190581309787,0.9002849002849,0.829100529100529,1.03611111111111,0.878442545109212,0.880658436213992,0.82648401826484,0.953565505804312,0.802350427350427,0.759259259259259,0.870967741935484,0.849673202614379,0.795321637426901,0.946666666666667;15;15
Buch Kenneth;NM uka, kvalifisering mellomdistanse-H21_Heat_2;Halden SK;1426;0.85390;164,193,39,181,106,101,50,130,63,181,79,28,68,16,27;0.866531165311653,0.703511801957398,0.9002849002849,0.961939840392879,0.390985324947589,1.01760176017602,0.951111111111111,0.928205128205128,1.01410934744268,0.922038060159607,0.807313642756681,0.964285714285714,0.849673202614379,0.944444444444444,0.876543209876543;15;15
Resser Eivind;NM uka, kvalifisering mellomdistanse-H21_Heat_2;Kongsberg OL;1433;0.84973;160,154,36,174,50,105,52,132,69,258,89,31,78,18,27;0.888194444444445,0.881673881673882,0.975308641975309,1.00063856960409,0.828888888888889,0.978835978835979,0.914529914529915,0.914141414141414,0.925925925925926,0.646856158484065,0.716604244694132,0.870967741935484,0.740740740740741,0.839506172839506,0.876543209876543;15;15
Nybråten Jim Øystein;NM uka, kvalifisering mellomdistanse-H21_Heat_2;IL Tyrving;1457;0.83574;277,129,35,168,39,103,46,126,70,219,62,27,111,17,28;0.513036502206177,1.05254091300603,1.0031746031746,1.03637566137566,1.06267806267806,0.997842502696872,1.03381642512077,0.957671957671958,0.912698412698413,0.762049720953831,1.02867383512545,1,0.520520520520521,0.888888888888889,0.845238095238095;15;15
Braveny Vit;NM uka, kvalifisering mellomdistanse-H21_Heat_2;Kristiansand OK;1469;0.82891;177,158,42,222,52,172,48,137,62,192,81,26,60,16,24;0.802887633396108,0.859353023909986,0.835978835978836,0.784284284284284,0.797008547008547,0.597545219638243,0.990740740740741,0.880778588807786,1.03046594982079,0.869212962962963,0.787379972565158,1.03846153846154,0.962962962962963,0.944444444444444,0.986111111111111;15;15
Jakobsen Thomas;NM uka, kvalifisering mellomdistanse-H21_Heat_2;Sørbråten IL;1472;0.82722;180,163,36,203,50,121,59,137,106,205,78,31,65,16,22;0.789506172839506,0.832992501704158,0.975308641975309,0.857690202517789,0.828888888888889,0.849403122130395,0.806026365348399,0.880778588807786,0.60272536687631,0.814092140921409,0.817663817663818,0.870967741935484,0.888888888888889,0.944444444444444,1.07575757575758;15;15
Karlsen Kjell Arild;NM uka, kvalifisering mellomdistanse-H21_Heat_2;Bækkelagets SK;1478;0.82386;167,154,40,213,77,130,56,160,77,194,70,32,63,18,27;0.850964737192282,0.881673881673882,0.877777777777778,0.817423056859677,0.538239538239538,0.790598290598291,0.849206349206349,0.754166666666667,0.82972582972583,0.860252004581901,0.911111111111111,0.84375,0.917107583774251,0.839506172839506,0.876543209876543;15;15
Profors Niklas;NM uka, kvalifisering mellomdistanse-H21_Heat_2;Varegg Fleridrett;1545;0.78813;149,172,38,226,42,142,90,163,86,211,90,29,64,17,26;0.953765846383296,0.789405684754522,0.923976608187135,0.770403146509341,0.986772486772487,0.723787167449139,0.528395061728395,0.740286298568507,0.742894056847545,0.790942601369142,0.708641975308642,0.931034482758621,0.902777777777778,0.888888888888889,0.91025641025641;15;15
Brox Vegard;NM uka, kvalifisering mellomdistanse-H21_Heat_2;IL Tyrving;1557;0.78206;193,151,40,198,94,133,56,141,77,225,97,31,78,17,26;0.736327000575705,0.899190581309787,0.877777777777778,0.879349046015713,0.440898345153664,0.772765246449457,0.849206349206349,0.855791962174941,0.82972582972583,0.741728395061728,0.657502863688431,0.870967741935484,0.740740740740741,0.888888888888889,0.91025641025641;15;15
Fremming Nils Petter;NM uka, kvalifisering mellomdistanse-H21_Heat_2;Heming Orientering;1585;0.76824;178,152,46,202,62,145,52,149,79,295,80,32,65,17,31;0.798377028714107,0.89327485380117,0.763285024154589,0.861936193619362,0.668458781362007,0.708812260536398,0.914529914529915,0.809843400447427,0.808720112517581,0.565725047080979,0.797222222222222,0.84375,0.888888888888889,0.888888888888889,0.763440860215054;15;15
Hynne Sigurd;NM uka, kvalifisering mellomdistanse-H21_Heat_2;Ås-UMB Orientering;1612;0.75538;250,165,37,196,68,140,67,156,87,234,76,30,65,15,26;0.568444444444444,0.822895622895623,0.948948948948949,0.888321995464853,0.609477124183006,0.734126984126984,0.709784411276949,0.773504273504274,0.734355044699872,0.713200379867047,0.839181286549708,0.9,0.888888888888889,1.00740740740741,0.91025641025641;15;15
Johnsen Vegard Blomseth;NM uka, kvalifisering mellomdistanse-H21_Heat_2;NTNUI;1650;0.73798;170,164,40,210,180,141,63,143,74,236,83,31,72,18,25;0.835947712418301,0.827913279132791,0.877777777777778,0.829100529100529,0.230246913580247,0.728920409771474,0.754850088183422,0.843822843822844,0.863363363363363,0.707156308851224,0.768406961178046,0.870967741935484,0.802469135802469,0.839506172839506,0.946666666666667;15;15
Hauge Bjørn;NM uka, kvalifisering mellomdistanse-H21_Heat_2;Fet OL;1663;0.73221;212,173,46,225,53,158,58,162,93,250,78,36,71,18,30;0.670335429769392,0.784842646114322,0.763285024154589,0.773827160493827,0.781970649895178,0.650492264416315,0.81992337164751,0.744855967078189,0.686977299880526,0.667555555555556,0.817663817663818,0.75,0.81377151799687,0.839506172839506,0.788888888888889;15;15
Strandhagen Henning C;NM uka, kvalifisering mellomdistanse-H21_Heat_2;Røyken OL;1676;0.72653;228,159,42,211,48,142,63,162,90,227,110,45,96,22,31;0.623294346978558,0.853948287910552,0.835978835978836,0.825171142706688,0.863425925925926,0.723787167449139,0.754850088183422,0.744855967078189,0.709876543209876,0.735193343122859,0.57979797979798,0.6,0.601851851851852,0.686868686868687,0.763440860215054;15;15
Jakobsen Einar-Andre;NM uka, kvalifisering mellomdistanse-H21_Heat_2;Sørbråten IL;1714;0.71042;172,184,51,253,55,142,68,200,108,228,93,39,77,20,24;0.826227390180879,0.73792270531401,0.688453159041394,0.68818620992534,0.753535353535354,0.723787167449139,0.699346405228758,0.603333333333333,0.59156378600823,0.731968810916179,0.685782556750299,0.692307692307692,0.75036075036075,0.755555555555556,0.986111111111111;15;15
Wiréhn Per;NM uka, kvalifisering mellomdistanse-H21_Heat_2;Byåsen IL;1736;0.70142;317,166,38,211,125,130,70,145,101,204,77,34,72,18,28;0.448300035050824,0.817938420348059,0.923976608187135,0.825171142706688,0.331555555555556,0.790598290598291,0.679365079365079,0.832183908045977,0.632563256325632,0.818082788671024,0.828282828282828,0.794117647058823,0.802469135802469,0.839506172839506,0.845238095238095;15;15
Nikolaisen Per-Ivar;NM uka, kvalifisering mellomdistanse-H21_Heat_2;Oppsal Orientering;1754;0.69422;192,150,40,423,47,150,59,154,84,197,116,33,60,17,32;0.740162037037037,0.905185185185185,0.877777777777778,0.411610191752036,0.881796690307329,0.685185185185185,0.806026365348399,0.783549783549784,0.760582010582011,0.847151720248167,0.549808429118774,0.818181818181818,0.962962962962963,0.888888888888889,0.739583333333333;15;15
Jelstad Eirik Stærkeby;NM uka, kvalifisering mellomdistanse-H21_Heat_2;Modum OL;1798;0.67723;192,165,46,392,55,149,68,152,96,245,88,31,76,17,26;0.740162037037037,0.822895622895623,0.763285024154589,0.444160997732426,0.753535353535354,0.689783743475019,0.699346405228758,0.793859649122807,0.665509259259259,0.681179138321996,0.724747474747475,0.870967741935484,0.760233918128655,0.888888888888889,0.91025641025641;15;15
Erichsen Petter Marki;NM uka, kvalifisering mellomdistanse-H21_Heat_2;Varegg Fleridrett;1887;0.64529;184,340,41,321,52,123,54,156,87,304,79,33,67,18,28;0.772342995169082,0.399346405228758,0.856368563685637,0.542402215299412,0.797008547008547,0.835591689250226,0.880658436213992,0.773504273504274,0.734355044699872,0.548976608187134,0.807313642756681,0.818181818181818,0.862354892205638,0.839506172839506,0.845238095238095;15;15
Smestad Simen;NM uka, kvalifisering mellomdistanse-H21_Heat_2;Bækkelagets SK;1911;0.63719;184,275,47,228,141,161,71,197,89,272,91,36,72,19,28;0.772342995169082,0.493737373737374,0.747044917257683,0.76364522417154,0.293932230102443,0.638371290545204,0.669796557120501,0.612521150592217,0.717852684144819,0.613562091503268,0.700854700854701,0.75,0.802469135802469,0.795321637426901,0.845238095238095;15;15
Kaas Carl Waaler;NM uka, kvalifisering mellomdistanse-H21_Heat_3;Bækkelagets SK;1154;1.05469;105,26,116,80,193,126,32,50,107,137,51,28,57,16,30;1.06243386243386,1.18803418803419,1.11877394636015,1.09305555555556,1.07426597582038,1.07583774250441,1.04513888888889,1.00888888888889,1.00519210799585,1.06082725060827,1.06318082788671,0.964285714285714,1.01559454191033,0.930555555555556,0.792592592592593;15;15
Nørbech Torgeir;NM uka, kvalifisering mellomdistanse-H21_Heat_3;IL Tyrving;1200;1.01426;109,32,136,87,206,125,33,47,104,142,53,29,58,15,24;1.02344546381244,0.965277777777778,0.954248366013072,1.00510855683269,1.00647249190939,1.08444444444444,1.01346801346801,1.07328605200946,1.03418803418803,1.02347417840376,1.0230607966457,0.931034482758621,0.998084291187739,0.992592592592593,0.990740740740741;15;15
Andersen Jostein;NM uka, kvalifisering mellomdistanse-H21_Heat_3;Kristiansand OK;1244;0.97839;111,30,126,85,198,126,33,46,164,133,56,31,60,17,28;1.00500500500501,1.02962962962963,1.0299823633157,1.02875816993464,1.04713804713805,1.07583774250441,1.01346801346801,1.09661835748792,0.655826558265583,1.09273182957393,0.968253968253968,0.870967741935484,0.964814814814815,0.875816993464052,0.849206349206349;15;15
Svensen Eirik Martens;NM uka, kvalifisering mellomdistanse-H21_Heat_3;Kristiansand OK;1262;0.96443;124,40,124,89,214,136,35,52,105,156,57,29,58,17,26;0.899641577060932,0.772222222222222,1.04659498207885,0.982521847690387,0.968847352024922,0.996732026143791,0.955555555555555,0.97008547008547,1.02433862433862,0.931623931623932,0.951267056530214,0.931034482758621,0.998084291187739,0.875816993464052,0.914529914529915;15;15
Dæhli Magne;NM uka, kvalifisering mellomdistanse-H21_Heat_3;Halden SK;1301;0.93552;117,74,147,112,192,130,33,58,100,158,54,29,58,14,25;0.95346628679962,0.417417417417417,0.882842025699168,0.780753968253968,1.07986111111111,1.04273504273504,1.01346801346801,0.869731800766284,1.07555555555556,0.919831223628692,1.00411522633745,0.931034482758621,0.998084291187739,1.06349206349206,0.951111111111111;15;15
Okkenhaug Kjetil;NM uka, kvalifisering mellomdistanse-H21_Heat_3;NTNUI;1315;0.92556;124,31,159,87,225,144,39,58,114,149,56,31,58,17,23;0.899641577060932,0.996415770609319,0.816212438853948,1.00510855683269,0.921481481481482,0.941358024691358,0.857549857549857,0.869731800766284,0.943469785575049,0.975391498881432,0.968253968253968,0.870967741935484,0.998084291187739,0.875816993464052,1.03381642512077;15;15
Indgaard Jo Forseth;NM uka, kvalifisering mellomdistanse-H21_Heat_3;Frol IL;1354;0.89890;108,100,126,98,230,161,36,55,109,149,52,27,65,15,23;1.03292181069959,0.308888888888889,1.0299823633157,0.892290249433107,0.901449275362319,0.841959972394755,0.929012345679012,0.917171717171717,0.986748216106014,0.975391498881432,1.04273504273504,1,0.890598290598291,0.992592592592593,1.03381642512077;15;15
Sandvik Tore;NM uka, kvalifisering mellomdistanse-H21_Heat_3;Halden SK;1357;0.89691;119,31,126,95,226,146,58,68,123,161,63,35,63,18,25;0.937441643323996,0.996415770609319,1.0299823633157,0.92046783625731,0.91740412979351,0.928462709284627,0.576628352490421,0.741830065359477,0.874435411020777,0.902691511387164,0.860670194003527,0.771428571428571,0.918871252204586,0.827160493827161,0.951111111111111;15;15
Pedersen Ola Marius;NM uka, kvalifisering mellomdistanse-H21_Heat_3;Oppsal Orientering;1416;0.85954;117,34,143,94,263,150,39,52,134,169,85,33,61,16,26;0.95346628679962,0.908496732026144,0.907536907536908,0.930260047281324,0.788339670468948,0.903703703703704,0.857549857549857,0.97008547008547,0.802653399668325,0.859960552268245,0.637908496732026,0.818181818181818,0.948998178506375,0.930555555555556,0.914529914529915;15;15
Solstad Torkil Eide;NM uka, kvalifisering mellomdistanse-H21_Heat_3;NTNUI;1430;0.85113;129,36,162,102,229,155,41,61,146,171,59,29,64,20,26;0.864771748492679,0.858024691358025,0.801097393689986,0.857298474945534,0.905385735080058,0.874551971326165,0.815718157181572,0.82695810564663,0.736681887366819,0.84990253411306,0.919020715630885,0.931034482758621,0.904513888888889,0.744444444444444,0.914529914529915;15;15
Glesnes Gjermund;NM uka, kvalifisering mellomdistanse-H21_Heat_3;Nydalens SK;1430;0.85113;124,39,155,100,304,154,37,61,112,150,64,28,60,16,26;0.899641577060932,0.792022792022792,0.837275985663082,0.874444444444444,0.682017543859649,0.88023088023088,0.903903903903904,0.82695810564663,0.96031746031746,0.968888888888889,0.847222222222222,0.964285714285714,0.964814814814815,0.930555555555556,0.914529914529915;15;15
Einum Anders;NM uka, kvalifisering mellomdistanse-H21_Heat_3;NTNUI;1431;0.85053;113,92,136,92,216,230,33,48,109,151,55,37,69,15,35;0.987217305801377,0.335748792270531,0.954248366013072,0.95048309178744,0.959876543209877,0.589371980676328,1.01346801346801,1.05092592592593,0.986748216106014,0.962472406181015,0.985858585858586,0.72972972972973,0.838969404186795,0.992592592592593,0.679365079365079;15;15
Bjørnaas Johan Asphjell;NM uka, kvalifisering mellomdistanse-H21_Heat_3;Frol IL;1435;0.84816;120,31,143,112,223,270,35,56,116,147,57,29,59,15,22;0.92962962962963,0.996415770609319,0.907536907536908,0.780753968253968,0.929745889387145,0.502057613168724,0.955555555555555,0.900793650793651,0.9272030651341,0.988662131519274,0.951267056530214,0.931034482758621,0.981167608286252,0.992592592592593,1.08080808080808;15;15
Berger Ola;NM uka, kvalifisering mellomdistanse-H21_Heat_3;Wing OK;1440;0.84522;123,79,153,95,203,170,66,63,111,169,58,30,79,15,26;0.906955736224029,0.390998593530239,0.848220769789397,0.92046783625731,1.02134646962233,0.797385620915033,0.506734006734007,0.800705467372134,0.968968968968969,0.859960552268245,0.934865900383142,0.9,0.732770745428973,0.992592592592593,0.914529914529915;15;15
Røisland Kjell Erik;NM uka, kvalifisering mellomdistanse-H21_Heat_3;Søgne og Songdalen OK;1452;0.83823;125,37,141,93,307,161,35,60,111,182,61,30,65,16,28;0.892444444444444,0.834834834834835,0.920409771473601,0.94026284348865,0.675352877307275,0.841959972394755,0.955555555555555,0.840740740740741,0.968968968968969,0.798534798534799,0.888888888888889,0.9,0.890598290598291,0.930555555555556,0.849206349206349;15;15
Breitschädel Felix;NM uka, kvalifisering mellomdistanse-H21_Heat_3;NTNUI;1466;0.83023;142,32,152,94,231,166,46,56,129,190,68,34,71,21,34;0.785602503912363,0.965277777777778,0.853801169590643,0.930260047281324,0.897546897546898,0.816599732262383,0.727053140096618,0.900793650793651,0.833763996554694,0.764912280701754,0.797385620915033,0.794117647058823,0.815336463223787,0.708994708994709,0.699346405228758;15;15
Fiskum Espen;NM uka, kvalifisering mellomdistanse-H21_Heat_3;NTNUI;1474;0.82572;123,50,210,91,306,139,32,55,122,166,58,23,59,17,23;0.906955736224029,0.617777777777778,0.617989417989418,0.960927960927961,0.67755991285403,0.975219824140687,1.04513888888889,0.917171717171717,0.8816029143898,0.875502008032129,0.934865900383142,1.17391304347826,0.981167608286252,0.875816993464052,1.03381642512077;15;15
Magerøy Andreas;NM uka, kvalifisering mellomdistanse-H21_Heat_3;Frol IL;1521;0.80020;291,42,144,87,228,153,36,55,123,174,60,32,57,15,24;0.383352424589538,0.735449735449735,0.901234567901235,1.00510855683269,0.909356725146199,0.885984023238925,0.929012345679012,0.917171717171717,0.874435411020777,0.835249042145594,0.903703703703704,0.84375,1.01559454191033,0.992592592592593,0.990740740740741;15;15
Furland Tom;NM uka, kvalifisering mellomdistanse-H21_Heat_3;Sandnes IL (Rogaland);1523;0.79915;120,43,158,99,258,174,43,98,134,180,63,43,64,17,29;0.92962962962963,0.718346253229974,0.821378340365682,0.88327721661055,0.803617571059432,0.779054916985951,0.777777777777778,0.514739229024943,0.802653399668325,0.807407407407407,0.860670194003527,0.627906976744186,0.904513888888889,0.875816993464052,0.81992337164751;15;15
Kampel Wolfgang;NM uka, kvalifisering mellomdistanse-H21_Heat_3;NTNUI;1547;0.78676;121,36,151,89,253,197,46,60,203,174,89,27,60,16,25;0.921946740128558,0.858024691358025,0.859455481972038,0.982521847690387,0.819499341238472,0.68809926677947,0.727053140096618,0.840740740740741,0.529830322933771,0.835249042145594,0.609238451935081,1,0.964814814814815,0.930555555555556,0.951111111111111;15;15
Løland Glenn Tore;NM uka, kvalifisering mellomdistanse-H21_Heat_3;Ganddal IL;1548;0.78625;149,41,148,115,272,152,39,65,141,182,95,33,72,18,26;0.748695003728561,0.753387533875339,0.876876876876877,0.760386473429952,0.762254901960784,0.891812865497076,0.857549857549857,0.776068376068376,0.762805358550039,0.798534798534799,0.570760233918129,0.818181818181818,0.804012345679012,0.827160493827161,0.914529914529915;15;15
Sandal Fredrik;NM uka, kvalifisering mellomdistanse-H21_Heat_3;Ganddal IL;1602;0.75974;131,48,160,147,221,152,40,152,136,227,58,28,62,15,25;0.851569126378287,0.643518518518518,0.811111111111111,0.594860166288738,0.93815987933635,0.891812865497076,0.836111111111111,0.33187134502924,0.790849673202614,0.640234948604993,0.934865900383142,0.964285714285714,0.933691756272401,0.992592592592593,0.951111111111111;15;15
Aas Ørjan Svaland;NM uka, kvalifisering mellomdistanse-H21_Heat_3;Varegg Fleridrett;1632;0.74578;143,86,163,111,328,179,80,53,123,150,54,32,86,18,26;0.78010878010878,0.359173126614987,0.796182685753238,0.787787787787788,0.632113821138211,0.757293606455618,0.418055555555556,0.951781970649895,0.874435411020777,0.968888888888889,1.00411522633745,0.84375,0.67312661498708,0.827160493827161,0.914529914529915;15;15
Engdahl Bo;NM uka, kvalifisering mellomdistanse-H21_Heat_3;IL Koll;1640;0.74214;105,31,137,106,232,295,61,70,237,163,57,33,66,19,28;1.06243386243386,0.996415770609319,0.94728304947283,0.824947589098532,0.89367816091954,0.459510357815443,0.548269581056466,0.720634920634921,0.453820909517112,0.89161554192229,0.951267056530214,0.818181818181818,0.877104377104377,0.783625730994152,0.849206349206349;15;15
Brattli Anders Beyer;NM uka, kvalifisering mellomdistanse-H21_Heat_3;Ringerike OL;1646;0.73944;124,36,146,123,267,162,78,63,173,249,68,34,76,18,29;0.899641577060932,0.858024691358025,0.888888888888889,0.71093044263776,0.776529338327091,0.83676268861454,0.428774928774929,0.800705467372134,0.621708413615928,0.583668005354752,0.797385620915033,0.794117647058823,0.761695906432749,0.827160493827161,0.81992337164751;15;15
Lima Alf Johan;NM uka, kvalifisering mellomdistanse-H21_Heat_3;Ganddal IL;1646;0.73944;140,41,156,137,321,274,37,51,125,176,60,29,57,17,25;0.796825396825397,0.753387533875339,0.831908831908832,0.638280616382806,0.645898234683281,0.494728304947283,0.903903903903904,0.989106753812636,0.860444444444444,0.825757575757576,0.903703703703704,0.931034482758621,1.01559454191033,0.875816993464052,0.951111111111111;15;15
Bredesen Anders Opsahl;NM uka, kvalifisering mellomdistanse-H21_Heat_3;NTNUI;1654;0.73586;122,60,169,115,297,196,45,63,148,211,76,38,69,18,27;0.914389799635701,0.514814814814815,0.767915844838922,0.760386473429952,0.698092031425365,0.691609977324263,0.74320987654321,0.800705467372134,0.726726726726727,0.688783570300158,0.713450292397661,0.710526315789474,0.838969404186795,0.827160493827161,0.880658436213992;15;15
Tellesbø Ola;NM uka, kvalifisering mellomdistanse-H21_Heat_3;Hadeland OL;1657;0.06732;1657;0.0673238114396835;1;1
Christophersen Morten;NM uka, kvalifisering mellomdistanse-H21_Heat_3;IL Tyrving;1658;0.73408;167,42,178,110,270,172,43,60,174,201,79,35,76,21,30;0.667997338656021,0.735449735449735,0.729088639200999,0.794949494949495,0.767901234567901,0.788113695090439,0.777777777777778,0.840740740740741,0.618135376756066,0.723051409618574,0.686357243319269,0.771428571428571,0.761695906432749,0.708994708994709,0.792592592592593;15;15
Kvakland Jostein;NM uka, kvalifisering mellomdistanse-H21_Heat_3;Wing OK;1677;0.72577;211,36,151,108,305,178,42,79,148,193,66,33,78,20,29;0.528699315429173,0.858024691358025,0.859455481972038,0.809670781893004,0.679781420765027,0.761548064918851,0.796296296296296,0.638537271448664,0.726726726726727,0.753022452504318,0.821548821548822,0.818181818181818,0.742165242165242,0.744444444444444,0.81992337164751;15;15
Rosengren Drake Jonatan;NM uka, kvalifisering mellomdistanse-H21_Heat_3;Varegg Fleridrett;1742;0.69869;145,39,301,150,242,176,79,70,138,169,91,27,67,20,28;0.769348659003831,0.792022792022792,0.431155407899594,0.582962962962963,0.856749311294766,0.77020202020202,0.423347398030942,0.720634920634921,0.77938808373591,0.859960552268245,0.595848595848596,1,0.864013266998342,0.744444444444444,0.849206349206349;15;15
Rekaa Knut Sveinung;NM uka, kvalifisering mellomdistanse-H21_Heat_3;NTNUI;1846;0.65932;126,34,146,110,535,148,48,120,224,160,58,32,62,17,26;0.885361552028219,0.908496732026144,0.888888888888889,0.794949494949495,0.387538940809969,0.915915915915916,0.696759259259259,0.42037037037037,0.48015873015873,0.908333333333333,0.934865900383142,0.84375,0.933691756272401,0.875816993464052,0.914529914529915;15;15
Pettersen Morten Nilstad;NM uka, kvalifisering mellomdistanse-H21_Heat_3;IL Tyrving;2006;0.60674;253,39,158,100,283,256,52,74,282,230,85,42,88,23,41;0.440931049626702,0.792022792022792,0.821378340365682,0.874444444444444,0.732626619552415,0.529513888888889,0.643162393162393,0.681681681681682,0.38140267927502,0.631884057971015,0.637908496732026,0.642857142857143,0.657828282828283,0.647342995169082,0.579945799457995;15;15
Prestmo Joakim;NM uka, kvalifisering mellomdistanse-H21_Heat_3;Bækkelagets SK;2029;0.59986;140,87,190,105,289,181,38,311,287,201,61,26,69,15,29;0.796825396825397,0.355044699872286,0.683040935672515,0.832804232804233,0.717416378316032,0.748925721301412,0.880116959064327,0.162200785994998,0.374758033294619,0.723051409618574,0.888888888888889,1.03846153846154,0.838969404186795,0.992592592592593,0.81992337164751;15;15
Kontautas Donatas;NM uka, kvalifisering mellomdistanse-H21_Heat_3;OK Telsiai;2118;0.57465;143,110,186,108,255,210,41,193,172,350,77,35,146,55,37;0.78010878010878,0.280808080808081,0.697729988052569,0.809670781893004,0.813071895424837,0.645502645502645,0.815718157181572,0.261370178468624,0.625322997416021,0.415238095238095,0.704184704184704,0.771428571428571,0.396499238964992,0.270707070707071,0.642642642642643;15;15
Omdal Hans Gunnar;NM uka, kvalifisering mellomdistanse-H21_Heat_4;Kristiansand OK;1207;1.01790;75,42,116,42,96,35,166,141,60,60,183,54,31,56,23,27;1.01466666666667,1.03571428571429,1.00948275862069,1.03809523809524,1.05,1.01714285714286,1.03855421686747,1.10354609929078,0.836666666666667,0.88,1.05027322404372,1.01296296296296,0.851612903225806,1.08214285714286,0.947826086956522,0.933333333333333;16;16
Ekeberg Bjørn;NM uka, kvalifisering mellomdistanse-H21_Heat_4;IL Tyrving;1219;1.00788;71,41,112,40,98,36,162,155,48,48,205,62,30,61,23,27;1.07183098591549,1.0609756097561,1.04553571428571,1.09,1.02857142857143,0.988888888888889,1.0641975308642,1.00387096774194,1.04583333333333,1.1,0.937560975609756,0.882258064516129,0.88,0.99344262295082,0.947826086956522,0.933333333333333;16;16
Lundanes Ivar;NM uka, kvalifisering mellomdistanse-H21_Heat_4;Frol IL;1259;0.97585;78,46,121,52,102,36,170,156,54,54,199,55,26,65,20,25;0.975641025641026,0.945652173913043,0.967768595041322,0.838461538461538,0.988235294117647,0.988888888888889,1.01411764705882,0.997435897435897,0.92962962962963,0.977777777777778,0.965829145728643,0.994545454545455,1.01538461538462,0.932307692307692,1.09,1.008;16;16
Hovind Eirik Kamstrup;NM uka, kvalifisering mellomdistanse-H21_Heat_4;Raumar Orientering;1274;0.96436;75,50,118,47,101,48,187,152,48,57,199,56,33,58,20,25;1.01466666666667,0.87,0.992372881355932,0.927659574468085,0.998019801980198,0.741666666666667,0.92192513368984,1.02368421052632,1.04583333333333,0.926315789473684,0.965829145728643,0.976785714285714,0.8,1.0448275862069,1.09,1.008;16;16
Vassenden Håvard;NM uka, kvalifisering mellomdistanse-H21_Heat_4;Frol IL;1282;0.95835;89,45,129,44,104,37,170,165,47,49,193,72,29,64,22,23;0.855056179775281,0.966666666666667,0.907751937984496,0.990909090909091,0.969230769230769,0.962162162162162,1.01411764705882,0.943030303030303,1.06808510638298,1.07755102040816,0.995854922279793,0.759722222222222,0.910344827586207,0.946875,0.990909090909091,1.09565217391304;16;16
Weltzien Espen;NM uka, kvalifisering mellomdistanse-H21_Heat_4;IL Tyrving;1305;0.94146;73,48,133,42,100,39,170,164,56,55,187,79,35,70,24,30;1.04246575342466,0.90625,0.880451127819549,1.03809523809524,1.008,0.912820512820513,1.01411764705882,0.948780487804878,0.896428571428571,0.96,1.02780748663102,0.692405063291139,0.754285714285714,0.865714285714286,0.908333333333333,0.84;16;16
Mukhidinov Vyacheslav;NM uka, kvalifisering mellomdistanse-H21_Heat_4;Kristiansand OK;1316;0.93359;97,45,117,51,102,37,180,177,60,52,193,53,27,76,21,28;0.784536082474227,0.966666666666667,1.0008547008547,0.854901960784314,0.988235294117647,0.962162162162162,0.957777777777778,0.87909604519774,0.836666666666667,1.01538461538462,0.995854922279793,1.03207547169811,0.977777777777778,0.797368421052632,1.03809523809524,0.9;16;16
Heggedal Håkon;NM uka, kvalifisering mellomdistanse-H21_Heat_4;Kongsberg OL;1330;0.92376;83,50,112,43,106,38,182,159,54,59,219,65,40,67,24,29;0.916867469879518,0.87,1.04553571428571,1.01395348837209,0.950943396226415,0.936842105263158,0.947252747252747,0.978616352201258,0.92962962962963,0.894915254237288,0.877625570776256,0.841538461538462,0.66,0.904477611940299,0.908333333333333,0.868965517241379;16;16
Pedersen Kristoffer Fiane;NM uka, kvalifisering mellomdistanse-H21_Heat_4;Ås-UMB Orientering;1335;0.92030;78,44,117,43,105,49,238,161,60,60,186,54,32,57,22,29;0.975641025641026,0.988636363636364,1.0008547008547,1.01395348837209,0.96,0.726530612244898,0.72436974789916,0.966459627329193,0.836666666666667,0.88,1.03333333333333,1.01296296296296,0.825,1.06315789473684,0.990909090909091,0.868965517241379;16;16
Haugen Ivar;NM uka, kvalifisering mellomdistanse-H21_Heat_4;Kristiansand OK;1337;0.91892;89,47,139,47,112,36,177,161,55,52,207,53,25,86,23,28;0.855056179775281,0.925531914893617,0.842446043165468,0.927659574468085,0.9,0.988888888888889,0.974011299435028,0.966459627329193,0.912727272727273,1.01538461538462,0.928502415458937,1.03207547169811,1.056,0.704651162790698,0.947826086956522,0.9;16;16
Helgerud Øyvind;NM uka, kvalifisering mellomdistanse-H21_Heat_4;Halden SK;1340;0.91687;91,57,131,45,106,39,182,163,58,60,201,60,29,67,24,27;0.836263736263736,0.763157894736842,0.893893129770992,0.968888888888889,0.950943396226415,0.912820512820513,0.947252747252747,0.954601226993865,0.86551724137931,0.88,0.956218905472637,0.911666666666667,0.910344827586207,0.904477611940299,0.908333333333333,0.933333333333333;16;16
Dahlén Mats;NM uka, kvalifisering mellomdistanse-H21_Heat_4;Kristiansand OK;1353;0.90806;77,46,121,48,112,34,171,168,88,57,206,56,27,95,23,24;0.988311688311688,0.945652173913043,0.967768595041322,0.908333333333333,0.9,1.04705882352941,1.00818713450292,0.926190476190476,0.570454545454545,0.926315789473684,0.933009708737864,0.976785714285714,0.977777777777778,0.637894736842105,0.947826086956522,1.05;16;16
Jakobsen Espen;NM uka, kvalifisering mellomdistanse-H21_Heat_4;NTNUI;1357;0.90538;80,46,130,50,118,38,196,166,68,52,213,57,34,57,22,30;0.95125,0.945652173913043,0.900769230769231,0.872,0.854237288135593,0.936842105263158,0.879591836734694,0.937349397590361,0.738235294117647,1.01538461538462,0.902347417840376,0.959649122807018,0.776470588235294,1.06315789473684,0.990909090909091,0.84;16;16
Lund Øyvind;NM uka, kvalifisering mellomdistanse-H21_Heat_4;Raumar Orientering;1362;0.90206;82,50,127,44,96,40,190,164,63,64,240,58,25,65,27,27;0.928048780487805,0.87,0.922047244094488,0.990909090909091,1.05,0.89,0.907368421052632,0.948780487804878,0.796825396825397,0.825,0.800833333333333,0.943103448275862,1.056,0.932307692307692,0.807407407407407,0.933333333333333;16;16
Pettersen Øystein;NM uka, kvalifisering mellomdistanse-H21_Heat_4;Nydalens SK;1377;0.89223;84,46,134,68,109,37,189,176,52,71,205,63,30,63,23,27;0.905952380952381,0.945652173913043,0.873880597014925,0.641176470588235,0.924770642201835,0.962162162162162,0.912169312169312,0.884090909090909,0.965384615384615,0.743661971830986,0.937560975609756,0.868253968253968,0.88,0.961904761904762,0.947826086956522,0.933333333333333;16;16
Sætra Ove;NM uka, kvalifisering mellomdistanse-H21_Heat_4;Asker Skiklubb;1391;0.88325;82,47,128,51,107,42,193,177,52,59,226,71,29,79,22,26;0.928048780487805,0.925531914893617,0.91484375,0.854901960784314,0.942056074766355,0.847619047619048,0.893264248704663,0.87909604519774,0.965384615384615,0.894915254237288,0.850442477876106,0.770422535211268,0.910344827586207,0.767088607594937,0.990909090909091,0.969230769230769;16;16
Kaas Sverre Waaler;NM uka, kvalifisering mellomdistanse-H21_Heat_4;Nydalens SK;1419;0.86582;74,42,116,67,106,34,177,146,59,119,182,51,25,170,24,27;1.02837837837838,1.03571428571429,1.00948275862069,0.650746268656716,0.950943396226415,1.04705882352941,0.974011299435028,1.06575342465753,0.850847457627119,0.443697478991597,1.05604395604396,1.07254901960784,1.056,0.356470588235294,0.908333333333333,0.933333333333333;16;16
Tveite Håvard;NM uka, kvalifisering mellomdistanse-H21_Heat_4;Ås-UMB Orientering;1431;0.85856;93,55,139,50,124,46,196,162,58,59,206,95,28,68,23,29;0.818279569892473,0.790909090909091,0.842446043165468,0.872,0.812903225806452,0.773913043478261,0.879591836734694,0.960493827160494,0.86551724137931,0.894915254237288,0.933009708737864,0.575789473684211,0.942857142857143,0.891176470588235,0.947826086956522,0.868965517241379;16;16
Fredheim Brynjar;NM uka, kvalifisering mellomdistanse-H21_Heat_4;Lillomarka OL;1450;0.84731;96,65,132,55,130,43,211,177,51,53,222,65,32,66,28,24;0.792708333333333,0.669230769230769,0.887121212121212,0.792727272727273,0.775384615384615,0.827906976744186,0.817061611374408,0.87909604519774,0.984313725490196,0.99622641509434,0.865765765765766,0.841538461538462,0.825,0.918181818181818,0.778571428571429,1.05;16;16
Bergersen Stian;NM uka, kvalifisering mellomdistanse-H21_Heat_4;NTNUI;1452;0.84614;93,55,148,55,111,43,194,171,52,60,251,64,33,71,24,27;0.818279569892473,0.790909090909091,0.791216216216216,0.792727272727273,0.908108108108108,0.827906976744186,0.888659793814433,0.909941520467836,0.965384615384615,0.88,0.765737051792829,0.8546875,0.8,0.853521126760563,0.908333333333333,0.933333333333333;16;16
Rognstad Asgeir Bakken;NM uka, kvalifisering mellomdistanse-H21_Heat_4;NTNUI;1508;0.81472;89,42,162,53,104,43,208,179,47,94,256,89,25,66,23,28;0.855056179775281,1.03571428571429,0.722839506172839,0.822641509433962,0.969230769230769,0.827906976744186,0.828846153846154,0.86927374301676,1.06808510638298,0.561702127659574,0.75078125,0.614606741573034,1.056,0.918181818181818,0.947826086956522,0.9;16;16
Stensrud Kristian;NM uka, kvalifisering mellomdistanse-H21_Heat_4;OL Trollelg;1529;0.80353;94,57,141,55,128,48,212,191,90,65,219,65,35,73,26,30;0.809574468085106,0.763157894736842,0.830496453900709,0.792727272727273,0.7875,0.741666666666667,0.813207547169811,0.814659685863874,0.557777777777778,0.812307692307692,0.877625570776256,0.841538461538462,0.754285714285714,0.83013698630137,0.838461538461538,0.84;16;16
Grann Stian Alexander;NM uka, kvalifisering mellomdistanse-H21_Heat_4;Fossum IF;1532;0.80196;83,51,128,51,123,39,213,207,94,65,253,65,34,72,24,30;0.916867469879518,0.852941176470588,0.91484375,0.854901960784314,0.819512195121951,0.912820512820513,0.809389671361502,0.751690821256039,0.534042553191489,0.812307692307692,0.759683794466403,0.841538461538462,0.776470588235294,0.841666666666667,0.908333333333333,0.84;16;16
Haug Øystein;NM uka, kvalifisering mellomdistanse-H21_Heat_4;Frol IL;1555;0.79010;92,50,130,46,112,85,181,244,53,56,259,89,35,73,23,27;0.827173913043478,0.87,0.900769230769231,0.947826086956522,0.9,0.418823529411765,0.952486187845304,0.637704918032787,0.947169811320755,0.942857142857143,0.742084942084942,0.614606741573034,0.754285714285714,0.83013698630137,0.947826086956522,0.933333333333333;16;16
Nygårdseter Sten Åge;NM uka, kvalifisering mellomdistanse-H21_Heat_4;Vegårshei IL;1576;0.77957;106,42,258,48,123,34,184,203,55,69,249,59,27,67,25,27;0.717924528301887,1.03571428571429,0.453875968992248,0.908333333333333,0.819512195121951,1.04705882352941,0.93695652173913,0.766502463054187,0.912727272727273,0.765217391304348,0.771887550200803,0.927118644067797,0.977777777777778,0.904477611940299,0.872,0.933333333333333;16;16
Tømta Trygve;NM uka, kvalifisering mellomdistanse-H21_Heat_4;Raumar Orientering;1588;0.77368;88,47,207,52,105,42,312,186,72,59,199,73,32,63,23,28;0.864772727272727,0.925531914893617,0.565700483091787,0.838461538461538,0.96,0.847619047619048,0.552564102564103,0.836559139784946,0.697222222222222,0.894915254237288,0.965829145728643,0.749315068493151,0.825,0.961904761904762,0.947826086956522,0.9;16;16
Skulbørstad Roar;NM uka, kvalifisering mellomdistanse-H21_Heat_4;OL Trollelg;1592;0.77173;85,56,172,55,126,43,202,197,68,61,299,62,39,69,29,29;0.895294117647059,0.776785714285714,0.680813953488372,0.792727272727273,0.8,0.827906976744186,0.853465346534653,0.789847715736041,0.738235294117647,0.865573770491803,0.642809364548495,0.882258064516129,0.676923076923077,0.878260869565217,0.751724137931035,0.868965517241379;16;16
Spjelkavik Henning;NM uka, kvalifisering mellomdistanse-H21_Heat_4;IL Tyrving;1596;0.76980;93,54,137,57,120,45,234,184,57,57,287,105,35,72,27,32;0.818279569892473,0.805555555555556,0.854744525547445,0.764912280701754,0.84,0.791111111111111,0.736752136752137,0.845652173913043,0.880701754385965,0.926315789473684,0.669686411149826,0.520952380952381,0.754285714285714,0.841666666666667,0.807407407407407,0.7875;16;16
Opsahl Bredesen Kristian;NM uka, kvalifisering mellomdistanse-H21_Heat_4;NTNUI;1620;0.75840;90,56,155,51,135,49,221,223,75,73,238,72,31,99,25,27;0.845555555555556,0.776785714285714,0.755483870967742,0.854901960784314,0.746666666666667,0.726530612244898,0.780090497737557,0.697757847533632,0.669333333333333,0.723287671232877,0.807563025210084,0.759722222222222,0.851612903225806,0.612121212121212,0.872,0.933333333333333;16;16
Fiskum Gunnar A;NM uka, kvalifisering mellomdistanse-H21_Heat_4;IL Tyrving;1625;0.75606;90,53,141,60,115,43,211,243,73,133,247,63,31,72,24,26;0.845555555555556,0.820754716981132,0.830496453900709,0.726666666666667,0.876521739130435,0.827906976744186,0.817061611374408,0.640329218106996,0.687671232876712,0.396992481203008,0.778137651821862,0.868253968253968,0.851612903225806,0.841666666666667,0.908333333333333,0.969230769230769;16;16
Bjøringsøy Simen A;NM uka, kvalifisering mellomdistanse-H21_Heat_4;NTNUI;1642;0.74823;91,71,140,49,134,47,244,230,71,79,235,72,34,90,25,30;0.836263736263736,0.612676056338028,0.836428571428571,0.889795918367347,0.752238805970149,0.757446808510638,0.70655737704918,0.676521739130435,0.707042253521127,0.668354430379747,0.817872340425532,0.759722222222222,0.776470588235294,0.673333333333333,0.872,0.84;16;16
Stenerud Kristian;NM uka, kvalifisering mellomdistanse-H21_Heat_4;NTNUI;1652;0.74370;95,50,121,51,120,42,360,167,71,85,277,66,36,62,23,26;0.801052631578947,0.87,0.967768595041322,0.854901960784314,0.84,0.847619047619048,0.478888888888889,0.931736526946108,0.707042253521127,0.621176470588235,0.693862815884477,0.828787878787879,0.733333333333333,0.97741935483871,0.947826086956522,0.969230769230769;16;16
Steinbekken Øyvind;NM uka, kvalifisering mellomdistanse-H21_Heat_4;Odal OL - Orientering;1734;0.70854;103,63,166,52,143,43,260,204,68,79,279,64,32,116,29,33;0.738834951456311,0.69047619047619,0.705421686746988,0.838461538461538,0.704895104895105,0.827906976744186,0.663076923076923,0.762745098039216,0.738235294117647,0.668354430379747,0.688888888888889,0.8546875,0.825,0.522413793103448,0.751724137931035,0.763636363636364;16;16
Danailov Ivo K.;NM uka, kvalifisering mellomdistanse-H21_Heat_4;Lillomarka OL;1762;0.69728;80,61,249,51,124,44,359,191,64,77,229,65,33,79,29,27;0.95125,0.713114754098361,0.470281124497992,0.854901960784314,0.812903225806452,0.809090909090909,0.480222841225627,0.814659685863874,0.784375,0.685714285714286,0.839301310043668,0.841538461538462,0.8,0.767088607594937,0.751724137931035,0.933333333333333;16;16
Hegreberg Arild;NM uka, kvalifisering mellomdistanse-H21_Heat_4;Bodø og Omegn IF Orientering;1824;0.67357;99,59,146,52,129,49,369,217,88,72,260,83,38,94,36,33;0.768686868686869,0.73728813559322,0.802054794520548,0.838461538461538,0.781395348837209,0.726530612244898,0.467208672086721,0.71705069124424,0.570454545454545,0.733333333333333,0.739230769230769,0.659036144578313,0.694736842105263,0.64468085106383,0.605555555555556,0.763636363636364;16;16
Dalsøren Stig;NM uka, kvalifisering mellomdistanse-H21_Heat_4;Kristiansand OK;1835;0.66954;82,51,321,193,165,41,182,168,52,59,265,68,32,105,25,26;0.928048780487805,0.852941176470588,0.364797507788162,0.225906735751295,0.610909090909091,0.868292682926829,0.947252747252747,0.926190476190476,0.965384615384615,0.894915254237288,0.725283018867924,0.804411764705882,0.825,0.577142857142857,0.872,0.969230769230769;16;16
Ri Kyongsa;NM uka, kvalifisering mellomdistanse-H21_Heat_4;Bækkelagets SK;2294;0.53557;110,67,385,68,174,50,248,218,89,81,530,94,35,85,30,30;0.691818181818182,0.649253731343284,0.304155844155844,0.641176470588235,0.579310344827586,0.712,0.695161290322581,0.713761467889908,0.564044943820225,0.651851851851852,0.362641509433962,0.581914893617021,0.754285714285714,0.712941176470588,0.726666666666667,0.84;16;16
Bagstevold Heidi Østlid;NM uka, kvalifisering mellomdistanse-D21_Heat_1;Bækkelagets SK;1193;1.02179;111,69,136,25,53,117,207,59,41,166,69,30,62,18,30;0.990990990990991,1.07004830917874,0.948529411764706,1.04666666666667,1.01572327044025,0.893162393162393,1.07004830917874,1.07344632768362,1.08130081300813,1.0933734939759,0.954106280193237,1.03333333333333,1.09677419354839,0.953703703703704,0.966666666666667;15;15
Bjørgul Ida Marie Næss;NM uka, kvalifisering mellomdistanse-D21_Heat_1;Halden SK;1225;0.99510;106,75,137,27,55,98,227,60,45,185,64,32,67,18,29;1.0377358490566,0.984444444444444,0.941605839416058,0.969135802469136,0.978787878787879,1.06632653061224,0.975770925110132,1.05555555555556,0.985185185185185,0.981081081081081,1.02864583333333,0.96875,1.01492537313433,0.953703703703704,1;15;15
Nielsen Mali Fjogstad;NM uka, kvalifisering mellomdistanse-D21_Heat_1;NTNUI;1266;0.96288;113,75,128,30,53,110,228,69,48,188,69,34,75,16,30;0.973451327433628,0.984444444444444,1.0078125,0.872222222222222,1.01572327044025,0.95,0.971491228070175,0.917874396135266,0.923611111111111,0.965425531914894,0.954106280193237,0.911764705882353,0.906666666666667,1.07291666666667,0.966666666666667;15;15
Holmström Bodil;NM uka, kvalifisering mellomdistanse-D21_Heat_1;Halden SK;1269;0.96060;105,70,129,27,52,108,239,64,46,196,61,34,86,19,33;1.04761904761905,1.0547619047619,1,0.969135802469136,1.03525641025641,0.967592592592593,0.926778242677824,0.989583333333333,0.963768115942029,0.926020408163265,1.0792349726776,0.911764705882353,0.790697674418605,0.903508771929825,0.878787878787879;15;15
Skaare Mathilde Korvald;NM uka, kvalifisering mellomdistanse-D21_Heat_1;NTNUI;1329;0.91723;129,77,140,29,59,126,245,74,49,180,70,32,67,21,31;0.852713178294574,0.958874458874459,0.921428571428571,0.902298850574713,0.912429378531074,0.829365079365079,0.904081632653061,0.855855855855856,0.904761904761905,1.00833333333333,0.94047619047619,0.96875,1.01492537313433,0.817460317460318,0.935483870967742;15;15
Svingheim Kari;NM uka, kvalifisering mellomdistanse-D21_Heat_1;Varegg Fleridrett;1341;0.90902;115,77,129,27,100,105,225,66,54,210,80,35,70,18,30;0.956521739130435,0.958874458874459,1,0.969135802469136,0.538333333333333,0.995238095238095,0.984444444444444,0.95959595959596,0.820987654320988,0.864285714285714,0.822916666666667,0.885714285714286,0.971428571428571,0.953703703703704,0.966666666666667;15;15
Palmer Helen;NM uka, kvalifisering mellomdistanse-D21_Heat_1;Wing OK;1353;0.90096;114,137,130,27,74,124,226,64,44,194,67,34,70,18,30;0.964912280701754,0.538929440389294,0.992307692307692,0.969135802469136,0.727477477477477,0.842741935483871,0.980088495575221,0.989583333333333,1.00757575757576,0.935567010309278,0.982587064676617,0.911764705882353,0.971428571428571,0.953703703703704,0.966666666666667;15;15
Kahrs Marit;NM uka, kvalifisering mellomdistanse-D21_Heat_1;Halden SK;1357;0.89831;127,84,140,29,61,129,248,69,52,183,71,33,79,20,32;0.866141732283465,0.878968253968254,0.921428571428571,0.902298850574713,0.882513661202186,0.810077519379845,0.893145161290323,0.917874396135266,0.852564102564103,0.991803278688525,0.927230046948357,0.939393939393939,0.860759493670886,0.858333333333333,0.90625;15;15
Nordberg Anne M Hausken;NM uka, kvalifisering mellomdistanse-D21_Heat_1;Halden SK;1359;0.89698;116,103,122,24,57,95,221,85,45,278,66,28,76,16,27;0.948275862068966,0.716828478964401,1.05737704918033,1.09027777777778,0.944444444444445,1.1,1.00226244343891,0.745098039215686,0.985185185185185,0.652877697841727,0.997474747474747,1.10714285714286,0.894736842105263,1.07291666666667,1.07407407407407;15;15
Godager Lene;NM uka, kvalifisering mellomdistanse-D21_Heat_1;Bækkelagets SK;1387;0.87888;134,159,138,29,53,111,223,72,46,189,77,34,73,18,31;0.82089552238806,0.464360587002096,0.934782608695652,0.902298850574713,1.01572327044025,0.941441441441441,0.993273542600897,0.87962962962963,0.963768115942029,0.96031746031746,0.854978354978355,0.911764705882353,0.931506849315068,0.953703703703704,0.935483870967742;15;15
Profors Sara;NM uka, kvalifisering mellomdistanse-D21_Heat_1;Frol IL;1439;0.84712;122,86,157,29,72,116,272,73,55,229,68,38,72,20,30;0.901639344262295,0.858527131782946,0.821656050955414,0.902298850574713,0.747685185185185,0.900862068965517,0.814338235294118,0.867579908675799,0.806060606060606,0.792576419213974,0.968137254901961,0.815789473684211,0.944444444444444,0.858333333333333,0.966666666666667;15;15
Jahren Katja Ekroll;NM uka, kvalifisering mellomdistanse-D21_Heat_1;Bækkelagets SK;1479;0.82421;120,87,159,29,62,122,242,75,60,274,77,37,82,20,33;0.916666666666667,0.848659003831418,0.811320754716981,0.902298850574713,0.868279569892473,0.85655737704918,0.915289256198347,0.844444444444444,0.738888888888889,0.662408759124088,0.854978354978355,0.837837837837838,0.829268292682927,0.858333333333333,0.878787878787879;15;15
Egli Natalie;NM uka, kvalifisering mellomdistanse-D21_Heat_1;Harstad OL;1480;0.82365;127,86,171,40,67,127,255,76,58,207,87,42,82,21,34;0.866141732283465,0.858527131782946,0.754385964912281,0.654166666666667,0.803482587064677,0.822834645669291,0.868627450980392,0.833333333333333,0.764367816091954,0.876811594202899,0.756704980842912,0.738095238095238,0.829268292682927,0.817460317460318,0.852941176470588;15;15
Hoksrud Aasne Fenne;NM uka, kvalifisering mellomdistanse-D21_Heat_1;Nydalens SK;1489;0.81867;111,81,143,30,89,233,252,67,45,187,73,31,96,18,33;0.990990990990991,0.911522633744856,0.902097902097902,0.872222222222222,0.604868913857678,0.448497854077253,0.878968253968254,0.945273631840796,0.985185185185185,0.970588235294118,0.901826484018265,1,0.708333333333333,0.953703703703704,0.878787878787879;15;15
Arnevik Irene Beate Øhrn;NM uka, kvalifisering mellomdistanse-D21_Heat_1;Kristiansand OK;1514;0.80515;131,96,172,32,79,122,292,89,49,214,70,37,80,17,34;0.83969465648855,0.769097222222222,0.75,0.817708333333333,0.681434599156118,0.85655737704918,0.758561643835616,0.711610486891386,0.904761904761905,0.848130841121495,0.94047619047619,0.837837837837838,0.85,1.00980392156863,0.852941176470588;15;15
Åstebøl Martine;NM uka, kvalifisering mellomdistanse-D21_Heat_1;NTNUI;1551;0.78594;127,115,209,29,61,124,258,71,57,237,93,36,83,22,29;0.866141732283465,0.642028985507246,0.617224880382775,0.902298850574713,0.882513661202186,0.842741935483871,0.858527131782946,0.892018779342723,0.777777777777778,0.765822784810127,0.707885304659498,0.861111111111111,0.819277108433735,0.78030303030303,1;15;15
Tiltnes Ida Arnesen;NM uka, kvalifisering mellomdistanse-D21_Heat_1;NTNUI;1573;0.77495;126,89,173,34,65,136,282,98,61,251,84,40,79,23,32;0.873015873015873,0.829588014981273,0.745664739884393,0.769607843137255,0.828205128205128,0.768382352941177,0.785460992907801,0.646258503401361,0.726775956284153,0.723107569721116,0.783730158730159,0.775,0.860759493670886,0.746376811594203,0.90625;15;15
Hesselberg Indby Jenni;NM uka, kvalifisering mellomdistanse-D21_Heat_1;Bækkelagets SK;1776;0.68637;149,205,201,35,73,135,313,76,59,222,93,44,114,22,35;0.738255033557047,0.360162601626016,0.641791044776119,0.747619047619048,0.737442922374429,0.774074074074074,0.707667731629393,0.833333333333333,0.751412429378531,0.817567567567568,0.707885304659498,0.704545454545455,0.596491228070175,0.78030303030303,0.828571428571429;15;15
Stridsklev Camilla;NM uka, kvalifisering mellomdistanse-D21_Heat_1;NTNUI;1931;0.63128;150,124,263,33,65,226,325,87,75,269,100,43,99,39,33;0.733333333333333,0.595430107526882,0.490494296577947,0.792929292929293,0.828205128205128,0.462389380530973,0.681538461538462,0.727969348659004,0.591111111111111,0.674721189591078,0.658333333333333,0.720930232558139,0.686868686868687,0.44017094017094,0.878787878787879;15;15
Brænden Ida;NM uka, kvalifisering mellomdistanse-D21_Heat_1;Raumar Orientering;1964;0.62067;156,129,309,38,70,150,293,261,59,247,72,40,87,20,33;0.705128205128205,0.57235142118863,0.41747572815534,0.68859649122807,0.769047619047619,0.696666666666667,0.755972696245734,0.242656449553001,0.751412429378531,0.734817813765182,0.914351851851852,0.775,0.781609195402299,0.858333333333333,0.878787878787879;15;15
Prestvold Katrine;NM uka, kvalifisering mellomdistanse-D21_Heat_1;Ganddal IL;2043;0.59667;172,113,334,28,90,136,338,146,66,333,99,45,92,22,29;0.63953488372093,0.653392330383481,0.38622754491018,0.93452380952381,0.598148148148148,0.768382352941177,0.655325443786982,0.4337899543379,0.671717171717172,0.545045045045045,0.664983164983165,0.688888888888889,0.739130434782609,0.78030303030303,1;15;15
Wigemyr Tone;NM uka, kvalifisering mellomdistanse-D21_Heat_2;Bækkelagets SK;1221;1.03713;173,153,26,86,260,64,46,184,73,29,68,26,33;1.08863198458574,1.06971677559913,1,1.0484496124031,1.00192307692308,0.9921875,1.10507246376812,1.0625,1.01598173515982,1.01724137931034,1.05882352941176,0.942307692307692,0.838383838383838;13;13
Sandstad Hanne;NM uka, kvalifisering mellomdistanse-D21_Heat_2;Freidig;1329;0.95285;171,171,27,85,276,62,54,217,80,33,93,27,33;1.10136452241715,0.957115009746589,0.962962962962963,1.06078431372549,0.943840579710145,1.0241935483871,0.941358024691358,0.900921658986175,0.927083333333333,0.893939393939394,0.774193548387097,0.907407407407407,0.838383838383838;13;13
Johansson Emma;NM uka, kvalifisering mellomdistanse-D21_Heat_2;NTNUI;1356;0.93387;219,174,29,100,284,71,63,179,78,31,76,24,28;0.859969558599696,0.940613026819923,0.896551724137931,0.901666666666667,0.917253521126761,0.894366197183099,0.806878306878307,1.09217877094972,0.950854700854701,0.951612903225806,0.947368421052632,1.02083333333333,0.988095238095238;13;13
Lähdekorpi Emma;NM uka, kvalifisering mellomdistanse-D21_Heat_2;Nydalens SK;1391;0.91038;190,211,34,107,274,67,53,210,76,33,79,27,30;0.991228070175439,0.77567140600316,0.764705882352941,0.842679127725857,0.950729927007299,0.947761194029851,0.959119496855346,0.930952380952381,0.975877192982456,0.893939393939394,0.911392405063291,0.907407407407407,0.922222222222222;13;13
Rønning Sund Gøril;NM uka, kvalifisering mellomdistanse-D21_Heat_2;Frol IL;1410;0.89811;203,160,25,148,248,160,52,185,75,30,71,24,29;0.927750410509031,1.02291666666667,1.04,0.609234234234234,1.05040322580645,0.396875,0.977564102564103,1.05675675675676,0.988888888888889,0.983333333333333,1.01408450704225,1.02083333333333,0.954022988505747;13;13
Haare Therese;NM uka, kvalifisering mellomdistanse-D21_Heat_2;Konnerud IL;1411;0.89747;222,170,26,103,251,111,49,220,101,26,75,26,31;0.848348348348348,0.962745098039216,1,0.875404530744337,1.03784860557769,0.572072072072072,1.03741496598639,0.888636363636364,0.734323432343234,1.13461538461538,0.96,0.942307692307692,0.89247311827957;13;13
Steiwer Kine Hallan;NM uka, kvalifisering mellomdistanse-D21_Heat_2;Lillomarka OL;1467;0.86321;292,154,25,86,321,62,51,252,74,30,68,24,28;0.644977168949772,1.06277056277056,1.04,1.0484496124031,0.811526479750779,1.0241935483871,0.996732026143791,0.775793650793651,1.00225225225225,0.983333333333333,1.05882352941176,1.02083333333333,0.988095238095238;13;13
Ulvestad Siri;NM uka, kvalifisering mellomdistanse-D21_Heat_2;NTNUI;1474;0.85911;308,177,28,91,262,75,59,215,94,34,78,27,26;0.611471861471861,0.924670433145009,0.928571428571429,0.990842490842491,0.994274809160305,0.846666666666667,0.861581920903955,0.909302325581395,0.789007092198582,0.867647058823529,0.923076923076923,0.907407407407407,1.06410256410256;13;13
Trösse Christiane;NM uka, kvalifisering mellomdistanse-D21_Heat_2;Varegg Fleridrett;1489;0.85046;213,181,30,107,282,70,68,255,79,33,110,29,32;0.884194053208138,0.904235727440147,0.866666666666667,0.842679127725857,0.923758865248227,0.907142857142857,0.747549019607843,0.766666666666667,0.938818565400844,0.893939393939394,0.654545454545455,0.844827586206897,0.864583333333333;13;13
Nielsen Agni Fjogstad;NM uka, kvalifisering mellomdistanse-D21_Heat_2;Kongsberg OL;1498;0.84535;198,219,28,103,333,88,65,209,77,35,81,29,33;0.951178451178451,0.747336377473364,0.928571428571429,0.875404530744337,0.782282282282282,0.721590909090909,0.782051282051282,0.935406698564593,0.963203463203463,0.842857142857143,0.888888888888889,0.844827586206897,0.838383838383838;13;13
Bjerva Elin;NM uka, kvalifisering mellomdistanse-D21_Heat_2;Larvik OK;1501;0.84366;227,193,31,109,311,72,65,206,102,37,79,32,37;0.829662261380323,0.848013816925734,0.838709677419355,0.827217125382263,0.837620578778135,0.881944444444444,0.782051282051282,0.949029126213592,0.727124183006536,0.797297297297297,0.911392405063291,0.765625,0.747747747747748;13;13
Skjerve Elen Katrine;NM uka, kvalifisering mellomdistanse-D21_Heat_2;Frol IL;1525;0.83038;209,193,31,101,334,61,63,281,78,36,84,26,28;0.901116427432217,0.848013816925734,0.838709677419355,0.892739273927393,0.779940119760479,1.04098360655738,0.806878306878307,0.695729537366548,0.950854700854701,0.819444444444444,0.857142857142857,0.942307692307692,0.988095238095238;13;13
Bjerkreim Betty Ann;NM uka, kvalifisering mellomdistanse-D21_Heat_2;Lillehammer OK;1575;0.80402;195,228,31,105,268,168,72,274,70,33,77,25,29;0.965811965811966,0.717836257309941,0.838709677419355,0.858730158730159,0.972014925373134,0.37797619047619,0.706018518518519,0.713503649635037,1.05952380952381,0.893939393939394,0.935064935064935,0.98,0.954022988505747;13;13
Hokholt Linn;NM uka, kvalifisering mellomdistanse-D21_Heat_2;Lillomarka OL;1595;0.79394;350,197,28,96,281,70,61,249,85,38,84,28,28;0.538095238095238,0.830795262267343,0.928571428571429,0.939236111111111,0.927046263345196,0.907142857142857,0.833333333333333,0.785140562248996,0.872549019607843,0.776315789473684,0.857142857142857,0.875,0.988095238095238;13;13
Baklid Anette;NM uka, kvalifisering mellomdistanse-D21_Heat_2;Konnerud IL;1599;0.79195;230,203,32,118,349,92,62,219,86,39,93,34,42;0.818840579710145,0.80623973727422,0.8125,0.764124293785311,0.746418338108882,0.690217391304348,0.81989247311828,0.892694063926941,0.862403100775194,0.756410256410256,0.774193548387097,0.720588235294118,0.658730158730159;13;13
Bjørgul Ane Sofie Næss;NM uka, kvalifisering mellomdistanse-D21_Heat_2;Halden SK;1609;0.78703;260,206,33,115,281,74,83,288,82,38,89,29,31;0.724358974358974,0.794498381877023,0.787878787878788,0.784057971014493,0.927046263345196,0.858108108108108,0.612449799196787,0.678819444444444,0.904471544715447,0.776315789473684,0.808988764044944,0.844827586206897,0.89247311827957;13;13
Stokseth Heidi;NM uka, kvalifisering mellomdistanse-D21_Heat_2;Halden SK;1632;0.77594;216,214,31,111,330,73,61,322,96,36,82,30,30;0.871913580246914,0.764797507788162,0.838709677419355,0.812312312312312,0.789393939393939,0.86986301369863,0.833333333333333,0.607142857142857,0.772569444444445,0.819444444444444,0.878048780487805,0.816666666666667,0.922222222222222;13;13
Gulliksen Kine;NM uka, kvalifisering mellomdistanse-D21_Heat_2;Bækkelagets SK;1677;0.75512;432,198,27,97,310,65,60,254,77,31,74,24,28;0.435956790123457,0.826599326599327,0.962962962962963,0.929553264604811,0.840322580645161,0.976923076923077,0.847222222222222,0.769685039370079,0.963203463203463,0.951612903225806,0.972972972972973,1.02083333333333,0.988095238095238;13;13
Smestad Nina;NM uka, kvalifisering mellomdistanse-D21_Heat_2;Løten OL;1753;0.72238;221,220,33,142,358,168,88,227,95,39,90,37,35;0.852187028657617,0.743939393939394,0.787878787878788,0.634976525821596,0.727653631284916,0.37797619047619,0.577651515151515,0.861233480176211,0.780701754385965,0.756410256410256,0.8,0.662162162162162,0.790476190476191;13;13
Lysaker Kirsti;NM uka, kvalifisering mellomdistanse-D21_Heat_2;Fana IL;1806;0.70118;274,217,36,121,346,79,74,349,98,41,96,33,42;0.687347931873479,0.754224270353303,0.722222222222222,0.745179063360882,0.752890173410405,0.80379746835443,0.686936936936937,0.560171919770774,0.756802721088435,0.719512195121951,0.75,0.742424242424242,0.658730158730159;13;13
Eidnes Siri;NM uka, kvalifisering mellomdistanse-D21_Heat_2;Harstad OL;1853;0.68340;462,181,40,128,373,70,59,259,103,35,85,26,32;0.407647907647908,0.904235727440147,0.65,0.704427083333333,0.698391420911528,0.907142857142857,0.861581920903955,0.754826254826255,0.720064724919094,0.842857142857143,0.847058823529412,0.942307692307692,0.864583333333333;13;13
Aarnes Annemarie B.;NM uka, kvalifisering mellomdistanse-D21_Heat_2;Fossum IF;2106;0.60130;222,208,31,123,352,376,81,407,120,40,80,33,33;0.848348348348348,0.786858974358974,0.838709677419355,0.733062330623306,0.740056818181818,0.168882978723404,0.627572016460905,0.48034398034398,0.618055555555556,0.7375,0.9,0.742424242424242,0.838383838383838;13;13
Jahren Silje Ekroll;NM uka, kvalifisering mellomdistanse-D21_Heat_3;Raumar Orientering;1234;0.99433;126,38,147,120,117,222,51,171,64,33,96,19,30;1.07010582010582,1.00877192982456,1.06575963718821,1.04305555555556,1,0.975225225225225,0.986928104575163,1.03118908382066,1.0390625,0.939393939393939,0.71875,0.921052631578947,0.927777777777778;13;13
Haldin Vendula;NM uka, kvalifisering mellomdistanse-D21_Heat_3;Halden SK;1244;0.98633;144,42,156,124,110,199,58,187,74,33,68,18,31;0.936342592592593,0.912698412698413,1.0042735042735,1.00940860215054,1.06363636363636,1.08793969849246,0.867816091954023,0.942959001782531,0.898648648648649,0.939393939393939,1.01470588235294,0.972222222222222,0.897849462365591;13;13
Lind Anne Johanne;NM uka, kvalifisering mellomdistanse-D21_Heat_3;IL Tyrving;1276;0.96160;123,37,167,123,120,270,54,165,66,29,77,17,28;1.09620596205962,1.03603603603604,0.93812375249501,1.01761517615176,0.975,0.801851851851852,0.932098765432099,1.06868686868687,1.00757575757576,1.06896551724138,0.896103896103896,1.02941176470588,0.994047619047619;13;13
Fasting Mari;NM uka, kvalifisering mellomdistanse-D21_Heat_3;Halden SK;1284;0.95561;129,45,148,137,112,302,44,166,63,28,62,18,30;1.04521963824289,0.851851851851852,1.05855855855856,0.913625304136253,1.04464285714286,0.716887417218543,1.14393939393939,1.06224899598394,1.05555555555556,1.10714285714286,1.11290322580645,0.972222222222222,0.927777777777778;13;13
Lye Tone E;NM uka, kvalifisering mellomdistanse-D21_Heat_3;IL Tyrving;1355;0.90554;147,42,173,131,141,218,78,197,70,38,70,22,28;0.917233560090703,0.912698412698413,0.905587668593449,0.955470737913486,0.829787234042553,0.993119266055046,0.645299145299145,0.895093062605753,0.95,0.815789473684211,0.985714285714286,0.795454545454545,0.994047619047619;13;13
Hagman Line;NM uka, kvalifisering mellomdistanse-D21_Heat_3;NTNUI;1359;0.90287;152,35,157,148,117,247,52,212,78,32,79,21,29;0.887061403508772,1.0952380952381,0.997876857749469,0.845720720720721,1,0.876518218623482,0.967948717948718,0.831761006289308,0.852564102564103,0.96875,0.873417721518987,0.833333333333333,0.959770114942529;13;13
Nordbrøden Hanna Haugen;NM uka, kvalifisering mellomdistanse-D21_Heat_3;NTNUI;1379;0.88978;153,81,165,143,129,203,63,185,67,35,105,19,31;0.881263616557734,0.473251028806584,0.949494949494949,0.875291375291375,0.906976744186046,1.06650246305419,0.798941798941799,0.953153153153153,0.992537313432836,0.885714285714286,0.657142857142857,0.921052631578947,0.897849462365591;13;13
Shandurkova Iliana;NM uka, kvalifisering mellomdistanse-D21_Heat_3;Halden SK;1406;0.87269;140,40,170,167,141,223,72,209,94,31,72,18,29;0.963095238095238,0.958333333333333,0.92156862745098,0.749500998003992,0.829787234042553,0.97085201793722,0.699074074074074,0.843700159489633,0.707446808510638,1,0.958333333333333,0.972222222222222,0.959770114942529;13;13
Rognstad Audhild Bakken;NM uka, kvalifisering mellomdistanse-D21_Heat_3;NTNUI;1415;0.86714;164,59,177,129,126,297,47,189,69,33,83,16,26;0.822154471544716,0.649717514124294,0.885122410546139,0.970284237726098,0.928571428571429,0.728956228956229,1.0709219858156,0.932980599647266,0.963768115942029,0.939393939393939,0.831325301204819,1.09375,1.07051282051282;13;13
Brochmann Lone;NM uka, kvalifisering mellomdistanse-D21_Heat_3;Eiker OL;1456;0.84272;164,50,214,137,135,234,59,226,73,34,83,19,28;0.822154471544716,0.766666666666667,0.73208722741433,0.913625304136253,0.866666666666667,0.925213675213675,0.853107344632768,0.78023598820059,0.910958904109589,0.911764705882353,0.831325301204819,0.921052631578947,0.994047619047619;13;13
Fristad Ingunn;NM uka, kvalifisering mellomdistanse-D21_Heat_3;Halden SK;1475;0.83186;156,40,176,153,175,269,60,189,80,38,84,21,34;0.864316239316239,0.958333333333333,0.890151515151515,0.818082788671024,0.668571428571429,0.804832713754647,0.838888888888889,0.932980599647266,0.83125,0.815789473684211,0.821428571428571,0.833333333333333,0.818627450980392;13;13
Götsch Arntraut;NM uka, kvalifisering mellomdistanse-D21_Heat_3;IL BUL-Tromsø;1497;0.81964;163,54,227,124,139,309,54,184,93,34,68,18,30;0.82719836400818,0.709876543209877,0.690161527165932,1.00940860215054,0.841726618705036,0.700647249190938,0.932098765432099,0.958333333333333,0.71505376344086,0.911764705882353,1.01470588235294,0.972222222222222,0.927777777777778;13;13
Fey Zsuzsa;NM uka, kvalifisering mellomdistanse-D21_Heat_3;IL Tyrving;1543;0.79520;185,45,200,174,142,244,72,221,81,35,86,24,34;0.728828828828829,0.851851851851852,0.783333333333333,0.719348659003831,0.823943661971831,0.887295081967213,0.699074074074074,0.79788838612368,0.820987654320988,0.885714285714286,0.802325581395349,0.729166666666667,0.818627450980392;13;13
Åstebøl Kristin;NM uka, kvalifisering mellomdistanse-D21_Heat_3;NTNUI;1610;0.76211;233,45,188,158,153,281,75,228,73,41,82,21,32;0.578683834048641,0.851851851851852,0.833333333333333,0.792194092827004,0.764705882352941,0.770462633451957,0.671111111111111,0.773391812865497,0.910958904109589,0.75609756097561,0.841463414634146,0.833333333333333,0.869791666666667;13;13
Hovind Anne Kamstrup;NM uka, kvalifisering mellomdistanse-D21_Heat_3;Raumar Orientering;1615;0.75975;175,49,210,175,148,271,83,233,79,37,98,24,33;0.770476190476191,0.782312925170068,0.746031746031746,0.715238095238095,0.790540540540541,0.798892988929889,0.606425702811245,0.756795422031474,0.841772151898734,0.837837837837838,0.704081632653061,0.729166666666667,0.843434343434343;13;13
Sandstad Isa Mari;NM uka, kvalifisering mellomdistanse-D21_Heat_3;Frol IL;1617;0.75881;174,45,211,185,143,239,85,240,90,38,118,20,29;0.774904214559387,0.851851851851852,0.742496050552923,0.676576576576577,0.818181818181818,0.905857740585774,0.592156862745098,0.734722222222222,0.738888888888889,0.815789473684211,0.584745762711864,0.875,0.959770114942529;13;13
Torpe Guro;NM uka, kvalifisering mellomdistanse-D21_Heat_3;NTNUI;1620;0.75741;160,40,185,167,140,411,62,211,70,38,85,19,32;0.842708333333333,0.958333333333333,0.846846846846847,0.749500998003992,0.835714285714286,0.52676399026764,0.811827956989247,0.835703001579779,0.95,0.815789473684211,0.811764705882353,0.921052631578947,0.869791666666667;13;13
Skantze Ingrid Helene;NM uka, kvalifisering mellomdistanse-D21_Heat_3;IL Tyrving;1629;0.75322;192,60,218,160,152,285,69,230,78,39,89,23,34;0.702256944444445,0.638888888888889,0.718654434250764,0.782291666666667,0.769736842105263,0.759649122807018,0.729468599033816,0.766666666666667,0.852564102564103,0.794871794871795,0.775280898876405,0.760869565217391,0.818627450980392;13;13
Maalen-Johansen Ingvild;NM uka, kvalifisering mellomdistanse-D21_Heat_3;Ås-UMB Orientering;1749;0.70154;166,44,196,193,160,381,67,257,91,42,98,22,32;0.812248995983936,0.871212121212121,0.799319727891156,0.64853195164076,0.73125,0.568241469816273,0.751243781094527,0.686121919584955,0.730769230769231,0.738095238095238,0.704081632653061,0.795454545454545,0.869791666666667;13;13
Tollehaug Inger Anita;NM uka, kvalifisering mellomdistanse-D21_Heat_3;Eiker OL;1800;0.68167;176,57,237,201,171,314,84,265,102,52,86,27,28;0.766098484848485,0.672514619883041,0.661040787623066,0.622719734660033,0.684210526315789,0.689490445859873,0.599206349206349,0.665408805031447,0.651960784313726,0.596153846153846,0.802325581395349,0.648148148148148,0.994047619047619;13;13
Janson Una Glende;NM uka, kvalifisering mellomdistanse-D21_Heat_3;Kristiansand OK;1818;0.67492;195,46,218,154,146,475,82,231,86,48,80,22,35;0.691452991452992,0.833333333333333,0.718654434250764,0.812770562770563,0.801369863013699,0.455789473684211,0.613821138211382,0.763347763347763,0.773255813953488,0.645833333333333,0.8625,0.795454545454545,0.795238095238095;13;13
Aarnes Sofie;NM uka, kvalifisering mellomdistanse-D21_Heat_3;Nydalens SK;1847;0.66432;200,43,176,151,156,587,67,215,81,34,79,26,32;0.674166666666667,0.891472868217054,0.890151515151515,0.828918322295806,0.75,0.368824531516184,0.751243781094527,0.82015503875969,0.820987654320988,0.911764705882353,0.873417721518987,0.673076923076923,0.869791666666667;13;13
Sundtjønn Tone Aamli;NM uka, kvalifisering mellomdistanse-D21_Heat_3;Varegg Fleridrett;2000;0.61350;180,43,216,186,175,637,93,200,102,37,74,26,31;0.749074074074074,0.891472868217054,0.725308641975309,0.672939068100358,0.668571428571429,0.339874411302983,0.541218637992832,0.881666666666667,0.651960784313726,0.837837837837838,0.932432432432432,0.673076923076923,0.897849462365591;13;13
