 Pavlo Ushkvarok;WOC 2004 Sprint Qualification-M-A;Ukraine, UKR;721;0.99137;85,73,91,39,45,41,101,57,24,64,62,15,24;0.874509803921569,1.00913242009132,1.03907203907204,0.971509971509971,0.945679012345679,0.948509485094851,0.986798679867987,1.04873294346979,1.00925925925926,1.08159722222222,0.985663082437276,1.07407407407407,0.949074074074074;13;13
 Antti Harju;WOC 2004 Sprint Qualification-M-A;Finland, FIN;721;0.99137;70,73,91,40,41,38,102,61,25,76,62,17,25;1.06190476190476,1.00913242009132,1.03907203907204,0.947222222222222,1.03794037940379,1.0233918128655,0.977124183006536,0.979963570127505,0.968888888888889,0.910818713450293,0.985663082437276,0.947712418300654,0.911111111111111;13;13
 Sergey Detkov;WOC 2004 Sprint Qualification-M-A;Russia, RUS;731;0.97781;70,72,98,41,42,40,111,60,25,71,62,15,24;1.06190476190476,1.02314814814815,0.964852607709751,0.924119241192412,1.01322751322751,0.972222222222222,0.897897897897898,0.996296296296296,0.968888888888889,0.974960876369327,0.985663082437276,1.07407407407407,0.949074074074074;13;13
 Matthias Merz;WOC 2004 Sprint Qualification-M-A;Switzerland, SUI;733;0.97514;74,92,98,36,43,40,99,58,24,67,61,17,24;1.0045045045045,0.800724637681159,0.964852607709751,1.05246913580247,0.989664082687339,0.972222222222222,1.00673400673401,1.03065134099617,1.00925925925926,1.03316749585406,1.00182149362477,0.947712418300654,0.949074074074074;13;13
 Håkan Eriksson;WOC 2004 Sprint Qualification-M-A;Sweden, SWE;739;0.96722;74,75,97,42,44,40,99,68,26,71,63,16,24;1.0045045045045,0.982222222222222,0.974799541809851,0.902116402116402,0.967171717171717,0.972222222222222,1.00673400673401,0.879084967320261,0.931623931623932,0.974960876369327,0.970017636684303,1.00694444444444,0.949074074074074;13;13
 Anders Nordberg;WOC 2004 Sprint Qualification-M-A;Norway, NOR;758;0.94298;93,74,96,43,44,42,98,62,24,73,65,17,27;0.799283154121864,0.995495495495496,0.984953703703704,0.881136950904393,0.967171717171717,0.925925925925926,1.01700680272109,0.96415770609319,1.00925925925926,0.948249619482496,0.94017094017094,0.947712418300654,0.843621399176955;13;13
 Lukas Bartak;WOC 2004 Sprint Qualification-M-A;Slovakia, SVK;764;0.93557;84,82,123,41,44,40,98,59,23,69,61,17,23;0.884920634920635,0.898373983739837,0.768744354110208,0.924119241192412,0.967171717171717,0.972222222222222,1.01700680272109,1.01318267419962,1.05314009661836,1.00322061191626,1.00182149362477,0.947712418300654,0.990338164251208;13;13
 Jon Duncan;WOC 2004 Sprint Qualification-M-A;Great Britain, GBR;781;0.91521;96,83,103,43,45,42,102,63,27,68,69,17,23;0.774305555555555,0.887550200803213,0.918015102481122,0.881136950904393,0.945679012345679,0.925925925925926,0.977124183006536,0.948853615520282,0.897119341563786,1.01797385620915,0.885668276972625,0.947712418300654,0.990338164251208;13;13
 Klaus Schgaguler;WOC 2004 Sprint Qualification-M-A;Italy, ITA;782;0.91404;79,80,100,37,45,40,137,60,27,74,63,18,22;0.940928270042194,0.920833333333333,0.945555555555556,1.02402402402402,0.945679012345679,0.972222222222222,0.727493917274939,0.996296296296296,0.897119341563786,0.935435435435436,0.970017636684303,0.895061728395062,1.03535353535354;13;13
 Christian Nielsen;WOC 2004 Sprint Qualification-M-A;Denmark, DEN;783;0.91287;99,74,98,41,43,41,105,67,26,88,60,17,24;0.750841750841751,0.995495495495496,0.964852607709751,0.924119241192412,0.989664082687339,0.948509485094851,0.949206349206349,0.892205638474295,0.931623931623932,0.786616161616162,1.01851851851852,0.947712418300654,0.949074074074074;13;13
 Axel Fischer;WOC 2004 Sprint Qualification-M-A;Germany, GER;787;0.90823;82,84,98,40,45,41,103,65,27,86,77,16,23;0.90650406504065,0.876984126984127,0.964852607709751,0.947222222222222,0.945679012345679,0.948509485094851,0.967637540453074,0.91965811965812,0.897119341563786,0.804909560723514,0.793650793650794,1.00694444444444,0.990338164251208;13;13
 Ivaylo Petrov;WOC 2004 Sprint Qualification-M-A;Bulgaria, BUL;793;0.90136;94,80,106,44,48,41,107,63,25,77,66,18,24;0.790780141843972,0.920833333333333,0.892033542976939,0.861111111111111,0.886574074074074,0.948509485094851,0.931464174454829,0.948853615520282,0.968888888888889,0.898989898989899,0.925925925925926,0.895061728395062,0.949074074074074;13;13
 Kristaps Jaudzems;WOC 2004 Sprint Qualification-M-A;Latvia, LAT;801;0.89236;115,74,100,47,46,40,107,64,25,76,65,17,25;0.646376811594203,0.995495495495496,0.945555555555556,0.806146572104019,0.92512077294686,0.972222222222222,0.931464174454829,0.934027777777778,0.968888888888889,0.910818713450293,0.94017094017094,0.947712418300654,0.911111111111111;13;13
 Brian May;WOC 2004 Sprint Qualification-M-A;U.S.A, USA;804;0.88903;83,78,129,39,45,41,118,66,27,71,67,16,24;0.895582329317269,0.944444444444445,0.732988802756245,0.971509971509971,0.945679012345679,0.948509485094851,0.844632768361582,0.905723905723906,0.897119341563786,0.974960876369327,0.912106135986733,1.00694444444444,0.949074074074074;13;13
 David Brickhill-Jones;WOC 2004 Sprint Qualification-M-A;Australia, AUS;806;0.88682;79,82,91,38,41,36,133,67,26,107,64,18,24;0.940928270042194,0.898373983739837,1.03907203907204,0.997076023391813,1.03794037940379,1.08024691358025,0.74937343358396,0.892205638474295,0.931623931623932,0.646936656282451,0.954861111111111,0.895061728395062,0.949074074074074;13;13
 Marco Povoa;WOC 2004 Sprint Qualification-M-A;Portugal, POR;811;0.88135;74,77,111,35,41,38,100,73,26,78,114,17,27;1.0045045045045,0.956709956709957,0.851851851851852,1.08253968253968,1.03794037940379,1.0233918128655,0.996666666666667,0.818873668188737,0.931623931623932,0.887464387464387,0.536062378167641,0.947712418300654,0.843621399176955;13;13
 Michal Smola;WOC 2004 Sprint Qualification-M-A;Czech Republic, CZE;814;0.87811;83,76,94,39,44,41,159,59,25,89,63,18,24;0.895582329317269,0.969298245614035,1.00591016548463,0.971509971509971,0.967171717171717,0.948509485094851,0.626834381551363,1.01318267419962,0.968888888888889,0.777777777777778,0.970017636684303,0.895061728395062,0.949074074074074;13;13
 Jan Gilot;WOC 2004 Sprint Qualification-M-A;Belgium, BEL;820;0.87168;79,76,106,41,44,40,163,62,23,71,75,19,21;0.940928270042194,0.969298245614035,0.892033542976939,0.924119241192412,0.967171717171717,0.972222222222222,0.611451942740286,0.96415770609319,1.05314009661836,0.974960876369327,0.814814814814815,0.847953216374269,1.08465608465608;13;13
 Andreas Kraas;WOC 2004 Sprint Qualification-M-A;Estonia, EST;823;0.86850;75,74,101,41,45,42,108,67,26,138,63,18,25;0.991111111111111,0.995495495495496,0.936193619361936,0.924119241192412,0.945679012345679,0.925925925925926,0.922839506172839,0.892205638474295,0.931623931623932,0.501610305958132,0.970017636684303,0.895061728395062,0.911111111111111;13;13
 Yoshinori Takahashi;WOC 2004 Sprint Qualification-M-A;Japan, JPN;828;0.86326;91,87,104,40,48,43,109,67,28,93,76,19,23;0.816849816849817,0.846743295019157,0.909188034188034,0.947222222222222,0.886574074074074,0.904392764857881,0.914373088685015,0.892205638474295,0.865079365079365,0.744324970131422,0.804093567251462,0.847953216374269,0.990338164251208;13;13
 Wojciech Dwojak;WOC 2004 Sprint Qualification-M-A;Poland, POL;840;0.85093;88,78,137,43,47,44,113,63,26,83,73,19,26;0.84469696969697,0.944444444444445,0.690186536901865,0.881136950904393,0.905437352245863,0.883838383838384,0.882005899705015,0.948853615520282,0.931623931623932,0.834002677376171,0.837138508371385,0.847953216374269,0.876068376068376;13;13
 Paulius Kudriavcevas;WOC 2004 Sprint Qualification-M-A;Lithuania, LTU;842;0.84890;102,114,116,40,44,38,101,70,28,85,63,18,23;0.72875816993464,0.646198830409357,0.815134099616858,0.947222222222222,0.967171717171717,1.0233918128655,0.986798679867987,0.853968253968254,0.865079365079365,0.81437908496732,0.970017636684303,0.895061728395062,0.990338164251208;13;13
 Mike Smith;WOC 2004 Sprint Qualification-M-A;Canada, CAN;843;0.84790;90,82,107,42,47,43,108,72,30,105,73,20,24;0.825925925925926,0.898373983739837,0.883696780893043,0.902116402116402,0.905437352245863,0.904392764857881,0.922839506172839,0.830246913580247,0.807407407407407,0.659259259259259,0.837138508371385,0.805555555555556,0.949074074074074;13;13
 Damien Renard;WOC 2004 Sprint Qualification-M-A;France, FRA;865;0.82633;78,76,95,38,44,42,99,62,25,207,56,19,24;0.952991452991453,0.969298245614035,0.995321637426901,0.997076023391813,0.967171717171717,0.925925925925926,1.00673400673401,0.96415770609319,0.968888888888889,0.334406870638755,1.09126984126984,0.847953216374269,0.949074074074074;13;13
 Michal Glowacki;WOC 2004 Sprint Qualification-M-A;New Zealand, NZL;867;0.82443;89,82,109,44,49,45,160,67,29,78,72,18,25;0.835205992509363,0.898373983739837,0.867482161060143,0.861111111111111,0.868480725623583,0.864197530864197,0.622916666666667,0.892205638474295,0.835249042145594,0.887464387464387,0.848765432098765,0.895061728395062,0.911111111111111;13;13
 Dejan Avramovic;WOC 2004 Sprint Qualification-M-A;Serbia and Montenegro, SCG;876;0.81596;101,83,118,43,48,44,120,70,27,104,71,19,28;0.735973597359736,0.887550200803213,0.801318267419962,0.881136950904393,0.886574074074074,0.883838383838384,0.830555555555556,0.853968253968254,0.897119341563786,0.665598290598291,0.860719874804382,0.847953216374269,0.813492063492063;13;13
 Neil Dobbs;WOC 2004 Sprint Qualification-M-A;Ireland, IRL;884;0.80857;95,88,135,44,51,47,113,68,30,105,66,18,24;0.782456140350877,0.837121212121212,0.700411522633745,0.861111111111111,0.83442265795207,0.8274231678487,0.882005899705015,0.879084967320261,0.807407407407407,0.659259259259259,0.925925925925926,0.895061728395062,0.949074074074074;13;13
 Stephan Seeböck;WOC 2004 Sprint Qualification-M-A;Austria, AUT;928;0.77023;87,82,105,41,45,43,126,68,25,199,63,19,25;0.854406130268199,0.898373983739837,0.900529100529101,0.924119241192412,0.945679012345679,0.904392764857881,0.791005291005291,0.879084967320261,0.968888888888889,0.34785036292574,0.970017636684303,0.847953216374269,0.911111111111111;13;13
 Lluis Ferrer;WOC 2004 Sprint Qualification-M-A;Spain, ESP;970;0.73688;75,203,105,40,47,40,172,69,26,71,79,18,25;0.991111111111111,0.362889983579639,0.900529100529101,0.947222222222222,0.905437352245863,0.972222222222222,0.579457364341085,0.86634460547504,0.931623931623932,0.974960876369327,0.773558368495077,0.895061728395062,0.911111111111111;13;13
 Colin Dutkiewicz;WOC 2004 Sprint Qualification-M-A;South Africa, RSA;1036;0.68994;85,122,112,43,51,46,213,80,31,122,87,21,23;0.874509803921569,0.603825136612022,0.844246031746032,0.881136950904393,0.83442265795207,0.845410628019324,0.4679186228482,0.747222222222222,0.781362007168459,0.567395264116576,0.70242656449553,0.767195767195767,0.990338164251208;13;13
 Alexey Marchenko;WOC 2004 Sprint Qualification-M-A;Israel, ISR;1046;0.68334;260,74,108,46,46,40,139,77,35,102,79,16,24;0.285897435897436,0.995495495495496,0.875514403292181,0.823671497584541,0.92512077294686,0.972222222222222,0.717026378896882,0.776334776334776,0.692063492063492,0.678649237472767,0.773558368495077,1.00694444444444,0.949074074074074;13;13
 Damir Miljkovic;WOC 2004 Sprint Qualification-M-A;Croatia, CRO;1074;0.66553;96,114,104,45,50,46,147,97,32,232,67,18,26;0.774305555555555,0.646198830409357,0.909188034188034,0.841975308641975,0.851111111111111,0.845410628019324,0.678004535147392,0.616265750286369,0.756944444444444,0.298371647509579,0.912106135986733,0.895061728395062,0.876068376068376;13;13
 Zhiming Cao;WOC 2004 Sprint Qualification-M-A;China, CHN;1322;0.54068;181,95,125,55,55,43,144,84,29,383,78,22,28;0.410681399631676,0.775438596491228,0.756444444444444,0.688888888888889,0.773737373737374,0.904392764857881,0.69212962962963,0.711640211640212,0.835249042145594,0.180736872642878,0.783475783475784,0.732323232323232,0.813492063492063;13;13
 Tibor Molnar;WOC 2004 Sprint Qualification-M-A;Hungary, HUN;1514;0.47211;111,408,119,45,46,41,130,82,28,374,78,22,30;0.66966966966967,0.180555555555556,0.794584500466853,0.841975308641975,0.92512077294686,0.948509485094851,0.766666666666667,0.7289972899729,0.865079365079365,0.185086155674391,0.783475783475784,0.732323232323232,0.759259259259259;13;13
 Shih-Wen Lo;WOC 2004 Sprint Qualification-M-A;Chinese Taipei, TPE;2340;0.30546;131,935,242,51,52,42,233,125,39,299,141,24,26;0.567430025445293,0.0787878787878788,0.390725436179982,0.742919389978213,0.818376068376068,0.925925925925926,0.427753934191702,0.478222222222222,0.621082621082621,0.231512448903753,0.433412135539795,0.671296296296296,0.876068376068376;13;13
 Grant Bluett;WOC 2004 Sprint Qualification-M-B;Australia, AUS;698;1.00478;77,66,96,46,31,39,98,62,24,59,58,18,24;1.02597402597403,1.02356902356902,1.00578703703704,0.968599033816425,1.02508960573477,0.965811965811966,0.944444444444444,1.03942652329749,0.990740740740741,1.05273069679849,1.09003831417625,0.882716049382716,0.925925925925926;13;13
 Johan Näsman;WOC 2004 Sprint Qualification-M-B;Sweden, SWE;701;1.00048;76,68,100,45,32,37,89,66,23,63,61,17,24;1.03947368421053,0.993464052287582,0.965555555555556,0.990123456790123,0.993055555555556,1.01801801801802,1.03995006242197,0.976430976430976,1.03381642512077,0.985890652557319,1.03642987249545,0.934640522875817,0.925925925925926;13;13
 Øystein Kvaal Østerbø;WOC 2004 Sprint Qualification-M-B;Norway, NOR;706;0.99339;81,66,93,45,33,41,91,64,24,60,67,17,24;0.975308641975309,1.02356902356902,1.03823178016726,0.990123456790123,0.962962962962963,0.91869918699187,1.01709401709402,1.00694444444444,0.990740740740741,1.03518518518519,0.943615257048093,0.934640522875817,0.925925925925926;13;13
 Petteri Muukkonen;WOC 2004 Sprint Qualification-M-B;Finland, FIN;708;0.99058;82,68,97,45,32,38,91,74,23,58,60,16,24;0.963414634146341,0.993464052287582,0.995418098510882,0.990123456790123,0.993055555555556,0.991228070175439,1.01709401709402,0.870870870870871,1.03381642512077,1.07088122605364,1.0537037037037,0.993055555555556,0.925925925925926;13;13
 Andrey Khramov;WOC 2004 Sprint Qualification-M-B;Russia, RUS;721;0.97272;87,68,110,43,31,38,89,66,27,61,63,16,22;0.908045977011494,0.993464052287582,0.877777777777778,1.03617571059432,1.02508960573477,0.991228070175439,1.03995006242197,0.976430976430976,0.880658436213992,1.01821493624772,1.00352733686067,0.993055555555556,1.01010101010101;13;13
 Yuri Omeltchenko;WOC 2004 Sprint Qualification-M-B;Ukraine, UKR;728;0.96337;81,86,93,44,31,38,90,64,24,65,70,18,24;0.975308641975309,0.785529715762274,1.03823178016726,1.01262626262626,1.02508960573477,0.991228070175439,1.0283950617284,1.00694444444444,0.990740740740741,0.955555555555556,0.903174603174603,0.882716049382716,0.925925925925926;13;13
 Daniel Hubmann;WOC 2004 Sprint Qualification-M-B;Switzerland, SUI;740;0.94775;86,73,99,45,32,40,98,66,24,67,68,17,25;0.918604651162791,0.925418569254186,0.975308641975309,0.990123456790123,0.993055555555556,0.941666666666667,0.944444444444444,0.976430976430976,0.990740740740741,0.927031509121061,0.929738562091503,0.934640522875817,0.888888888888889;13;13
 Ingo Horst;WOC 2004 Sprint Qualification-M-B;Germany, GER;748;0.93761;75,65,99,44,31,37,96,71,24,101,65,16,24;1.05333333333333,1.03931623931624,0.975308641975309,1.01262626262626,1.02508960573477,1.01801801801802,0.96412037037037,0.907668231611894,0.990740740740741,0.614961496149615,0.972649572649573,0.993055555555556,0.925925925925926;13;13
 Edgaras Voveris;WOC 2004 Sprint Qualification-M-B;Lithuania, LTU;754;0.93015;84,79,94,47,33,38,123,65,25,65,62,16,23;0.94047619047619,0.855133614627286,1.02718676122931,0.947990543735225,0.962962962962963,0.991228070175439,0.752484191508582,0.991452991452991,0.951111111111111,0.955555555555556,1.01971326164875,0.993055555555556,0.966183574879227;13;13
 Matthew Speake;WOC 2004 Sprint Qualification-M-B;Great Britain, GBR;758;0.92524;87,76,106,45,33,37,106,65,27,68,70,16,22;0.908045977011494,0.888888888888889,0.910901467505241,0.990123456790123,0.962962962962963,1.01801801801802,0.873165618448637,0.991452991452991,0.880658436213992,0.913398692810458,0.903174603174603,0.993055555555556,1.01010101010101;13;13
 Janis Krumins;WOC 2004 Sprint Qualification-M-B;Latvia, LAT;768;0.91319;85,68,99,49,36,42,104,76,29,72,70,16,22;0.929411764705882,0.993464052287582,0.975308641975309,0.909297052154195,0.882716049382716,0.896825396825397,0.889957264957265,0.847953216374269,0.81992337164751,0.862654320987654,0.903174603174603,0.993055555555556,1.01010101010101;13;13
 Marian Davidik;WOC 2004 Sprint Qualification-M-B;Slovakia, SVK;768;0.91319;82,70,99,45,35,41,91,68,24,101,73,17,22;0.963414634146341,0.965079365079365,0.975308641975309,0.990123456790123,0.907936507936508,0.91869918699187,1.01709401709402,0.947712418300654,0.990740740740741,0.614961496149615,0.866057838660578,0.934640522875817,1.01010101010101;13;13
 Nick Duca;WOC 2004 Sprint Qualification-M-B;Canada, CAN;778;0.90146;93,78,110,50,37,43,100,68,25,63,67,19,25;0.849462365591398,0.866096866096866,0.877777777777778,0.891111111111111,0.858858858858859,0.875968992248062,0.925555555555556,0.947712418300654,0.951111111111111,0.985890652557319,0.943615257048093,0.83625730994152,0.888888888888889;13;13
 Aleksander Bernaciak;WOC 2004 Sprint Qualification-M-B;Poland, POL;785;0.89342;79,69,107,46,34,37,116,69,27,84,79,16,22;1,0.979066022544283,0.902388369678089,0.968599033816425,0.934640522875817,1.01801801801802,0.797892720306513,0.933977455716586,0.880658436213992,0.739417989417989,0.80028129395218,0.993055555555556,1.01010101010101;13;13
 Rob Jessop;WOC 2004 Sprint Qualification-M-B;New Zealand, NZL;786;0.89228;87,74,118,49,36,45,99,65,35,65,70,20,23;0.908045977011494,0.912912912912913,0.818267419962335,0.909297052154195,0.882716049382716,0.837037037037037,0.934904601571268,0.991452991452991,0.679365079365079,0.955555555555556,0.903174603174603,0.794444444444445,0.966183574879227;13;13
 Mati Tiit;WOC 2004 Sprint Qualification-M-B;Estonia, EST;787;0.89115;86,73,112,47,34,40,110,74,26,73,72,17,23;0.918604651162791,0.925418569254186,0.862103174603175,0.947990543735225,0.934640522875817,0.941666666666667,0.841414141414141,0.870870870870871,0.914529914529915,0.850837138508371,0.878086419753086,0.934640522875817,0.966183574879227;13;13
 Ivaylo Kamenarov;WOC 2004 Sprint Qualification-M-B;Bulgaria, BUL;790;0.88776;88,72,104,46,33,41,100,79,27,76,80,20,24;0.897727272727273,0.938271604938272,0.928418803418803,0.968599033816425,0.962962962962963,0.91869918699187,0.925555555555556,0.815752461322082,0.880658436213992,0.817251461988304,0.790277777777778,0.794444444444445,0.925925925925926;13;13
 Rudolf Ropek;WOC 2004 Sprint Qualification-M-B;Czech Republic, CZE;802;0.87448;88,71,99,46,37,40,99,67,24,126,66,16,23;0.897727272727273,0.951486697965571,0.975308641975309,0.968599033816425,0.858858858858859,0.941666666666667,0.934904601571268,0.961857379767827,0.990740740740741,0.49294532627866,0.957912457912458,0.993055555555556,0.966183574879227;13;13
 Pierre Kaltenbacher;WOC 2004 Sprint Qualification-M-B;Austria, AUT;818;0.85738;88,74,118,49,35,40,107,70,28,88,81,17,23;0.897727272727273,0.912912912912913,0.818267419962335,0.909297052154195,0.907936507936508,0.941666666666667,0.865005192107996,0.920634920634921,0.849206349206349,0.705808080808081,0.780521262002744,0.934640522875817,0.966183574879227;13;13
 Benoit Peyvel;WOC 2004 Sprint Qualification-M-B;France, FRA;827;0.84805;78,73,118,47,36,41,109,64,28,118,72,18,25;1.01282051282051,0.925418569254186,0.818267419962335,0.947990543735225,0.882716049382716,0.91869918699187,0.849133537206932,1.00694444444444,0.849206349206349,0.526365348399247,0.878086419753086,0.882716049382716,0.888888888888889;13;13
 Joaquim Sousa;WOC 2004 Sprint Qualification-M-B;Portugal, POR;834;0.84093;91,79,113,49,37,41,143,78,25,67,74,15,22;0.868131868131868,0.855133614627286,0.854473942969518,0.909297052154195,0.858858858858859,0.91869918699187,0.647241647241647,0.826210826210826,0.951111111111111,0.927031509121061,0.854354354354354,1.05925925925926,1.01010101010101;13;13
 Nikolai Nielsen;WOC 2004 Sprint Qualification-M-B;Denmark, DEN;835;0.83992;107,76,114,45,33,40,102,65,26,74,113,17,23;0.738317757009346,0.888888888888889,0.846978557504873,0.990123456790123,0.962962962962963,0.941666666666667,0.907407407407407,0.991452991452991,0.914529914529915,0.839339339339339,0.559488692232055,0.934640522875817,0.966183574879227;13;13
 Petar Delic;WOC 2004 Sprint Qualification-M-B;Croatia, CRO;835;0.83992;95,88,131,52,37,42,111,66,27,68,71,19,28;0.831578947368421,0.767676767676768,0.737065309584394,0.856837606837607,0.858858858858859,0.896825396825397,0.833833833833834,0.976430976430976,0.880658436213992,0.913398692810458,0.890453834115806,0.83625730994152,0.793650793650794;13;13
 Marco Seppi;WOC 2004 Sprint Qualification-M-B;Italy, ITA;837;0.83791;86,76,103,47,35,41,106,76,26,76,124,18,23;0.918604651162791,0.888888888888889,0.937432578209277,0.947990543735225,0.907936507936508,0.91869918699187,0.873165618448637,0.847953216374269,0.914529914529915,0.817251461988304,0.509856630824373,0.882716049382716,0.966183574879227;13;13
 Shigeyuki Koizumi;WOC 2004 Sprint Qualification-M-B;Japan, JPN;847;0.82802;93,78,112,49,37,42,139,80,27,77,70,20,23;0.849462365591398,0.866096866096866,0.862103174603175,0.909297052154195,0.858858858858859,0.896825396825397,0.665867306155076,0.805555555555556,0.880658436213992,0.806637806637807,0.903174603174603,0.794444444444445,0.966183574879227;13;13
 Attila Szundi;WOC 2004 Sprint Qualification-M-B;Hungary, HUN;879;0.79788;91,70,108,50,34,41,118,71,25,160,71,17,23;0.868131868131868,0.965079365079365,0.8940329218107,0.891111111111111,0.934640522875817,0.91869918699187,0.784369114877589,0.907668231611894,0.951111111111111,0.388194444444444,0.890453834115806,0.934640522875817,0.966183574879227;13;13
 Martin Terry;WOC 2004 Sprint Qualification-M-B;South Africa, RSA;879;0.79788;90,72,124,57,36,42,116,81,29,114,78,18,22;0.877777777777778,0.938271604938272,0.778673835125448,0.781676413255361,0.882716049382716,0.896825396825397,0.797892720306513,0.795610425240055,0.81992337164751,0.544834307992203,0.810541310541311,0.882716049382716,1.01010101010101;13;13
 Dries Van Der Kleij;WOC 2004 Sprint Qualification-M-B;Belgium, BEL;884;0.79336;83,75,106,49,35,42,145,75,26,98,108,16,26;0.951807228915663,0.900740740740741,0.910901467505241,0.909297052154195,0.907936507936508,0.896825396825397,0.638314176245211,0.859259259259259,0.914529914529915,0.633786848072562,0.585390946502058,0.993055555555556,0.854700854700855;13;13
 Pedro Pasión;WOC 2004 Sprint Qualification-M-B;Spain, ESP;888;0.78979;102,91,106,50,37,43,108,71,27,68,142,18,25;0.774509803921569,0.742368742368742,0.910901467505241,0.891111111111111,0.858858858858859,0.875968992248062,0.856995884773663,0.907668231611894,0.880658436213992,0.913398692810458,0.445226917057903,0.882716049382716,0.888888888888889;13;13
 Daniel Griff;WOC 2004 Sprint Qualification-M-B;Israel, ISR;901;0.77839;159,76,113,51,38,44,123,90,27,65,74,17,24;0.49685534591195,0.888888888888889,0.854473942969518,0.87363834422658,0.83625730994152,0.856060606060606,0.752484191508582,0.716049382716049,0.880658436213992,0.955555555555556,0.854354354354354,0.934640522875817,0.925925925925926;13;13
 Vladimir Matuski;WOC 2004 Sprint Qualification-M-B;Serbia and Montenegro, SCG;949;0.73902;90,79,142,53,39,44,119,72,31,168,70,18,24;0.877777777777778,0.855133614627286,0.679968701095462,0.840670859538784,0.814814814814815,0.856060606060606,0.777777777777778,0.895061728395062,0.767025089605735,0.369708994708995,0.903174603174603,0.882716049382716,0.925925925925926;13;13
 Colm O´Halloran;WOC 2004 Sprint Qualification-M-B;Ireland, IRL;1049;0.66857;150,94,154,66,39,48,147,77,32,97,103,18,24;0.526666666666667,0.718676122931442,0.626984126984127,0.675084175084175,0.814814814814815,0.784722222222222,0.62962962962963,0.836940836940837,0.743055555555556,0.640320733104238,0.613807982740022,0.882716049382716,0.925925925925926;13;13
 Kai Qu;WOC 2004 Sprint Qualification-M-B;China, CHN;1129;0.62120;142,101,196,60,41,50,139,96,30,114,109,27,24;0.556338028169014,0.668866886688669,0.492630385487528,0.742592592592593,0.775067750677507,0.753333333333333,0.665867306155076,0.671296296296296,0.792592592592593,0.544834307992203,0.580020387359837,0.588477366255144,0.925925925925926;13;13
 Mark Heikoop;WOC 2004 Sprint Qualification-M-B;Netherlands, NED;1259;0.55706;135,125,146,63,48,58,152,94,36,248,98,24,32;0.585185185185185,0.540444444444445,0.661339421613394,0.707231040564374,0.662037037037037,0.649425287356322,0.608918128654971,0.685579196217494,0.660493827160494,0.250448028673835,0.645124716553288,0.662037037037037,0.694444444444444;13;13
 Misha Mamleev;WOC 2004 Sprint Qualification-M-C;Russia, RUS;700;1.00762;36,127,93,31,36,39,89,67,24,68,50,18,22;1.06481481481481,1.03062117235346,0.980884109916368,1.00716845878136,1.00308641975309,0.982905982905983,0.970037453183521,1.04975124378109,0.981481481481482,1.00980392156863,1.05555555555556,0.876543209876543,0.98989898989899;13;13
 Thierry Gueorgiou;WOC 2004 Sprint Qualification-M-C;France, FRA;709;0.99483;36,135,97,30,36,37,87,71,23,66,52,16,23;1.06481481481481,0.969547325102881,0.940435280641466,1.04074074074074,1.00308641975309,1.03603603603604,0.992337164750958,0.990610328638498,1.02415458937198,1.04040404040404,1.01495726495726,0.986111111111111,0.946859903381642;13;13
 Mårten Boström;WOC 2004 Sprint Qualification-M-C;Finland, FIN;710;0.99343;46,124,94,30,36,38,81,70,25,71,55,16,24;0.833333333333333,1.05555555555556,0.970449172576832,1.04074074074074,1.00308641975309,1.00877192982456,1.06584362139918,1.0047619047619,0.942222222222222,0.967136150234742,0.95959595959596,0.986111111111111,0.907407407407407;13;13
 Jørgen Rostrup;WOC 2004 Sprint Qualification-M-C;Norway, NOR;715;0.98648;40,135,88,32,36,39,91,75,23,67,50,16,23;0.958333333333333,0.969547325102881,1.03661616161616,0.975694444444444,1.00308641975309,0.982905982905983,0.948717948717949,0.937777777777778,1.02415458937198,1.02487562189055,1.05555555555556,0.986111111111111,0.946859903381642;13;13
 Troy De Haas;WOC 2004 Sprint Qualification-M-C;Australia, AUS;716;0.98510;40,121,100,32,37,41,82,71,24,71,56,18,23;0.958333333333333,1.08172635445363,0.912222222222222,0.975694444444444,0.975975975975976,0.934959349593496,1.05284552845528,0.990610328638498,0.981481481481482,0.967136150234742,0.942460317460317,0.876543209876543,0.946859903381642;13;13
 Niclas Jonasson;WOC 2004 Sprint Qualification-M-C;Sweden, SWE;730;0.96621;48,137,84,32,36,39,94,71,24,68,55,17,25;0.798611111111111,0.955393349553934,1.08597883597884,0.975694444444444,1.00308641975309,0.982905982905983,0.918439716312057,0.990610328638498,0.981481481481482,1.00980392156863,0.95959595959596,0.928104575163399,0.871111111111111;13;13
 Simonas Krepsta;WOC 2004 Sprint Qualification-M-C;Lithuania, LTU;740;0.95315;45,147,91,31,37,39,88,77,25,70,52,16,22;0.851851851851852,0.890400604686319,1.002442002442,1.00716845878136,0.975975975975976,0.982905982905983,0.981060606060606,0.913419913419913,0.942222222222222,0.980952380952381,1.01495726495726,0.986111111111111,0.98989898989899;13;13
 Martins Sirmais;WOC 2004 Sprint Qualification-M-C;Latvia, LAT;747;0.94422;45,142,99,33,41,39,86,76,25,69,54,16,22;0.851851851851852,0.921752738654147,0.921436588103255,0.946127946127946,0.880758807588076,0.982905982905983,1.00387596899225,0.925438596491228,0.942222222222222,0.995169082125604,0.977366255144033,0.986111111111111,0.98989898989899;13;13
 Mikkel Lund;WOC 2004 Sprint Qualification-M-C;Denmark, DEN;752;0.93794;38,133,87,32,39,39,107,84,25,75,53,17,23;1.00877192982456,0.984126984126984,1.0485312899106,0.975694444444444,0.925925925925926,0.982905982905983,0.806853582554517,0.837301587301587,0.942222222222222,0.915555555555556,0.9958071278826,0.928104575163399,0.946859903381642;13;13
 Manuel Negrello;WOC 2004 Sprint Qualification-M-C;Italy, ITA;763;0.92442;42,147,97,33,36,36,113,73,23,68,54,18,23;0.912698412698413,0.890400604686319,0.940435280641466,0.946127946127946,1.00308641975309,1.06481481481481,0.76401179941003,0.963470319634703,1.02415458937198,1.00980392156863,0.977366255144033,0.876543209876543,0.946859903381642;13;13
 Vyacheslav Mukhidinov;WOC 2004 Sprint Qualification-M-C;Ukraine, UKR;770;0.91602;37,140,100,33,38,41,92,72,24,95,58,17,23;1.03603603603604,0.934920634920635,0.912222222222222,0.946127946127946,0.950292397660819,0.934959349593496,0.938405797101449,0.976851851851852,0.981481481481482,0.72280701754386,0.909961685823755,0.928104575163399,0.946859903381642;13;13
 Graham Gristwood;WOC 2004 Sprint Qualification-M-C;Great Britain, GBR;773;0.91246;51,146,98,31,37,39,92,78,27,74,61,17,22;0.751633986928105,0.896499238964992,0.930839002267574,1.00716845878136,0.975975975975976,0.982905982905983,0.938405797101449,0.901709401709402,0.872427983539095,0.927927927927928,0.865209471766849,0.928104575163399,0.98989898989899;13;13
 Marek Nömm;WOC 2004 Sprint Qualification-M-C;Estonia, EST;773;0.91246;46,136,106,32,37,40,110,68,28,71,61,17,21;0.833333333333333,0.962418300653595,0.860587002096436,0.975694444444444,0.975975975975976,0.958333333333333,0.784848484848485,1.0343137254902,0.841269841269841,0.967136150234742,0.865209471766849,0.928104575163399,1.03703703703704;13;13
 Daisuke Yamaguchi;WOC 2004 Sprint Qualification-M-C;Japan, JPN;776;0.90893;49,175,96,32,37,42,82,70,25,71,56,18,23;0.782312925170068,0.747936507936508,0.950231481481482,0.975694444444444,0.975975975975976,0.912698412698413,1.05284552845528,1.0047619047619,0.942222222222222,0.967136150234742,0.942460317460317,0.876543209876543,0.946859903381642;13;13
 Andreas Müller;WOC 2004 Sprint Qualification-M-C;Switzerland, SUI;777;0.90776;46,132,94,32,39,40,91,86,25,76,78,17,21;0.833333333333333,0.991582491582492,0.970449172576832,0.975694444444444,0.925925925925926,0.958333333333333,0.948717948717949,0.817829457364341,0.942222222222222,0.903508771929825,0.676638176638177,0.928104575163399,1.03703703703704;13;13
 Felix Breitschädel;WOC 2004 Sprint Qualification-M-C;Austria, AUT;784;0.89966;49,135,95,33,41,41,93,75,26,87,69,17,23;0.782312925170068,0.969547325102881,0.960233918128655,0.946127946127946,0.880758807588076,0.934959349593496,0.92831541218638,0.937777777777778,0.905982905982906,0.789272030651341,0.764895330112721,0.928104575163399,0.946859903381642;13;13
 Maciej Grabowski;WOC 2004 Sprint Qualification-M-C;Poland, POL;788;0.89509;36,141,98,32,38,42,96,79,26,90,72,16,22;1.06481481481481,0.928289992119779,0.930839002267574,0.975694444444444,0.950292397660819,0.912698412698413,0.899305555555555,0.890295358649789,0.905982905982906,0.762962962962963,0.733024691358025,0.986111111111111,0.98989898989899;13;13
 Kiril Nikolov;WOC 2004 Sprint Qualification-M-C;Bulgaria, BUL;818;0.86227;46,136,95,33,35,40,115,116,22,75,67,15,23;0.833333333333333,0.962418300653595,0.960233918128655,0.946127946127946,1.03174603174603,0.958333333333333,0.750724637681159,0.60632183908046,1.07070707070707,0.915555555555556,0.787728026533997,1.05185185185185,0.946859903381642;13;13
 Javi Gomez;WOC 2004 Sprint Qualification-M-C;Spain, ESP;843;0.83669;40,147,109,36,41,42,106,79,25,117,58,18,25;0.958333333333333,0.890400604686319,0.836901121304791,0.867283950617284,0.880758807588076,0.912698412698413,0.814465408805031,0.890295358649789,0.942222222222222,0.586894586894587,0.909961685823755,0.876543209876543,0.871111111111111;13;13
 Greg Barbour;WOC 2004 Sprint Qualification-M-C;New Zealand, NZL;846;0.83373;52,156,110,35,40,44,104,82,30,83,64,19,27;0.737179487179487,0.839031339031339,0.829292929292929,0.892063492063492,0.902777777777778,0.871212121212121,0.830128205128205,0.857723577235772,0.785185185185185,0.827309236947791,0.824652777777778,0.830409356725146,0.806584362139918;13;13
 Christian Gieseler;WOC 2004 Sprint Qualification-M-C;Germany, GER;858;0.82207;47,139,105,32,38,40,95,80,26,82,134,16,24;0.815602836879433,0.941646682653877,0.868783068783069,0.975694444444444,0.950292397660819,0.958333333333333,0.908771929824561,0.879166666666667,0.905982905982906,0.83739837398374,0.393864013266998,0.986111111111111,0.907407407407407;13;13
 Lino Legac;WOC 2004 Sprint Qualification-M-C;Croatia, CRO;862;0.81825;50,152,117,36,42,44,98,98,30,77,74,19,25;0.766666666666667,0.861111111111111,0.779677113010446,0.867283950617284,0.85978835978836,0.871212121212121,0.880952380952381,0.717687074829932,0.785185185185185,0.891774891774892,0.713213213213213,0.830409356725146,0.871111111111111;13;13
 Ferenc Levai;WOC 2004 Sprint Qualification-M-C;Hungary, HUN;885;0.79699;46,149,102,34,41,41,113,73,25,74,143,18,26;0.833333333333333,0.878448918717375,0.894335511982571,0.918300653594771,0.880758807588076,0.934959349593496,0.76401179941003,0.963470319634703,0.942222222222222,0.927927927927928,0.369075369075369,0.876543209876543,0.837606837606838;13;13
 Eddie Bergeron;WOC 2004 Sprint Qualification-M-C;U.S.A, USA;887;0.79519;62,155,109,34,40,41,109,104,30,91,69,19,24;0.618279569892473,0.844444444444444,0.836901121304791,0.918300653594771,0.902777777777778,0.934959349593496,0.792048929663609,0.676282051282051,0.785185185185185,0.754578754578755,0.764895330112721,0.830409356725146,0.907407407407407;13;13
 Tamir Alon;WOC 2004 Sprint Qualification-M-C;Israel, ISR;898;0.78545;51,152,105,33,41,44,125,86,28,95,95,18,25;0.751633986928105,0.861111111111111,0.868783068783069,0.946127946127946,0.880758807588076,0.871212121212121,0.690666666666667,0.817829457364341,0.841269841269841,0.72280701754386,0.555555555555556,0.876543209876543,0.871111111111111;13;13
 Dragisa Bauer;WOC 2004 Sprint Qualification-M-C;Serbia and Montenegro, SCG;901;0.78283;45,158,108,39,44,42,124,95,27,101,75,19,24;0.851851851851852,0.828410689170183,0.844650205761317,0.800569800569801,0.820707070707071,0.912698412698413,0.696236559139785,0.740350877192982,0.872427983539095,0.67986798679868,0.703703703703704,0.830409356725146,0.907407407407407;13;13
 Bart Delobel;WOC 2004 Sprint Qualification-M-C;Belgium, BEL;916;0.77001;49,149,120,34,40,42,123,101,42,77,100,17,22;0.782312925170068,0.878448918717375,0.760185185185185,0.918300653594771,0.902777777777778,0.912698412698413,0.70189701897019,0.696369636963696,0.560846560846561,0.891774891774892,0.527777777777778,0.928104575163399,0.98989898989899;13;13
 Nicholas Mulder;WOC 2004 Sprint Qualification-M-C;South Africa, RSA;931;0.75761;49,171,119,39,46,48,102,105,32,96,73,19,32;0.782312925170068,0.765432098765432,0.766573295985061,0.800569800569801,0.785024154589372,0.798611111111111,0.84640522875817,0.66984126984127,0.736111111111111,0.715277777777778,0.722983257229833,0.830409356725146,0.680555555555556;13;13
 Marcus Pinker;WOC 2004 Sprint Qualification-M-C;Ireland, IRL;931;0.75761;42,156,115,37,44,46,106,79,29,166,64,20,27;0.912698412698413,0.839031339031339,0.793236714975845,0.843843843843844,0.820707070707071,0.833333333333333,0.814465408805031,0.890295358649789,0.812260536398468,0.413654618473896,0.824652777777778,0.788888888888889,0.806584362139918;13;13
 Tiago Aires;WOC 2004 Sprint Qualification-M-C;Portugal, POR;937;0.75276;57,188,110,34,40,43,108,115,26,82,96,15,23;0.672514619883041,0.696217494089834,0.829292929292929,0.918300653594771,0.902777777777778,0.891472868217054,0.799382716049383,0.611594202898551,0.905982905982906,0.83739837398374,0.549768518518518,1.05185185185185,0.946859903381642;13;13
 Wil Smith;WOC 2004 Sprint Qualification-M-C;Canada, CAN;947;0.74481;48,171,114,38,45,46,113,133,26,108,62,19,24;0.798611111111111,0.765432098765432,0.800194931773879,0.821637426900585,0.802469135802469,0.833333333333333,0.76401179941003,0.528822055137845,0.905982905982906,0.635802469135803,0.851254480286738,0.830409356725146,0.907407407407407;13;13
 Baoliang Zhang;WOC 2004 Sprint Qualification-M-C;China, CHN;955;0.73857;48,202,109,35,42,43,129,106,32,77,90,19,23;0.798611111111111,0.647964796479648,0.836901121304791,0.892063492063492,0.85978835978836,0.891472868217054,0.669250645994832,0.663522012578616,0.736111111111111,0.891774891774892,0.58641975308642,0.830409356725146,0.946859903381642;13;13
 Ming-Yen Wu;WOC 2004 Sprint Qualification-M-C;Chinese Taipei, TPE;1191;0.59222;63,264,165,39,46,56,152,115,31,113,102,23,22;0.608465608465608,0.495791245791246,0.552861952861953,0.800569800569801,0.785024154589372,0.68452380952381,0.567982456140351,0.611594202898551,0.759856630824373,0.607669616519174,0.517429193899782,0.685990338164251,0.98989898989899;13;13
 Simone Niggli-Luder;WOC 2004 Sprint Qualification-W-A;Switzerland, SUI;667;1.02774;46,125,32,102,34,40,42,99,35,66,18,28;0.985507246376812,0.998666666666667,0.869791666666667,1.09313725490196,1.02450980392157,1.02916666666667,1.02777777777778,1.04377104377104,1.10952380952381,1.08080808080808,1.01851851851852,0.892857142857143;12;12
 Anna Mårsell;WOC 2004 Sprint Qualification-W-A;Sweden, SWE;692;0.99061;51,120,29,116,34,41,43,105,35,71,19,28;0.888888888888889,1.04027777777778,0.959770114942529,0.961206896551724,1.02450980392157,1.00406504065041,1.00387596899225,0.984126984126984,1.10952380952381,1.00469483568075,0.964912280701754,0.892857142857143;12;12
 Sara Gemperle;WOC 2004 Sprint Qualification-W-A;Switzerland, SUI;715;0.95874;55,126,25,113,35,43,46,107,41,73,21,30;0.824242424242424,0.990740740740741,1.11333333333333,0.986725663716814,0.995238095238095,0.957364341085271,0.938405797101449,0.965732087227414,0.947154471544716,0.977168949771689,0.873015873015873,0.833333333333333;12;12
 Dana Brozkova;WOC 2004 Sprint Qualification-W-A;Czech Republic, CZE;720;0.95208;43,140,36,111,36,40,42,107,50,72,18,25;1.05426356589147,0.891666666666667,0.773148148148148,1.0045045045045,0.967592592592593,1.02916666666667,1.02777777777778,0.965732087227414,0.776666666666667,0.990740740740741,1.01851851851852,1;12;12
 Natalya Potopalska;WOC 2004 Sprint Qualification-W-A;Ukraine, UKR;727;0.94292;44,119,44,119,36,42,43,117,47,74,18,24;1.03030303030303,1.04901960784314,0.632575757575758,0.936974789915966,0.967592592592593,0.98015873015873,1.00387596899225,0.883190883190883,0.826241134751773,0.963963963963964,1.01851851851852,1.04166666666667;12;12
 Inga Kazlauskaite;WOC 2004 Sprint Qualification-W-A;Lithuania, LTU;732;0.93648;59,129,33,117,37,43,44,98,51,76,21,24;0.768361581920904,0.967700258397933,0.843434343434343,0.952991452991453,0.941441441441441,0.957364341085271,0.981060606060606,1.05442176870748,0.761437908496732,0.93859649122807,0.873015873015873,1.04166666666667;12;12
 Satu Vesalainen;WOC 2004 Sprint Qualification-W-A;Finland, FIN;744;0.92137;42,138,31,112,40,48,51,110,49,73,22,28;1.07936507936508,0.904589371980676,0.897849462365591,0.995535714285714,0.870833333333333,0.857638888888889,0.84640522875817,0.939393939393939,0.792517006802721,0.977168949771689,0.833333333333333,0.892857142857143;12;12
 Sarah Rollins;WOC 2004 Sprint Qualification-W-A;Great Britain, GBR;746;0.91890;47,130,47,127,36,44,48,105,40,74,20,28;0.964539007092199,0.96025641025641,0.592198581560284,0.877952755905512,0.967592592592593,0.935606060606061,0.899305555555555,0.984126984126984,0.970833333333333,0.963963963963964,0.916666666666667,0.892857142857143;12;12
 Olga Belozerova;WOC 2004 Sprint Qualification-W-A;Russia, RUS;748;0.91644;58,133,39,121,36,42,48,109,42,73,20,27;0.781609195402299,0.93859649122807,0.713675213675214,0.921487603305785,0.967592592592593,0.98015873015873,0.899305555555555,0.948012232415902,0.924603174603175,0.977168949771689,0.916666666666667,0.925925925925926;12;12
 Kirti Rebane;WOC 2004 Sprint Qualification-W-A;Estonia, EST;774;0.88566;62,140,32,131,38,43,49,111,41,78,19,30;0.731182795698925,0.891666666666667,0.869791666666667,0.851145038167939,0.916666666666667,0.957364341085271,0.880952380952381,0.930930930930931,0.947154471544716,0.914529914529915,0.964912280701754,0.833333333333333;12;12
 Sakiko Miyauchi;WOC 2004 Sprint Qualification-W-A;Japan, JPN;790;0.86772;50,153,32,132,40,46,50,122,42,77,20,26;0.906666666666667,0.815904139433551,0.869791666666667,0.84469696969697,0.870833333333333,0.894927536231884,0.863333333333333,0.846994535519126,0.924603174603175,0.926406926406926,0.916666666666667,0.961538461538462;12;12
 Line Hagman;WOC 2004 Sprint Qualification-W-A;Norway, NOR;794;0.86335;59,171,34,115,37,44,46,120,47,73,21,27;0.768361581920904,0.730019493177388,0.818627450980392,0.969565217391304,0.941441441441441,0.935606060606061,0.938405797101449,0.861111111111111,0.826241134751773,0.977168949771689,0.873015873015873,0.925925925925926;12;12
 Sandy Hott Johansen;WOC 2004 Sprint Qualification-W-A;Canada, CAN;811;0.84525;54,153,26,116,38,45,49,134,72,75,21,28;0.839506172839506,0.815904139433551,1.07051282051282,0.961206896551724,0.916666666666667,0.914814814814815,0.880952380952381,0.771144278606965,0.539351851851852,0.951111111111111,0.873015873015873,0.892857142857143;12;12
 Allison Jones;WOC 2004 Sprint Qualification-W-A;Australia, AUS;825;0.83091;62,150,33,135,37,46,48,130,47,88,22,27;0.731182795698925,0.832222222222222,0.843434343434343,0.825925925925926,0.941441441441441,0.894927536231884,0.899305555555555,0.794871794871795,0.826241134751773,0.810606060606061,0.833333333333333,0.925925925925926;12;12
 Lyudmila Gotseva;WOC 2004 Sprint Qualification-W-A;Bulgaria, BUL;831;0.82491;62,143,29,133,34,42,45,135,41,117,22,28;0.731182795698925,0.872960372960373,0.959770114942529,0.838345864661654,1.02450980392157,0.98015873015873,0.959259259259259,0.765432098765432,0.947154471544716,0.60968660968661,0.833333333333333,0.892857142857143;12;12
 Kristina Roberto;WOC 2004 Sprint Qualification-W-A;Portugal, POR;856;0.80082;58,162,57,133,42,49,51,118,49,89,20,28;0.781609195402299,0.770576131687243,0.488304093567251,0.838345864661654,0.829365079365079,0.840136054421769,0.84640522875817,0.875706214689265,0.792517006802721,0.801498127340824,0.916666666666667,0.892857142857143;12;12
 Encarna Maturana;WOC 2004 Sprint Qualification-W-A;Spain, ESP;862;0.79524;53,161,53,132,42,51,53,143,44,77,21,32;0.855345911949686,0.77536231884058,0.525157232704403,0.84469696969697,0.829365079365079,0.80718954248366,0.814465408805031,0.722610722610723,0.882575757575758,0.926406926406926,0.873015873015873,0.78125;12;12
 Aline Hermans;WOC 2004 Sprint Qualification-W-A;Belgium, BEL;901;0.76082;55,150,54,124,40,48,48,188,43,105,20,26;0.824242424242424,0.832222222222222,0.515432098765432,0.899193548387097,0.870833333333333,0.857638888888889,0.899305555555555,0.549645390070922,0.903100775193798,0.679365079365079,0.916666666666667,0.961538461538462;12;12
 Pavlina Brautigam;WOC 2004 Sprint Qualification-W-A;U.S.A, USA;903;0.75914;56,164,40,150,47,54,58,146,49,87,21,31;0.80952380952381,0.761178861788618,0.695833333333333,0.743333333333333,0.74113475177305,0.762345679012346,0.744252873563218,0.707762557077626,0.792517006802721,0.81992337164751,0.873015873015873,0.806451612903226;12;12
 Inga Dambe;WOC 2004 Sprint Qualification-W-A;Latvia, LAT;914;0.75000;50,147,27,262,38,45,48,106,69,73,21,28;0.906666666666667,0.849206349206349,1.03086419753086,0.425572519083969,0.916666666666667,0.914814814814815,0.899305555555555,0.974842767295597,0.56280193236715,0.977168949771689,0.873015873015873,0.892857142857143;12;12
 Elisa Dresen;WOC 2004 Sprint Qualification-W-A;Germany, GER;950;0.72158;86,187,34,123,45,48,48,182,50,104,18,25;0.527131782945736,0.667557932263815,0.818627450980392,0.90650406504065,0.774074074074074,0.857638888888889,0.899305555555555,0.567765567765568,0.776666666666667,0.685897435897436,1.01851851851852,1;12;12
 Yanyan Liao;WOC 2004 Sprint Qualification-W-A;China, CHN;1023;0.67009;98,238,44,153,42,54,48,152,50,94,24,26;0.462585034013605,0.524509803921569,0.632575757575758,0.72875816993464,0.829365079365079,0.762345679012346,0.899305555555555,0.679824561403509,0.776666666666667,0.75886524822695,0.763888888888889,0.961538461538462;12;12
 Maureen Lo Olsson;WOC 2004 Sprint Qualification-W-A;Hong-kong, HKG;1039;0.65977;76,238,46,158,48,51,56,146,54,109,23,34;0.596491228070176,0.524509803921569,0.605072463768116,0.705696202531646,0.725694444444445,0.80718954248366,0.770833333333333,0.707762557077626,0.719135802469136,0.654434250764526,0.797101449275362,0.735294117647059;12;12
 Lieke Van Opstal;WOC 2004 Sprint Qualification-W-A;Netherlands, NED;1217;0.56327;59,189,33,145,46,55,59,146,307,121,24,33;0.768361581920904,0.660493827160494,0.843434343434343,0.768965517241379,0.757246376811594,0.748484848484848,0.731638418079096,0.707762557077626,0.126492942453855,0.589531680440771,0.763888888888889,0.757575757575758;12;12
 Ieva Sargautyte;WOC 2004 Sprint Qualification-W-B;Lithuania, LTU;682;1.02325;93,102,105,51,36,45,109,21,74,19,27;1.05222734254992,0.978991596638656,1.01360544217687,1.01960784313725,1.04365079365079,0.987301587301587,1.0956749672346,0.993197278911565,1.01158301158301,1,0.947089947089947;11;11
 Vroni König-Salmi;WOC 2004 Sprint Qualification-W-B;Switzerland, SUI;696;1.00267;100,96,104,54,39,46,115,19,77,19,27;0.978571428571429,1.04017857142857,1.02335164835165,0.962962962962963,0.963369963369963,0.96583850931677,1.03850931677019,1.09774436090226,0.972170686456401,1,0.947089947089947;11;11
 Anu Annus;WOC 2004 Sprint Qualification-W-B;Estonia, EST;709;0.98428;97,99,108,52,40,48,120,24,74,20,27;1.00883652430044,1.00865800865801,0.985449735449735,1,0.939285714285714,0.925595238095238,0.995238095238095,0.869047619047619,1.01158301158301,0.95,0.947089947089947;11;11
 Anne Margrethe Hausken;WOC 2004 Sprint Qualification-W-B;Norway, NOR;729;0.95728;104,111,107,53,39,47,120,21,81,19,27;0.940934065934066,0.8996138996139,0.994659546061415,0.981132075471698,0.963369963369963,0.945288753799392,0.995238095238095,0.993197278911565,0.924162257495591,1,0.947089947089947;11;11
 Riina Kuuselo;WOC 2004 Sprint Qualification-W-B;Finland, FIN;738;0.94561;104,101,115,55,41,47,120,23,88,19,25;0.940934065934066,0.988684582743989,0.925465838509317,0.945454545454545,0.916376306620209,0.945288753799392,0.995238095238095,0.906832298136646,0.850649350649351,1,1.02285714285714;11;11
 Zuzana Macuchova;WOC 2004 Sprint Qualification-W-B;Czech Republic, CZE;751;0.92924;103,98,111,54,40,48,142,22,84,22,27;0.950069348127601,1.01895043731778,0.958815958815959,0.962962962962963,0.939285714285714,0.925595238095238,0.841046277665996,0.948051948051948,0.891156462585034,0.863636363636364,0.947089947089947;11;11
 Zsuzsa Fey;WOC 2004 Sprint Qualification-W-B;Romania, ROM;762;0.91582;133,107,115,54,41,45,123,24,73,19,28;0.735767991407089,0.93324432576769,0.925465838509317,0.962962962962963,0.916376306620209,0.987301587301587,0.970963995354239,0.869047619047619,1.02544031311155,1,0.913265306122449;11;11
 Yvonne Fjordside;WOC 2004 Sprint Qualification-W-B;Denmark, DEN;766;0.91104;104,104,115,58,41,48,129,25,91,21,30;0.940934065934066,0.960164835164835,0.925465838509317,0.896551724137931,0.916376306620209,0.925595238095238,0.925802879291251,0.834285714285714,0.822605965463108,0.904761904761905,0.852380952380952;11;11
 Helen Bridle;WOC 2004 Sprint Qualification-W-B;Great Britain, GBR;772;0.90396;103,108,117,56,40,50,136,23,91,20,28;0.950069348127601,0.924603174603175,0.90964590964591,0.928571428571429,0.939285714285714,0.888571428571429,0.878151260504202,0.906832298136646,0.822605965463108,0.95,0.913265306122449;11;11
 Karolina A Höjsgaard;WOC 2004 Sprint Qualification-W-B;Sweden, SWE;774;0.90162;92,100,106,50,35,42,196,37,71,19,26;1.06366459627329,0.998571428571429,1.00404312668464,1.04,1.0734693877551,1.0578231292517,0.60932944606414,0.563706563706564,1.05432595573441,1,0.983516483516484;11;11
 Andrea Eisl;WOC 2004 Sprint Qualification-W-B;Austria, AUT;802;0.87015;100,114,111,60,51,44,144,32,98,22,26;0.978571428571429,0.87593984962406,0.958815958815959,0.866666666666667,0.736694677871148,1.00974025974026,0.829365079365079,0.651785714285714,0.763848396501458,0.863636363636364,0.983516483516484;11;11
 Natasha Key;WOC 2004 Sprint Qualification-W-B;Australia, AUS;804;0.86798;105,116,114,53,37,45,181,25,83,19,26;0.931972789115646,0.860837438423645,0.933583959899749,0.981132075471698,1.01544401544402,0.987301587301587,0.65982636148382,0.834285714285714,0.901893287435456,1,0.983516483516484;11;11
 Natasha Korzhova;WOC 2004 Sprint Qualification-W-B;Russia, RUS;810;0.86155;116,129,121,59,42,49,130,25,90,19,30;0.8435960591133,0.774086378737542,0.879574970484061,0.88135593220339,0.894557823129252,0.906705539358601,0.918681318681319,0.834285714285714,0.831746031746032,1,0.852380952380952;11;11
 Marta Florkowska;WOC 2004 Sprint Qualification-W-B;Poland, POL;822;0.84897;112,123,119,58,41,49,153,26,92,22,27;0.873724489795918,0.81184668989547,0.894357743097239,0.896551724137931,0.916376306620209,0.906705539358601,0.780578898225957,0.802197802197802,0.813664596273292,0.863636363636364,0.947089947089947;11;11
 Anke Xylander;WOC 2004 Sprint Qualification-W-B;Germany, GER;831;0.83978;102,112,117,53,42,44,223,22,74,19,23;0.959383753501401,0.891581632653061,0.90964590964591,0.981132075471698,0.894557823129252,1.00974025974026,0.535554131966688,0.948051948051948,1.01158301158301,1,1.11180124223602;11;11
 Pam James;WOC 2004 Sprint Qualification-W-B;Canada, CAN;846;0.82489;129,123,129,60,46,55,133,27,93,23,28;0.758582502768549,0.81184668989547,0.825027685492802,0.866666666666667,0.816770186335404,0.807792207792208,0.897959183673469,0.772486772486773,0.804915514592934,0.826086956521739,0.913265306122449;11;11
 Martina Rakayova;WOC 2004 Sprint Qualification-W-B;Slovakia, SVK;853;0.81812;101,121,112,54,38,46,208,43,82,20,28;0.968882602545969,0.825265643447462,0.950255102040816,0.962962962962963,0.988721804511278,0.96583850931677,0.574175824175824,0.485049833887043,0.912891986062718,0.95,0.913265306122449;11;11
 Rachel Smith;WOC 2004 Sprint Qualification-W-B;New Zealand, NZL;855;0.81621;114,116,119,56,41,47,187,28,98,22,27;0.858395989974937,0.860837438423645,0.894357743097239,0.928571428571429,0.916376306620209,0.945288753799392,0.638655462184874,0.744897959183674,0.763848396501458,0.863636363636364,0.947089947089947;11;11
 Celine Dodin;WOC 2004 Sprint Qualification-W-B;France, FRA;871;0.80121;104,127,120,56,41,50,213,20,92,19,29;0.940934065934066,0.786276715410574,0.886904761904762,0.928571428571429,0.916376306620209,0.888571428571429,0.560697518443997,1.04285714285714,0.813664596273292,1,0.881773399014778;11;11
 Mariya Spasyuk;WOC 2004 Sprint Qualification-W-B;Ukraine, UKR;918;0.76019;105,103,104,52,39,47,302,21,100,19,26;0.931972789115646,0.969486823855756,1.02335164835165,1,0.963369963369963,0.945288753799392,0.395458845789972,0.993197278911565,0.748571428571429,1,0.983516483516484;11;11
 Shihoko Ochiai;WOC 2004 Sprint Qualification-W-B;Japan, JPN;936;0.74557;132,147,148,66,49,52,159,37,98,21,27;0.741341991341991,0.67930029154519,0.719111969111969,0.787878787878788,0.766763848396501,0.854395604395604,0.751123090745732,0.563706563706564,0.763848396501458,0.904761904761905,0.947089947089947;11;11
 Raquel Costa;WOC 2004 Sprint Qualification-W-B;Portugal, POR;968;0.72093;224,109,132,63,48,57,144,32,103,26,30;0.436862244897959,0.916120576671035,0.806277056277056,0.825396825396825,0.782738095238095,0.779448621553885,0.829365079365079,0.651785714285714,0.726768377253814,0.730769230769231,0.852380952380952;11;11
 Ildiko Szerencsi;WOC 2004 Sprint Qualification-W-B;Hungary, HUN;977;0.71429;105,135,142,63,48,55,156,85,125,32,31;0.931972789115646,0.73968253968254,0.749496981891348,0.825396825396825,0.782738095238095,0.807792207792208,0.765567765567766,0.245378151260504,0.598857142857143,0.59375,0.824884792626728;11;11
 Yanxia Qin;WOC 2004 Sprint Qualification-W-B;China, CHN;996;0.70066;189,130,160,57,46,48,193,32,94,20,27;0.517762660619803,0.768131868131868,0.665178571428571,0.912280701754386,0.816770186335404,0.925595238095238,0.61880088823094,0.651785714285714,0.796352583586626,0.95,0.947089947089947;11;11
 Annabel Valledor;WOC 2004 Sprint Qualification-W-B;Spain, ESP;1051;0.66399;121,135,121,58,43,50,344,26,98,24,31;0.808736717827627,0.73968253968254,0.879574970484061,0.896551724137931,0.87375415282392,0.888571428571429,0.347176079734219,0.802197802197802,0.763848396501458,0.791666666666667,0.824884792626728;11;11
 Karen Williams;WOC 2004 Sprint Qualification-W-B;U.S.A, USA;1178;0.59241;165,138,132,62,44,54,252,26,247,25,33;0.593073593073593,0.72360248447205,0.806277056277056,0.838709677419355,0.853896103896104,0.822751322751323,0.473922902494331,0.802197802197802,0.303065355696935,0.76,0.774891774891775;11;11
 Helga Bertoldi;WOC 2004 Sprint Qualification-W-B;Italy, ITA;1231;0.56690;113,158,125,57,42,48,391,152,91,24,30;0.865992414664981,0.632007233273056,0.851428571428571,0.912280701754386,0.894557823129252,0.925595238095238,0.305443916697114,0.137218045112782,0.822605965463108,0.791666666666667,0.852380952380952;11;11
 Emma Engstrand;WOC 2004 Sprint Qualification-W-C;Sweden, SWE;708;1.00303;93,91,119,43,51,45,102,25,88,20,31;0.990783410138249,1.05651491365777,1.05762304921969,1.03986710963455,1.00840336134454,1.0031746031746,1.15966386554622,1.02285714285714,0.761363636363636,0.9,0.834101382488479;11;11
 Paula Haapakoski;WOC 2004 Sprint Qualification-W-C;Finland, FIN;717;0.99044;98,95,121,54,52,47,108,32,61,19,30;0.940233236151603,1.01203007518797,1.04014167650531,0.828042328042328,0.989010989010989,0.96048632218845,1.0952380952381,0.799107142857143,1.09836065573771,0.947368421052632,0.861904761904762;11;11
 Yulia Novikova;WOC 2004 Sprint Qualification-W-C;Russia, RUS;735;0.96618;92,103,128,44,51,45,145,23,58,18,28;1.00155279503106,0.933425797503467,0.983258928571429,1.01623376623377,1.00840336134454,1.0031746031746,0.81576354679803,1.11180124223602,1.1551724137931,1,0.923469387755102;11;11
 Dainora Alsauskaite;WOC 2004 Sprint Qualification-W-C;Lithuania, LTU;746;0.95193;90,102,133,41,53,42,131,44,68,18,24;1.02380952380952,0.942577030812325,0.946294307196563,1.09059233449477,0.970350404312669,1.07482993197279,0.902944383860414,0.581168831168831,0.985294117647059,1,1.07738095238095;11;11
 Käthi Widler;WOC 2004 Sprint Qualification-W-C;Switzerland, SUI;754;0.94183;100,95,129,47,57,47,132,25,76,21,25;0.921428571428571,1.01203007518797,0.975636766334441,0.951367781155015,0.902255639097744,0.96048632218845,0.896103896103896,1.02285714285714,0.881578947368421,0.857142857142857,1.03428571428571;11;11
 Marta Sterbova;WOC 2004 Sprint Qualification-W-C;Czech Republic, CZE;756;0.93934;92,98,123,46,50,47,140,26,89,18,27;1.00155279503106,0.981049562682216,1.02322880371661,0.972049689440994,1.02857142857143,0.96048632218845,0.844897959183673,0.983516483516484,0.752808988764045,1,0.957671957671958;11;11
 Elisabeth Ingvaldsen;WOC 2004 Sprint Qualification-W-C;Norway, NOR;764;0.92951;98,98,138,47,52,47,117,40,80,21,26;0.940233236151603,0.981049562682216,0.912008281573499,0.951367781155015,0.989010989010989,0.96048632218845,1.01098901098901,0.639285714285714,0.8375,0.857142857142857,0.994505494505495;11;11
 Hanny Allston;WOC 2004 Sprint Qualification-W-C;Australia, AUS;806;0.88107;90,102,162,54,54,47,156,27,66,20,28;1.02380952380952,0.942577030812325,0.77689594356261,0.828042328042328,0.952380952380952,0.96048632218845,0.758241758241758,0.947089947089947,1.01515151515152,0.9,0.923469387755102;11;11
 Victoriya Plokhenko;WOC 2004 Sprint Qualification-W-C;Ukraine, UKR;808;0.87889;105,107,140,51,60,52,138,31,74,22,28;0.877551020408163,0.898531375166889,0.898979591836735,0.876750700280112,0.857142857142857,0.868131868131868,0.857142857142857,0.824884792626728,0.905405405405405,0.818181818181818,0.923469387755102;11;11
 Laura Scaravonati;WOC 2004 Sprint Qualification-W-C;Italy, ITA;813;0.87348;97,106,133,54,56,51,169,31,71,18,27;0.949926362297496,0.907008086253369,0.946294307196563,0.828042328042328,0.918367346938776,0.88515406162465,0.699915469146238,0.824884792626728,0.943661971830986,1,0.957671957671958;11;11
 Meike Jaeger;WOC 2004 Sprint Qualification-W-C;Germany, GER;814;0.87241;100,120,132,51,55,47,138,28,97,19,27;0.921428571428571,0.801190476190476,0.953463203463203,0.876750700280112,0.935064935064935,0.96048632218845,0.857142857142857,0.913265306122449,0.690721649484536,0.947368421052632,0.957671957671958;11;11
 Aija Skrastina;WOC 2004 Sprint Qualification-W-C;Latvia, LAT;825;0.86078;92,99,176,48,55,50,122,46,90,20,27;1.00155279503106,0.971139971139971,0.715097402597403,0.931547619047619,0.935064935064935,0.902857142857143,0.969555035128806,0.555900621118012,0.744444444444444,0.9,0.957671957671958;11;11
 Helene Hausner;WOC 2004 Sprint Qualification-W-C;Denmark, DEN;838;0.84743;101,109,140,49,53,48,165,39,88,20,26;0.912305516265912,0.882044560943643,0.898979591836735,0.912536443148688,0.970350404312669,0.940476190476191,0.716883116883117,0.655677655677656,0.761363636363636,0.9,0.994505494505495;11;11
 Anna Gornicka-Antonowicz;WOC 2004 Sprint Qualification-W-C;Poland, POL;843;0.84240;102,105,138,46,51,46,132,35,144,18,26;0.903361344537815,0.915646258503401,0.912008281573499,0.972049689440994,1.00840336134454,0.981366459627329,0.896103896103896,0.730612244897959,0.465277777777778,1,0.994505494505495;11;11
 Iliana Shandurkova;WOC 2004 Sprint Qualification-W-C;Bulgaria, BUL;847;0.83842;125,108,142,50,57,50,140,35,88,22,30;0.737142857142857,0.89021164021164,0.886317907444668,0.894285714285714,0.902255639097744,0.902857142857143,0.844897959183673,0.730612244897959,0.761363636363636,0.818181818181818,0.861904761904762;11;11
 Philippa McNeil;WOC 2004 Sprint Qualification-W-C;Canada, CAN;876;0.81067;112,126,155,56,65,51,154,32,73,23,29;0.822704081632653,0.763038548752834,0.811981566820277,0.798469387755102,0.791208791208791,0.88515406162465,0.76808905380334,0.799107142857143,0.917808219178082,0.782608695652174,0.891625615763547;11;11
 Szava Zsigmond;WOC 2004 Sprint Qualification-W-C;Hungary, HUN;902;0.78730;119,105,161,56,61,54,157,32,104,25,28;0.774309723889556,0.915646258503401,0.781721384205856,0.798469387755102,0.843091334894614,0.835978835978836,0.753412192902639,0.799107142857143,0.644230769230769,0.72,0.923469387755102;11;11
 Annika Rihma;WOC 2004 Sprint Qualification-W-C;Estonia, EST;902;0.78730;138,97,136,53,54,48,127,41,164,17,27;0.667701863354037,0.991163475699558,0.925420168067227,0.84366576819407,0.952380952380952,0.940476190476191,0.931383577052868,0.623693379790941,0.408536585365854,1.05882352941176,0.957671957671958;11;11
 Hannah Wootton;WOC 2004 Sprint Qualification-W-C;Great Britain, GBR;910;0.78038;96,103,130,46,66,44,121,25,233,19,27;0.959821428571428,0.933425797503467,0.968131868131868,0.972049689440994,0.779220779220779,1.02597402597403,0.977567886658796,1.02285714285714,0.28755364806867,0.947368421052632,0.957671957671958;11;11
 Sandra Zurcher;WOC 2004 Sprint Qualification-W-C;U.S.A, USA;917;0.77442;111,126,160,49,59,50,172,28,109,24,29;0.83011583011583,0.763038548752834,0.786607142857143,0.912536443148688,0.871670702179177,0.902857142857143,0.687707641196013,0.913265306122449,0.614678899082569,0.75,0.891625615763547;11;11
 Valerie Vannier;WOC 2004 Sprint Qualification-W-C;France, FRA;968;0.73362;99,272,131,51,59,50,149,33,72,23,29;0.930735930735931,0.353466386554622,0.960741548527808,0.876750700280112,0.871670702179177,0.902857142857143,0.793863854266539,0.774891774891775,0.930555555555556,0.782608695652174,0.891625615763547;11;11
 Claire Paterson;WOC 2004 Sprint Qualification-W-C;New Zealand, NZL;978;0.72612;160,124,168,49,58,51,169,77,73,22,27;0.575892857142857,0.775345622119816,0.749149659863946,0.912536443148688,0.886699507389163,0.88515406162465,0.699915469146238,0.332096474953618,0.917808219178082,0.818181818181818,0.957671957671958;11;11
 Maria Amador;WOC 2004 Sprint Qualification-W-C;Portugal, POR;1092;0.65031;145,182,205,58,61,54,182,39,112,27,27;0.635467980295567,0.528257456828885,0.613937282229965,0.770935960591133,0.843091334894614,0.835978835978836,0.649921507064364,0.655677655677656,0.598214285714286,0.666666666666667,0.957671957671958;11;11
 Zhuhua Qin;WOC 2004 Sprint Qualification-W-C;China, CHN;1149;0.61805;117,113,313,48,63,56,242,45,101,24,27;0.787545787545788,0.850821744627054,0.402099497946143,0.931547619047619,0.816326530612245,0.806122448979592,0.488783943329398,0.568253968253968,0.663366336633663,0.75,0.957671957671958;11;11
 Emi Kaneko;WOC 2004 Sprint Qualification-W-C;Japan, JPN;1168;0.60800;130,170,201,57,62,58,212,81,148,20,29;0.708791208791209,0.565546218487395,0.626154939587775,0.784461152882206,0.829493087557604,0.778325123152709,0.557951482479784,0.315696649029982,0.452702702702703,0.9,0.891625615763547;11;11
 Ailbhe Creedon;WOC 2004 Sprint Qualification-W-C;Ireland, IRL;1654;0.42935;154,169,260,52,59,54,592,85,162,32,35;0.598330241187384,0.568892645815723,0.484065934065934,0.85989010989011,0.871670702179177,0.835978835978836,0.19980694980695,0.300840336134454,0.41358024691358,0.5625,0.738775510204082;11;11
