Tsvetkov Dmitry;EOC 2012 Long Distance - Qualification-Men Qual-1;Russia;2669;1.02148;123,363,222,76,497,58,146,364,57,217,51,151,84,95,104,42,19;1.00451671183378,0.961738598102234,1.05955955955956,0.970760233918129,1.01475519785379,1.0095785440613,1.09893455098935,1.07142857142857,1.10136452241715,1.03942652329749,0.973856209150327,1.07211184694628,0.846560846560847,0.975438596491228,1.01282051282051,1.01322751322751,1.04093567251462;17;17
Müller Matthias;EOC 2012 Long Distance - Qualification-Men Qual-1;Switzerland;2728;0.99939;119,341,248,72,502,61,163,383,61,238,53,160,67,88,104,45,23;1.03828197945845,1.0237862495927,0.948476702508961,1.02469135802469,1.00464807436919,0.959927140255009,0.984321745057941,1.01827676240209,1.02914389799636,0.947712418300654,0.937106918238994,1.01180555555556,1.06135986733002,1.0530303030303,1.01282051282051,0.945679012345679,0.859903381642512;17;17
Weltzien Audun Hultgreen;EOC 2012 Long Distance - Qualification-Men Qual-1;Norway;2783;0.97964;130,350,241,90,491,59,163,402,66,217,46,164,89,96,110,48,21;0.95042735042735,0.997460317460317,0.97602581834947,0.819753086419753,1.02715546503734,0.992467043314501,0.984321745057941,0.970149253731343,0.951178451178451,1.03942652329749,1.07971014492754,0.987127371273713,0.799001248439451,0.965277777777778,0.957575757575758,0.886574074074074,0.941798941798942;17;17
Kyburz Matthias;EOC 2012 Long Distance - Qualification-Men Qual-1;Switzerland;2793;0.97613;121,334,228,74,503,77,153,372,66,256,66,183,85,94,113,48,20;1.02112029384757,1.04524284763806,1.03167641325536,0.996996996996997,1.0026507620941,0.760461760461761,1.04865649963689,1.04838709677419,0.951178451178451,0.881076388888889,0.752525252525252,0.884638737097753,0.836601307189543,0.98581560283688,0.932153392330383,0.886574074074074,0.988888888888889;17;17
Ikonen Pasi;EOC 2012 Long Distance - Qualification-Men Qual-1;Finland;2818;0.96747;122,352,231,74,497,59,170,406,71,242,66,164,75,104,112,49,24;1.01275045537341,0.991792929292929,1.01827801827802,0.996996996996997,1.01475519785379,0.992467043314501,0.943790849673203,0.960591133004926,0.884194053208138,0.932047750229568,0.752525252525252,0.987127371273713,0.948148148148148,0.891025641025641,0.94047619047619,0.868480725623583,0.824074074074074;17;17
Bergman Gustav;EOC 2012 Long Distance - Qualification-Men Qual-1;Sweden;2844;0.95863;130,360,255,75,513,58,165,386,81,222,61,190,73,100,105,49,21;0.95042735042735,0.969753086419753,0.922440087145969,0.983703703703704,0.983105912930474,1.0095785440613,0.972390572390572,1.01036269430052,0.775034293552812,1.01601601601602,0.814207650273224,0.852046783625731,0.974124809741248,0.926666666666667,1.0031746031746,0.868480725623583,0.941798941798942;17;17
Ushkvarok Pavlo;EOC 2012 Long Distance - Qualification-Men Qual-1;Ukraine;2863;0.95226;127,378,258,78,527,62,165,399,73,228,50,162,75,100,110,47,24;0.972878390201225,0.923574368018812,0.911714039621016,0.945868945868946,0.956989247311828,0.944444444444444,0.972390572390572,0.977443609022556,0.859969558599696,0.989278752436647,0.993333333333333,0.999314128943759,0.948148148148148,0.926666666666667,0.957575757575758,0.905437352245863,0.824074074074074;17;17
Kärner Olle;EOC 2012 Long Distance - Qualification-Men Qual-1;Estonia;2893;0.94239;135,375,244,80,518,63,170,412,75,228,54,179,82,90,118,47,23;0.91522633744856,0.930962962962963,0.964025500910747,0.922222222222222,0.973616473616474,0.929453262786596,0.943790849673203,0.946601941747573,0.837037037037037,0.989278752436647,0.919753086419753,0.904407200496586,0.867208672086721,1.02962962962963,0.892655367231638,0.905437352245863,0.859903381642512;17;17
Tranchand Frédéric;EOC 2012 Long Distance - Qualification-Men Qual-1;France;2898;0.94076;123,330,249,79,668,61,164,395,65,243,46,155,67,89,98,45,21;1.00451671183378,1.05791245791246,0.94466755912539,0.933895921237693,0.75499001996008,0.959927140255009,0.978319783197832,0.987341772151899,0.965811965811966,0.928212162780064,1.07971014492754,1.04444444444444,1.06135986733002,1.04119850187266,1.07482993197279,0.945679012345679,0.941798941798942;17;17
Lakanen Jani;EOC 2012 Long Distance - Qualification-Men Qual-1;Finland;2926;0.93176;126,367,263,78,528,63,171,417,72,258,56,168,80,93,116,49,21;0.980599647266314,0.951256433545262,0.894381073088297,0.945868945868946,0.955176767676768,0.929453262786596,0.938271604938272,0.935251798561151,0.871913580246914,0.874246339362618,0.886904761904762,0.963624338624339,0.888888888888889,0.996415770609319,0.908045977011494,0.868480725623583,0.941798941798942;17;17
Kerschbaumer Gernot;EOC 2012 Long Distance - Qualification-Men Qual-1;Austria;2931;0.93017;141,377,244,84,572,56,162,414,59,249,52,167,69,105,112,43,25;0.876280535855004,0.926024167403478,0.964025500910747,0.878306878306878,0.881701631701632,1.04563492063492,0.99039780521262,0.942028985507246,1.06403013182674,0.905845604640785,0.955128205128205,0.969394544244844,1.03059581320451,0.882539682539683,0.94047619047619,0.989664082687339,0.791111111111111;17;17
Tmbasov Jurij;EOC 2012 Long Distance - Qualification-Men Qual-1;Belarus;2957;0.92199;131,366,273,76,552,64,171,409,76,259,52,176,72,110,105,43,22;0.943172179813401,0.953855494839101,0.861619861619862,0.970760233918129,0.913647342995169,0.914930555555556,0.938271604938272,0.953545232273839,0.826023391812866,0.870870870870871,0.955128205128205,0.919823232323232,0.987654320987654,0.842424242424243,1.0031746031746,0.989664082687339,0.898989898989899;17;17
Sedivy Jan;EOC 2012 Long Distance - Qualification-Men Qual-1;Czech republic;2988;0.91243;129,439,248,73,510,66,172,444,80,229,53,183,81,112,107,42,20;0.957795004306632,0.795241710959251,0.948476702508961,1.01065449010654,0.988888888888889,0.887205387205387,0.9328165374677,0.878378378378378,0.784722222222222,0.984958757884522,0.937106918238994,0.884638737097753,0.877914951989026,0.827380952380952,0.984423676012461,1.01322751322751,0.988888888888889;17;17
Kivikas Kenny;EOC 2012 Long Distance - Qualification-Men Qual-1;Estonia;3006;0.90696;136,387,245,79,535,65,206,448,67,239,54,186,70,108,116,46,19;0.908496732026144,0.902095894343956,0.960090702947846,0.933895921237693,0.942679127725857,0.900854700854701,0.778856526429342,0.870535714285714,0.93698175787728,0.943747094374709,0.919753086419753,0.87037037037037,1.01587301587302,0.858024691358025,0.908045977011494,0.92512077294686,1.04093567251462;17;17
Ekeberg Bjørn;EOC 2012 Long Distance - Qualification-Men Qual-1;Norway;3013;0.90486;126,357,245,85,603,69,176,440,76,231,52,167,80,116,117,50,23;0.980599647266314,0.977902272019919,0.960090702947846,0.86797385620915,0.836373687119956,0.848631239935588,0.911616161616162,0.886363636363636,0.826023391812866,0.976430976430976,0.955128205128205,0.969394544244844,0.888888888888889,0.798850574712644,0.9002849002849,0.851111111111111,0.859903381642512;17;17
Nixon Mark;EOC 2012 Long Distance - Qualification-Men Qual-1;Great Britain;3017;0.90366;142,385,257,81,529,63,173,440,69,271,60,174,72,118,121,42,20;0.870109546165884,0.906782106782107,0.915261565067013,0.910836762688614,0.953371140516698,0.929453262786596,0.927424534360951,0.886363636363636,0.909822866344606,0.832308323083231,0.827777777777778,0.930395913154534,0.987654320987654,0.785310734463277,0.870523415977961,1.01322751322751,0.988888888888889;17;17
Chromy Adam;EOC 2012 Long Distance - Qualification-Men Qual-1;Czech republic;3044;0.89564;135,370,275,81,548,80,198,420,75,246,61,172,80,107,122,50,24;0.91522633744856,0.943543543543544,0.855353535353535,0.910836762688614,0.920316301703163,0.731944444444445,0.810325476992144,0.928571428571429,0.837037037037037,0.916892502258356,0.814207650273224,0.941214470284238,0.888888888888889,0.866043613707165,0.863387978142076,0.851111111111111,0.824074074074074;17;17
Bader Leif;EOC 2012 Long Distance - Qualification-Men Qual-1;Germany;3048;0.89447;139,359,261,89,549,66,187,439,77,279,61,176,84,110,109,43,20;0.888888888888889,0.972454348498917,0.901234567901235,0.82896379525593,0.918639951426837,0.887205387205387,0.857991681521093,0.888382687927107,0.815295815295815,0.808442851453604,0.814207650273224,0.919823232323232,0.846560846560847,0.842424242424243,0.966360856269113,0.989664082687339,0.988888888888889;17;17
Jubelis Andris;EOC 2012 Long Distance - Qualification-Men Qual-1;Latvia;3052;0.89329;131,363,256,91,526,64,177,505,73,237,56,191,107,99,112,45,19;0.943172179813401,0.961738598102234,0.918836805555556,0.810744810744811,0.958808618504436,0.914930555555556,0.90646578782172,0.772277227722772,0.859969558599696,0.951711204875762,0.886904761904762,0.847585805700989,0.664589823468328,0.936026936026936,0.94047619047619,0.945679012345679,1.04093567251462;17;17
Boström Olle;EOC 2012 Long Distance - Qualification-Men Qual-1;Sweden;3063;0.89009;125,359,249,85,550,59,204,540,57,227,62,169,83,109,121,43,21;0.988444444444444,0.972454348498917,0.94466755912539,0.86797385620915,0.916969696969697,0.992467043314501,0.786492374727669,0.722222222222222,1.10136452241715,0.993636808614782,0.801075268817204,0.957922419460881,0.856760374832664,0.850152905198777,0.870523415977961,0.989664082687339,0.941798941798942;17;17
Nikolov Kiril;EOC 2012 Long Distance - Qualification-Men Qual-1;Bulgaria;3093;0.88145;128,382,232,72,508,70,163,438,206,254,51,201,82,136,106,43,21;0.965277777777778,0.913903432228039,1.01388888888889,1.02469135802469,0.992782152230971,0.836507936507937,0.984321745057941,0.89041095890411,0.304746494066882,0.888013998250219,0.973856209150327,0.805417357656164,0.867208672086721,0.681372549019608,0.993710691823899,0.989664082687339,0.941798941798942;17;17
Stulgys Donatas;EOC 2012 Long Distance - Qualification-Men Qual-1;Lithuania;3135;0.86964;138,438,252,74,534,70,178,473,67,306,52,196,78,98,113,45,23;0.895330112721417,0.797057331303907,0.93342151675485,0.996996996996997,0.944444444444444,0.836507936507937,0.901373283395755,0.824524312896406,0.93698175787728,0.737109658678286,0.955128205128205,0.825963718820862,0.911680911680912,0.945578231292517,0.932153392330383,0.945679012345679,0.859903381642512;17;17
Nakonechnyy Dmitry;EOC 2012 Long Distance - Qualification-Men Qual-1;Russia;3151;0.86523;130,418,288,87,553,86,209,417,72,267,53,211,95,91,111,42,21;0.95042735042735,0.835194045720361,0.816743827160494,0.848020434227331,0.911995177817963,0.680878552971576,0.767676767676768,0.935251798561151,0.871913580246914,0.844777361631294,0.937106918238994,0.767245918904687,0.748538011695907,1.01831501831502,0.948948948948949,1.01322751322751,0.941798941798942;17;17
Dallavalle Roberto;EOC 2012 Long Distance - Qualification-Men Qual-1;Italy;3195;0.85331;138,399,258,85,572,69,222,540,76,231,52,167,80,118,119,47,22;0.895330112721417,0.874965190754664,0.911714039621016,0.86797385620915,0.881701631701632,0.848631239935588,0.722722722722723,0.722222222222222,0.826023391812866,0.976430976430976,0.955128205128205,0.969394544244844,0.888888888888889,0.785310734463277,0.88515406162465,0.905437352245863,0.898989898989899;17;17
Schgaguler Klaus;EOC 2012 Long Distance - Qualification-Men Qual-1;Italy;3222;0.84616;136,444,263,85,551,66,184,403,167,253,73,211,87,117,115,47,20;0.908496732026144,0.786286286286286,0.894381073088297,0.86797385620915,0.915305505142166,0.887205387205387,0.871980676328503,0.967741935483871,0.375914836992681,0.891523935002196,0.680365296803653,0.767245918904687,0.817369093231162,0.792022792022792,0.915942028985507,0.905437352245863,0.988888888888889;17;17
Dent Julian;EOC 2012 Long Distance - Qualification-Men Qual-1;Australia;3222;0.84616;133,431,261,110,565,58,192,523,70,249,61,167,83,108,132,55,24;0.928989139515455,0.810002577984016,0.901234567901235,0.670707070707071,0.892625368731563,1.0095785440613,0.835648148148148,0.745697896749522,0.896825396825397,0.905845604640785,0.814207650273224,0.969394544244844,0.856760374832664,0.858024691358025,0.797979797979798,0.773737373737374,0.824074074074074;17;17
Sørensen Søren Schwartz;EOC 2012 Long Distance - Qualification-Men Qual-1;Denmark;3280;0.83120;134,444,252,80,551,69,181,605,73,256,61,182,80,116,122,50,24;0.922056384742952,0.786286286286286,0.93342151675485,0.922222222222222,0.915305505142166,0.848631239935588,0.886433394720688,0.644628099173554,0.859969558599696,0.881076388888889,0.814207650273224,0.889499389499389,0.888888888888889,0.798850574712644,0.863387978142076,0.851111111111111,0.824074074074074;17;17
Friedrichs Bjarne;EOC 2012 Long Distance - Qualification-Men Qual-1;Germany;3324;0.82020;143,433,259,105,607,65,226,422,118,244,120,183,81,111,135,50,22;0.864024864024864,0.806261226584552,0.908193908193908,0.702645502645503,0.830862163646348,0.900854700854701,0.709931170108161,0.924170616113744,0.532015065913371,0.924408014571949,0.413888888888889,0.884638737097753,0.877914951989026,0.834834834834835,0.780246913580247,0.851111111111111,0.898989898989899;17;17
Anthony Squire;EOC 2012 Long Distance - Qualification-Men Qual-1;Great Britain;3410;0.79951;147,376,302,130,560,63,290,483,92,264,58,206,120,118,127,50,24;0.840513983371126,0.928486997635934,0.77888153053716,0.567521367521368,0.900595238095238,0.929453262786596,0.553256704980843,0.807453416149068,0.682367149758454,0.854377104377104,0.85632183908046,0.785868392664509,0.592592592592593,0.785310734463277,0.829396325459318,0.851111111111111,0.824074074074074;17;17
Smith Ross;EOC 2012 Long Distance - Qualification-Men Qual-1;United States;3480;0.78343;144,446,305,102,639,79,218,489,84,266,64,207,105,120,136,53,23;0.858024691358025,0.78276033881415,0.771220400728597,0.723311546840959,0.78925404277517,0.741209563994374,0.73598369011213,0.797546012269939,0.747354497354497,0.847953216374269,0.776041666666667,0.782071926999463,0.677248677248677,0.772222222222222,0.774509803921569,0.80293501048218,0.859903381642512;17;17
Olsen Rune;EOC 2012 Long Distance - Qualification-Men Qual-1;Denmark;3608;0.75564;143,379,235,74,568,64,198,862,165,239,47,185,87,181,110,47,24;0.864024864024864,0.921137496335385,1.00094562647754,0.996996996996997,0.887910798122066,0.914930555555556,0.810325476992144,0.452436194895592,0.38047138047138,0.943747094374709,1.05673758865248,0.875075075075075,0.817369093231162,0.511970534069982,0.957575757575758,0.905437352245863,0.824074074074074;17;17
Bezdiga Andrei;EOC 2012 Long Distance - Qualification-Men Qual-1;Moldova;3609;0.75543;146,448,277,107,634,80,269,543,89,273,61,212,129,143,123,54,21;0.846270928462709,0.779265873015873,0.849177697553149,0.68951194184839,0.795478443743428,0.731944444444445,0.596447748864106,0.718232044198895,0.705368289637953,0.826210826210826,0.814207650273224,0.763626834381551,0.551248923341947,0.648018648018648,0.856368563685637,0.788065843621399,0.941798941798942;17;17
Siegert Wolfgang;EOC 2012 Long Distance - Qualification-Men Qual-1;Austria;3614;0.75438;137,370,240,96,562,59,192,818,189,265,60,210,89,118,128,57,24;0.901865369018654,0.943543543543544,0.980092592592593,0.768518518518518,0.897390272835113,0.992467043314501,0.835648148148148,0.476772616136919,0.332157554379777,0.851153039832285,0.827777777777778,0.770899470899471,0.799001248439451,0.785310734463277,0.822916666666667,0.746588693957115,0.824074074074074;17;17
Delobel Bart;EOC 2012 Long Distance - Qualification-Men Qual-1;Belgium;3849;0.70832;169,476,286,86,625,101,236,789,88,323,64,207,95,103,123,55,23;0.731097961867193,0.733426704014939,0.822455322455322,0.857881136950904,0.806933333333333,0.57975797579758,0.67984934086629,0.494296577946768,0.713383838383838,0.698314413484692,0.776041666666667,0.782071926999463,0.748538011695907,0.899676375404531,0.856368563685637,0.773737373737374,0.859903381642512;17;17
Kacmaz Ahmet;EOC 2012 Long Distance - Qualification-Men Qual-1;Turkey;4421;0.61668;154,480,391,514,654,77,209,443,460,278,52,222,147,120,140,56,24;0.802308802308802,0.727314814814815,0.601591361182154,0.143536532641591,0.771151885830785,0.760461760461761,0.767676767676768,0.880361173814898,0.136473429951691,0.811350919264588,0.955128205128205,0.729229229229229,0.483749055177627,0.772222222222222,0.752380952380952,0.759920634920635,0.824074074074074;17;17
Ryabkina Tatiana;EOC 2012 Long Distance - Qualification-Women Qual-1;Russia;2448;0.99115;166,444,49,701,80,275,59,198,88,154,145,60,29;0.961847389558233,0.991741741741742,1.00680272108844,1.06514503090823,1.00416666666667,1.06242424242424,1.01977401129943,1.03787878787879,0.988636363636364,0.496753246753247,1.03333333333333,0.922222222222222,0.810344827586207;13;13
Eliasson Lena;EOC 2012 Long Distance - Qualification-Women Qual-1;Sweden;2489;0.97482;159,427,46,828,87,301,58,199,86,67,149,57,25;1.0041928721174,1.0312256049961,1.07246376811594,0.901771336553945,0.923371647509578,0.970653377630122,1.03735632183908,1.03266331658291,1.01162790697674,1.14179104477612,1.00559284116331,0.970760233918129,0.94;13;13
Dambe Inga;EOC 2012 Long Distance - Qualification-Women Qual-1;Latvia;2550;0.95150;162,493,46,759,83,299,73,220,88,89,151,60,27;0.98559670781893,0.893171061528059,1.07246376811594,0.98375054896794,0.967871485943775,0.977146042363434,0.824200913242009,0.934090909090909,0.988636363636364,0.859550561797753,0.992273730684327,0.922222222222222,0.87037037037037;13;13
Bobach Ida;EOC 2012 Long Distance - Qualification-Women Qual-1;Denmark;2566;0.94557;152,419,56,754,177,306,75,205,113,74,150,59,26;1.05043859649123,1.05091487669053,0.880952380952381,0.99027409372237,0.453860640301318,0.95479302832244,0.802222222222222,1.00243902439024,0.769911504424779,1.03378378378378,0.998888888888889,0.937853107344633,0.903846153846154;13;13
Jahren Silje Ekroll;EOC 2012 Long Distance - Qualification-Women Qual-1;Norway;2606;0.93106;168,468,106,744,82,306,68,234,91,108,154,53,24;0.950396825396825,0.940883190883191,0.465408805031447,1.00358422939068,0.979674796747967,0.95479302832244,0.884803921568627,0.878205128205128,0.956043956043956,0.708333333333333,0.972943722943723,1.0440251572327,0.979166666666667;13;13
Forsberg Anna;EOC 2012 Long Distance - Qualification-Women Qual-1;Sweden;2728;0.88942;167,464,53,836,128,319,91,231,100,80,176,58,25;0.956087824351297,0.948994252873563,0.930817610062893,0.893141945773525,0.627604166666667,0.915882967607106,0.661172161172161,0.88961038961039,0.87,0.95625,0.851325757575758,0.954022988505747,0.94;13;13
Haajanen Sofia;EOC 2012 Long Distance - Qualification-Women Qual-1;Finland;2732;0.88812;161,561,97,758,91,350,72,195,86,121,156,57,27;0.991718426501035,0.784907902554961,0.508591065292096,0.98504837291117,0.882783882783883,0.834761904761905,0.835648148148148,1.05384615384615,1.01162790697674,0.632231404958678,0.960470085470085,0.970760233918129,0.87037037037037;13;13
Gross Julia;EOC 2012 Long Distance - Qualification-Women Qual-1;Switzerland;2734;0.88747;173,523,56,784,100,352,72,260,95,87,154,55,23;0.922928709055877,0.841937539834289,0.880952380952381,0.952380952380952,0.803333333333333,0.830018939393939,0.835648148148148,0.790384615384615,0.91578947368421,0.879310344827586,0.972943722943723,1.00606060606061,1.02173913043478;13;13
Ward Claire;EOC 2012 Long Distance - Qualification-Women Qual-1;Great Britain;2739;0.88585;167,484,53,818,107,370,62,234,98,101,161,58,26;0.956087824351297,0.909779614325069,0.930817610062893,0.91279543602282,0.750778816199377,0.78963963963964,0.970430107526882,0.878205128205128,0.887755102040816,0.757425742574257,0.93064182194617,0.954022988505747,0.903846153846154;13;13
Rybakovaité Kristina;EOC 2012 Long Distance - Qualification-Women Qual-1;Lithuania;2744;0.88423;185,507,106,807,114,308,70,220,96,94,157,59,21;0.863063063063063,0.868507560815253,0.465408805031447,0.925237505163156,0.704678362573099,0.948593073593074,0.859523809523809,0.934090909090909,0.90625,0.813829787234043,0.954352441613588,0.937853107344633,1.11904761904762;13;13
Safka Brozkova Dana;EOC 2012 Long Distance - Qualification-Women Qual-1;Czech republic;2754;0.88102;167,459,106,845,164,307,61,219,85,104,153,58,26;0.956087824351297,0.959331880900508,0.465408805031447,0.883629191321499,0.489837398373984,0.951682953311618,0.986338797814208,0.938356164383562,1.02352941176471,0.735576923076923,0.979302832244009,0.954022988505747,0.903846153846154;13;13
Volynska Nadiya;EOC 2012 Long Distance - Qualification-Women Qual-1;Ukraine;2758;0.87974;182,495,55,833,132,341,66,223,100,85,161,59,26;0.877289377289377,0.88956228956229,0.896969696969697,0.896358543417367,0.608585858585859,0.856793743890518,0.911616161616162,0.92152466367713,0.87,0.9,0.93064182194617,0.937853107344633,0.903846153846154;13;13
Gomzyk Omova Michaela;EOC 2012 Long Distance - Qualification-Women Qual-1;Czech republic;2762;0.87847;165,481,103,764,199,309,70,229,101,96,162,57,26;0.967676767676768,0.915453915453915,0.478964401294498,0.977312390924956,0.403685092127303,0.945523193096009,0.859523809523809,0.897379912663755,0.861386138613861,0.796875,0.924897119341564,0.970760233918129,0.903846153846154;13;13
Fershalova Karina;EOC 2012 Long Distance - Qualification-Women Qual-1;Russia;2801;0.86624;168,517,51,885,94,338,64,217,101,103,174,60,29;0.950396825396825,0.85170857511283,0.967320261437909,0.843691148775894,0.854609929078014,0.86439842209073,0.940104166666667,0.947004608294931,0.861386138613861,0.742718446601942,0.861111111111111,0.922222222222222,0.810344827586207;13;13
Feer Isabelle;EOC 2012 Long Distance - Qualification-Women Qual-1;Switzerland;2803;0.86562;175,512,54,809,81,313,80,240,106,196,155,57,25;0.912380952380952,0.860026041666667,0.91358024691358,0.92295014421096,0.991769547325103,0.933439829605964,0.752083333333333,0.85625,0.820754716981132,0.39030612244898,0.966666666666667,0.970760233918129,0.94;13;13
Kinni Saila;EOC 2012 Long Distance - Qualification-Women Qual-1;Finland;2811;0.86316;159,438,84,1063,73,291,62,232,89,76,167,53,24;1.0041928721174,1.00532724505327,0.587301587301587,0.702414550015679,1.10045662100457,1.00400916380298,0.970430107526882,0.885775862068966,0.97752808988764,1.00657894736842,0.897205588822355,1.0440251572327,0.979166666666667;13;13
Bridle Helen;EOC 2012 Long Distance - Qualification-Women Qual-1;Great Britain;2823;0.85949;183,507,58,817,89,335,71,226,100,108,241,60,28;0.872495446265938,0.868507560815253,0.850574712643678,0.91391268869849,0.902621722846442,0.872139303482587,0.847417840375587,0.90929203539823,0.87,0.708333333333333,0.621715076071923,0.922222222222222,0.839285714285714;13;13
Friederich Rahel;EOC 2012 Long Distance - Qualification-Women Qual-1;Switzerland;2824;0.85918;169,548,51,822,130,387,59,235,96,93,151,58,25;0.944773175542406,0.80352798053528,0.967320261437909,0.908353609083536,0.617948717948718,0.75495262704565,1.01977401129943,0.874468085106383,0.90625,0.82258064516129,0.992273730684327,0.954022988505747,0.94;13;13
Kutkaite Aušriné;EOC 2012 Long Distance - Qualification-Women Qual-1;Lithuania;2991;0.81121;172,698,55,835,83,283,64,242,106,211,161,57,24;0.928294573643411,0.630850047755492,0.896969696969697,0.894211576846307,0.967871485943775,1.03239104829211,0.940104166666667,0.849173553719008,0.820754716981132,0.362559241706161,0.93064182194617,0.970760233918129,0.979166666666667;13;13
Johansson Emma Matilda;EOC 2012 Long Distance - Qualification-Women Qual-1;Norway;3005;0.80743;184,524,53,945,200,332,65,221,102,101,184,65,29;0.867753623188406,0.840330788804071,0.930817610062893,0.790123456790123,0.401666666666667,0.880020080321285,0.925641025641026,0.929864253393665,0.852941176470588,0.757425742574257,0.814311594202899,0.851282051282051,0.810344827586207;13;13
Kadan Ursula;EOC 2012 Long Distance - Qualification-Women Qual-1;Austria;3051;0.79526;176,455,54,1168,109,304,68,250,115,92,173,61,26;0.90719696969697,0.967765567765568,0.91358024691358,0.639269406392694,0.737003058103975,0.961074561403509,0.884803921568627,0.822,0.756521739130435,0.831521739130435,0.866088631984586,0.907103825136612,0.903846153846154;13;13
Kirchlechner Christine;EOC 2012 Long Distance - Qualification-Women Qual-1;Italy;3357;0.72277;203,577,62,1112,129,389,64,240,233,77,176,65,30;0.786535303776683,0.7631426920855,0.795698924731183,0.671462829736211,0.622739018087855,0.751071122536418,0.940104166666667,0.85625,0.373390557939914,0.993506493506494,0.851325757575758,0.851282051282051,0.783333333333333;13;13
Bertóti Regina;EOC 2012 Long Distance - Qualification-Women Qual-1;Hungary;3513;0.69067;199,519,67,879,314,622,89,280,174,98,185,62,25;0.802345058626466,0.848426461143224,0.736318407960199,0.849450132726583,0.25583864118896,0.469721329046088,0.676029962546816,0.733928571428571,0.5,0.780612244897959,0.80990990990991,0.89247311827957,0.94;13;13
Günaydin Selvihan;EOC 2012 Long Distance - Qualification-Women Qual-1;Turkey;4829;0.50245;264,958,82,1805,108,456,103,378,204,133,234,74,30;0.60479797979798,0.459638135003479,0.601626016260163,0.413665743305632,0.743827160493827,0.640716374269006,0.584142394822006,0.543650793650794,0.426470588235294,0.575187969924812,0.64031339031339,0.747747747747748,0.783333333333333;13;13
Nordberg Anders;EOC 2012 Long Distance - Qualification-Men Qual-2;Norway;2704;1.01483;98,342,100,147,101,469,51,176,375,92,181,42,178,114,40,119,53,26;0.99092970521542,1.02534113060429,1.01333333333333,1.01058201058201,1.08580858085809,1.05591092158256,1.04357298474946,0.996843434343434,1.02992592592593,1.14855072463768,1.05033763044813,1,0.997503121098627,0.889863547758285,0.961111111111111,0.892623716153128,0.844863731656184,0.786324786324786;18;18
Holmberg Anders;EOC 2012 Long Distance - Qualification-Men Qual-2;Sweden;2771;0.99030;92,325,108,147,116,481,56,190,386,121,186,43,187,110,41,113,46,23;1.05555555555556,1.07897435897436,0.938271604938272,1.01058201058201,0.945402298850575,1.02956802956803,0.950396825396825,0.923391812865497,1.00057570523892,0.873278236914601,1.0221027479092,0.976744186046512,0.949494949494949,0.922222222222222,0.937669376693767,0.940019665683383,0.973429951690821,0.888888888888889;18;18
Merz Matthias;EOC 2012 Long Distance - Qualification-Men Qual-2;Switzerland;2806;0.97794;95,363,100,161,107,494,52,180,381,107,216,44,184,106,41,107,47,21;1.02222222222222,0.966023875114784,1.01333333333333,0.922705314009662,1.02492211838006,1.00247413405308,1.02350427350427,0.974691358024691,1.01370662000583,0.987538940809969,0.880144032921811,0.954545454545455,0.964975845410628,0.957023060796646,0.937669376693767,0.992731048805815,0.952718676122931,0.973544973544973;18;18
Fraser Scott;EOC 2012 Long Distance - Qualification-Men Qual-2;Great Britain;2848;0.96352;96,362,100,150,107,521,56,173,435,111,207,42,181,100,37,100,47,23;1.01157407407407,0.968692449355433,1.01333333333333,0.99037037037037,1.02492211838006,0.950522499466837,0.950396825396825,1.01412973667309,0.88786717752235,0.951951951951952,0.918411164787976,1,0.980969920196439,1.01444444444444,1.03903903903904,1.06222222222222,0.952718676122931,0.888888888888889;18;18
Adamski Philippe;EOC 2012 Long Distance - Qualification-Men Qual-2;France;2864;0.95814;118,366,108,151,118,491,58,186,400,104,212,44,179,103,40,114,49,23;0.822975517890772,0.958105646630237,0.938271604938272,0.983811626195732,0.929378531073446,1.00859923059516,0.917624521072797,0.943249701314217,0.965555555555556,1.01602564102564,0.896750524109015,0.954545454545455,0.991930477963997,0.984897518878101,0.961111111111111,0.9317738791423,0.913832199546485,0.888888888888889;18;18
Anjala Topi;EOC 2012 Long Distance - Qualification-Men Qual-2;Finland;2873;0.95514;95,367,97,150,114,497,53,175,388,192,206,40,170,94,61,107,45,22;1.02222222222222,0.955495004541326,1.0446735395189,0.99037037037037,0.961988304093567,0.996422982338475,1.0041928721174,1.00253968253968,0.995418098510882,0.550347222222222,0.922869471413161,1.05,1.04444444444444,1.07919621749409,0.63023679417122,0.992731048805815,0.995061728395062,0.929292929292929;18;18
Lauenstein Marc;EOC 2012 Long Distance - Qualification-Men Qual-2;Switzerland;2876;0.95414;103,373,105,158,109,540,59,177,388,137,189,41,181,110,39,104,41,22;0.942826321467098,0.940125111706881,0.965079365079365,0.940225035161744,1.00611620795107,0.917078189300412,0.902071563088512,0.991211550533584,0.995418098510882,0.771289537712895,1.00587889476778,1.02439024390244,0.980969920196439,0.922222222222222,0.985754985754986,1.02136752136752,1.09214092140921,0.929292929292929;18;18
Johansson Fredrik;EOC 2012 Long Distance - Qualification-Men Qual-2;Sweden;2890;0.94952;103,352,105,145,110,497,59,189,426,167,192,46,178,109,39,105,46,22;0.942826321467098,0.996212121212121,0.965079365079365,1.02452107279693,0.996969696969697,0.996422982338475,0.902071563088512,0.928277483833039,0.906624934793949,0.632734530938124,0.990162037037037,0.91304347826087,0.997503121098627,0.930682976554536,0.985754985754986,1.01164021164021,0.973429951690821,0.929292929292929;18;18
Oleksandr Kratov;EOC 2012 Long Distance - Qualification-Men Qual-2;Ukraine;2933;0.93560;108,353,118,150,112,538,49,193,416,104,200,45,186,111,47,123,53,27;0.89917695473251,0.993389990557129,0.858757062146893,0.99037037037037,0.979166666666667,0.920487401900041,1.08616780045351,0.909038572251008,0.928418803418803,1.01602564102564,0.950555555555556,0.933333333333333,0.954599761051374,0.913913913913914,0.817966903073286,0.863595302619693,0.844863731656184,0.757201646090535;18;18
Kodeda Stepan;EOC 2012 Long Distance - Qualification-Men Qual-2;Czech republic;2946;0.93147;98,395,105,155,128,513,58,196,401,113,212,49,195,112,41,111,44,20;0.99092970521542,0.887763713080169,0.965079365079365,0.9584229390681,0.856770833333333,0.965345462421486,0.917624521072797,0.895124716553288,0.963147686339706,0.935103244837758,0.896750524109015,0.857142857142857,0.91054131054131,0.905753968253968,0.937669376693767,0.956956956956957,1.01767676767677,1.02222222222222;18;18
Østerbø Øystein Kvaal;EOC 2012 Long Distance - Qualification-Men Qual-2;Norway;2956;0.92832;103,356,120,154,130,521,70,204,408,117,189,46,196,131,38,108,44,21;0.942826321467098,0.98501872659176,0.844444444444444,0.964646464646465,0.843589743589744,0.950522499466837,0.76031746031746,0.860021786492375,0.946623093681917,0.903133903133903,1.00587889476778,0.91304347826087,0.905895691609977,0.774385072094996,1.01169590643275,0.983539094650206,1.01767676767677,0.973544973544973;18;18
Alekseyonok Aleksei;EOC 2012 Long Distance - Qualification-Men Qual-2;Belarus;2969;0.92425;100,392,134,147,135,508,59,182,400,118,223,55,180,114,37,116,48,21;0.971111111111111,0.894557823129252,0.756218905472637,1.01058201058201,0.812345679012346,0.974846894138233,0.902071563088512,0.963980463980464,0.965555555555556,0.895480225988701,0.852516193323368,0.763636363636364,0.98641975308642,0.889863547758285,1.03903903903904,0.915708812260536,0.93287037037037,0.973544973544973;18;18
Sirmais Martins;EOC 2012 Long Distance - Qualification-Men Qual-2;Latvia;2971;0.92363;102,419,96,150,166,507,58,169,383,121,186,44,229,105,40,125,48,23;0.952069716775599,0.836913285600636,1.05555555555556,0.99037037037037,0.660642570281124,0.976769669077361,0.917624521072797,1.03813280736358,1.00841311285176,0.873278236914601,1.0221027479092,0.954545454545455,0.775351770984959,0.966137566137566,0.961111111111111,0.849777777777778,0.93287037037037,0.888888888888889;18;18
Sild Lauri;EOC 2012 Long Distance - Qualification-Men Qual-2;Estonia;2972;0.92332;100,395,104,153,117,514,59,193,424,103,220,52,184,104,59,120,49,22;0.971111111111111,0.887763713080169,0.974358974358974,0.970951343500363,0.937321937321937,0.963467358408993,0.902071563088512,0.909038572251008,0.910901467505241,1.02588996763754,0.864141414141414,0.807692307692308,0.964975845410628,0.97542735042735,0.651600753295669,0.885185185185185,0.913832199546485,0.929292929292929;18;18
Brandt Christoph;EOC 2012 Long Distance - Qualification-Men Qual-2;Germany;3016;0.90985;110,440,112,166,116,551,55,186,384,105,219,46,187,103,41,120,54,21;0.882828282828283,0.796969696969697,0.904761904761905,0.894912985274431,0.945402298850575,0.89876991328897,0.967676767676768,0.943249701314217,1.00578703703704,1.00634920634921,0.868087265347539,0.91304347826087,0.949494949494949,0.984897518878101,0.937669376693767,0.885185185185185,0.829218106995885,0.973544973544973;18;18
Dlabaja Tomas;EOC 2012 Long Distance - Qualification-Men Qual-2;Czech republic;3019;0.90895;100,365,106,152,165,522,60,175,400,241,191,42,183,104,42,108,43,20;0.971111111111111,0.960730593607306,0.955974842767296,0.97733918128655,0.664646464646465,0.948701575138357,0.887037037037037,1.00253968253968,0.965555555555556,0.438450899031812,0.995346131471786,1,0.970248937462052,0.97542735042735,0.915343915343915,0.983539094650206,1.04134366925065,1.02222222222222;18;18
Khramov Andrey;EOC 2012 Long Distance - Qualification-Men Qual-2;Russia;3049;0.90000;105,390,106,170,120,520,64,187,414,120,205,52,255,121,38,114,47,21;0.924867724867725,0.899145299145299,0.955974842767296,0.873856209150327,0.913888888888889,0.952350427350427,0.831597222222222,0.938205585264409,0.932903918411165,0.880555555555556,0.927371273712737,0.807692307692308,0.696296296296296,0.838383838383838,1.01169590643275,0.9317738791423,0.952718676122931,0.973544973544973;18;18
Tenani Alessio;EOC 2012 Long Distance - Qualification-Men Qual-2;Italy;3059;0.89706;113,385,121,171,124,589,67,178,436,116,203,42,182,100,38,120,51,23;0.859390363815143,0.910822510822511,0.837465564738292,0.868745938921377,0.884408602150538,0.840784757592907,0.794361525704809,0.985642946317104,0.885830784913354,0.910919540229885,0.936507936507937,1,0.975579975579976,1.01444444444444,1.01169590643275,0.885185185185185,0.877995642701525,0.888888888888889;18;18
Suna Jussi;EOC 2012 Long Distance - Qualification-Men Qual-2;Finland;3063;0.89589;104,365,106,171,117,523,64,183,430,170,210,48,211,120,65,106,48,22;0.933760683760684,0.960730593607306,0.955974842767296,0.868745938921377,0.937321937321937,0.946887614191629,0.831597222222222,0.958712811171828,0.898191214470284,0.62156862745098,0.905291005291005,0.875,0.841495523959979,0.84537037037037,0.591452991452991,1.0020964360587,0.93287037037037,0.929292929292929;18;18
Mihailovs Kalvis;EOC 2012 Long Distance - Qualification-Men Qual-2;Latvia;3070;0.89385;100,338,106,153,120,523,50,176,391,334,219,43,173,100,50,123,49,22;0.971111111111111,1.03747534516765,0.955974842767296,0.970951343500363,0.913888888888889,0.946887614191629,1.06444444444444,0.996843434343434,0.987780619494175,0.316367265469062,0.868087265347539,0.976744186046512,1.02633269107258,1.01444444444444,0.768888888888889,0.863595302619693,0.913832199546485,0.929292929292929;18;18
Bilevicius Liutauras;EOC 2012 Long Distance - Qualification-Men Qual-2;Lithuania;3130;0.87671;105,402,111,163,124,574,57,203,439,141,240,48,189,114,41,112,47,20;0.924867724867725,0.872305140961857,0.912912912912913,0.911383776414451,0.884408602150538,0.862756484707704,0.933723196881092,0.864258347016968,0.879777271576816,0.749408983451537,0.79212962962963,0.875,0.939447383891828,0.889863547758285,0.937669376693767,0.948412698412698,0.952718676122931,1.02222222222222;18;18
McCarthy Ewan;EOC 2012 Long Distance - Qualification-Men Qual-2;Great Britain;3185;0.86157;105,387,114,173,119,546,62,194,444,165,226,54,223,111,67,123,48,24;0.924867724867725,0.906115417743325,0.888888888888889,0.858702633269107,0.92156862745098,0.907000407000407,0.8584229390681,0.904352806414662,0.86986986986987,0.64040404040404,0.841199606686332,0.777777777777778,0.796213253612357,0.913913913913914,0.57379767827529,0.863595302619693,0.93287037037037,0.851851851851852;18;18
Heinmann Kristo;EOC 2012 Long Distance - Qualification-Men Qual-2;Estonia;3224;0.85115;103,387,122,163,139,553,68,228,452,119,275,48,196,113,70,121,47,20;0.942826321467098,0.906115417743325,0.830601092896175,0.911383776414451,0.788968824940048,0.895519389190275,0.782679738562091,0.769493177387914,0.854473942969518,0.887955182072829,0.691313131313131,0.875,0.905895691609977,0.897738446411013,0.549206349206349,0.877869605142332,0.952718676122931,1.02222222222222;18;18
Mihalkin Dmitry;EOC 2012 Long Distance - Qualification-Men Qual-2;Belarus;3237;0.84773;107,379,179,167,142,560,61,275,494,112,199,43,178,107,43,116,51,24;0.907580477673936,0.925241864555849,0.56610800744879,0.889554224883566,0.772300469483568,0.884325396825397,0.872495446265938,0.637979797979798,0.781826360773729,0.943452380952381,0.955332216638749,0.976744186046512,0.997503121098627,0.948078920041537,0.89405684754522,0.915708812260536,0.877995642701525,0.851851851851852;18;18
Binder Martin;EOC 2012 Long Distance - Qualification-Men Qual-2;Austria;3308;0.82954;116,415,144,166,173,566,57,282,452,123,225,48,185,115,42,124,55,20;0.837164750957854,0.844979919678715,0.703703703703704,0.894912985274431,0.633911368015414,0.874950922654103,0.933723196881092,0.622143420015761,0.854473942969518,0.859078590785908,0.844938271604938,0.875,0.95975975975976,0.882125603864734,0.915343915343915,0.85663082437276,0.814141414141414,1.02222222222222;18;18
Djurhuus Rasmus;EOC 2012 Long Distance - Qualification-Men Qual-2;Denmark;3319;0.82679;116,375,106,152,135,529,60,404,450,134,198,46,221,151,51,118,50,23;0.837164750957854,0.935111111111111,0.955974842767296,0.97733918128655,0.812345679012346,0.936147868094938,0.887037037037037,0.434268426842684,0.858271604938272,0.788557213930348,0.960157126823794,0.91304347826087,0.803418803418803,0.671817512877116,0.753812636165577,0.900188323917138,0.895555555555556,0.888888888888889;18;18
Wartbichler Christian;EOC 2012 Long Distance - Qualification-Men Qual-2;Austria;3428;0.80050;108,479,114,168,137,567,67,227,484,178,254,51,213,140,48,124,47,22;0.89917695473251,0.732080723729993,0.888888888888889,0.884259259259259,0.800486618004866,0.873407799333725,0.794361525704809,0.772883015173764,0.797979797979798,0.593632958801498,0.748468941382327,0.823529411764706,0.833594157537819,0.724603174603175,0.800925925925926,0.85663082437276,0.952718676122931,0.929292929292929;18;18
Iliev Lachezar;EOC 2012 Long Distance - Qualification-Men Qual-2;Bulgaria;3532;0.77693;122,431,126,180,162,586,65,263,546,139,223,60,222,120,59,144,60,24;0.795992714025501,0.813611755607115,0.804232804232804,0.825308641975309,0.676954732510288,0.845089116420174,0.818803418803419,0.667089142374313,0.707366707366707,0.760191846522782,0.852516193323368,0.7,0.7997997997998,0.84537037037037,0.651600753295669,0.737654320987654,0.746296296296296,0.851851851851852;18;18
Bondarenko Roman;EOC 2012 Long Distance - Qualification-Men Qual-2;Russia;3580;0.76651;117,415,158,171,111,666,63,203,483,346,237,48,207,122,43,118,49,23;0.830009496676163,0.844979919678715,0.641350210970464,0.868745938921377,0.987987987987988,0.743576910243577,0.844797178130511,0.864258347016968,0.799631930066713,0.305394990366089,0.802156586966714,0.875,0.857756307031669,0.831511839708561,0.89405684754522,0.900188323917138,0.913832199546485,0.888888888888889;18;18
Anderson Robbie;EOC 2012 Long Distance - Qualification-Men Qual-2;Canada;3675;0.74670;112,430,119,189,124,619,70,213,578,268,268,53,217,148,50,134,56,27;0.867063492063492,0.815503875968992,0.851540616246499,0.786008230452675,0.884408602150538,0.800035900197451,0.76031746031746,0.823682837767345,0.668204536716647,0.394278606965174,0.709369817578773,0.792452830188679,0.818228366615463,0.685435435435435,0.768888888888889,0.792703150912106,0.799603174603175,0.757201646090535;18;18
Kretzschmar Matthias;EOC 2012 Long Distance - Qualification-Men Qual-2;Germany;3703;0.74105;137,509,171,178,152,558,62,218,526,226,213,59,221,208,48,141,53,23;0.708840227088402,0.688932547478716,0.592592592592593,0.83458177278402,0.721491228070176,0.887495021903624,0.8584229390681,0.804791029561672,0.734262779890156,0.467551622418879,0.892540427751695,0.711864406779661,0.803418803418803,0.487713675213675,0.800925925925926,0.753349093774626,0.844863731656184,0.888888888888889;18;18
Negrello Manuel;EOC 2012 Long Distance - Qualification-Men Qual-2;Italy;3939;0.69665;105,552,110,162,129,533,61,213,1042,152,244,48,212,130,41,125,54,26;0.924867724867725,0.635265700483092,0.921212121212121,0.917009602194787,0.850129198966408,0.929122368146758,0.872495446265938,0.823682837767345,0.37065472382171,0.695175438596491,0.779143897996357,0.875,0.837526205450734,0.78034188034188,0.937669376693767,0.849777777777778,0.829218106995885,0.786324786324786;18;18
Cashell Hugh;EOC 2012 Long Distance - Qualification-Men Qual-2;Ireland;3987;0.68826;118,499,132,194,138,857,69,226,442,197,265,57,282,268,45,122,53,23;0.822975517890772,0.702738810955244,0.767676767676768,0.765750286368843,0.794685990338164,0.577855568520679,0.77133655394525,0.776302851524091,0.873805932629462,0.536379018612521,0.717400419287212,0.736842105263158,0.62962962962963,0.378524046434494,0.854320987654321,0.870673952641166,0.844863731656184,0.888888888888889;18;18
UÇAR Ali;EOC 2012 Long Distance - Qualification-Men Qual-2;Turkey;4147;0.66171;183,662,119,178,158,672,82,359,493,204,290,56,277,131,53,146,60,24;0.530661809350334,0.529707955689829,0.851540616246499,0.83458177278402,0.694092827004219,0.736937830687831,0.649051490514905,0.488703187867533,0.783412215460897,0.51797385620915,0.655555555555556,0.75,0.640994785399117,0.774385072094996,0.725366876310273,0.727549467275495,0.746296296296296,0.851851851851852;18;18
Niggli Simone;EOC 2012 Long Distance - Qualification-Women Qual-2;Switzerland;2296;1.09669;113,406,115,678,143,209,57,210,118,47,125,50,25;1.11630847029077,1.13617171006334,1.12795031055901,1.0897597977244,1.00899100899101,1.17498291182502,0.957393483709273,1.08367346938776,1.07021791767554,1.04255319148936,1.09371428571429,1.07714285714286,0.965714285714286;13;13
Kauppi Minna;EOC 2012 Long Distance - Qualification-Women Qual-2;Finland;2458;1.02441;128,476,128,659,174,245,52,211,121,47,132,57,28;0.985491071428571,0.969087635054022,1.01339285714286,1.12117927595925,0.829228243021346,1.00233236151604,1.04945054945055,1.07853757616791,1.04368358913813,1.04255319148936,1.03571428571429,0.944862155388471,0.862244897959184;13;13
Alexandersson Tove;EOC 2012 Long Distance - Qualification-Women Qual-2;Sweden;2526;0.99683;132,436,135,759,126,262,48,212,135,48,152,56,25;0.955627705627706,1.05799475753604,0.960846560846561,0.973461321287408,1.14512471655329,0.937295528898582,1.13690476190476,1.07345013477089,0.935449735449736,1.02083333333333,0.899436090225564,0.961734693877551,0.965714285714286;13;13
Fasting Mari;EOC 2012 Long Distance - Qualification-Women Qual-2;Norway;2597;0.96958;126,491,135,756,153,240,59,244,127,53,134,55,24;1.00113378684807,0.939482106488217,0.960846560846561,0.977324263038549,0.943043884220355,1.02321428571429,0.924939467312349,0.932669789227166,0.99437570303712,0.924528301886792,1.02025586353945,0.979220779220779,1.00595238095238;13;13
Duchova Iveta;EOC 2012 Long Distance - Qualification-Women Qual-2;Czech republic;2790;0.90251;129,473,142,861,162,287,72,245,127,60,151,58,23;0.977851605758582,0.975234068257324,0.913480885311871,0.85813837730214,0.890652557319224,0.855649576903932,0.757936507936508,0.928862973760933,0.99437570303712,0.816666666666667,0.905392620624409,0.928571428571428,1.04968944099379;13;13
Popovich Ekaterina;EOC 2012 Long Distance - Qualification-Women Qual-2;Russia;2793;0.90154;140,587,135,747,145,293,62,259,155,47,145,53,25;0.901020408163265,0.785835969822341,0.960846560846561,0.989099254159495,0.995073891625616,0.838127742564603,0.880184331797235,0.87865416436845,0.814746543778802,1.04255319148936,0.942857142857143,1.01617250673854,0.965714285714286;13;13
Gustafsson Annica;EOC 2012 Long Distance - Qualification-Women Qual-2;Sweden;2823;0.89196;134,511,141,821,164,266,57,253,134,98,149,65,30;0.94136460554371,0.902711769639363,0.919959473150963,0.899947798851575,0.879790940766551,0.923200859291085,0.957393483709273,0.899491812535291,0.942430703624733,0.5,0.917545541706616,0.828571428571429,0.804761904761905;13;13
Sund Gøril Rønning;EOC 2012 Long Distance - Qualification-Women Qual-2;Norway;2824;0.89164;139,499,153,820,170,292,56,250,145,63,152,60,25;0.907502569373073,0.924420269109648,0.84780578898226,0.901045296167247,0.848739495798319,0.840998043052838,0.974489795918367,0.910285714285714,0.870935960591133,0.777777777777778,0.899436090225564,0.897619047619048,0.965714285714286;13;13
Aebi Bettina;EOC 2012 Long Distance - Qualification-Women Qual-2;Switzerland;2827;0.89070;146,542,151,753,216,307,59,240,136,51,140,59,27;0.86399217221135,0.851080653663679,0.859035004730369,0.981217985202049,0.667989417989418,0.799906933457422,0.924939467312349,0.948214285714286,0.928571428571429,0.96078431372549,0.976530612244898,0.912832929782082,0.894179894179894;13;13
Valaite Indre;EOC 2012 Long Distance - Qualification-Women Qual-2;Lithuania;2934;0.85821;143,525,140,850,176,300,60,285,141,61,165,62,26;0.882117882117882,0.878639455782313,0.926530612244898,0.869243697478992,0.819805194805195,0.818571428571429,0.90952380952381,0.798496240601504,0.89564336372847,0.80327868852459,0.828571428571429,0.868663594470046,0.928571428571429;13;13
DODIN Céline;EOC 2012 Long Distance - Qualification-Women Qual-2;France;2943;0.85559;136,468,144,1046,151,253,56,272,137,51,144,58,27;0.927521008403361,0.985653235653236,0.900793650793651,0.70636438131658,0.955534531693472,0.970638057594579,0.974489795918367,0.836659663865546,0.921793534932221,0.96078431372549,0.949404761904762,0.928571428571428,0.894179894179894;13;13
Rothman Rachael;EOC 2012 Long Distance - Qualification-Women Qual-2;Great Britain;2951;0.85327;146,579,149,842,148,311,60,258,147,56,162,65,28;0.86399217221135,0.796693807056501,0.870565675934803,0.877502544960977,0.974903474903475,0.78961874138723,0.90952380952381,0.882059800664452,0.859086491739553,0.875,0.843915343915344,0.828571428571429,0.862244897959184;13;13
Ojanen Outi;EOC 2012 Long Distance - Qualification-Women Qual-2;Finland;2976;0.84610;142,594,147,861,154,286,74,272,151,57,149,62,27;0.888329979879276,0.776575276575277,0.882410106899903,0.85813837730214,0.936920222634508,0.858641358641359,0.737451737451737,0.836659663865546,0.836329233680227,0.859649122807018,0.917545541706616,0.868663594470046,0.894179894179894;13;13
Johanson Liis;EOC 2012 Long Distance - Qualification-Women Qual-2;Estonia;2988;0.84270;141,481,153,852,165,263,98,412,137,52,147,61,26;0.894630192502533,0.959013959013959,0.84780578898226,0.867203219315895,0.874458874458874,0.933731667571972,0.556851311953353,0.552357836338419,0.921793534932221,0.942307692307692,0.930029154518951,0.882903981264637,0.928571428571429;13;13
Gardner Heather;EOC 2012 Long Distance - Qualification-Women Qual-2;Great Britain;3037;0.82911;152,537,165,962,144,337,61,246,137,53,156,63,24;0.829887218045113,0.859005054535781,0.786147186147186,0.768042768042768,1.00198412698413,0.728698601102162,0.894613583138173,0.925087108013937,0.921793534932221,0.924528301886792,0.876373626373626,0.854875283446712,1.00595238095238;13;13
Kazlauskaité Inga;EOC 2012 Long Distance - Qualification-Women Qual-2;Lithuania;3105;0.81095;138,613,136,976,204,266,69,240,169,57,148,59,30;0.91407867494824,0.752505243532976,0.953781512605042,0.757025761124122,0.707282913165266,0.923200859291085,0.790890269151139,0.948214285714286,0.747252747252747,0.859649122807018,0.923745173745174,0.912832929782082,0.804761904761905;13;13
Tikhonova Anastasia;EOC 2012 Long Distance - Qualification-Women Qual-2;Russia;3131;0.80422;121,524,124,948,454,263,76,236,122,55,137,48,23;1.04250295159386,0.880316248636859,1.04608294930876,0.779385171790235,0.317809943360604,0.933731667571972,0.718045112781955,0.964285714285714,1.03512880562061,0.890909090909091,0.997914494264859,1.12202380952381,1.04968944099379;13;13
Shandurkova Iliana;EOC 2012 Long Distance - Qualification-Women Qual-2;Bulgaria;3237;0.77788;154,531,165,972,258,309,73,287,146,61,188,64,29;0.819109461966605,0.868711326338445,0.786147186147186,0.760141093474427,0.559246954595792,0.794729542302358,0.747553816046967,0.792931806869089,0.864970645792564,0.80327868852459,0.727203647416413,0.841517857142857,0.832512315270936;13;13
Bochenkova Ivana;EOC 2012 Long Distance - Qualification-Women Qual-2;Czech republic;3249;0.77501;143,489,139,852,525,247,56,328,149,55,179,61,26;0.882117882117882,0.94332456909144,0.933196300102775,0.867203219315895,0.274829931972789,0.994216310005784,0.974489795918367,0.693815331010453,0.847555129434324,0.890909090909091,0.763766959297686,0.882903981264637,0.928571428571429;13;13
Ramstein Laura;EOC 2012 Long Distance - Qualification-Women Qual-2;Austria;3501;0.71922;151,651,167,919,195,325,84,304,367,63,180,67,28;0.835383159886471,0.708580206276059,0.776732249786142,0.803979480802114,0.73992673992674,0.755604395604396,0.649659863945578,0.74859022556391,0.344102763721292,0.777777777777778,0.75952380952381,0.803837953091684,0.862244897959184;13;13
Fenyvesi Laura;EOC 2012 Long Distance - Qualification-Women Qual-2;Hungary;3551;0.70910;161,611,160,1139,217,414,107,273,147,57,171,68,26;0.783496007098492,0.7549684358195,0.810714285714286,0.648689326476859,0.664911125740619,0.593167701863354,0.510013351134846,0.833594976452119,0.859086491739553,0.859649122807018,0.799498746867168,0.792016806722689,0.928571428571429;13;13
Brandi Adrienne;EOC 2012 Long Distance - Qualification-Women Qual-2;Italy;3568;0.70572;178,591,181,1010,241,367,66,384,179,113,168,64,26;0.708667736757624,0.780517283055354,0.716653512233623,0.731541725601132,0.598695909899229,0.669131957960296,0.826839826839827,0.592633928571429,0.705506783719074,0.433628318584071,0.813775510204082,0.841517857142857,0.928571428571429;13;13
Sluta Olga;EOC 2012 Long Distance - Qualification-Women Qual-2;Ukraine;3608;0.69789;164,690,145,936,283,292,84,267,216,281,158,65,27;0.769163763066202,0.668530020703934,0.894581280788177,0.789377289377289,0.509843513377082,0.840998043052838,0.649659863945578,0.852327447833066,0.584656084656085,0.174377224199288,0.865280289330922,0.828571428571429,0.894179894179894;13;13
Klopovskaya Anastasia;EOC 2012 Long Distance - Qualification-Women Qual-2;Belarus;3704;0.67981;145,633,154,1124,165,414,66,288,162,285,173,68,27;0.869950738916256,0.728729406454525,0.842300556586271,0.657346212506355,0.874458874458874,0.593167701863354,0.826839826839827,0.790178571428572,0.779541446208113,0.171929824561404,0.790255986787779,0.792016806722689,0.894179894179894;13;13
Cin Tugba;EOC 2012 Long Distance - Qualification-Women Qual-2;Turkey;3876;0.64964;190,802,173,968,275,414,69,391,162,69,268,64,31;0.66390977443609,0.575169219807624,0.749793559042114,0.763282172373081,0.524675324675325,0.593167701863354,0.790890269151139,0.582024113993423,0.779541446208113,0.710144927536232,0.510127931769723,0.841517857142857,0.778801843317972;13;13
Taivainen Olli-Markus;EOC 2012 Long Distance - Qualification-Men Qual-3;Finland;2744;0.99344;118,41,405,202,132,428,58,117,393,258,68,225,103,125,48,23;0.952542372881356,1.0219512195122,0.970617283950617,0.991584158415842,1.02727272727273,1.05046728971963,1.0051724137931,1.08290598290598,1.0236641221374,0.968604651162791,1.00294117647059,0.900444444444444,0.93495145631068,0.9968,0.91875,0.873913043478261;16;16
Guergiou Thierry;EOC 2012 Long Distance - Qualification-Men Qual-3;France;2759;0.98804;114,43,391,214,132,453,59,127,407,250,72,195,106,124,49,23;0.985964912280702,0.974418604651163,1.00537084398977,0.935981308411215,1.02727272727273,0.992494481236203,0.988135593220339,0.997637795275591,0.988452088452088,0.9996,0.947222222222222,1.03897435897436,0.908490566037736,1.00483870967742,0.9,0.873913043478261;16;16
Runesson Johan;EOC 2012 Long Distance - Qualification-Men Qual-3;Sweden;2761;0.98732;105,43,382,219,142,453,57,142,407,240,70,200,99,133,45,24;1.07047619047619,0.974418604651163,1.02905759162304,0.914611872146119,0.954929577464789,0.992494481236203,1.02280701754386,0.892253521126761,0.988452088452088,1.04125,0.974285714285714,1.013,0.972727272727273,0.936842105263158,0.98,0.8375;16;16
Rollier Baptiste;EOC 2012 Long Distance - Qualification-Men Qual-3;Switzerland;2782;0.97987;113,45,386,194,141,443,58,127,415,259,70,212,116,132,44,27;0.994690265486726,0.931111111111111,1.01839378238342,1.03247422680412,0.961702127659574,1.01489841986456,1.0051724137931,0.997637795275591,0.969397590361446,0.964864864864865,0.974285714285714,0.955660377358491,0.830172413793103,0.943939393939394,1.00227272727273,0.744444444444444;16;16
Mamleev Mikhail;EOC 2012 Long Distance - Qualification-Men Qual-3;Italy;2837;0.96087;125,43,410,203,140,448,70,140,408,261,76,213,100,130,47,23;0.8992,0.974418604651163,0.958780487804878,0.986699507389163,0.968571428571429,1.00357142857143,0.832857142857143,0.905,0.986029411764706,0.957471264367816,0.897368421052632,0.951173708920188,0.963,0.958461538461538,0.938297872340426,0.873913043478261;16;16
Omdal Hans Gunnar;EOC 2012 Long Distance - Qualification-Men Qual-3;Norway;2890;0.94325;120,49,413,235,148,466,64,127,403,267,71,221,106,125,51,24;0.936666666666667,0.855102040816326,0.95181598062954,0.852340425531915,0.916216216216216,0.96480686695279,0.9109375,0.997637795275591,0.998263027295285,0.935955056179775,0.96056338028169,0.916742081447964,0.908490566037736,0.9968,0.864705882352941,0.8375;16;16
Bertuks Edgars;EOC 2012 Long Distance - Qualification-Men Qual-3;Latvia;2896;0.94130;183,50,398,201,132,451,63,129,469,263,69,203,94,125,46,20;0.614207650273224,0.838,0.987688442211055,0.996517412935323,1.02727272727273,0.99689578713969,0.925396825396825,0.982170542635659,0.857782515991471,0.950190114068441,0.988405797101449,0.998029556650246,1.02446808510638,0.9968,0.958695652173913,1.005;16;16
Bobach Søren;EOC 2012 Long Distance - Qualification-Men Qual-3;Denmark;2914;0.93548;104,41,427,233,142,524,61,139,419,255,74,201,100,125,46,23;1.08076923076923,1.0219512195122,0.920608899297424,0.859656652360515,0.954929577464789,0.858015267175573,0.955737704918033,0.911510791366906,0.960143198090692,0.98,0.921621621621622,1.00796019900498,0.963,0.9968,0.958695652173913,0.873913043478261;16;16
Shcherbakov Denys;EOC 2012 Long Distance - Qualification-Men Qual-3;Ukraine;2919;0.93388;123,53,397,205,152,487,61,151,419,262,72,247,98,131,40,21;0.913821138211382,0.790566037735849,0.990176322418136,0.977073170731707,0.892105263157895,0.923203285420945,0.955737704918033,0.839072847682119,0.960143198090692,0.95381679389313,0.947222222222222,0.820242914979757,0.98265306122449,0.951145038167939,1.1025,0.957142857142857;16;16
Lundanes Olav;EOC 2012 Long Distance - Qualification-Men Qual-3;Norway;2923;0.93260;110,42,481,204,136,465,60,128,455,260,69,227,95,125,43,23;1.02181818181818,0.997619047619048,0.817255717255717,0.981862745098039,0.997058823529412,0.966881720430108,0.971666666666667,0.98984375,0.884175824175824,0.961153846153846,0.988405797101449,0.892511013215859,1.01368421052632,0.9968,1.02558139534884,0.873913043478261;16;16
Zinca Ionut Alin;EOC 2012 Long Distance - Qualification-Men Qual-3;Romania;2931;0.93006;203,41,416,250,150,470,61,129,401,250,69,203,97,124,46,21;0.553694581280788,1.0219512195122,0.944951923076923,0.8012,0.904,0.956595744680851,0.955737704918033,0.982170542635659,1.00324189526185,0.9996,0.988405797101449,0.998029556650246,0.992783505154639,1.00483870967742,0.958695652173913,0.957142857142857;16;16
Airila Hannu;EOC 2012 Long Distance - Qualification-Men Qual-3;Finland;2947;0.92501;116,45,428,227,145,477,70,145,433,273,77,210,105,127,47,22;0.968965517241379,0.931111111111111,0.918457943925234,0.882378854625551,0.935172413793103,0.942557651991614,0.832857142857143,0.873793103448276,0.929099307159353,0.915384615384615,0.885714285714286,0.964761904761905,0.917142857142857,0.981102362204724,0.938297872340426,0.913636363636364;16;16
Prochazka Jan;EOC 2012 Long Distance - Qualification-Men Qual-3;Czech republic;2969;0.91815;130,73,478,216,140,450,61,132,412,297,73,209,103,127,46,22;0.864615384615385,0.573972602739726,0.822384937238494,0.927314814814815,0.968571428571429,0.999111111111111,0.955737704918033,0.959848484848485,0.976456310679612,0.841414141414141,0.934246575342466,0.969377990430622,0.93495145631068,0.981102362204724,0.958695652173913,0.913636363636364;16;16
Novikov Valentin;EOC 2012 Long Distance - Qualification-Men Qual-3;Russia;2982;0.91415;119,40,392,192,126,783,59,118,364,250,65,190,92,126,45,21;0.944537815126051,1.0475,1.00280612244898,1.04322916666667,1.07619047619048,0.574201787994892,0.988135593220339,1.07372881355932,1.10521978021978,0.9996,1.04923076923077,1.06631578947368,1.04673913043478,0.988888888888889,0.98,0.957142857142857;16;16
Rüedlinger Andreas;EOC 2012 Long Distance - Qualification-Men Qual-3;Switzerland;3008;0.90625;115,101,415,209,154,484,58,159,441,263,75,223,105,133,49,24;0.977391304347826,0.414851485148515,0.947228915662651,0.958373205741627,0.88051948051948,0.928925619834711,1.0051724137931,0.79685534591195,0.912244897959184,0.950190114068441,0.909333333333333,0.908520179372197,0.917142857142857,0.936842105263158,0.9,0.8375;16;16
Pihl Peeter;EOC 2012 Long Distance - Qualification-Men Qual-3;Estonia;3020;0.90265;123,46,401,207,143,531,60,139,447,275,97,218,125,139,49,20;0.913821138211382,0.910869565217391,0.980299251870324,0.967632850241546,0.948251748251748,0.846704331450094,0.971666666666667,0.911510791366906,0.9,0.908727272727273,0.703092783505155,0.929357798165138,0.7704,0.896402877697842,0.9,1.005;16;16
Nykodym Milos;EOC 2012 Long Distance - Qualification-Men Qual-3;Czech republic;3043;0.89583;117,44,423,237,161,504,63,142,437,272,84,221,117,141,57,23;0.960683760683761,0.952272727272727,0.929314420803783,0.845147679324895,0.84223602484472,0.892063492063492,0.925396825396825,0.892253521126761,0.920594965675057,0.91875,0.811904761904762,0.916742081447964,0.823076923076923,0.883687943262411,0.773684210526316,0.873913043478261;16;16
Sild Timo;EOC 2012 Long Distance - Qualification-Men Qual-3;Estonia;3053;0.89289;120,45,382,216,137,457,58,321,450,259,83,212,101,138,50,24;0.936666666666667,0.931111111111111,1.02905759162304,0.927314814814815,0.98978102189781,0.983807439824945,1.0051724137931,0.394704049844237,0.894,0.964864864864865,0.821686746987952,0.955660377358491,0.953465346534653,0.902898550724638,0.882,0.8375;16;16
Sirakov Ivan;EOC 2012 Long Distance - Qualification-Men Qual-3;Bulgaria;3055;0.89231;115,45,407,209,146,497,65,150,504,295,79,240,109,125,48,21;0.977391304347826,0.931111111111111,0.965847665847666,0.958373205741627,0.928767123287671,0.904627766599598,0.896923076923077,0.844666666666667,0.798214285714286,0.847118644067797,0.863291139240506,0.844166666666667,0.88348623853211,0.9968,0.91875,0.957142857142857;16;16
Martner Ola;EOC 2012 Long Distance - Qualification-Men Qual-3;Sweden;3082;0.88449;312,42,404,195,150,490,56,141,476,229,74,222,92,136,43,20;0.36025641025641,0.997619047619048,0.973019801980198,1.02717948717949,0.904,0.917551020408163,1.04107142857143,0.898581560283688,0.845168067226891,1.09126637554585,0.921621621621622,0.912612612612613,1.04673913043478,0.916176470588235,1.02558139534884,1.005;16;16
Merl Robert;EOC 2012 Long Distance - Qualification-Men Qual-3;Austria;3086;0.88334;122,43,413,202,141,467,63,374,413,278,72,207,101,125,45,20;0.921311475409836,0.974418604651163,0.95181598062954,0.991584158415842,0.961702127659574,0.962740899357602,0.925396825396825,0.338770053475936,0.97409200968523,0.898920863309353,0.947222222222222,0.978743961352657,0.953465346534653,0.9968,0.98,1.005;16;16
Lösch Sören;EOC 2012 Long Distance - Qualification-Men Qual-3;Germany;3106;0.87766;155,50,436,250,148,518,78,167,448,267,68,233,98,124,46,20;0.725161290322581,0.838,0.901605504587156,0.8012,0.916216216216216,0.867953667953668,0.747435897435897,0.758682634730539,0.897991071428571,0.935955056179775,1.00294117647059,0.869527896995708,0.98265306122449,1.00483870967742,0.958695652173913,1.005;16;16
Haines Hector;EOC 2012 Long Distance - Qualification-Men Qual-3;Great Britain;3109;0.87681;128,50,431,228,145,513,69,142,500,269,77,223,127,135,51,21;0.878125,0.838,0.912064965197216,0.878508771929825,0.935172413793103,0.876413255360624,0.844927536231884,0.892253521126761,0.8046,0.928996282527881,0.885714285714286,0.908520179372197,0.758267716535433,0.922962962962963,0.864705882352941,0.957142857142857;16;16
Sidorov Alexey;EOC 2012 Long Distance - Qualification-Men Qual-3;Russia;3145;0.86677;151,45,467,212,144,482,67,143,483,349,86,219,102,130,45,20;0.744370860927152,0.931111111111111,0.841755888650964,0.944811320754717,0.941666666666667,0.932780082987552,0.870149253731343,0.886013986013986,0.832919254658385,0.716045845272206,0.793023255813953,0.925114155251141,0.944117647058824,0.958461538461538,0.98,1.005;16;16
Tarasovs Anatolijs;EOC 2012 Long Distance - Qualification-Men Qual-3;Latvia;3147;0.86622;116,46,568,236,163,535,66,140,419,259,69,208,113,137,49,23;0.968965517241379,0.910869565217391,0.692077464788732,0.848728813559322,0.831901840490798,0.840373831775701,0.883333333333333,0.905,0.960143198090692,0.964864864864865,0.988405797101449,0.974038461538462,0.852212389380531,0.90948905109489,0.9,0.873913043478261;16;16
Panchenko Artem;EOC 2012 Long Distance - Qualification-Men Qual-3;Ukraine;3149;0.86567;132,65,426,205,140,509,62,137,604,249,80,227,99,143,48,23;0.851515151515152,0.644615384615385,0.922769953051643,0.977073170731707,0.968571428571429,0.883300589390963,0.940322580645161,0.924817518248175,0.666059602649007,1.00361445783133,0.8525,0.892511013215859,0.972727272727273,0.871328671328671,0.91875,0.873913043478261;16;16
Sabaliauskas Giedrius;EOC 2012 Long Distance - Qualification-Men Qual-3;Lithuania;3172;0.85939;118,49,398,229,160,448,63,133,603,297,77,239,165,127,46,20;0.952542372881356,0.855102040816326,0.987688442211055,0.874672489082969,0.8475,1.00357142857143,0.925396825396825,0.952631578947368,0.667164179104478,0.841414141414141,0.885714285714286,0.847698744769875,0.583636363636364,0.981102362204724,0.958695652173913,1.005;16;16
Nilsson-Simkovics Erik;EOC 2012 Long Distance - Qualification-Men Qual-3;Austria;3235;0.84266;123,54,454,237,159,587,61,176,461,316,85,212,99,140,49,22;0.913821138211382,0.775925925925926,0.865859030837004,0.845147679324895,0.852830188679245,0.765928449744463,0.955737704918033,0.719886363636364,0.872668112798265,0.790822784810127,0.802352941176471,0.955660377358491,0.972727272727273,0.89,0.9,0.913636363636364;16;16
Schorah David;EOC 2012 Long Distance - Qualification-Men Qual-3;Great Britain;3242;0.84084;186,104,430,242,157,470,64,140,517,307,81,239,110,129,47,19;0.604301075268817,0.402884615384615,0.914186046511628,0.827685950413223,0.863694267515923,0.956595744680851,0.9109375,0.905,0.778143133462282,0.81400651465798,0.841975308641975,0.847698744769875,0.875454545454545,0.965891472868217,0.938297872340426,1.05789473684211;16;16
Seppi Marco;EOC 2012 Long Distance - Qualification-Men Qual-3;Italy;3361;0.81107;149,55,499,212,168,550,67,165,451,303,87,271,148,159,54,23;0.754362416107383,0.761818181818182,0.787775551102204,0.944811320754717,0.807142857142857,0.817454545454546,0.870149253731343,0.767878787878788,0.892017738359202,0.824752475247525,0.783908045977012,0.74760147601476,0.650675675675676,0.783647798742138,0.816666666666667,0.873913043478261;16;16
Kamenarov Zlatko;EOC 2012 Long Distance - Qualification-Men Qual-3;Bulgaria;3562;0.76530;269,66,435,211,149,570,78,160,622,340,94,251,109,138,48,22;0.417843866171004,0.634848484848485,0.90367816091954,0.949289099526066,0.91006711409396,0.788771929824561,0.747435897435897,0.791875,0.646784565916399,0.735,0.725531914893617,0.807171314741036,0.88348623853211,0.902898550724638,0.91875,0.913636363636364;16;16
Salin Andrei;EOC 2012 Long Distance - Qualification-Men Qual-3;Belarus;3819;0.71380;116,46,1230,215,149,515,93,152,461,266,65,222,99,124,45,21;0.968965517241379,0.910869565217391,0.319593495934959,0.931627906976744,0.91006711409396,0.873009708737864,0.626881720430107,0.833552631578947,0.872668112798265,0.939473684210526,1.04923076923077,0.912612612612613,0.972727272727273,1.00483870967742,0.98,0.957142857142857;16;16
Franco Paulo;EOC 2012 Long Distance - Qualification-Men Qual-3;Portugal;3827;0.71231;149,52,497,226,229,537,80,158,806,333,103,257,153,158,63,26;0.754362416107383,0.805769230769231,0.790945674044266,0.886283185840708,0.592139737991266,0.837243947858473,0.72875,0.801898734177215,0.499131513647643,0.75045045045045,0.662135922330097,0.788326848249027,0.629411764705882,0.788607594936709,0.7,0.773076923076923;16;16
Kundisch Wieland;EOC 2012 Long Distance - Qualification-Men Qual-3;Germany;3869;0.70457;126,45,476,249,190,499,71,172,1066,336,80,233,112,139,51,24;0.892063492063492,0.931111111111111,0.825840336134454,0.804417670682731,0.713684210526316,0.901002004008016,0.82112676056338,0.736627906976744,0.377392120075047,0.74375,0.8525,0.869527896995708,0.859821428571429,0.896402877697842,0.864705882352941,0.8375;16;16
Lawford Ian;EOC 2012 Long Distance - Qualification-Men Qual-3;Australia;3905;0.69808;290,53,474,269,189,578,85,167,671,363,90,267,191,141,50,27;0.387586206896552,0.790566037735849,0.829324894514768,0.744609665427509,0.717460317460317,0.777854671280277,0.685882352941176,0.758682634730539,0.599552906110283,0.688429752066116,0.757777777777778,0.758801498127341,0.504188481675393,0.883687943262411,0.882,0.744444444444444;16;16
Erdogan Musa;EOC 2012 Long Distance - Qualification-Men Qual-3;Turkey;4387;0.62138;183,234,715,298,156,528,118,167,596,659,107,293,114,143,51,25;0.614207650273224,0.179059829059829,0.54979020979021,0.672147651006711,0.869230769230769,0.851515151515152,0.494067796610169,0.758682634730539,0.675,0.379210925644917,0.637383177570093,0.691467576791809,0.844736842105263,0.871328671328671,0.864705882352941,0.804;16;16
Ri Kyongsa;EOC 2012 Long Distance - Qualification-Men Qual-3;DPR Korea;5087;0.53588;175,69,916,327,205,877,96,203,742,556,122,347,159,203,63,27;0.642285714285714,0.607246376811594,0.429148471615721,0.612538226299694,0.661463414634146,0.512656784492588,0.607291666666667,0.624137931034483,0.542183288409704,0.449460431654676,0.559016393442623,0.583861671469741,0.605660377358491,0.613793103448276,0.7,0.744444444444444;16;16
Rantanen Merja;EOC 2012 Long Distance - Qualification-Women Qual-3;Finland;2481;0.99868;146,57,504,68,661,303,105,248,143,159,61,26;1.00978473581213,0.909774436090225,0.989512471655329,0.949579831932773,1.07023989626108,1.01272984441301,0.840816326530612,1.02937788018433,0.834165834165834,0.986522911051213,0.92271662763466,0.956043956043956;12;12
Wigemyr Tone;EOC 2012 Long Distance - Qualification-Women Qual-3;Norway;2507;0.98832;160,58,492,63,727,289,91,267,118,157,58,27;0.921428571428571,0.894088669950739,1.01364692218351,1.0249433106576,0.97307919041069,1.06178942165101,0.970172684458399,0.956126270733012,1.01089588377724,0.99909008189263,0.970443349753695,0.920634920634921;12;12
Lüscher Sara;EOC 2012 Long Distance - Qualification-Women Qual-3;Switzerland;2525;0.98127;149,87,504,62,710,306,88,250,124,164,55,26;0.989453499520614,0.596059113300493,0.989512471655329,1.04147465437788,0.996378269617706,1.00280112044818,1.00324675324675,1.02114285714286,0.961981566820277,0.956445993031359,1.02337662337662,0.956043956043956;12;12
Mironova Svetlana;EOC 2012 Long Distance - Qualification-Women Qual-3;Russia;2535;0.97740;146,54,520,73,690,333,89,262,133,156,57,22;1.00978473581213,0.96031746031746,0.959065934065934,0.88454011741683,1.02525879917184,0.921492921492921,0.991974317817015,0.974372955288986,0.896885069817401,1.00549450549451,0.987468671679198,1.12987012987013;12;12
Strand Lina;EOC 2012 Long Distance - Qualification-Women Qual-3;Sweden;2571;0.96372;147,55,505,64,748,326,90,266,124,161,59,26;1.00291545189504,0.942857142857143,0.987553041018388,1.00892857142857,0.94576012223071,0.941279579316389,0.980952380952381,0.959720730397422,0.961981566820277,0.974267968056788,0.953995157384988,0.956043956043956;12;12
Stalder Seline;EOC 2012 Long Distance - Qualification-Women Qual-3;Switzerland;2647;0.93605;154,57,510,68,727,375,99,292,127,158,56,24;0.957328385899814,0.909774436090225,0.977871148459384,0.949579831932773,0.97307919041069,0.818285714285714,0.891774891774892,0.87426614481409,0.9392575928009,0.992766726943942,1.00510204081633,1.03571428571429;12;12
Sundberg Karoliina;EOC 2012 Long Distance - Qualification-Women Qual-3;Finland;2666;0.92938;142,51,617,67,748,299,87,258,145,171,56,25;1.03822937625755,1.01680672268908,0.8082889557768,0.963752665245203,0.94576012223071,1.02627806975633,1.01477832512315,0.989479512735327,0.822660098522167,0.917293233082707,1.00510204081633,0.994285714285714;12;12
Klechova Vendula;EOC 2012 Long Distance - Qualification-Women Qual-3;Czech republic;2706;0.91564;157,57,524,69,807,347,105,261,132,166,55,26;0.939035486806187,0.909774436090225,0.951744820065431,0.935817805383023,0.876615330146929,0.884314532729518,0.840816326530612,0.978106185002737,0.903679653679654,0.944922547332186,1.02337662337662,0.956043956043956;12;12
Billstam Annika;EOC 2012 Long Distance - Qualification-Women Qual-3;Sweden;2725;0.90925;312,45,470,62,788,305,93,306,115,145,57,27;0.472527472527473,1.15238095238095,1.06109422492401,1.04147465437788,0.897751994198695,1.00608899297424,0.949308755760369,0.834267040149393,1.03726708074534,1.08177339901478,0.987468671679198,0.920634920634921;12;12
Ptašekaite Rasa;EOC 2012 Long Distance - Qualification-Women Qual-3;Lithuania;2759;0.89805;151,59,524,72,776,403,98,283,136,162,66,29;0.976348155156102,0.878934624697337,0.951744820065431,0.896825396825397,0.911634756995582,0.761432116270826,0.900874635568513,0.902069661786976,0.877100840336134,0.968253968253968,0.852813852813853,0.857142857142857;12;12
Knapova Jana;EOC 2012 Long Distance - Qualification-Women Qual-3;Czech republic;2764;0.89642;151,93,506,82,770,320,111,316,153,172,64,26;0.976348155156102,0.557603686635945,0.985601355166573,0.787456445993031,0.91873840445269,0.958928571428571,0.795366795366795,0.807866184448463,0.779645191409897,0.911960132890365,0.879464285714286,0.956043956043956;12;12
Efimova Natalia;EOC 2012 Long Distance - Qualification-Women Qual-3;Russia;2802;0.88427;187,57,570,75,758,353,176,261,113,166,58,28;0.788388082505729,0.909774436090225,0.874937343358396,0.860952380952381,0.933283075763287,0.869283690813436,0.501623376623377,0.978106185002737,1.05562579013906,0.944922547332186,0.970443349753695,0.887755102040816;12;12
Klinting Signe;EOC 2012 Long Distance - Qualification-Women Qual-3;Denmark;2826;0.87676;161,54,557,74,813,396,92,275,131,182,63,28;0.915705412599822,0.96031746031746,0.895357784047192,0.872586872586873,0.870145844315586,0.774891774891775,0.959627329192547,0.928311688311688,0.910577971646674,0.861852433281005,0.893424036281179,0.887755102040816;12;12
Taylor Catherine;EOC 2012 Long Distance - Qualification-Women Qual-3;Great Britain;2838;0.87305;220,55,517,67,689,332,86,501,119,166,61,25;0.67012987012987,0.942857142857143,0.964631113567284,0.963752665245203,1.02674683806759,0.924268502581756,1.0265780730897,0.509552323923581,1.00240096038415,0.944922547332186,0.92271662763466,0.994285714285714;12;12
Paužaite Sandra;EOC 2012 Long Distance - Qualification-Women Qual-3;Lithuania;2858;0.86694;160,54,606,70,820,362,103,292,128,170,64,29;0.921428571428571,0.96031746031746,0.822960867515323,0.922448979591837,0.862717770034843,0.847671665351223,0.857142857142857,0.87426614481409,0.931919642857143,0.922689075630252,0.879464285714286,0.857142857142857;12;12
Gyurkó Fanni;EOC 2012 Long Distance - Qualification-Women Qual-3;Hungary;2894;0.85616;272,131,521,72,776,414,87,247,122,164,60,28;0.542016806722689,0.395856052344602,0.957225116534138,0.896825396825397,0.911634756995582,0.74120082815735,1.01477832512315,1.03354540196645,0.977751756440281,0.956445993031359,0.938095238095238,0.887755102040816;12;12
Elstner Elisa;EOC 2012 Long Distance - Qualification-Women Qual-3;Austria;3148;0.78708;155,57,663,67,972,339,111,317,196,179,64,28;0.951152073732719,0.909774436090225,0.752208575737987,0.963752665245203,0.727807172251617,0.905183312262958,0.795366795366795,0.805317710680487,0.608600583090379,0.876296887470072,0.879464285714286,0.887755102040816;12;12
Gulliksen Kine;EOC 2012 Long Distance - Qualification-Women Qual-3;Norway;3178;0.77965;177,58,679,75,768,474,113,396,134,212,60,32;0.832929782082324,0.894088669950739,0.734483484115296,0.860952380952381,0.921130952380952,0.647377938517179,0.781289506953224,0.644660894660895,0.890191897654584,0.73989218328841,0.938095238095238,0.776785714285714;12;12
Tröße Christiane;EOC 2012 Long Distance - Qualification-Women Qual-3;Germany;3326;0.74495;177,68,718,82,964,455,116,315,146,194,64,27;0.832929782082324,0.762605042016807,0.694588141663351,0.787456445993031,0.733847065797273,0.674411302982732,0.761083743842365,0.810430839002268,0.817025440313112,0.808541973490427,0.879464285714286,0.920634920634921;12;12
Rebane Kirti;EOC 2012 Long Distance - Qualification-Women Qual-3;Estonia;3453;0.71755;464,50,624,82,1015,361,103,358,128,172,68,28;0.317733990147783,1.03714285714286,0.799221611721612,0.787456445993031,0.696973961998593,0.850019786307875,0.857142857142857,0.713088587390263,0.931919642857143,0.911960132890365,0.827731092436975,0.887755102040816;12;12
Alekseyonok Maria;EOC 2012 Long Distance - Qualification-Women Qual-3;Belarus;3501;0.70772;172,97,629,78,1073,428,113,486,157,171,70,27;0.857142857142857,0.53460972017673,0.792868498750852,0.827838827838828,0.659299693782452,0.716955941255007,0.781289506953224,0.52527924750147,0.759781619654231,0.917293233082707,0.804081632653061,0.920634920634921;12;12
Saeger Samantha;EOC 2012 Long Distance - Qualification-Women Qual-3;United States;3523;0.70330;397,76,719,67,941,431,125,317,144,206,69,31;0.371356603094638,0.682330827067669,0.693622094178422,0.963752665245203,0.751783816608471,0.711965528670865,0.706285714285714,0.805317710680487,0.828373015873016,0.761442441054092,0.815734989648033,0.80184331797235;12;12
Scalet Carlotta;EOC 2012 Long Distance - Qualification-Women Qual-3;Italy;3600;0.68825;172,183,565,73,1175,526,121,340,154,188,72,31;0.857142857142857,0.283372365339578,0.8826801517067,0.88454011741683,0.602066869300912,0.583378598587724,0.729634002361275,0.750840336134454,0.774582560296846,0.834346504559271,0.781746031746032,0.80184331797235;12;12
Tomash Daryna;EOC 2012 Long Distance - Qualification-Women Qual-3;Ukraine;3621;0.68426;326,84,711,85,978,473,129,378,156,207,68,26;0.452234881682734,0.61734693877551,0.701426562186056,0.759663865546218,0.723342097575226,0.648746602234974,0.684385382059801,0.67535903250189,0.764652014652015,0.757763975155279,0.827731092436975,0.956043956043956;12;12
Üzen Sengül;EOC 2012 Long Distance - Qualification-Women Qual-3;Turkey;5936;0.41740;875,81,1445,108,1248,841,182,463,322,259,78,34;0.168489795918367,0.64021164021164,0.3451309935739,0.597883597883598,0.566849816849817,0.36487175131646,0.485086342229199,0.551373033014502,0.370452528837622,0.605626034197463,0.721611721611722,0.73109243697479;12;12
