Jansson Helena;EOC 2012 Sprint - Qualification-Women Qual-1;Sweden;883;1.03171;36,29,80,24,19,184,91,46,44,25,30,103,38,34,42,42,16;1.00462962962963,1.07471264367816,1.01666666666667,1.02083333333333,1.06140350877193,1.06702898550725,1.04761904761905,0.996376811594203,1,1.02,1.01111111111111,1.03074433656958,1.05701754385965,1.02941176470588,1.03968253968254,0.996031746031746,0.84375;17;17
Brodmann Ines;EOC 2012 Sprint - Qualification-Women Qual-1;Switzerland;913;0.99781;43,31,90,24,22,190,92,46,42,25,30,106,40,34,44,41,13;0.841085271317829,1.00537634408602,0.903703703703704,1.02083333333333,0.916666666666667,1.03333333333333,1.03623188405797,0.996376811594203,1.04761904761905,1.02,1.01111111111111,1.00157232704403,1.00416666666667,1.02941176470588,0.992424242424242,1.02032520325203,1.03846153846154;17;17
Friederich Rahel;EOC 2012 Sprint - Qualification-Women Qual-1;Switzerland;952;0.95693;37,36,88,29,20,195,104,53,48,28,30,107,40,36,44,43,14;0.977477477477477,0.865740740740741,0.924242424242424,0.844827586206897,1.00833333333333,1.00683760683761,0.916666666666667,0.864779874213837,0.916666666666667,0.910714285714286,1.01111111111111,0.992211838006231,1.00416666666667,0.972222222222222,0.992424242424242,0.972868217054264,0.964285714285714;17;17
Rollins Sarah;EOC 2012 Sprint - Qualification-Women Qual-1;Great Britain;960;0.94896;39,34,90,25,22,204,100,47,45,25,33,109,42,37,47,43,18;0.927350427350427,0.916666666666667,0.903703703703704,0.98,0.916666666666667,0.962418300653595,0.953333333333333,0.975177304964539,0.977777777777778,1.02,0.919191919191919,0.974006116207951,0.956349206349206,0.945945945945946,0.929078014184397,0.972868217054264,0.75;17;17
Jahren Silje Ekroll;EOC 2012 Sprint - Qualification-Women Qual-1;Norway;961;0.94797;39,31,87,28,23,207,98,47,45,26,33,110,43,35,50,45,14;0.927350427350427,1.00537634408602,0.934865900383142,0.875,0.876811594202899,0.948470209339775,0.972789115646258,0.975177304964539,0.977777777777778,0.980769230769231,0.919191919191919,0.965151515151515,0.934108527131783,1,0.873333333333333,0.92962962962963,0.964285714285714;17;17
Gustafsson Annica;EOC 2012 Sprint - Qualification-Women Qual-1;Sweden;963;0.94600;37,33,85,26,22,205,100,49,44,26,33,112,44,36,45,50,16;0.977477477477477,0.944444444444445,0.956862745098039,0.942307692307692,0.916666666666667,0.957723577235772,0.953333333333333,0.935374149659864,1,0.980769230769231,0.919191919191919,0.947916666666667,0.912878787878788,0.972222222222222,0.97037037037037,0.836666666666667,0.84375;17;17
Mironova Svetlana;EOC 2012 Sprint - Qualification-Women Qual-1;Russia;964;0.94502;42,34,83,33,22,222,96,44,44,26,31,104,39,38,43,51,12;0.861111111111111,0.916666666666667,0.979919678714859,0.742424242424242,0.916666666666667,0.884384384384384,0.993055555555555,1.04166666666667,1,0.980769230769231,0.978494623655914,1.02083333333333,1.02991452991453,0.921052631578947,1.01550387596899,0.820261437908497,1.125;17;17
Teini Marika;EOC 2012 Sprint - Qualification-Women Qual-1;Finland;973;0.93628;39,37,81,24,20,223,99,48,46,26,32,110,45,39,45,43,16;0.927350427350427,0.842342342342342,1.00411522633745,1.02083333333333,1.00833333333333,0.880418535127055,0.962962962962963,0.954861111111111,0.956521739130435,0.980769230769231,0.947916666666667,0.965151515151515,0.892592592592592,0.897435897435897,0.97037037037037,0.972868217054264,0.84375;17;17
Sund Gøril Rønning;EOC 2012 Sprint - Qualification-Women Qual-1;Norway;979;0.93054;59,34,87,25,23,203,96,45,45,28,30,112,42,35,48,51,16;0.612994350282486,0.916666666666667,0.934865900383142,0.98,0.876811594202899,0.967159277504105,0.993055555555555,1.01851851851852,0.977777777777778,0.910714285714286,1.01111111111111,0.947916666666667,0.956349206349206,1,0.909722222222222,0.820261437908497,0.84375;17;17
Shandurkova Iliana;EOC 2012 Sprint - Qualification-Women Qual-1;Bulgaria;981;0.92864;41,31,85,26,21,202,101,47,50,27,35,116,45,39,48,52,15;0.882113821138211,1.00537634408602,0.956862745098039,0.942307692307692,0.96031746031746,0.971947194719472,0.943894389438944,0.975177304964539,0.88,0.944444444444444,0.866666666666667,0.915229885057471,0.892592592592592,0.897435897435897,0.909722222222222,0.80448717948718,0.9;17;17
Rieznychenko Olga;EOC 2012 Sprint - Qualification-Women Qual-1;Ukraine;992;0.91835;40,38,93,30,21,213,107,48,45,29,33,108,44,41,46,41,15;0.904166666666667,0.820175438596491,0.874551971326165,0.816666666666667,0.96031746031746,0.921752738654147,0.890965732087227,0.954861111111111,0.977777777777778,0.879310344827586,0.919191919191919,0.983024691358025,0.912878787878788,0.853658536585366,0.949275362318841,1.02032520325203,0.9;17;17
Vercellotti Léa;EOC 2012 Sprint - Qualification-Women Qual-1;France;994;0.91650;35,49,80,25,22,206,105,53,49,27,35,117,43,40,47,46,15;1.03333333333333,0.636054421768708,1.01666666666667,0.98,0.916666666666667,0.953074433656958,0.907936507936508,0.864779874213837,0.897959183673469,0.944444444444444,0.866666666666667,0.907407407407407,0.934108527131783,0.875,0.929078014184397,0.909420289855073,0.9;17;17
Knapova Jana;EOC 2012 Sprint - Qualification-Women Qual-1;Czech republic;995;0.91558;38,40,83,31,22,206,100,47,50,28,33,117,49,39,46,50,16;0.951754385964912,0.779166666666667,0.979919678714859,0.790322580645161,0.916666666666667,0.953074433656958,0.953333333333333,0.975177304964539,0.88,0.910714285714286,0.919191919191919,0.907407407407407,0.819727891156462,0.897435897435897,0.949275362318841,0.836666666666667,0.84375;17;17
Potapenko Anastasia;EOC 2012 Sprint - Qualification-Women Qual-1;Russia;1002;0.90918;42,37,82,27,24,215,102,50,50,27,34,111,54,40,46,46,15;0.861111111111111,0.842342342342342,0.991869918699187,0.907407407407407,0.840277777777778,0.913178294573643,0.934640522875817,0.916666666666667,0.88,0.944444444444444,0.892156862745098,0.956456456456456,0.743827160493827,0.875,0.949275362318841,0.909420289855073,0.9;17;17
Hallquist Michaela;EOC 2012 Sprint - Qualification-Women Qual-1;Sweden;1019;0.89401;34,44,82,31,22,232,112,51,50,26,31,117,44,39,44,45,15;1.06372549019608,0.708333333333333,0.991869918699187,0.790322580645161,0.916666666666667,0.846264367816092,0.851190476190476,0.898692810457516,0.88,0.980769230769231,0.978494623655914,0.907407407407407,0.912878787878788,0.897435897435897,0.992424242424242,0.92962962962963,0.9;17;17
Bochenkova Ivana;EOC 2012 Sprint - Qualification-Women Qual-1;Czech republic;1021;0.89226;39,36,95,31,20,226,104,48,50,29,35,118,45,42,47,41,15;0.927350427350427,0.865740740740741,0.856140350877193,0.790322580645161,1.00833333333333,0.868731563421829,0.916666666666667,0.954861111111111,0.88,0.879310344827586,0.866666666666667,0.899717514124294,0.892592592592592,0.833333333333333,0.929078014184397,1.02032520325203,0.9;17;17
Ramstein Laura;EOC 2012 Sprint - Qualification-Women Qual-1;Austria;1025;0.88878;40,35,93,28,23,207,106,56,51,28,35,120,52,38,51,46,16;0.904166666666667,0.890476190476191,0.874551971326165,0.875,0.876811594202899,0.948470209339775,0.89937106918239,0.818452380952381,0.862745098039216,0.910714285714286,0.866666666666667,0.884722222222222,0.772435897435897,0.921052631578947,0.856209150326797,0.909420289855073,0.84375;17;17
Kirchlechner Christine;EOC 2012 Sprint - Qualification-Women Qual-1;Italy;1029;0.88533;41,34,92,29,23,236,103,53,49,26,35,114,50,40,45,43,16;0.882113821138211,0.916666666666667,0.884057971014493,0.844827586206897,0.876811594202899,0.831920903954802,0.925566343042071,0.864779874213837,0.897959183673469,0.980769230769231,0.866666666666667,0.931286549707602,0.803333333333333,0.875,0.97037037037037,0.972868217054264,0.84375;17;17
O´boyle Niamh;EOC 2012 Sprint - Qualification-Women Qual-1;Ireland;1041;0.87512;47,41,88,26,24,215,109,55,48,32,37,116,52,39,50,45,17;0.769503546099291,0.760162601626016,0.924242424242424,0.942307692307692,0.840277777777778,0.913178294573643,0.874617737003058,0.833333333333333,0.916666666666667,0.796875,0.81981981981982,0.915229885057471,0.772435897435897,0.897435897435897,0.873333333333333,0.92962962962963,0.794117647058823;17;17
Rebane Kirti;EOC 2012 Sprint - Qualification-Women Qual-1;Estonia;1113;0.81851;44,32,93,29,22,302,114,51,52,27,34,117,45,40,45,48,18;0.821969696969697,0.973958333333333,0.874551971326165,0.844827586206897,0.916666666666667,0.650110375275938,0.83625730994152,0.898692810457516,0.846153846153846,0.944444444444444,0.892156862745098,0.907407407407407,0.892592592592592,0.875,0.97037037037037,0.871527777777778,0.75;17;17
Butt Lucy;EOC 2012 Sprint - Qualification-Women Qual-1;Great Britain;1167;0.78063;105,35,86,29,22,242,110,56,53,30,39,128,53,64,50,52,13;0.344444444444444,0.890476190476191,0.945736434108527,0.844827586206897,0.916666666666667,0.81129476584022,0.866666666666667,0.818452380952381,0.830188679245283,0.85,0.777777777777778,0.829427083333333,0.757861635220126,0.546875,0.873333333333333,0.80448717948718,1.03846153846154;17;17
Cin Tugba;EOC 2012 Sprint - Qualification-Women Qual-1;Turkey;1220;0.74672;54,49,102,29,25,311,123,54,52,33,36,135,53,50,54,45,15;0.669753086419753,0.636054421768708,0.797385620915033,0.844827586206897,0.806666666666667,0.631296891747053,0.775067750677507,0.848765432098765,0.846153846153846,0.772727272727273,0.842592592592593,0.78641975308642,0.757861635220126,0.7,0.808641975308642,0.92962962962963,0.9;17;17
Hubmann Martin;EOC 2012 Sprint - Qualification-Men Qual-1;Switzerland;859;1.03027;29,25,71,19,146,78,37,34,22,26,120,44,73,78,29,16,12;1,1.00888888888889,0.94679186228482,0.964912280701754,1.08219178082192,1.01994301994302,1.003003003003,1.04575163398693,0.994949494949495,1.00854700854701,1.04722222222222,1.02020202020202,1.06697108066971,1.01851851851852,1.01532567049808,1.10416666666667,0.990740740740741;17;17
Rost Erik;EOC 2012 Sprint - Qualification-Men Qual-1;Sweden;884;1.00113;28,26,65,19,161,77,39,35,21,29,125,44,77,78,29,19,12;1.03571428571429,0.97008547008547,1.03418803418803,0.964912280701754,0.981366459627329,1.03318903318903,0.951566951566952,1.01587301587302,1.04232804232804,0.904214559386973,1.00533333333333,1.02020202020202,1.01154401154401,1.01851851851852,1.01532567049808,0.929824561403509,0.990740740740741;17;17
Hansen Rasmus Thrane;EOC 2012 Sprint - Qualification-Men Qual-1;Denmark;885;1.00000;28,26,65,19,150,80,39,35,22,26,131,45,76,80,30,18,15;1.03571428571429,0.97008547008547,1.03418803418803,0.964912280701754,1.05333333333333,0.994444444444444,0.951566951566952,1.01587301587302,0.994949494949495,1.00854700854701,0.959287531806616,0.997530864197531,1.02485380116959,0.993055555555556,0.981481481481481,0.981481481481482,0.792592592592593;17;17
Khramov Andrey;EOC 2012 Sprint - Qualification-Men Qual-1;Russia;894;0.98993;33,27,70,17,157,82,37,36,22,27,126,44,79,77,30,17,13;0.878787878787879,0.934156378600823,0.96031746031746,1.07843137254902,1.00636942675159,0.970189701897019,1.003003003003,0.987654320987654,0.994949494949495,0.97119341563786,0.997354497354497,1.02020202020202,0.985935302390999,1.03174603174603,0.981481481481481,1.03921568627451,0.914529914529915;17;17
Müller Matthias;EOC 2012 Sprint - Qualification-Men Qual-1;Switzerland;915;0.96721;30,24,67,18,186,78,36,37,22,26,125,44,79,81,30,18,14;0.966666666666667,1.05092592592593,1.00331674958541,1.01851851851852,0.849462365591398,1.01994301994302,1.03086419753086,0.960960960960961,0.994949494949495,1.00854700854701,1.00533333333333,1.02020202020202,0.985935302390999,0.98079561042524,0.981481481481481,0.981481481481482,0.849206349206349;17;17
Østerbø Øystein Kvaal;EOC 2012 Sprint - Qualification-Men Qual-1;Norway;916;0.96616;31,28,68,25,166,82,39,37,22,27,127,46,77,81,29,19,12;0.935483870967742,0.900793650793651,0.988562091503268,0.733333333333333,0.951807228915663,0.970189701897019,0.951566951566952,0.960960960960961,0.994949494949495,0.97119341563786,0.989501312335958,0.975845410628019,1.01154401154401,0.98079561042524,1.01532567049808,0.929824561403509,0.990740740740741;17;17
Liljekvist Erik;EOC 2012 Sprint - Qualification-Men Qual-1;Sweden;921;0.96091;30,24,72,20,156,81,41,37,23,26,134,48,81,84,31,20,13;0.966666666666667,1.05092592592593,0.933641975308642,0.916666666666667,1.01282051282051,0.982167352537723,0.905149051490515,0.960960960960961,0.951690821256039,1.00854700854701,0.937810945273632,0.935185185185185,0.96159122085048,0.945767195767196,0.949820788530466,0.883333333333333,0.914529914529915;17;17
Panchenko Artem;EOC 2012 Sprint - Qualification-Men Qual-1;Ukraine;923;0.95883;31,26,70,20,167,83,36,35,24,27,132,45,83,82,31,18,13;0.935483870967742,0.97008547008547,0.96031746031746,0.916666666666667,0.946107784431138,0.958500669344043,1.03086419753086,1.01587301587302,0.912037037037037,0.97119341563786,0.952020202020202,0.997530864197531,0.938420348058902,0.968834688346883,0.949820788530466,0.981481481481482,0.914529914529915;17;17
Dæhli Magne;EOC 2012 Sprint - Qualification-Men Qual-1;Norway;926;0.95572;34,26,73,20,177,80,39,36,22,27,125,48,80,79,29,18,13;0.852941176470588,0.97008547008547,0.920852359208524,0.916666666666667,0.892655367231638,0.994444444444444,0.951566951566952,0.987654320987654,0.994949494949495,0.97119341563786,1.00533333333333,0.935185185185185,0.973611111111111,1.0056258790436,1.01532567049808,0.981481481481482,0.914529914529915;17;17
Kamenarov Ivaylo;EOC 2012 Sprint - Qualification-Men Qual-1;Bulgaria;929;0.95264;28,27,69,19,165,82,40,41,23,28,129,48,83,84,31,19,13;1.03571428571429,0.934156378600823,0.974235104669887,0.964912280701754,0.957575757575758,0.970189701897019,0.927777777777778,0.867208672086721,0.951690821256039,0.936507936507937,0.974160206718346,0.935185185185185,0.938420348058902,0.945767195767196,0.949820788530466,0.929824561403509,0.914529914529915;17;17
Coupat Vincent;EOC 2012 Sprint - Qualification-Men Qual-1;France;929;0.95264;31,26,70,18,166,85,41,40,23,27,125,48,83,84,31,18,13;0.935483870967742,0.97008547008547,0.96031746031746,1.01851851851852,0.951807228915663,0.935947712418301,0.905149051490515,0.888888888888889,0.951690821256039,0.97119341563786,1.00533333333333,0.935185185185185,0.938420348058902,0.945767195767196,0.949820788530466,0.981481481481482,0.914529914529915;17;17
Smithard Christopher;EOC 2012 Sprint - Qualification-Men Qual-1;Great Britain;931;0.95059;33,27,71,21,157,85,36,37,23,26,131,48,81,89,31,21,14;0.878787878787879,0.934156378600823,0.94679186228482,0.873015873015873,1.00636942675159,0.935947712418301,1.03086419753086,0.960960960960961,0.951690821256039,1.00854700854701,0.959287531806616,0.935185185185185,0.96159122085048,0.892634207240949,0.949820788530466,0.841269841269841,0.849206349206349;17;17
Portin Fredric;EOC 2012 Sprint - Qualification-Men Qual-1;Finland;941;0.94049;31,27,65,18,185,81,39,37,22,27,133,47,80,83,31,19,16;0.935483870967742,0.934156378600823,1.03418803418803,1.01851851851852,0.854054054054054,0.982167352537723,0.951566951566952,0.960960960960961,0.994949494949495,0.97119341563786,0.944862155388471,0.955082742316785,0.973611111111111,0.957161981258367,0.949820788530466,0.929824561403509,0.743055555555556;17;17
Bobach Christian;EOC 2012 Sprint - Qualification-Men Qual-1;Denmark;943;0.93849;30,25,72,21,165,83,43,37,24,28,135,48,82,85,33,19,13;0.966666666666667,1.00888888888889,0.933641975308642,0.873015873015873,0.957575757575758,0.958500669344043,0.863049095607235,0.960960960960961,0.912037037037037,0.936507936507937,0.930864197530864,0.935185185185185,0.949864498644986,0.934640522875817,0.892255892255892,0.929824561403509,0.914529914529915;17;17
Tervo Tuomas;EOC 2012 Sprint - Qualification-Men Qual-1;Finland;957;0.92476;35,26,78,21,180,81,40,39,22,27,139,46,80,82,30,19,12;0.828571428571429,0.97008547008547,0.861823361823362,0.873015873015873,0.877777777777778,0.982167352537723,0.927777777777778,0.911680911680912,0.994949494949495,0.97119341563786,0.904076738609113,0.975845410628019,0.973611111111111,0.968834688346883,0.981481481481481,0.929824561403509,0.990740740740741;17;17
Robinson Richard;EOC 2012 Sprint - Qualification-Men Qual-1;Great Britain;965;0.91710;32,27,71,23,171,92,41,38,25,30,133,49,84,85,31,19,14;0.90625,0.934156378600823,0.94679186228482,0.797101449275362,0.923976608187134,0.864734299516908,0.905149051490515,0.935672514619883,0.875555555555556,0.874074074074074,0.944862155388471,0.91609977324263,0.927248677248677,0.934640522875817,0.949820788530466,0.929824561403509,0.849206349206349;17;17
Ryapolov Roman;EOC 2012 Sprint - Qualification-Men Qual-1;Russia;967;0.91520;34,26,69,18,197,87,40,36,22,29,134,47,81,84,34,18,11;0.852941176470588,0.97008547008547,0.974235104669887,1.01851851851852,0.802030456852792,0.914431673052363,0.927777777777778,0.987654320987654,0.994949494949495,0.904214559386973,0.937810945273632,0.955082742316785,0.96159122085048,0.945767195767196,0.866013071895425,0.981481481481482,1.08080808080808;17;17
Silva Miguel;EOC 2012 Sprint - Qualification-Men Qual-1;Portugal;968;0.91426;37,36,84,25,165,84,42,36,22,26,131,46,82,86,32,21,13;0.783783783783784,0.700617283950617,0.80026455026455,0.733333333333333,0.957575757575758,0.947089947089947,0.883597883597884,0.987654320987654,0.994949494949495,1.00854700854701,0.959287531806616,0.975845410628019,0.949864498644986,0.923772609819121,0.920138888888889,0.841269841269841,0.914529914529915;17;17
Negrello Manuel;EOC 2012 Sprint - Qualification-Men Qual-1;Italy;972;0.91049;32,34,73,20,203,80,39,39,22,27,130,46,81,83,31,18,14;0.90625,0.741830065359477,0.920852359208524,0.916666666666667,0.778325123152709,0.994444444444444,0.951566951566952,0.911680911680912,0.994949494949495,0.97119341563786,0.966666666666667,0.975845410628019,0.96159122085048,0.957161981258367,0.949820788530466,0.981481481481482,0.849206349206349;17;17
Paulins Arturs;EOC 2012 Sprint - Qualification-Men Qual-1;Latvia;973;0.90956;38,29,73,21,203,85,38,39,22,26,129,46,80,85,29,18,12;0.763157894736842,0.869731800766284,0.920852359208524,0.873015873015873,0.778325123152709,0.935947712418301,0.976608187134503,0.911680911680912,0.994949494949495,1.00854700854701,0.974160206718346,0.975845410628019,0.973611111111111,0.934640522875817,1.01532567049808,0.981481481481482,0.990740740740741;17;17
Beliunas Vytautas;EOC 2012 Sprint - Qualification-Men Qual-1;Lithuania;980;0.90306;33,27,67,27,179,88,41,38,22,27,136,47,89,90,34,22,13;0.878787878787879,0.934156378600823,1.00331674958541,0.679012345679012,0.88268156424581,0.904040404040404,0.905149051490515,0.935672514619883,0.994949494949495,0.97119341563786,0.924019607843137,0.955082742316785,0.875156054931336,0.882716049382716,0.866013071895425,0.803030303030303,0.914529914529915;17;17
Gremmel Helmut;EOC 2012 Sprint - Qualification-Men Qual-1;Austria;981;0.90214;32,27,72,23,178,87,40,38,22,29,158,48,81,84,30,20,12;0.90625,0.934156378600823,0.933641975308642,0.797101449275362,0.887640449438202,0.914431673052363,0.927777777777778,0.935672514619883,0.994949494949495,0.904214559386973,0.79535864978903,0.935185185185185,0.96159122085048,0.945767195767196,0.981481481481481,0.883333333333333,0.990740740740741;17;17
Seppi Marco;EOC 2012 Sprint - Qualification-Men Qual-1;Italy;987;0.89666;36,30,76,20,171,89,45,40,26,28,139,49,83,86,34,22,13;0.805555555555556,0.840740740740741,0.884502923976608,0.916666666666667,0.923976608187134,0.893882646691635,0.824691358024691,0.888888888888889,0.841880341880342,0.936507936507937,0.904076738609113,0.91609977324263,0.938420348058902,0.923772609819121,0.866013071895425,0.803030303030303,0.914529914529915;17;17
Heinmann Kristo;EOC 2012 Sprint - Qualification-Men Qual-1;Estonia;996;0.88855;29,29,75,24,183,92,45,41,22,28,135,51,87,93,31,18,13;1,0.869731800766284,0.896296296296296,0.763888888888889,0.863387978142076,0.864734299516908,0.824691358024691,0.867208672086721,0.994949494949495,0.936507936507937,0.930864197530864,0.880174291938998,0.895274584929757,0.854241338112306,0.949820788530466,0.981481481481482,0.914529914529915;17;17
Binder Martin;EOC 2012 Sprint - Qualification-Men Qual-1;Austria;1015;0.87192;33,27,75,19,234,82,44,38,23,28,137,48,83,79,32,20,13;0.878787878787879,0.934156378600823,0.896296296296296,0.964912280701754,0.675213675213675,0.970189701897019,0.843434343434344,0.935672514619883,0.951690821256039,0.936507936507937,0.917274939172749,0.935185185185185,0.938420348058902,1.0056258790436,0.920138888888889,0.883333333333333,0.914529914529915;17;17
Lützkendorf Paul;EOC 2012 Sprint - Qualification-Men Qual-1;Germany;1021;0.86680;36,26,71,21,205,86,40,39,24,29,150,51,86,91,33,19,14;0.805555555555556,0.97008547008547,0.94679186228482,0.873015873015873,0.770731707317073,0.925064599483204,0.927777777777778,0.911680911680912,0.912037037037037,0.904214559386973,0.837777777777778,0.880174291938998,0.905684754521964,0.873015873015873,0.892255892255892,0.929824561403509,0.849206349206349;17;17
Morrison Ross;EOC 2012 Sprint - Qualification-Men Qual-1;New Zealand;1024;0.86426;29,25,71,24,170,94,47,43,24,31,150,55,96,91,34,25,15;1,1.00888888888889,0.94679186228482,0.763888888888889,0.929411764705882,0.846335697399527,0.789598108747045,0.82687338501292,0.912037037037037,0.845878136200717,0.837777777777778,0.816161616161616,0.811342592592593,0.873015873015873,0.866013071895425,0.706666666666667,0.792592592592593;17;17
Kacmaz Ahmet;EOC 2012 Sprint - Qualification-Men Qual-1;Turkey;1040;0.85096;41,35,85,25,204,82,36,38,25,29,149,50,87,84,35,23,12;0.707317073170732,0.720634920634921,0.790849673202614,0.733333333333333,0.774509803921569,0.970189701897019,1.03086419753086,0.935672514619883,0.875555555555556,0.904214559386973,0.843400447427293,0.897777777777778,0.895274584929757,0.945767195767196,0.841269841269841,0.768115942028986,0.990740740740741;17;17
Healy David;EOC 2012 Sprint - Qualification-Men Qual-1;Ireland;1047;0.84527;34,28,72,21,193,91,46,44,28,33,148,55,97,92,33,19,13;0.852941176470588,0.900793650793651,0.933641975308642,0.873015873015873,0.818652849740933,0.874236874236874,0.806763285024155,0.808080808080808,0.781746031746032,0.794612794612795,0.849099099099099,0.816161616161616,0.802978235967927,0.863526570048309,0.892255892255892,0.929824561403509,0.914529914529915;17;17
Smith Ross;EOC 2012 Sprint - Qualification-Men Qual-1;United States;1070;0.82710;36,29,78,21,219,90,43,47,26,32,151,55,86,88,34,19,16;0.805555555555556,0.869731800766284,0.861823361823362,0.873015873015873,0.721461187214612,0.883950617283951,0.863049095607235,0.756501182033097,0.841880341880342,0.819444444444444,0.832229580573951,0.816161616161616,0.905684754521964,0.902777777777778,0.866013071895425,0.929824561403509,0.743055555555556;17;17
Delobel Bart;EOC 2012 Sprint - Qualification-Men Qual-1;Belgium;1122;0.78877;40,34,85,24,254,107,41,42,26,30,148,51,89,89,31,19,12;0.725,0.741830065359477,0.790849673202614,0.763888888888889,0.622047244094488,0.743509865005192,0.905149051490515,0.846560846560847,0.841880341880342,0.874074074074074,0.849099099099099,0.880174291938998,0.875156054931336,0.892634207240949,0.949820788530466,0.929824561403509,0.990740740740741;17;17
Bezdiga Andrei;EOC 2012 Sprint - Qualification-Men Qual-1;Moldova;1133;0.78111;35,46,83,23,193,130,50,45,27,31,162,55,93,92,35,20,13;0.828571428571429,0.548309178743961,0.809906291834003,0.797101449275362,0.818652849740933,0.611965811965812,0.742222222222222,0.790123456790124,0.810699588477366,0.845878136200717,0.775720164609054,0.816161616161616,0.837514934289128,0.863526570048309,0.841269841269841,0.883333333333333,0.914529914529915;17;17
Franco Paulo;EOC 2012 Sprint - Qualification-Men Qual-1;Portugal;1231;0.71893;36,30,72,24,224,92,48,47,27,32,146,53,224,97,41,22,16;0.805555555555556,0.840740740740741,0.933641975308642,0.763888888888889,0.705357142857143,0.864734299516908,0.773148148148148,0.756501182033097,0.810699588477366,0.819444444444444,0.860730593607306,0.846960167714885,0.347718253968254,0.81901489117984,0.718157181571816,0.803030303030303,0.743055555555556;17;17
Wyder Judith;EOC 2012 Sprint - Qualification-Women Qual-2;Switzerland;858;1.00447;40,94,32,153,56,82,85,106,49,51,49,46,15;1.00416666666667,1.05673758865248,1,1.02069716775599,1.0297619047619,0.99390243902439,0.996078431372549,1.01415094339623,1.01360544217687,0.983660130718954,1,0.880434782608696,0.9;13;13
Alm Maja Møller;EOC 2012 Sprint - Qualification-Women Qual-2;Denmark;867;0.99404;43,101,34,157,59,80,82,106,49,51,49,40,16;0.934108527131783,0.983498349834983,0.941176470588235,0.994692144373673,0.977401129943503,1.01875,1.03252032520325,1.01415094339623,1.01360544217687,0.983660130718954,1,1.0125,0.84375;13;13
Niemi Venla;EOC 2012 Sprint - Qualification-Women Qual-2;Finland;890;0.96835;46,100,34,158,60,83,86,113,52,51,50,43,14;0.873188405797101,0.993333333333333,0.941176470588235,0.988396624472574,0.961111111111111,0.981927710843373,0.984496124031008,0.951327433628319,0.955128205128205,0.983660130718954,0.98,0.941860465116279,0.964285714285714;13;13
Forsgren Lilian;EOC 2012 Sprint - Qualification-Women Qual-2;Sweden;895;0.96294;43,101,34,158,61,82,85,108,57,51,52,47,16;0.934108527131783,0.983498349834983,0.941176470588235,0.988396624472574,0.945355191256831,0.99390243902439,0.996078431372549,0.99537037037037,0.871345029239766,0.983660130718954,0.942307692307692,0.861702127659574,0.84375;13;13
Gross Julia;EOC 2012 Sprint - Qualification-Women Qual-2;Switzerland;895;0.96294;42,102,33,154,62,83,91,118,49,52,51,43,15;0.956349206349206,0.973856209150327,0.96969696969697,1.01406926406926,0.93010752688172,0.981927710843373,0.93040293040293,0.911016949152542,1.01360544217687,0.96474358974359,0.96078431372549,0.941860465116279,0.9;13;13
Chataing Amélie;EOC 2012 Sprint - Qualification-Women Qual-2;France;908;0.94916;43,104,32,162,64,90,89,117,51,50,50,42,14;0.934108527131783,0.955128205128205,1,0.963991769547325,0.901041666666667,0.905555555555556,0.951310861423221,0.918803418803419,0.973856209150327,1.00333333333333,0.98,0.964285714285714,0.964285714285714;13;13
Nordberg Anne Margrethe Hausken;EOC 2012 Sprint - Qualification-Women Qual-2;Norway;908;0.94916;40,100,35,183,57,81,85,111,53,50,54,41,18;1.00416666666667,0.993333333333333,0.914285714285714,0.853369763205829,1.01169590643275,1.00617283950617,0.996078431372549,0.968468468468468,0.937106918238994,1.00333333333333,0.907407407407407,0.98780487804878,0.75;13;13
Tikhonova Anastasia;EOC 2012 Sprint - Qualification-Women Qual-2;Russia;912;0.94499;56,104,30,177,59,87,86,108,49,50,50,43,13;0.717261904761905,0.955128205128205,1.06666666666667,0.882297551789077,0.977401129943503,0.936781609195402,0.984496124031008,0.99537037037037,1.01360544217687,1.00333333333333,0.98,0.941860465116279,1.03846153846154;13;13
Bridle Helen;EOC 2012 Sprint - Qualification-Women Qual-2;Great Britain;925;0.93171;38,100,34,182,59,87,96,112,52,51,49,49,16;1.05701754385965,0.993333333333333,0.941176470588235,0.858058608058608,0.977401129943503,0.936781609195402,0.881944444444445,0.959821428571429,0.955128205128205,0.983660130718954,1,0.826530612244898,0.84375;13;13
Ojanen Outi;EOC 2012 Sprint - Qualification-Women Qual-2;Finland;939;0.91782;46,102,35,175,68,84,95,117,51,51,53,46,16;0.873188405797101,0.973856209150327,0.914285714285714,0.892380952380952,0.848039215686274,0.970238095238095,0.891228070175439,0.918803418803419,0.973856209150327,0.983660130718954,0.924528301886792,0.880434782608696,0.84375;13;13
Rybakovaité Kristina;EOC 2012 Sprint - Qualification-Women Qual-2;Lithuania;941;0.91587;47,111,34,157,66,99,87,119,56,53,57,41,14;0.854609929078014,0.894894894894895,0.941176470588235,0.994692144373673,0.873737373737374,0.823232323232323,0.973180076628353,0.903361344537815,0.886904761904762,0.946540880503145,0.859649122807018,0.98780487804878,0.964285714285714;13;13
Månsson Elin;EOC 2012 Sprint - Qualification-Women Qual-2;Sweden;948;0.90911;40,114,33,186,60,83,89,119,53,61,51,46,13;1.00416666666667,0.871345029239766,0.96969696969697,0.839605734767025,0.961111111111111,0.981927710843373,0.951310861423221,0.903361344537815,0.937106918238994,0.822404371584699,0.96078431372549,0.880434782608696,1.03846153846154;13;13
Temyakova Nina;EOC 2012 Sprint - Qualification-Women Qual-2;Russia;948;0.90911;44,105,32,166,58,129,85,114,52,50,53,45,15;0.912878787878788,0.946031746031746,1,0.940763052208835,0.994252873563218,0.631782945736434,0.996078431372549,0.942982456140351,0.955128205128205,1.00333333333333,0.924528301886792,0.9,0.9;13;13
Johanson Liis;EOC 2012 Sprint - Qualification-Women Qual-2;Estonia;952;0.90529;41,106,35,177,64,86,98,112,80,50,49,40,14;0.979674796747967,0.937106918238994,0.914285714285714,0.882297551789077,0.901041666666667,0.947674418604651,0.863945578231293,0.959821428571429,0.620833333333333,1.00333333333333,1,1.0125,0.964285714285714;13;13
Gyurkó Fanni;EOC 2012 Sprint - Qualification-Women Qual-2;Hungary;958;0.89962;52,118,35,198,57,81,86,106,58,52,51,49,15;0.772435897435897,0.84180790960452,0.914285714285714,0.788720538720539,1.01169590643275,1.00617283950617,0.984496124031008,1.01415094339623,0.85632183908046,0.96474358974359,0.96078431372549,0.826530612244898,0.9;13;13
Johansson Emma Matilda;EOC 2012 Sprint - Qualification-Women Qual-2;Norway;961;0.89681;45,110,33,187,63,95,92,121,51,54,51,43,16;0.892592592592592,0.903030303030303,0.96969696969697,0.835115864527629,0.915343915343915,0.857894736842105,0.920289855072464,0.888429752066116,0.973856209150327,0.929012345679012,0.96078431372549,0.941860465116279,0.84375;13;13
Danylova Anastasia;EOC 2012 Sprint - Qualification-Women Qual-2;Ukraine;970;0.88849;42,113,42,164,65,96,108,129,55,52,48,41,15;0.956349206349206,0.87905604719764,0.761904761904762,0.952235772357723,0.887179487179487,0.848958333333333,0.783950617283951,0.833333333333333,0.903030303030303,0.96474358974359,1.02083333333333,0.98780487804878,0.9;13;13
Denisova Anastasia;EOC 2012 Sprint - Qualification-Women Qual-2;Belarus;976;0.88303;48,103,33,211,62,89,98,119,52,52,54,40,15;0.836805555555555,0.964401294498382,0.96969696969697,0.740126382306477,0.93010752688172,0.915730337078652,0.863945578231293,0.903361344537815,0.955128205128205,0.96474358974359,0.907407407407407,1.0125,0.9;13;13
Arbter Anja;EOC 2012 Sprint - Qualification-Women Qual-2;Austria;1031;0.83592;43,115,37,186,76,99,105,131,60,63,57,46,13;0.934108527131783,0.863768115942029,0.864864864864865,0.839605734767025,0.758771929824561,0.823232323232323,0.806349206349206,0.820610687022901,0.827777777777778,0.796296296296296,0.859649122807018,0.880434782608696,1.03846153846154;13;13
Brandi Adrienne;EOC 2012 Sprint - Qualification-Women Qual-2;Italy;1084;0.79505;48,117,39,253,66,90,97,125,62,66,59,46,16;0.836805555555555,0.849002849002849,0.82051282051282,0.617259552042161,0.873737373737374,0.905555555555556,0.872852233676976,0.86,0.801075268817204,0.76010101010101,0.830508474576271,0.880434782608696,0.84375;13;13
Üzen Sengül;EOC 2012 Sprint - Qualification-Women Qual-2;Turkey;1337;0.64460;61,142,43,217,88,131,136,205,77,79,77,61,20;0.658469945355191,0.699530516431925,0.744186046511628,0.719662058371736,0.65530303030303,0.622137404580153,0.622549019607843,0.524390243902439,0.645021645021645,0.635021097046414,0.636363636363636,0.663934426229508,0.675;13;13
Lysell Jerker;EOC 2012 Sprint - Qualification-Men Qual-2;Sweden;817;1.01918;22,91,17,119,39,86,37,45,99,27,41,84,23,27,29,18,13;0.96969696969697,1.03907203907204,0.973856209150327,1.07096171802054,0.98005698005698,1.02325581395349,0.945945945945946,1.09382716049383,1.01459034792368,1.02057613168724,0.975609756097561,1.02645502645503,0.985507246376812,0.991769547325103,1.01532567049808,0.969135802469136,0.905982905982906;17;17
Karlsson Mattias;EOC 2012 Sprint - Qualification-Men Qual-2;Sweden;839;0.99245;23,90,20,123,38,91,33,49,98,28,41,92,24,29,30,17,13;0.927536231884058,1.05061728395062,0.827777777777778,1.03613369467028,1.00584795321637,0.967032967032967,1.06060606060606,1.00453514739229,1.0249433106576,0.984126984126984,0.975609756097561,0.93719806763285,0.944444444444445,0.923371647509579,0.981481481481481,1.02614379084967,0.905982905982906;17;17
Fraser Scott;EOC 2012 Sprint - Qualification-Men Qual-2;Great Britain;848;0.98192;23,98,19,130,39,87,37,48,103,26,40,85,22,29,30,20,12;0.927536231884058,0.964852607709751,0.871345029239766,0.98034188034188,0.98005698005698,1.01149425287356,0.945945945945946,1.02546296296296,0.975188781014024,1.05982905982906,1,1.01437908496732,1.03030303030303,0.923371647509579,0.981481481481481,0.872222222222222,0.981481481481482;17;17
Howald Severin;EOC 2012 Sprint - Qualification-Men Qual-2;Switzerland;856;0.97274;20,91,18,138,39,89,35,55,102,28,43,88,24,27,32,16,11;1.06666666666667,1.03907203907204,0.919753086419753,0.923510466988728,0.98005698005698,0.98876404494382,1,0.894949494949495,0.984749455337691,0.984126984126984,0.930232558139535,0.97979797979798,0.944444444444445,0.991769547325103,0.920138888888889,1.09027777777778,1.07070707070707;17;17
Kral Vojtech;EOC 2012 Sprint - Qualification-Men Qual-2;Czech republic;856;0.97274;24,102,18,130,39,91,36,49,100,29,39,87,24,27,29,20,12;0.888888888888889,0.927015250544662,0.919753086419753,0.98034188034188,0.98005698005698,0.967032967032967,0.972222222222222,1.00453514739229,1.00444444444444,0.950191570881226,1.02564102564103,0.991060025542784,0.944444444444445,0.991769547325103,1.01532567049808,0.872222222222222,0.981481481481482;17;17
Indgaard Ulf Forseth;EOC 2012 Sprint - Qualification-Men Qual-2;Norway;858;0.97047;24,98,17,130,41,88,36,54,100,31,41,86,26,27,29,19,11;0.888888888888889,0.964852607709751,0.973856209150327,0.98034188034188,0.932249322493225,1,0.972222222222222,0.911522633744856,1.00444444444444,0.888888888888889,0.975609756097561,1.00258397932817,0.871794871794872,0.991769547325103,1.01532567049808,0.91812865497076,1.07070707070707;17;17
Kaas Carl Waaler;EOC 2012 Sprint - Qualification-Men Qual-2;Norway;860;0.96822;23,103,17,132,38,88,35,50,107,29,40,86,23,26,31,18,14;0.927536231884058,0.918015102481122,0.973856209150327,0.965488215488216,1.00584795321637,1,1,0.984444444444444,0.938733125649013,0.950191570881226,1,1.00258397932817,0.985507246376812,1.02991452991453,0.949820788530466,0.969135802469136,0.841269841269841;17;17
Mäkelä Tuomo;EOC 2012 Sprint - Qualification-Men Qual-2;Finland;866;0.96151;24,99,15,136,38,90,36,54,103,28,41,87,23,28,29,22,13;0.888888888888889,0.955106621773288,1.1037037037037,0.937091503267974,1.00584795321637,0.977777777777778,0.972222222222222,0.911522633744856,0.975188781014024,0.984126984126984,0.975609756097561,0.991060025542784,0.985507246376812,0.956349206349206,1.01532567049808,0.792929292929293,0.905982905982906;17;17
Christensen Christian;EOC 2012 Sprint - Qualification-Men Qual-2;Denmark;869;0.95819;24,103,18,136,40,91,37,51,102,30,41,85,23,28,30,19,11;0.888888888888889,0.918015102481122,0.919753086419753,0.937091503267974,0.955555555555555,0.967032967032967,0.945945945945946,0.965141612200436,0.984749455337691,0.918518518518519,0.975609756097561,1.01437908496732,0.985507246376812,0.956349206349206,0.981481481481481,0.91812865497076,1.07070707070707;17;17
Hubmann Daniel;EOC 2012 Sprint - Qualification-Men Qual-2;Switzerland;869;0.95819;23,98,18,145,37,88,35,50,99,28,41,89,23,29,31,19,16;0.927536231884058,0.964852607709751,0.919753086419753,0.878927203065134,1.03303303303303,1,1,0.984444444444444,1.01459034792368,0.984126984126984,0.975609756097561,0.968789013732834,0.985507246376812,0.923371647509579,0.949820788530466,0.91812865497076,0.736111111111111;17;17
Tranchand Frédéric;EOC 2012 Sprint - Qualification-Men Qual-2;France;887;0.93874;65,96,16,125,38,88,36,51,108,28,38,90,22,27,29,18,12;0.328205128205128,0.984953703703704,1.03472222222222,1.01955555555556,1.00584795321637,1,0.972222222222222,0.965141612200436,0.930041152263374,0.984126984126984,1.05263157894737,0.958024691358025,1.03030303030303,0.991769547325103,1.01532567049808,0.969135802469136,0.981481481481482;17;17
Schgaguler Klaus;EOC 2012 Sprint - Qualification-Men Qual-2;Italy;892;0.93348;24,103,18,129,42,97,37,52,108,29,43,91,24,28,35,19,13;0.888888888888889,0.918015102481122,0.919753086419753,0.987941429801895,0.91005291005291,0.907216494845361,0.945945945945946,0.946581196581197,0.930041152263374,0.950191570881226,0.930232558139535,0.947496947496948,0.944444444444445,0.956349206349206,0.841269841269841,0.91812865497076,0.905982905982906;17;17
Kivikas Kenny;EOC 2012 Sprint - Qualification-Men Qual-2;Estonia;900;0.92519;32,99,17,137,42,92,34,52,112,28,44,94,26,29,32,18,12;0.666666666666667,0.955106621773288,0.973856209150327,0.930251419302514,0.91005291005291,0.956521739130435,1.02941176470588,0.946581196581197,0.896825396825397,0.984126984126984,0.909090909090909,0.91725768321513,0.871794871794872,0.923371647509579,0.920138888888889,0.969135802469136,0.981481481481482;17;17
Simonin Nicolas;EOC 2012 Sprint - Qualification-Men Qual-2;Ireland;902;0.92313;24,109,16,129,40,96,36,59,111,28,42,93,25,28,32,20,14;0.888888888888889,0.867482161060143,1.03472222222222,0.987941429801895,0.955555555555555,0.916666666666667,0.972222222222222,0.834274952919021,0.904904904904905,0.984126984126984,0.952380952380952,0.927120669056153,0.906666666666667,0.956349206349206,0.920138888888889,0.872222222222222,0.841269841269841;17;17
Salin Andrey;EOC 2012 Sprint - Qualification-Men Qual-2;Belarus;902;0.92313;19,106,18,136,40,102,36,52,109,28,43,91,25,30,34,17,16;1.12280701754386,0.892033542976939,0.919753086419753,0.937091503267974,0.955555555555555,0.862745098039216,0.972222222222222,0.946581196581197,0.921508664627931,0.984126984126984,0.930232558139535,0.947496947496948,0.906666666666667,0.892592592592593,0.866013071895425,1.02614379084967,0.736111111111111;17;17
Detkov Sergey;EOC 2012 Sprint - Qualification-Men Qual-2;Russia;904;0.92109;23,104,18,141,43,96,36,57,109,28,43,90,24,27,34,18,13;0.927536231884058,0.909188034188034,0.919753086419753,0.903861308116627,0.888888888888889,0.916666666666667,0.972222222222222,0.8635477582846,0.921508664627931,0.984126984126984,0.930232558139535,0.958024691358025,0.944444444444445,0.991769547325103,0.866013071895425,0.969135802469136,0.905982905982906;17;17
Merl Robert;EOC 2012 Sprint - Qualification-Men Qual-2;Austria;906;0.91906;24,102,18,160,39,101,35,51,105,29,42,88,24,27,30,18,13;0.888888888888889,0.927015250544662,0.919753086419753,0.796527777777778,0.98005698005698,0.871287128712871,1,0.965141612200436,0.956613756613757,0.950191570881226,0.952380952380952,0.97979797979798,0.944444444444445,0.991769547325103,0.981481481481481,0.969135802469136,0.905982905982906;17;17
Rocke John;EOC 2012 Sprint - Qualification-Men Qual-2;Great Britain;914;0.91101;28,99,18,151,41,95,43,52,103,30,44,92,24,30,33,18,13;0.761904761904762,0.955106621773288,0.919753086419753,0.844002943340692,0.932249322493225,0.926315789473684,0.813953488372093,0.946581196581197,0.975188781014024,0.918518518518519,0.909090909090909,0.93719806763285,0.944444444444445,0.892592592592593,0.892255892255892,0.969135802469136,0.905982905982906;17;17
Sirakov Ivan;EOC 2012 Sprint - Qualification-Men Qual-2;Bulgaria;919;0.90606;20,99,17,160,42,98,37,53,110,27,44,93,23,30,31,20,15;1.06666666666667,0.955106621773288,0.973856209150327,0.796527777777778,0.91005291005291,0.897959183673469,0.945945945945946,0.928721174004193,0.913131313131313,1.02057613168724,0.909090909090909,0.927120669056153,0.985507246376812,0.892592592592593,0.949820788530466,0.872222222222222,0.785185185185185;17;17
Brandt Christoph;EOC 2012 Sprint - Qualification-Men Qual-2;Germany;920;0.90507;24,124,17,134,42,95,37,50,109,29,43,93,26,30,34,20,13;0.888888888888889,0.762544802867384,0.973856209150327,0.951077943615257,0.91005291005291,0.926315789473684,0.945945945945946,0.984444444444444,0.921508664627931,0.950191570881226,0.930232558139535,0.927120669056153,0.871794871794872,0.892592592592593,0.866013071895425,0.872222222222222,0.905982905982906;17;17
Dent Julian;EOC 2012 Sprint - Qualification-Men Qual-2;Australia;921;0.90409;22,102,17,148,41,92,38,56,112,32,45,93,26,29,34,20,14;0.96969696969697,0.927015250544662,0.973856209150327,0.861111111111111,0.932249322493225,0.956521739130435,0.921052631578947,0.878968253968254,0.896825396825397,0.861111111111111,0.888888888888889,0.927120669056153,0.871794871794872,0.923371647509579,0.866013071895425,0.872222222222222,0.841269841269841;17;17
Novikov Leonid;EOC 2012 Sprint - Qualification-Men Qual-2;Russia;923;0.90213;55,92,18,146,44,88,36,57,108,30,43,90,28,26,31,19,12;0.387878787878788,1.02777777777778,0.919753086419753,0.872907153729072,0.868686868686869,1,0.972222222222222,0.8635477582846,0.930041152263374,0.918518518518519,0.930232558139535,0.958024691358025,0.80952380952381,1.02991452991453,0.949820788530466,0.91812865497076,0.981481481481482;17;17
Aleliunas Vilius;EOC 2012 Sprint - Qualification-Men Qual-2;Lithuania;924;0.90115;20,99,17,190,40,96,40,52,101,28,40,88,24,28,31,17,13;1.06666666666667,0.955106621773288,0.973856209150327,0.670760233918129,0.955555555555555,0.916666666666667,0.875,0.946581196581197,0.994499449944995,0.984126984126984,1,0.97979797979798,0.944444444444445,0.956349206349206,0.949820788530466,1.02614379084967,0.905982905982906;17;17
Kerényi Máté;EOC 2012 Sprint - Qualification-Men Qual-2;Hungary;926;0.89921;23,97,17,143,43,96,38,59,110,31,47,100,24,32,33,19,14;0.927536231884058,0.974799541809851,0.973856209150327,0.891219891219891,0.888888888888889,0.916666666666667,0.921052631578947,0.834274952919021,0.913131313131313,0.888888888888889,0.851063829787234,0.862222222222222,0.944444444444445,0.836805555555556,0.892255892255892,0.91812865497076,0.841269841269841;17;17
Boesen Andreas Hougaad;EOC 2012 Sprint - Qualification-Men Qual-2;Denmark;932;0.89342;23,113,19,157,41,100,39,51,107,30,44,90,26,29,32,18,13;0.927536231884058,0.83677482792527,0.871345029239766,0.81174805378627,0.932249322493225,0.88,0.897435897435897,0.965141612200436,0.938733125649013,0.918518518518519,0.909090909090909,0.958024691358025,0.871794871794872,0.923371647509579,0.920138888888889,0.969135802469136,0.905982905982906;17;17
Wartbichler Christian;EOC 2012 Sprint - Qualification-Men Qual-2;Austria;947;0.87927;26,112,18,153,43,100,41,55,112,29,44,96,25,30,31,19,13;0.82051282051282,0.844246031746032,0.919753086419753,0.832970225127088,0.888888888888889,0.88,0.853658536585366,0.894949494949495,0.896825396825397,0.950191570881226,0.909090909090909,0.898148148148148,0.906666666666667,0.892592592592593,0.949820788530466,0.91812865497076,0.905982905982906;17;17
Mamleev Mikhail;EOC 2012 Sprint - Qualification-Men Qual-2;Italy;968;0.86019;26,100,18,225,38,98,36,54,104,29,40,89,22,28,30,18,13;0.82051282051282,0.945555555555556,0.919753086419753,0.56641975308642,1.00584795321637,0.897959183673469,0.972222222222222,0.911522633744856,0.965811965811966,0.950191570881226,1,0.968789013732834,1.03030303030303,0.956349206349206,0.981481481481481,0.969135802469136,0.905982905982906;17;17
Horta Manuel;EOC 2012 Sprint - Qualification-Men Qual-2;Portugal;973;0.85577;24,117,19,169,46,93,44,58,113,30,44,97,24,29,32,21,13;0.888888888888889,0.808167141500475,0.871345029239766,0.754109138724523,0.830917874396135,0.946236559139785,0.795454545454545,0.848659003831418,0.888888888888889,0.918518518518519,0.909090909090909,0.888888888888889,0.944444444444445,0.923371647509579,0.920138888888889,0.830687830687831,0.905982905982906;17;17
Goubau Johan;EOC 2012 Sprint - Qualification-Men Qual-2;Belgium;979;0.85053;27,112,18,180,44,96,37,56,114,31,45,96,28,29,33,20,13;0.790123456790123,0.844246031746032,0.919753086419753,0.708024691358025,0.868686868686869,0.916666666666667,0.945945945945946,0.878968253968254,0.881091617933723,0.888888888888889,0.888888888888889,0.898148148148148,0.80952380952381,0.923371647509579,0.892255892255892,0.872222222222222,0.905982905982906;17;17
Anderson Robbie;EOC 2012 Sprint - Qualification-Men Qual-2;Canada;985;0.84535;25,110,19,162,44,100,42,57,115,32,46,102,27,34,33,23,14;0.853333333333333,0.85959595959596,0.871345029239766,0.786694101508916,0.868686868686869,0.88,0.833333333333333,0.8635477582846,0.873429951690821,0.861111111111111,0.869565217391304,0.845315904139434,0.839506172839506,0.787581699346405,0.892255892255892,0.758454106280193,0.841269841269841;17;17
Iliev Lachezar;EOC 2012 Sprint - Qualification-Men Qual-2;Bulgaria;1026;0.81157;24,116,20,156,49,104,40,68,120,34,52,106,30,35,36,20,16;0.888888888888889,0.815134099616858,0.827777777777778,0.816951566951567,0.780045351473923,0.846153846153846,0.875,0.723856209150327,0.837037037037037,0.810457516339869,0.769230769230769,0.813417190775681,0.755555555555556,0.765079365079365,0.817901234567901,0.872222222222222,0.736111111111111;17;17
UÇAR Ali;EOC 2012 Sprint - Qualification-Men Qual-2;Turkey;1087;0.76602;60,148,19,151,45,115,39,64,120,32,48,104,31,40,37,20,14;0.355555555555556,0.638888888888889,0.871345029239766,0.844002943340692,0.849382716049383,0.765217391304348,0.897435897435897,0.769097222222222,0.837037037037037,0.861111111111111,0.833333333333333,0.829059829059829,0.731182795698925,0.669444444444445,0.795795795795796,0.872222222222222,0.841269841269841;17;17
Ri Kyongsa;EOC 2012 Sprint - Qualification-Men Qual-2;DPR Korea;1175;0.70865;29,132,23,182,49,139,51,66,144,36,54,122,29,34,45,24,16;0.735632183908046,0.716329966329966,0.719806763285024,0.7002442002442,0.780045351473923,0.633093525179856,0.686274509803922,0.745791245791246,0.697530864197531,0.765432098765432,0.740740740740741,0.706739526411658,0.781609195402299,0.787581699346405,0.654320987654321,0.726851851851852,0.736111111111111;17;17
Niggli Simone;EOC 2012 Sprint - Qualification-Women Qual-3;Switzerland;802;1.05037;26,101,18,147,44,97,39,53,24,104,47,48,38,16;1.05384615384615,1.05544554455446,1.04444444444444,1.0530612244898,1.04090909090909,1.07422680412371,1.03589743589744,1.07924528301887,1.06666666666667,1.03461538461538,1.06382978723404,1.0375,1.06842105263158,0.85;14;14
Klingenberg Emma;EOC 2012 Sprint - Qualification-Women Qual-3;Denmark;857;0.98296;28,109,19,159,47,101,47,56,27,104,49,50,44,17;0.978571428571429,0.977981651376147,0.989473684210526,0.973584905660377,0.974468085106383,1.03168316831683,0.859574468085106,1.02142857142857,0.948148148148148,1.03461538461538,1.02040816326531,0.996,0.922727272727273,0.8;14;14
Eliasson Lena;EOC 2012 Sprint - Qualification-Women Qual-3;Sweden;886;0.95079;28,106,22,179,47,111,39,60,27,107,50,49,45,16;0.978571428571429,1.00566037735849,0.854545454545455,0.864804469273743,0.974468085106383,0.938738738738739,1.03589743589744,0.953333333333333,0.948148148148148,1.00560747663551,1,1.01632653061224,0.902222222222222,0.85;14;14
Lindeqvist Katri;EOC 2012 Sprint - Qualification-Women Qual-3;Finland;889;0.94758;28,105,20,165,48,109,46,61,29,113,55,51,43,16;0.978571428571429,1.0152380952381,0.94,0.938181818181818,0.954166666666667,0.955963302752294,0.878260869565217,0.937704918032787,0.882758620689655,0.952212389380531,0.909090909090909,0.976470588235294,0.944186046511628,0.85;14;14
Ward Claire;EOC 2012 Sprint - Qualification-Women Qual-3;Great Britain;890;0.94652;29,122,19,152,45,113,44,57,29,115,52,51,45,17;0.944827586206897,0.873770491803279,0.989473684210526,1.01842105263158,1.01777777777778,0.92212389380531,0.918181818181818,1.00350877192982,0.882758620689655,0.935652173913043,0.961538461538462,0.976470588235294,0.902222222222222,0.8;14;14
Taylor Catherine;EOC 2012 Sprint - Qualification-Women Qual-3;Great Britain;914;0.92166;29,112,19,185,53,110,40,65,28,110,52,54,43,14;0.944827586206897,0.951785714285714,0.989473684210526,0.836756756756757,0.864150943396226,0.947272727272727,1.01,0.88,0.914285714285714,0.978181818181818,0.961538461538462,0.922222222222222,0.944186046511628,0.971428571428571;14;14
Bagstevold Heidi Østlid;EOC 2012 Sprint - Qualification-Women Qual-3;Norway;917;0.91865;29,120,22,171,50,107,42,63,27,117,56,54,44,15;0.944827586206897,0.888333333333333,0.854545454545455,0.905263157894737,0.916,0.973831775700935,0.961904761904762,0.907936507936508,0.948148148148148,0.91965811965812,0.892857142857143,0.922222222222222,0.922727272727273,0.906666666666667;14;14
Kadan Ursula;EOC 2012 Sprint - Qualification-Women Qual-3;Austria;921;0.91466;30,127,20,159,52,113,46,65,27,118,53,53,44,14;0.913333333333333,0.839370078740157,0.94,0.973584905660377,0.880769230769231,0.92212389380531,0.878260869565217,0.88,0.948148148148148,0.911864406779661,0.943396226415094,0.939622641509434,0.922727272727273,0.971428571428571;14;14
Popovich Ekaterina;EOC 2012 Sprint - Qualification-Women Qual-3;Russia;922;0.91367;32,130,20,157,51,112,47,65,26,115,60,55,39,13;0.85625,0.82,0.94,0.985987261146497,0.898039215686274,0.930357142857143,0.859574468085106,0.88,0.984615384615385,0.935652173913043,0.833333333333333,0.905454545454545,1.04102564102564,1.04615384615385;14;14
Kutkaite Aušriné;EOC 2012 Sprint - Qualification-Women Qual-3;Lithuania;933;0.90289;31,120,22,171,53,110,52,66,26,117,53,54,45,13;0.883870967741935,0.888333333333333,0.854545454545455,0.905263157894737,0.864150943396226,0.947272727272727,0.776923076923077,0.866666666666667,0.984615384615385,0.91965811965812,0.943396226415094,0.922222222222222,0.902222222222222,1.04615384615385;14;14
Jenzer Sarina;EOC 2012 Sprint - Qualification-Women Qual-3;Switzerland;935;0.90096;37,124,20,176,46,107,58,60,26,113,61,51,41,15;0.740540540540541,0.859677419354839,0.94,0.879545454545455,0.995652173913043,0.973831775700935,0.696551724137931,0.953333333333333,0.984615384615385,0.952212389380531,0.819672131147541,0.976470588235294,0.990243902439024,0.906666666666667;14;14
Saeger Samantha;EOC 2012 Sprint - Qualification-Women Qual-3;United States;949;0.88767;33,127,26,189,49,112,48,63,26,115,53,52,42,14;0.83030303030303,0.839370078740157,0.723076923076923,0.819047619047619,0.93469387755102,0.930357142857143,0.841666666666667,0.907936507936508,0.984615384615385,0.935652173913043,0.943396226415094,0.957692307692308,0.966666666666667,0.971428571428571;14;14
Sluta Olga;EOC 2012 Sprint - Qualification-Women Qual-3;Ukraine;956;0.88117;31,126,21,163,49,126,45,65,28,124,60,56,48,14;0.883870967741935,0.846031746031746,0.895238095238095,0.949693251533742,0.93469387755102,0.826984126984127,0.897777777777778,0.88,0.914285714285714,0.867741935483871,0.833333333333333,0.889285714285714,0.845833333333333,0.971428571428571;14;14
Steiwer Kine Hallan;EOC 2012 Sprint - Qualification-Women Qual-3;Norway;980;0.85959;38,123,19,200,53,115,42,64,28,124,61,53,46,14;0.721052631578947,0.866666666666667,0.989473684210526,0.774,0.864150943396226,0.906086956521739,0.961904761904762,0.89375,0.914285714285714,0.867741935483871,0.819672131147541,0.939622641509434,0.882608695652174,0.971428571428571;14;14
Scalet Carlotta;EOC 2012 Sprint - Qualification-Women Qual-3;Italy;982;0.85784;27,137,21,191,55,119,43,69,28,121,57,53,44,17;1.01481481481481,0.778102189781022,0.895238095238095,0.810471204188482,0.832727272727273,0.87563025210084,0.93953488372093,0.828985507246377,0.914285714285714,0.889256198347107,0.87719298245614,0.939622641509434,0.922727272727273,0.8;14;14
Forsberg Anna;EOC 2012 Sprint - Qualification-Women Qual-3;Sweden;1006;0.83738;82,114,21,198,47,118,45,63,29,117,56,56,45,15;0.334146341463415,0.935087719298246,0.895238095238095,0.781818181818182,0.974468085106383,0.883050847457627,0.897777777777778,0.907936507936508,0.882758620689655,0.91965811965812,0.892857142857143,0.889285714285714,0.902222222222222,0.906666666666667;14;14
Hussey Rosalind;EOC 2012 Sprint - Qualification-Women Qual-3;Ireland;1051;0.80152;33,129,21,205,55,124,54,70,32,137,73,57,47,14;0.83030303030303,0.826356589147287,0.895238095238095,0.755121951219512,0.832727272727273,0.840322580645161,0.748148148148148,0.817142857142857,0.8,0.785401459854015,0.684931506849315,0.873684210526316,0.863829787234043,0.971428571428571;14;14
Ruul Sigrid;EOC 2012 Sprint - Qualification-Women Qual-3;Estonia;1109;0.75960;37,126,22,243,63,126,59,72,32,137,66,61,49,16;0.740540540540541,0.846031746031746,0.854545454545455,0.637037037037037,0.726984126984127,0.826984126984127,0.684745762711864,0.794444444444445,0.8,0.785401459854015,0.757575757575758,0.816393442622951,0.828571428571429,0.85;14;14
Somova Inna;EOC 2012 Sprint - Qualification-Women Qual-3;Russia;1126;0.74813;35,242,20,206,58,125,47,68,29,121,62,55,44,14;0.782857142857143,0.440495867768595,0.94,0.751456310679612,0.789655172413793,0.8336,0.859574468085106,0.841176470588235,0.882758620689655,0.889256198347107,0.806451612903226,0.905454545454545,0.922727272727273,0.971428571428571;14;14
Günaydin Selvihan;EOC 2012 Sprint - Qualification-Women Qual-3;Turkey;1250;0.67392;34,186,25,216,68,160,69,99,36,151,63,74,54,15;0.805882352941176,0.573118279569892,0.752,0.716666666666667,0.673529411764706,0.65125,0.585507246376812,0.577777777777778,0.711111111111111,0.712582781456954,0.793650793650794,0.672972972972973,0.751851851851852,0.906666666666667;14;14
Kyburz Matthias;EOC 2012 Sprint - Qualification-Men Qual-3;Switzerland;835;1.00868;36,83,28,130,31,49,66,68,21,100,27,57,61,17,31,18,12;0.947916666666667,0.978915662650602,0.955357142857143,1.01923076923077,1.02822580645161,1.01530612244898,1.04356060606061,1.03125,1.02380952380952,1.03,1.01851851851852,1,1.01844262295082,1.02941176470588,0.939516129032258,0.979166666666667,0.96875;17;17
Nikolov Kiril;EOC 2012 Sprint - Qualification-Men Qual-3;Bulgaria;856;0.98394;32,87,32,127,35,49,66,75,21,103,29,56,61,18,32,20,13;1.06640625,0.933908045977011,0.8359375,1.04330708661417,0.910714285714286,1.01530612244898,1.04356060606061,0.935,1.02380952380952,1,0.948275862068966,1.01785714285714,1.01844262295082,0.972222222222222,0.91015625,0.88125,0.894230769230769;17;17
Leandersson Jonas;EOC 2012 Sprint - Qualification-Men Qual-3;Sweden;856;0.98394;37,86,29,137,31,51,72,70,21,101,28,56,60,17,29,20,11;0.922297297297297,0.944767441860465,0.922413793103448,0.967153284671533,1.02822580645161,0.975490196078431,0.956597222222222,1.00178571428571,1.02380952380952,1.01980198019802,0.982142857142857,1.01785714285714,1.03541666666667,1.02941176470588,1.00431034482759,0.88125,1.05681818181818;17;17
Holmberg Anders;EOC 2012 Sprint - Qualification-Men Qual-3;Sweden;864;0.97483;37,82,29,129,34,54,72,70,22,103,28,57,64,19,33,19,12;0.922297297297297,0.990853658536585,0.922413793103448,1.02713178294574,0.9375,0.921296296296296,0.956597222222222,1.00178571428571,0.977272727272727,1,0.982142857142857,1,0.970703125,0.921052631578947,0.882575757575758,0.927631578947368,0.96875;17;17
Skjeset Lars;EOC 2012 Sprint - Qualification-Men Qual-3;Norway;867;0.97145;35,82,27,136,34,53,70,72,23,108,29,58,61,18,29,19,13;0.975,0.990853658536585,0.990740740740741,0.974264705882353,0.9375,0.938679245283019,0.983928571428571,0.973958333333333,0.934782608695652,0.953703703703704,0.948275862068966,0.982758620689655,1.01844262295082,0.972222222222222,1.00431034482759,0.927631578947368,0.894230769230769;17;17
Schorah David;EOC 2012 Sprint - Qualification-Men Qual-3;Great Britain;876;0.96147;36,90,25,132,33,54,71,76,21,107,29,60,66,17,30,18,11;0.947916666666667,0.902777777777778,1.07,1.00378787878788,0.965909090909091,0.921296296296296,0.970070422535211,0.922697368421053,1.02380952380952,0.962616822429907,0.948275862068966,0.95,0.941287878787879,1.02941176470588,0.970833333333333,0.979166666666667,1.05681818181818;17;17
Kyburz Andreas;EOC 2012 Sprint - Qualification-Men Qual-3;Switzerland;877;0.96038;35,82,27,141,34,50,70,77,22,111,26,58,63,19,30,19,13;0.975,0.990853658536585,0.990740740740741,0.939716312056738,0.9375,0.995,0.983928571428571,0.910714285714286,0.977272727272727,0.927927927927928,1.05769230769231,0.982758620689655,0.986111111111111,0.921052631578947,0.970833333333333,0.927631578947368,0.894230769230769;17;17
Gvildys Jonas Vytautas;EOC 2012 Sprint - Qualification-Men Qual-3;Lithuania;878;0.95928;36,78,27,161,31,51,68,72,23,102,28,57,64,19,31,18,12;0.947916666666667,1.04166666666667,0.990740740740741,0.822981366459627,1.02822580645161,0.975490196078431,1.01286764705882,0.973958333333333,0.934782608695652,1.00980392156863,0.982142857142857,1,0.970703125,0.921052631578947,0.939516129032258,0.979166666666667,0.96875;17;17
Ekeberg Bjørn;EOC 2012 Sprint - Qualification-Men Qual-3;Norway;882;0.95493;36,82,27,141,33,56,72,73,22,106,29,59,64,20,30,19,13;0.947916666666667,0.990853658536585,0.990740740740741,0.939716312056738,0.965909090909091,0.888392857142857,0.956597222222222,0.960616438356164,0.977272727272727,0.971698113207547,0.948275862068966,0.966101694915254,0.970703125,0.875,0.970833333333333,0.927631578947368,0.894230769230769;17;17
Zinca Ionut Alin;EOC 2012 Sprint - Qualification-Men Qual-3;Romania;885;0.95169;38,88,28,136,33,51,72,69,22,114,28,60,66,18,30,19,13;0.898026315789474,0.923295454545455,0.955357142857143,0.974264705882353,0.965909090909091,0.975490196078431,0.956597222222222,1.01630434782609,0.977272727272727,0.903508771929825,0.982142857142857,0.95,0.941287878787879,0.972222222222222,0.970833333333333,0.927631578947368,0.894230769230769;17;17
Suna Jussi;EOC 2012 Sprint - Qualification-Men Qual-3;Finland;887;0.94955;37,86,30,147,36,49,69,74,22,105,29,58,65,18,31,19,12;0.922297297297297,0.944767441860465,0.891666666666667,0.901360544217687,0.885416666666667,1.01530612244898,0.998188405797101,0.947635135135135,0.977272727272727,0.980952380952381,0.948275862068966,0.982758620689655,0.955769230769231,0.972222222222222,0.939516129032258,0.927631578947368,0.96875;17;17
Kerschbaumer Gernot;EOC 2012 Sprint - Qualification-Men Qual-3;Austria;888;0.94848;36,86,29,141,35,51,71,77,22,109,28,60,64,18,30,18,13;0.947916666666667,0.944767441860465,0.922413793103448,0.939716312056738,0.910714285714286,0.975490196078431,0.970070422535211,0.910714285714286,0.977272727272727,0.944954128440367,0.982142857142857,0.95,0.970703125,0.972222222222222,0.970833333333333,0.979166666666667,0.894230769230769;17;17
Sidorov Alexey;EOC 2012 Sprint - Qualification-Men Qual-3;Russia;889;0.94741;39,86,27,159,32,50,75,70,22,104,29,57,65,17,28,17,12;0.875,0.944767441860465,0.990740740740741,0.833333333333333,0.99609375,0.995,0.918333333333333,1.00178571428571,0.977272727272727,0.990384615384615,0.948275862068966,1,0.955769230769231,1.02941176470588,1.04017857142857,1.03676470588235,0.96875;17;17
Basset Lucas;EOC 2012 Sprint - Qualification-Men Qual-3;France;892;0.94423;32,83,27,146,35,55,74,73,24,108,29,59,67,19,29,19,13;1.06640625,0.978915662650602,0.990740740740741,0.907534246575342,0.910714285714286,0.904545454545455,0.930743243243243,0.960616438356164,0.895833333333333,0.953703703703704,0.948275862068966,0.966101694915254,0.927238805970149,0.921052631578947,1.00431034482759,0.927631578947368,0.894230769230769;17;17
Olsen Rune;EOC 2012 Sprint - Qualification-Men Qual-3;Denmark;897;0.93896;35,80,27,165,34,49,73,70,22,106,29,62,63,22,29,18,13;0.975,1.015625,0.990740740740741,0.803030303030303,0.9375,1.01530612244898,0.943493150684932,1.00178571428571,0.977272727272727,0.971698113207547,0.948275862068966,0.919354838709677,0.986111111111111,0.795454545454545,1.00431034482759,0.979166666666667,0.894230769230769;17;17
Krepšta Simonas;EOC 2012 Sprint - Qualification-Men Qual-3;Lithuania;899;0.93687;36,85,30,149,37,52,73,74,24,107,29,59,65,19,30,18,12;0.947916666666667,0.955882352941177,0.891666666666667,0.889261744966443,0.861486486486487,0.956730769230769,0.943493150684932,0.947635135135135,0.895833333333333,0.962616822429907,0.948275862068966,0.966101694915254,0.955769230769231,0.921052631578947,0.970833333333333,0.979166666666667,0.96875;17;17
Lenkei Zsolt;EOC 2012 Sprint - Qualification-Men Qual-3;Hungary;900;0.93583;37,87,27,150,36,53,74,75,24,106,28,59,67,18,31,16,12;0.922297297297297,0.933908045977011,0.990740740740741,0.883333333333333,0.885416666666667,0.938679245283019,0.930743243243243,0.935,0.895833333333333,0.971698113207547,0.982142857142857,0.966101694915254,0.927238805970149,0.972222222222222,0.939516129032258,1.1015625,0.96875;17;17
Kodeda Stepan;EOC 2012 Sprint - Qualification-Men Qual-3;Czech republic;901;0.93479;34,85,29,150,31,52,77,72,22,114,27,59,68,18,31,20,12;1.00367647058824,0.955882352941177,0.922413793103448,0.883333333333333,1.02822580645161,0.956730769230769,0.894480519480519,0.973958333333333,0.977272727272727,0.903508771929825,1.01851851851852,0.966101694915254,0.913602941176471,0.972222222222222,0.939516129032258,0.88125,0.96875;17;17
Nykodym Milos;EOC 2012 Sprint - Qualification-Men Qual-3;Czech republic;904;0.93169;34,81,27,140,34,53,75,78,24,113,29,64,66,20,31,21,14;1.00367647058824,1.00308641975309,0.990740740740741,0.946428571428571,0.9375,0.938679245283019,0.918333333333333,0.899038461538462,0.895833333333333,0.911504424778761,0.948275862068966,0.890625,0.941287878787879,0.875,0.939516129032258,0.839285714285714,0.830357142857143;17;17
Tenani Alessio;EOC 2012 Sprint - Qualification-Men Qual-3;Italy;909;0.92657;36,91,30,138,34,54,75,75,25,110,29,60,67,21,33,18,13;0.947916666666667,0.892857142857143,0.891666666666667,0.960144927536232,0.9375,0.921296296296296,0.918333333333333,0.935,0.86,0.936363636363636,0.948275862068966,0.95,0.927238805970149,0.833333333333333,0.882575757575758,0.979166666666667,0.894230769230769;17;17
McCarthy Ewan;EOC 2012 Sprint - Qualification-Men Qual-3;Great Britain;922;0.91350;38,91,34,154,34,53,75,76,23,109,30,60,65,18,30,21,11;0.898026315789474,0.892857142857143,0.786764705882353,0.86038961038961,0.9375,0.938679245283019,0.918333333333333,0.922697368421053,0.934782608695652,0.944954128440367,0.916666666666667,0.95,0.955769230769231,0.972222222222222,0.970833333333333,0.839285714285714,1.05681818181818;17;17
Zarevenko Pavel;EOC 2012 Sprint - Qualification-Men Qual-3;Russia;923;0.91251;45,88,35,133,36,55,82,79,23,113,29,59,68,18,30,18,12;0.758333333333333,0.923295454545455,0.764285714285714,0.996240601503759,0.885416666666667,0.904545454545455,0.839939024390244,0.887658227848101,0.934782608695652,0.911504424778761,0.948275862068966,0.966101694915254,0.913602941176471,0.972222222222222,0.970833333333333,0.979166666666667,0.96875;17;17
Dallavalle Roberto;EOC 2012 Sprint - Qualification-Men Qual-3;Italy;937;0.89888;37,83,29,159,37,53,73,82,22,118,31,60,70,22,29,20,12;0.922297297297297,0.978915662650602,0.922413793103448,0.833333333333333,0.861486486486487,0.938679245283019,0.943493150684932,0.855182926829268,0.977272727272727,0.872881355932203,0.887096774193548,0.95,0.8875,0.795454545454545,1.00431034482759,0.88125,0.96875;17;17
Lawford Ian;EOC 2012 Sprint - Qualification-Men Qual-3;Australia;942;0.89411;40,97,27,144,36,56,80,81,23,118,28,62,64,19,34,19,14;0.853125,0.837628865979381,0.990740740740741,0.920138888888889,0.885416666666667,0.888392857142857,0.8609375,0.865740740740741,0.934782608695652,0.872881355932203,0.982142857142857,0.919354838709677,0.970703125,0.921052631578947,0.856617647058823,0.927631578947368,0.830357142857143;17;17
Siegert Wolfgang;EOC 2012 Sprint - Qualification-Men Qual-3;Austria;944;0.89221;39,90,28,164,36,55,79,75,24,110,30,63,68,19,31,19,14;0.875,0.902777777777778,0.955357142857143,0.807926829268293,0.885416666666667,0.904545454545455,0.871835443037975,0.935,0.895833333333333,0.936363636363636,0.916666666666667,0.904761904761905,0.913602941176471,0.921052631578947,0.939516129032258,0.927631578947368,0.830357142857143;17;17
Kamenarov Zlatko;EOC 2012 Sprint - Qualification-Men Qual-3;Bulgaria;963;0.87461;41,92,32,168,34,53,77,82,25,114,30,62,69,20,32,19,13;0.832317073170732,0.883152173913043,0.8359375,0.788690476190476,0.9375,0.938679245283019,0.894480519480519,0.855182926829268,0.86,0.903508771929825,0.916666666666667,0.919354838709677,0.90036231884058,0.875,0.91015625,0.927631578947368,0.894230769230769;17;17
Aires Tiago;EOC 2012 Sprint - Qualification-Men Qual-3;Portugal;972;0.86651;38,90,30,174,35,55,77,87,25,115,31,63,66,19,31,21,15;0.898026315789474,0.902777777777778,0.891666666666667,0.761494252873563,0.910714285714286,0.904545454545455,0.894480519480519,0.806034482758621,0.86,0.895652173913044,0.887096774193548,0.904761904761905,0.941287878787879,0.921052631578947,0.939516129032258,0.839285714285714,0.775;17;17
Genar Jeremy;EOC 2012 Sprint - Qualification-Men Qual-3;Belgium;991;0.84990;36,87,27,150,37,64,80,85,29,123,35,74,72,22,34,22,14;0.947916666666667,0.933908045977011,0.990740740740741,0.883333333333333,0.861486486486487,0.77734375,0.8609375,0.825,0.741379310344828,0.83739837398374,0.785714285714286,0.77027027027027,0.862847222222222,0.795454545454545,0.856617647058823,0.801136363636364,0.830357142857143;17;17
Kundisch Wieland;EOC 2012 Sprint - Qualification-Men Qual-3;Germany;1011;0.83309;41,100,31,173,36,59,74,82,24,126,34,66,72,22,36,21,14;0.832317073170732,0.8125,0.862903225806452,0.765895953757225,0.885416666666667,0.843220338983051,0.930743243243243,0.855182926829268,0.895833333333333,0.817460317460317,0.808823529411765,0.863636363636364,0.862847222222222,0.795454545454545,0.809027777777778,0.839285714285714,0.830357142857143;17;17
Foppen Niels-Peter;EOC 2012 Sprint - Qualification-Men Qual-3;Netherlands;1041;0.80908;47,108,31,167,36,59,93,88,29,119,33,69,75,19,35,19,14;0.726063829787234,0.752314814814815,0.862903225806452,0.793413173652695,0.885416666666667,0.843220338983051,0.740591397849462,0.796875,0.741379310344828,0.865546218487395,0.833333333333333,0.826086956521739,0.828333333333333,0.921052631578947,0.832142857142857,0.927631578947368,0.830357142857143;17;17
Popovic Dejan;EOC 2012 Sprint - Qualification-Men Qual-3;Serbia;1114;0.75606;72,101,33,211,38,58,92,85,26,125,30,70,76,22,37,25,13;0.473958333333333,0.804455445544555,0.810606060606061,0.627962085308057,0.838815789473684,0.857758620689655,0.748641304347826,0.825,0.826923076923077,0.824,0.916666666666667,0.814285714285714,0.817434210526316,0.795454545454545,0.787162162162162,0.705,0.894230769230769;17;17
Erdogan Musa;EOC 2012 Sprint - Qualification-Men Qual-3;Turkey;1292;0.65190;212,111,32,174,61,66,90,87,27,138,32,69,82,24,51,22,14;0.160966981132075,0.731981981981982,0.8359375,0.761494252873563,0.522540983606557,0.753787878787879,0.765277777777778,0.806034482758621,0.796296296296296,0.746376811594203,0.859375,0.826086956521739,0.757621951219512,0.729166666666667,0.571078431372549,0.801136363636364,0.830357142857143;17;17
