Gueorgiou Thierry;WOC Middle Qualification-Men (MEN*Q:1);France;1756;1.03741;82,168,230,162,226,187,36,92,99,90,104,99,64,44,29,44;1.09512195121951,1.00357142857143,1.09130434782609,0.996296296296296,0.995575221238938,1.05401069518717,1.025,0.969565217391304,1.14040404040404,1.02,1.05673076923077,1.10707070707071,1.015625,0.984090909090909,0.972413793103448,0.954545454545455;16;16
Lundanes Olav;WOC Middle Qualification-Men (MEN*Q:1);Norway;1810;1.00646;85,169,256,165,220,189,38,82,131,88,105,100,63,45,31,43;1.05647058823529,0.997633136094675,0.98046875,0.978181818181818,1.02272727272727,1.04285714285714,0.971052631578947,1.08780487804878,0.861832061068702,1.04318181818182,1.04666666666667,1.096,1.03174603174603,0.962222222222222,0.909677419354839,0.976744186046512;16;16
Basset Lucas;WOC Middle Qualification-Men (MEN*Q:1);France;1895;0.96132;93,168,255,179,235,197,41,91,115,88,109,134,72,42,32,44;0.965591397849462,1.00357142857143,0.984313725490196,0.901675977653631,0.957446808510638,1.0005076142132,0.9,0.98021978021978,0.981739130434783,1.04318181818182,1.00825688073394,0.817910447761194,0.902777777777778,1.03095238095238,0.88125,0.954545454545455;16;16
Král Vojtech;WOC Middle Qualification-Men (MEN*Q:1);Czech Republic;1908;0.95477;95,171,258,182,221,209,33,90,126,106,111,113,77,42,30,44;0.945263157894737,0.985964912280702,0.972868217054264,0.886813186813187,1.01809954751131,0.943062200956938,1.11818181818182,0.991111111111111,0.896031746031746,0.866037735849057,0.99009009009009,0.969911504424779,0.844155844155844,1.03095238095238,0.94,0.954545454545455;16;16
Bobach Søren;WOC Middle Qualification-Men (MEN*Q:1);Denmark;1925;0.94634;89,172,266,178,228,201,38,94,124,118,109,118,69,44,32,45;1.00898876404494,0.980232558139535,0.943609022556391,0.906741573033708,0.986842105263158,0.980597014925373,0.971052631578947,0.948936170212766,0.910483870967742,0.777966101694915,1.00825688073394,0.928813559322034,0.942028985507246,0.984090909090909,0.88125,0.933333333333333;16;16
Rollier Baptiste;WOC Middle Qualification-Men (MEN*Q:1);Switzerland;1936;0.94096;127,162,259,163,229,207,57,94,119,98,115,117,73,42,29,45;0.707086614173228,1.04074074074074,0.969111969111969,0.990184049079755,0.982532751091703,0.952173913043478,0.647368421052632,0.948936170212766,0.948739495798319,0.936734693877551,0.955652173913044,0.936752136752137,0.89041095890411,1.03095238095238,0.972413793103448,0.933333333333333;16;16
Kratov Oleksandr;WOC Middle Qualification-Men (MEN*Q:1);Ukraine;1940;0.93902;101,175,298,160,236,206,38,91,105,90,136,107,62,52,32,51;0.889108910891089,0.963428571428571,0.842281879194631,1.00875,0.953389830508475,0.956796116504854,0.971052631578947,0.98021978021978,1.0752380952381,1.02,0.808088235294118,1.02429906542056,1.04838709677419,0.832692307692308,0.88125,0.823529411764706;16;16
Sirmais Martins;WOC Middle Qualification-Men (MEN*Q:1);Latvia;1989;0.91589;103,166,237,190,259,230,43,87,125,101,133,121,76,46,30,42;0.871844660194175,1.01566265060241,1.05907172995781,0.849473684210526,0.868725868725869,0.85695652173913,0.858139534883721,1.02528735632184,0.9032,0.908910891089109,0.826315789473684,0.905785123966942,0.855263157894737,0.941304347826087,0.94,1;16;16
Matjaž Štanfel;WOC Middle Qualification-Men (MEN*Q:1);Croatia;1995;0.91313;98,170,246,226,228,196,41,91,146,128,133,107,69,45,30,41;0.916326530612245,0.991764705882353,1.02032520325203,0.714159292035398,0.986842105263158,1.00561224489796,0.9,0.98021978021978,0.773287671232877,0.7171875,0.826315789473684,1.02429906542056,0.942028985507246,0.962222222222222,0.94,1.02439024390244;16;16
Huovila Jarkko;WOC Middle Qualification-Men (MEN*Q:1);Finland;2043;0.89168;122,181,271,165,230,223,42,100,191,97,105,126,67,51,29,43;0.736065573770492,0.931491712707182,0.92619926199262,0.978181818181818,0.978260869565217,0.883856502242152,0.878571428571429,0.892,0.591099476439791,0.94639175257732,1.04666666666667,0.86984126984127,0.970149253731343,0.849019607843137,0.972413793103448,0.976744186046512;16;16
Runesson Johan;WOC Middle Qualification-Men (MEN*Q:1);Sweden;2044;0.89124;133,190,269,157,238,259,37,131,109,104,119,117,66,45,27,43;0.675187969924812,0.887368421052632,0.933085501858736,1.02802547770701,0.945378151260504,0.761003861003861,0.997297297297297,0.680916030534351,1.03577981651376,0.882692307692308,0.923529411764706,0.936752136752137,0.984848484848485,0.962222222222222,1.04444444444444,0.976744186046512;16;16
Merl Robert;WOC Middle Qualification-Men (MEN*Q:1);Austria;2069;0.88047;97,180,260,289,272,196,38,96,126,102,123,108,72,43,27,40;0.925773195876289,0.936666666666667,0.965384615384615,0.558477508650519,0.827205882352941,1.00561224489796,0.971052631578947,0.929166666666667,0.896031746031746,0.9,0.89349593495935,1.01481481481481,0.902777777777778,1.00697674418605,1.04444444444444,1.05;16;16
Gvildys Jonas Vytautas;WOC Middle Qualification-Men (MEN*Q:1);Lithuania;2082;0.87498;97,209,247,172,244,205,39,118,138,98,111,240,53,42,25,44;0.925773195876289,0.806698564593301,1.01619433198381,0.938372093023256,0.922131147540984,0.961463414634146,0.946153846153846,0.755932203389831,0.818115942028986,0.936734693877551,0.99009009009009,0.456666666666667,1.22641509433962,1.03095238095238,1.128,0.954545454545455;16;16
Tambasov Yury;WOC Middle Qualification-Men (MEN*Q:1);Belorussia;2089;0.87204;105,214,277,152,281,198,41,96,108,94,163,163,79,44,29,45;0.855238095238095,0.78785046728972,0.906137184115523,1.06184210526316,0.800711743772242,0.995454545454545,0.9,0.929166666666667,1.04537037037037,0.976595744680851,0.674233128834356,0.67239263803681,0.822784810126582,0.984090909090909,0.972413793103448,0.933333333333333;16;16
Kamenarov Ivaylo;WOC Middle Qualification-Men (MEN*Q:1);Bulgaria;2106;0.86500;86,168,279,181,225,220,39,100,122,110,241,139,75,48,30,43;1.04418604651163,1.00357142857143,0.899641577060932,0.89171270718232,1,0.895909090909091,0.946153846153846,0.892,0.925409836065574,0.834545454545454,0.456016597510373,0.788489208633093,0.866666666666667,0.902083333333333,0.94,0.976744186046512;16;16
Nixon Mark;WOC Middle Qualification-Men (MEN*Q:1);Great Britain;2108;0.86418;110,203,269,175,289,239,39,93,137,111,124,110,91,46,30,42;0.816363636363636,0.830541871921182,0.933085501858736,0.922285714285714,0.778546712802768,0.824686192468619,0.946153846153846,0.959139784946237,0.824087591240876,0.827027027027027,0.886290322580645,0.996363636363636,0.714285714285714,0.941304347826087,0.94,1;16;16
Sild Timo;WOC Middle Qualification-Men (MEN*Q:1);Estonia;2114;0.86173;87,174,271,152,225,203,39,108,228,93,208,131,68,49,30,48;1.03218390804598,0.968965517241379,0.92619926199262,1.06184210526316,1,0.970935960591133,0.946153846153846,0.825925925925926,0.495175438596491,0.987096774193548,0.528365384615385,0.836641221374046,0.955882352941177,0.883673469387755,0.94,0.875;16;16
Bukovác Pavol;WOC Middle Qualification-Men (MEN*Q:1);Slovakia;2147;0.84849;107,203,285,190,245,285,43,94,119,103,126,153,69,49,31,45;0.839252336448598,0.830541871921182,0.880701754385965,0.849473684210526,0.918367346938776,0.691578947368421,0.858139534883721,0.948936170212766,0.948739495798319,0.89126213592233,0.872222222222222,0.716339869281046,0.942028985507246,0.883673469387755,0.909677419354839,0.933333333333333;16;16
Tsvetkov Dmitriy;WOC Middle Qualification-Men (MEN*Q:1);Russia;2160;0.84338;98,172,266,270,255,199,38,81,226,97,146,119,72,47,30,44;0.916326530612245,0.980232558139535,0.943609022556391,0.597777777777778,0.882352941176471,0.990452261306533,0.971052631578947,1.10123456790123,0.499557522123894,0.94639175257732,0.752739726027397,0.921008403361344,0.902777777777778,0.921276595744681,0.94,0.954545454545455;16;16
Li Qiaoping;WOC Middle Qualification-Men (MEN*Q:1);China;2233;0.81581;189,187,281,181,226,217,39,100,125,116,235,137,77,50,28,45;0.475132275132275,0.901604278074866,0.893238434163701,0.89171270718232,0.995575221238938,0.908294930875576,0.946153846153846,0.892,0.9032,0.791379310344828,0.467659574468085,0.8,0.844155844155844,0.866,1.00714285714286,0.933333333333333;16;16
Horta Manuel;WOC Middle Qualification-Men (MEN*Q:1);Portugal;2313;0.78759;169,216,279,200,266,235,63,140,131,134,124,155,74,51,31,45;0.531360946745562,0.780555555555556,0.899641577060932,0.807,0.845864661654135,0.838723404255319,0.585714285714286,0.637142857142857,0.861832061068702,0.685074626865672,0.886290322580645,0.707096774193548,0.878378378378378,0.849019607843137,0.909677419354839,0.933333333333333;16;16
Baumholczer Mate;WOC Middle Qualification-Men (MEN*Q:1);Hungary;2350;0.77519;204,191,274,181,276,373,40,103,147,107,115,136,74,49,31,49;0.440196078431373,0.882722513089005,0.916058394160584,0.89171270718232,0.815217391304348,0.528418230563003,0.9225,0.866019417475728,0.768027210884354,0.857943925233645,0.955652173913044,0.805882352941176,0.878378378378378,0.883673469387755,0.909677419354839,0.857142857142857;16;16
Hill Colm;WOC Middle Qualification-Men (MEN*Q:1);Ireland;2431;0.74936;105,252,317,234,250,296,54,105,156,121,135,188,94,50,32,42;0.855238095238095,0.669047619047619,0.79179810725552,0.68974358974359,0.9,0.665878378378378,0.683333333333333,0.84952380952381,0.723717948717949,0.758677685950413,0.814074074074074,0.582978723404255,0.691489361702128,0.866,0.88125,1;16;16
Scott Toby;WOC Middle Qualification-Men (MEN*Q:1);New Zealand;2432;0.74905;100,185,290,202,252,225,41,160,252,123,261,131,85,49,32,44;0.898,0.911351351351351,0.86551724137931,0.799009900990099,0.892857142857143,0.876,0.9,0.5575,0.448015873015873,0.746341463414634,0.421072796934866,0.836641221374046,0.764705882352941,0.883673469387755,0.88125,0.954545454545455;16;16
Matsuzawa Toshiyuki;WOC Middle Qualification-Men (MEN*Q:1);Japan;2453;0.74264;113,223,411,193,241,244,54,103,153,155,169,175,82,54,34,49;0.794690265486726,0.756053811659193,0.610705596107056,0.836269430051814,0.933609958506224,0.807786885245902,0.683333333333333,0.866019417475728,0.737908496732026,0.592258064516129,0.650295857988166,0.626285714285714,0.792682926829268,0.801851851851852,0.829411764705882,0.857142857142857;16;16
Reig Andreu Blanes;WOC Middle Qualification-Men (MEN*Q:1);Spain;2462;0.73993;90,176,262,209,222,430,45,96,156,124,142,247,101,63,40,59;0.997777777777778,0.957954545454545,0.958015267175573,0.772248803827751,1.01351351351351,0.458372093023256,0.82,0.929166666666667,0.723717948717949,0.740322580645161,0.773943661971831,0.443724696356275,0.643564356435644,0.687301587301587,0.705,0.711864406779661;16;16
Hribar Andraž;WOC Middle Qualification-Men (MEN*Q:1);Slovenia;2467;0.73843;94,218,314,191,280,265,44,108,215,208,162,167,76,51,29,45;0.95531914893617,0.773394495412844,0.799363057324841,0.845026178010471,0.803571428571429,0.74377358490566,0.838636363636364,0.825925925925926,0.525116279069767,0.441346153846154,0.678395061728395,0.656287425149701,0.855263157894737,0.849019607843137,0.972413793103448,0.933333333333333;16;16
Caraglio Michele;WOC Middle Qualification-Men (MEN*Q:1);Italy;2555;0.71299;102,223,274,166,263,245,45,106,339,93,274,214,92,45,30,44;0.880392156862745,0.756053811659193,0.916058394160584,0.972289156626506,0.855513307984791,0.804489795918367,0.82,0.841509433962264,0.333038348082596,0.987096774193548,0.401094890510949,0.51214953271028,0.706521739130435,0.962222222222222,0.94,0.954545454545455;16;16
Rengifo Robson Figueira;WOC Middle Qualification-Men (MEN*Q:1);Brazil;2557;0.71244;121,239,300,255,364,236,44,117,253,124,150,132,95,48,33,46;0.742148760330579,0.705439330543933,0.836666666666667,0.632941176470588,0.618131868131868,0.835169491525424,0.838636363636364,0.762393162393162,0.446245059288538,0.740322580645161,0.732666666666667,0.83030303030303,0.684210526315789,0.902083333333333,0.854545454545454,0.91304347826087;16;16
Lösch Sören;WOC Middle Qualification-Men (MEN*Q:1);Germany;2566;0.70994;112,459,269,208,276,220,46,107,323,103,115,133,71,49,30,45;0.801785714285714,0.367320261437908,0.933085501858736,0.775961538461538,0.815217391304348,0.895909090909091,0.802173913043478,0.833644859813084,0.34953560371517,0.89126213592233,0.955652173913044,0.82406015037594,0.915492957746479,0.883673469387755,0.94,0.933333333333333;16;16
Goubau Johan;WOC Middle Qualification-Men (MEN*Q:1);Belgium;2620;0.69531;106,236,279,251,332,274,55,96,313,123,203,147,79,47,32,47;0.847169811320755,0.714406779661017,0.899641577060932,0.643027888446215,0.677710843373494,0.719343065693431,0.670909090909091,0.929166666666667,0.360702875399361,0.746341463414634,0.541379310344828,0.745578231292517,0.822784810126582,0.921276595744681,0.88125,0.893617021276596;16;16
Bogya Tamas;WOC Middle Qualification-Men (MEN*Q:1);Romania;2649;0.68769;163,227,312,172,237,261,36,131,109,104,454,182,123,53,34,51;0.550920245398773,0.74273127753304,0.80448717948718,0.938372093023256,0.949367088607595,0.755172413793103,1.025,0.680916030534351,1.03577981651376,0.882692307692308,0.242070484581498,0.602197802197802,0.528455284552846,0.816981132075472,0.829411764705882,0.823529411764706;16;16
Maksimovic Blažo;WOC Middle Qualification-Men (MEN*Q:1);Serbia;2816;0.64691;316,258,286,302,261,239,46,132,177,88,271,201,98,53,34,54;0.284177215189873,0.653488372093023,0.877622377622378,0.534437086092715,0.862068965517241,0.824686192468619,0.802173913043478,0.675757575757576,0.637853107344633,1.04318181818182,0.405535055350554,0.545273631840796,0.663265306122449,0.816981132075472,0.829411764705882,0.777777777777778;16;16
Kemp Eric;WOC Middle Qualification-Men (MEN*Q:1);Canada;2923;0.62323;235,225,630,337,264,327,37,98,170,129,132,137,73,47,30,52;0.382127659574468,0.749333333333333,0.398412698412698,0.47893175074184,0.852272727272727,0.602752293577982,0.997297297297297,0.910204081632653,0.664117647058824,0.711627906976744,0.832575757575758,0.8,0.89041095890411,0.921276595744681,0.94,0.807692307692308;16;16
Bergeron Eddie;WOC Middle Qualification-Men (MEN*Q:1);United States of America;2928;0.62217;112,256,307,352,435,385,41,94,226,137,228,125,90,63,33,44;0.801785714285714,0.65859375,0.817589576547231,0.458522727272727,0.517241379310345,0.511948051948052,0.9,0.948936170212766,0.499557522123894,0.67007299270073,0.482017543859649,0.8768,0.722222222222222,0.687301587301587,0.854545454545454,0.954545454545455;16;16
Bodur Fatih;WOC Middle Qualification-Men (MEN*Q:1);Turkey;3295;0.55287;126,346,624,418,298,269,46,172,305,176,138,148,94,56,30,49;0.712698412698413,0.48728323699422,0.40224358974359,0.386124401913876,0.75503355704698,0.73271375464684,0.802173913043478,0.518604651162791,0.37016393442623,0.521590909090909,0.796376811594203,0.740540540540541,0.691489361702128,0.773214285714286,0.94,0.857142857142857;16;16
Man Chi Kin;WOC Middle Qualification-Men (MEN*Q:1);Hong Kong;3769;0.48334;169,346,403,402,336,342,67,150,400,388,223,281,117,57,38,50;0.531360946745562,0.48728323699422,0.622828784119107,0.401492537313433,0.669642857142857,0.576315789473684,0.550746268656716,0.594666666666667,0.28225,0.23659793814433,0.492825112107623,0.390035587188612,0.555555555555556,0.759649122807017,0.742105263157895,0.84;16;16
Green Jeremy;WOC Middle Qualification-Men (MEN*Q:1);Republic of South Africa;4102;0.44410;220,614,355,303,333,325,80,152,645,157,231,429,117,64,36,41;0.408181818181818,0.274592833876221,0.707042253521127,0.532673267326733,0.675675675675676,0.606461538461538,0.46125,0.586842105263158,0.175038759689922,0.584713375796178,0.475757575757576,0.255477855477855,0.555555555555556,0.6765625,0.783333333333333,1.02439024390244;16;16
Riabkina Tatyana;WOC Middle Qualification-Women (WOMEN*Q:1);Russia;2031;0.95126;115,208,106,320,136,160,65,81,174,44,102,104,85,123,65,52,36,55;0.997515527950311,0.926510989010989,0.858490566037736,1.08973214285714,0.782563025210084,0.667857142857143,0.975824175824176,0.81305114638448,0.969622331691297,0.87987012987013,1.10224089635854,1.01098901098901,0.93109243697479,1.13008130081301,0.98021978021978,0.986263736263736,0.924603174603175,0.924675324675325;18;18
Strand Lina;WOC Middle Qualification-Women (WOMEN*Q:1);Sweden;2039;0.94752;108,202,88,347,127,147,66,68,178,37,118,104,83,151,72,56,34,53;1.06216931216931,0.954031117397454,1.03409090909091,1.00494030465212,0.838020247469066,0.726919339164237,0.961038961038961,0.968487394957983,0.947833065810594,1.04633204633205,0.952784503631961,1.01098901098901,0.953528399311532,0.920529801324503,0.884920634920635,0.915816326530612,0.978991596638655,0.959568733153639;18;18
Klinting Signe;WOC Middle Qualification-Women (WOMEN*Q:1);Denmark;2057;0.93923;115,209,93,347,109,124,60,99,186,38,120,103,88,154,63,55,38,56;0.997515527950311,0.922077922077922,0.978494623655914,1.00494030465212,0.976408912188729,0.861751152073733,1.05714285714286,0.665223665223665,0.907066052227343,1.0187969924812,0.936904761904762,1.02080443828017,0.899350649350649,0.902597402597403,1.01133786848073,0.932467532467532,0.87593984962406,0.908163265306122;18;18
Rantanen Merja;WOC Middle Qualification-Women (WOMEN*Q:1);Finland;2089;0.92484;113,237,89,356,118,158,64,69,168,41,123,111,85,149,75,52,31,50;1.01517067003793,0.813140446051838,1.02247191011236,0.979534510433387,0.901937046004843,0.676311030741411,0.991071428571429,0.954451345755694,1.00425170068027,0.944250871080139,0.914053426248548,0.947232947232947,0.93109243697479,0.932885906040268,0.84952380952381,0.986263736263736,1.07373271889401,1.01714285714286;18;18
Wyder Judith;WOC Middle Qualification-Women (WOMEN*Q:1);Switzerland;2105;0.91781;179,184,132,447,82,117,64,61,153,40,119,121,78,132,62,49,32,53;0.640861931364725,1.04736024844721,0.689393939393939,0.780121444550975,1.29790940766551,0.913308913308913,0.991071428571429,1.07962529274005,1.10270774976657,0.967857142857143,0.944777911164466,0.868949232585596,1.01465201465201,1.0530303030303,1.02764976958525,1.0466472303207,1.04017857142857,0.959568733153639;18;18
Šafka Brožková Dana;WOC Middle Qualification-Women (WOMEN*Q:1);Czech Republic;2127;0.90832;120,184,113,366,122,201,60,74,167,38,111,110,70,145,106,51,35,54;0.955952380952381,1.04736024844721,0.805309734513274,0.952771272443404,0.872365339578454,0.531627576403696,1.05714285714286,0.88996138996139,1.01026518391788,1.0187969924812,1.01287001287001,0.955844155844156,1.13061224489796,0.958620689655172,0.601078167115903,1.00560224089636,0.951020408163265,0.941798941798942;18;18
Johanson Liis;WOC Middle Qualification-Women (WOMEN*Q:1);Estonia;2210;0.87421;170,207,105,357,122,200,88,64,178,43,106,106,87,150,84,55,35,53;0.674789915966386,0.930986887508627,0.866666666666667,0.976790716286515,0.872365339578454,0.534285714285714,0.720779220779221,1.02901785714286,0.947833065810594,0.900332225913621,1.06064690026954,0.991913746630728,0.909688013136289,0.926666666666667,0.758503401360544,0.932467532467532,0.951020408163265,0.959568733153639;18;18
Rybakovaite Kristina;WOC Middle Qualification-Women (WOMEN*Q:1);Lithuania;2221;0.86988;145,210,113,348,113,105,86,71,230,43,111,154,95,173,84,55,34,51;0.791133004926108,0.917687074829932,0.805309734513274,1.00205254515599,0.941845764854614,1.01768707482993,0.737541528239203,0.927565392354125,0.733540372670808,0.900332225913621,1.01287001287001,0.682745825602968,0.833082706766917,0.803468208092486,0.758503401360544,0.932467532467532,0.978991596638655,0.997198879551821;18;18
Volynska Nadiya;WOC Middle Qualification-Women (WOMEN*Q:1);Ukraine;2221;0.86988;118,204,123,370,103,160,66,72,205,43,143,114,111,180,68,54,34,53;0.972154963680387,0.944677871148459,0.739837398373984,0.942471042471043,1.03328710124827,0.667857142857143,0.961038961038961,0.91468253968254,0.822996515679443,0.900332225913621,0.786213786213786,0.922305764411028,0.712998712998713,0.772222222222222,0.936974789915966,0.94973544973545,0.978991596638655,0.959568733153639;18;18
Rothman Rachael;WOC Middle Qualification-Women (WOMEN*Q:1);Great Britain;2296;0.84146;114,206,94,380,141,128,129,136,190,41,161,115,84,153,78,54,38,54;1.0062656641604,0.935506241331484,0.968085106382979,0.917669172932331,0.754812563323202,0.834821428571429,0.491694352159468,0.484243697478992,0.88796992481203,0.944250871080139,0.698314108251996,0.914285714285714,0.942176870748299,0.908496732026144,0.816849816849817,0.94973544973545,0.87593984962406,0.941798941798942;18;18
Fasting Mari;WOC Middle Qualification-Women (WOMEN*Q:1);Norway;2308;0.83709;156,178,86,385,127,421,77,61,163,41,132,99,69,129,52,47,35,50;0.735347985347985,1.08266452648475,1.05813953488372,0.905751391465677,0.838020247469066,0.253817441465898,0.823747680890538,1.07962529274005,1.03505696757231,0.944250871080139,0.851731601731602,1.06204906204906,1.14699792960663,1.07751937984496,1.22527472527473,1.09118541033435,0.951020408163265,1.01714285714286;18;18
Elstner Elisa;WOC Middle Qualification-Women (WOMEN*Q:1);Austria;2375;0.81347;220,191,102,371,132,88,74,74,185,63,122,169,158,208,66,61,40,51;0.521428571428571,1.00897531787584,0.892156862745098,0.939930689256835,0.806277056277056,1.21428571428571,0.857142857142857,0.88996138996139,0.911969111969112,0.614512471655329,0.921545667447307,0.622147083685545,0.500904159132007,0.668269230769231,0.965367965367965,0.840749414519906,0.832142857142857,0.997198879551821;18;18
Tröße Christiane;WOC Middle Qualification-Women (WOMEN*Q:1);Germany;2443;0.79083;133,221,112,452,180,181,84,80,194,53,143,129,94,149,79,60,39,60;0.862513426423201,0.872010342598578,0.8125,0.77149178255373,0.591269841269841,0.590370955011839,0.755102040816327,0.823214285714286,0.869661266568483,0.730458221024259,0.786213786213786,0.815060908084164,0.841945288753799,0.932885906040268,0.806509945750452,0.854761904761905,0.853479853479853,0.847619047619048;18;18
Hao Shuangyan;WOC Middle Qualification-Women (WOMEN*Q:1);China;2654;0.72796;167,247,100,370,151,173,200,97,327,52,186,132,92,146,79,54,33,48;0.686911890504705,0.78021978021978,0.91,0.942471042471043,0.704824976348155,0.617671345995045,0.317142857142857,0.678939617083947,0.515945827872433,0.744505494505495,0.604454685099846,0.796536796536797,0.860248447204969,0.952054794520548,0.806509945750452,0.94973544973545,1.00865800865801,1.05952380952381;18;18
Oram Louise;WOC Middle Qualification-Women (WOMEN*Q:1);Canada;2657;0.72714;161,284,111,460,126,249,100,87,195,47,153,124,114,200,80,69,39,58;0.712511091393079,0.678571428571429,0.81981981981982,0.758074534161491,0.844671201814059,0.429145152036718,0.634285714285714,0.756978653530378,0.865201465201465,0.82370820668693,0.734827264239029,0.847926267281106,0.694235588972431,0.695,0.796428571428571,0.743271221532091,0.853479853479853,0.876847290640394;18;18
Guizzardi Michela;WOC Middle Qualification-Women (WOMEN*Q:1);Italy;2660;0.72632;162,226,237,530,226,104,65,69,199,60,159,128,89,174,70,63,42,57;0.708112874779541,0.852718078381795,0.383966244725738,0.657951482479784,0.470922882427307,1.02747252747253,0.975824175824176,0.954451345755694,0.84781048097631,0.645238095238095,0.707097933513028,0.821428571428571,0.889245585874799,0.798850574712644,0.910204081632653,0.8140589569161,0.792517006802721,0.892230576441103;18;18
Casanova Susanne;WOC Middle Qualification-Women (WOMEN*Q:1);Australia;2712;0.71239;293,287,106,462,141,118,90,84,215,44,171,132,134,150,129,67,36,53;0.391516333495856,0.671478347436536,0.858490566037736,0.754792826221398,0.754812563323202,0.905569007263923,0.704761904761905,0.784013605442177,0.784717607973422,0.87987012987013,0.657477025898079,0.796536796536797,0.590618336886994,0.926666666666667,0.49390919158361,0.76545842217484,0.924603174603175,0.959568733153639;18;18
Pasturiza Miriam;WOC Middle Qualification-Women (WOMEN*Q:1);Brazil;2726;0.70873;152,252,118,520,226,120,99,87,188,53,209,130,155,182,78,58,42,57;0.754699248120301,0.764739229024943,0.771186440677966,0.670604395604396,0.470922882427307,0.890476190476191,0.640692640692641,0.756978653530378,0.89741641337386,0.730458221024259,0.537935748462064,0.808791208791209,0.510599078341014,0.763736263736264,0.816849816849817,0.88423645320197,0.792517006802721,0.892230576441103;18;18
Kano Naoko;WOC Middle Qualification-Women (WOMEN*Q:1);Japan;2729;0.70795;170,259,121,481,138,111,87,97,285,53,160,146,174,175,115,61,42,54;0.674789915966386,0.744070601213458,0.752066115702479,0.724977724977725,0.771221532091097,0.962676962676963,0.729064039408867,0.678939617083947,0.591979949874687,0.730458221024259,0.702678571428571,0.720156555772994,0.454844006568144,0.794285714285714,0.554037267080745,0.840749414519906,0.792517006802721,0.941798941798942;18;18
Dimitrova Nataliya;WOC Middle Qualification-Women (WOMEN*Q:1);Bulgaria;2764;0.69899;148,264,90,466,98,147,286,90,182,36,297,110,156,164,78,59,36,57;0.775096525096525,0.729978354978355,1.01111111111111,0.748313917841815,1.08600583090379,0.726919339164237,0.221778221778222,0.731746031746032,0.927001569858713,1.07539682539683,0.378547378547379,0.955844155844156,0.507326007326007,0.847560975609756,0.816849816849817,0.869249394673123,0.924603174603175,0.892230576441103;18;18
Fernández-Valledor Annabel;WOC Middle Qualification-Women (WOMEN*Q:1);Spain;2845;0.67909;139,312,159,429,144,105,347,77,251,46,142,164,116,181,76,61,40,56;0.825282631038027,0.617673992673993,0.572327044025157,0.812853812853813,0.739087301587302,1.01768707482993,0.182791272128448,0.855287569573284,0.672168468981218,0.841614906832298,0.791750503018109,0.641114982578397,0.682266009852217,0.767955801104972,0.838345864661654,0.840749414519906,0.832142857142857,0.908163265306122;18;18
Oeyen Greet;WOC Middle Qualification-Women (WOMEN*Q:1);Belgium;2879;0.67107;277,267,98,486,284,195,71,69,195,82,125,127,102,218,100,68,47,68;0.414130995358432,0.721776350989834,0.928571428571429,0.717519106407995,0.374748490945674,0.547985347985348,0.893360160965795,0.954451345755694,0.865201465201465,0.47212543554007,0.899428571428571,0.827896512935883,0.775910364145658,0.637614678899083,0.637142857142857,0.754201680672269,0.708206686930091,0.747899159663866;18;18
Alekseyonok Maria;WOC Middle Qualification-Women (WOMEN*Q:1);Belorussia;2934;0.65849;127,253,114,450,169,227,78,94,283,47,168,288,110,241,98,78,51,58;0.90326209223847,0.76171654432524,0.798245614035088,0.774920634920635,0.629754860524091,0.470736312146004,0.813186813186813,0.700607902735562,0.596163553760727,0.82370820668693,0.66921768707483,0.365079365079365,0.719480519480519,0.576763485477178,0.650145772594752,0.657509157509158,0.65266106442577,0.876847290640394;18;18
Jospe Alexandra;WOC Middle Qualification-Women (WOMEN*Q:1);United States of America;3380;0.57160;183,536,116,446,143,154,88,102,340,50,353,169,225,209,93,65,44,64;0.626854020296643,0.35954157782516,0.78448275862069,0.781870595771941,0.744255744255744,0.693877551020408,0.720779220779221,0.645658263305322,0.496218487394958,0.774285714285714,0.318494536624848,0.622147083685545,0.351746031746032,0.665071770334928,0.685099846390169,0.789010989010989,0.756493506493506,0.794642857142857;18;18
Hussey Rosalind;WOC Middle Qualification-Women (WOMEN*Q:1);Ireland;3580;0.53966;177,292,156,444,169,174,135,98,312,60,495,182,339,259,116,75,38,59;0.648103309120258,0.659980430528376,0.583333333333333,0.785392535392535,0.629754860524091,0.614121510673235,0.46984126984127,0.67201166180758,0.540750915750916,0.645238095238095,0.227128427128427,0.577708006279435,0.233459755583649,0.536679536679537,0.549261083743842,0.683809523809524,0.87593984962406,0.861985472154964;18;18
Knarston Greta;WOC Middle Qualification-Women (WOMEN*Q:1);New Zealand;3674;0.52586;139,534,97,380,698,197,152,162,225,59,173,214,185,192,105,61,42,59;0.825282631038027,0.360888175494917,0.938144329896907,0.917669172932331,0.152476463364716,0.542422044960116,0.417293233082707,0.40652557319224,0.74984126984127,0.656174334140436,0.649876135425268,0.4913217623498,0.427799227799228,0.723958333333333,0.606802721088435,0.840749414519906,0.792517006802721,0.861985472154964;18;18
Flerin Mojca;WOC Middle Qualification-Women (WOMEN*Q:1);Slovenia;3682;0.52471;290,250,150,442,542,410,109,80,268,67,264,145,131,254,102,69,46,63;0.395566502463054,0.770857142857143,0.606666666666667,0.788946347769877,0.196362677912493,0.260627177700348,0.581913499344692,0.823214285714286,0.62953091684435,0.577825159914712,0.425865800865801,0.72512315270936,0.604143947655398,0.547244094488189,0.624649859943978,0.743271221532091,0.72360248447205,0.807256235827664;18;18
Uzen Sengul;WOC Middle Qualification-Women (WOMEN*Q:1);Turkey;4156;0.46487;280,386,123,602,138,368,169,218,638,52,256,182,132,296,121,78,48,69;0.40969387755102,0.499259807549963,0.739837398373984,0.579259610821073,0.771221532091097,0.290372670807453,0.375316990701606,0.302096985583224,0.264442454097627,0.744505494505495,0.439174107142857,0.577708006279435,0.5995670995671,0.469594594594595,0.526564344746163,0.657509157509158,0.693452380952381,0.737060041407867;18;18
Kerschbaumer Gernot;WOC Middle Qualification-Men (MEN*Q:2);Austria;1834;0.98004;86,152,282,155,222,210,55,93,97,109,98,103,57,45,28,42;0.981395348837209,0.960526315789474,0.940780141843972,1.02387096774194,1.01171171171171,1.02095238095238,0.967272727272727,0.897849462365591,1.02474226804124,0.942201834862385,0.994897959183674,1.02718446601942,0.866666666666667,0.951111111111111,0.996428571428571,0.995238095238095;16;16
Novikov Valentin;WOC Middle Qualification-Men (MEN*Q:2);Russia;1854;0.96947;103,138,250,142,216,238,58,79,114,123,134,94,42,43,28,52;0.819417475728155,1.05797101449275,1.0612,1.11760563380282,1.03981481481481,0.900840336134454,0.917241379310345,1.05696202531646,0.871929824561404,0.834959349593496,0.727611940298508,1.12553191489362,1.17619047619048,0.995348837209302,0.996428571428571,0.803846153846154;16;16
Daehli Magne;WOC Middle Qualification-Men (MEN*Q:2);Norway;1855;0.96895;98,146,278,172,228,224,48,82,111,99,95,112,53,39,28,42;0.861224489795918,1,0.95431654676259,0.922674418604651,0.985087719298246,0.957142857142857,1.10833333333333,1.01829268292683,0.895495495495496,1.03737373737374,1.02631578947368,0.944642857142857,0.932075471698113,1.0974358974359,0.996428571428571,0.995238095238095;16;16
Ushkvarok Pavlo;WOC Middle Qualification-Men (MEN*Q:2);Ukraine;1875;0.95861;80,144,277,160,224,222,56,88,99,109,109,109,73,47,31,47;1.055,1.01388888888889,0.957761732851986,0.991875,1.00267857142857,0.965765765765766,0.95,0.948863636363636,1.0040404040404,0.942201834862385,0.894495412844037,0.970642201834862,0.676712328767123,0.91063829787234,0.9,0.88936170212766;16;16
Sild Lauri;WOC Middle Qualification-Men (MEN*Q:2);Estonia;1890;0.95101;92,166,261,166,239,224,57,89,93,98,123,110,52,46,32,42;0.917391304347826,0.879518072289157,1.01647509578544,0.956024096385542,0.939748953974895,0.957142857142857,0.933333333333333,0.938202247191011,1.06881720430108,1.04795918367347,0.792682926829268,0.961818181818182,0.95,0.930434782608696,0.871875,0.995238095238095;16;16
Alekseyonok Aleksei;WOC Middle Qualification-Men (MEN*Q:2);Belorussia;1930;0.93130;92,149,264,161,249,237,53,91,103,124,125,108,47,46,30,51;0.917391304347826,0.979865771812081,1.00492424242424,0.985714285714286,0.902008032128514,0.90464135021097,1.00377358490566,0.917582417582418,0.96504854368932,0.828225806451613,0.78,0.97962962962963,1.05106382978723,0.930434782608696,0.93,0.819607843137255;16;16
Procházka Jan;WOC Middle Qualification-Men (MEN*Q:2);Czech Republic;1932;0.93033;87,159,268,173,239,245,50,88,100,103,97,150,54,44,31,44;0.970114942528736,0.918238993710692,0.989925373134328,0.917341040462428,0.939748953974895,0.875102040816327,1.064,0.948863636363636,0.994,0.997087378640777,1.00515463917526,0.705333333333333,0.914814814814815,0.972727272727273,0.9,0.95;16;16
Bergman Gustav;WOC Middle Qualification-Men (MEN*Q:2);Sweden;1948;0.92269;79,144,301,175,283,188,52,81,108,115,107,135,59,46,28,47;1.06835443037975,1.01388888888889,0.881395348837209,0.906857142857143,0.793639575971731,1.14042553191489,1.02307692307692,1.03086419753086,0.92037037037037,0.89304347826087,0.911214953271028,0.783703703703704,0.83728813559322,0.930434782608696,0.996428571428571,0.88936170212766;16;16
Airila Hannu;WOC Middle Qualification-Men (MEN*Q:2);Finland;1949;0.92222;88,151,275,147,237,250,54,83,108,108,133,150,48,43,31,43;0.959090909090909,0.966887417218543,0.964727272727273,1.07959183673469,0.947679324894515,0.8576,0.985185185185185,1.00602409638554,0.92037037037037,0.950925925925926,0.733082706766917,0.705333333333333,1.02916666666667,0.995348837209302,0.9,0.972093023255814;16;16
Lauenstein Marc;WOC Middle Qualification-Men (MEN*Q:2);Switzerland;1957;0.91845;87,182,257,174,224,264,133,76,110,94,96,97,48,42,29,44;0.970114942528736,0.802197802197802,1.03229571984436,0.912068965517241,1.00267857142857,0.812121212121212,0.4,1.09868421052632,0.903636363636364,1.09255319148936,1.015625,1.09072164948454,1.02916666666667,1.01904761904762,0.962068965517241,0.95;16;16
Lassen Tue;WOC Middle Qualification-Men (MEN*Q:2);Denmark;1964;0.91517;83,145,267,142,259,261,56,88,108,113,109,143,71,45,31,43;1.01686746987952,1.00689655172414,0.993632958801498,1.11760563380282,0.867181467181467,0.821455938697318,0.95,0.948863636363636,0.92037037037037,0.908849557522124,0.894495412844037,0.73986013986014,0.695774647887324,0.951111111111111,0.9,0.972093023255814;16;16
Lenkei Zsolt;WOC Middle Qualification-Men (MEN*Q:2);Hungary;1966;0.91424;80,157,321,172,293,193,58,106,102,114,95,105,56,45,27,42;1.055,0.929936305732484,0.826479750778816,0.922674418604651,0.766552901023891,1.11088082901554,0.917241379310345,0.787735849056604,0.974509803921569,0.900877192982456,1.02631578947368,1.00761904761905,0.882142857142857,0.951111111111111,1.03333333333333,0.995238095238095;16;16
Mihailovs Kalvis;WOC Middle Qualification-Men (MEN*Q:2);Latvia;1986;0.90504;90,150,292,177,228,300,57,89,122,104,90,118,49,43,31,46;0.937777777777778,0.973333333333333,0.908561643835616,0.896610169491525,0.985087719298246,0.714666666666667,0.933333333333333,0.938202247191011,0.814754098360656,0.9875,1.08333333333333,0.896610169491525,1.00816326530612,0.995348837209302,0.9,0.908695652173913;16;16
Adamski Philippe;WOC Middle Qualification-Men (MEN*Q:2);France;2010;0.89423;88,141,256,220,233,277,61,86,112,98,143,129,47,46,29,44;0.959090909090909,1.0354609929078,1.036328125,0.721363636363636,0.963948497854077,0.774007220216607,0.872131147540984,0.970930232558139,0.8875,1.04795918367347,0.681818181818182,0.82015503875969,1.05106382978723,0.930434782608696,0.962068965517241,0.95;16;16
Morrison Ross;WOC Middle Qualification-Men (MEN*Q:2);New Zealand;2031;0.88498;89,175,318,188,253,267,56,88,98,105,103,119,54,46,30,42;0.948314606741573,0.834285714285714,0.834276729559748,0.844148936170213,0.887747035573123,0.802996254681648,0.95,0.948863636363636,1.01428571428571,0.978095238095238,0.946601941747573,0.889075630252101,0.914814814814815,0.930434782608696,0.93,0.995238095238095;16;16
Seppi Marco;WOC Middle Qualification-Men (MEN*Q:2);Italy;2129;0.84425;86,166,311,170,251,261,60,105,148,127,114,141,63,50,32,44;0.981395348837209,0.879518072289157,0.853054662379421,0.933529411764706,0.894820717131474,0.821455938697318,0.886666666666667,0.795238095238095,0.671621621621622,0.808661417322835,0.855263157894737,0.750354609929078,0.784126984126984,0.856,0.871875,0.95;16;16
Pawlak Bartosz;WOC Middle Qualification-Men (MEN*Q:2);Poland;2153;0.83484;118,164,281,263,222,250,66,84,186,115,109,121,54,49,29,42;0.715254237288136,0.890243902439024,0.944128113879004,0.603422053231939,1.01171171171171,0.8576,0.806060606060606,0.994047619047619,0.534408602150538,0.89304347826087,0.894495412844037,0.874380165289256,0.914814814814815,0.873469387755102,0.962068965517241,0.995238095238095;16;16
Beliunas Vytautas;WOC Middle Qualification-Men (MEN*Q:2);Lithuania;2159;0.83252;99,154,303,186,256,217,74,95,123,122,147,138,131,43,29,42;0.852525252525253,0.948051948051948,0.875577557755776,0.853225806451613,0.87734375,0.988018433179723,0.718918918918919,0.878947368421053,0.808130081300813,0.841803278688525,0.663265306122449,0.766666666666667,0.377099236641221,0.995348837209302,0.962068965517241,0.995238095238095;16;16
Uppill Simon;WOC Middle Qualification-Men (MEN*Q:2);Australia;2175;0.82639;100,159,298,327,228,248,95,127,86,112,96,112,69,46,30,42;0.844,0.918238993710692,0.890268456375839,0.485321100917431,0.985087719298246,0.864516129032258,0.56,0.65748031496063,1.15581395348837,0.916964285714286,1.015625,0.944642857142857,0.715942028985507,0.930434782608696,0.93,0.995238095238095;16;16
Dávidík Marián;WOC Middle Qualification-Men (MEN*Q:2);Slovakia;2230;0.80601;94,161,281,199,248,219,65,108,123,146,123,134,208,46,30,45;0.897872340425532,0.906832298136646,0.944128113879004,0.79748743718593,0.905645161290323,0.978995433789954,0.818461538461538,0.773148148148148,0.808130081300813,0.703424657534247,0.792682926829268,0.78955223880597,0.2375,0.930434782608696,0.93,0.928888888888889;16;16
Hendrickx Tomas;WOC Middle Qualification-Men (MEN*Q:2);Belgium;2238;0.80313;97,169,286,230,232,336,138,98,122,109,111,123,63,47,32,45;0.870103092783505,0.863905325443787,0.927622377622378,0.69,0.968103448275862,0.638095238095238,0.385507246376812,0.852040816326531,0.814754098360656,0.942201834862385,0.878378378378378,0.860162601626016,0.784126984126984,0.91063829787234,0.871875,0.928888888888889;16;16
Tullie Douglas;WOC Middle Qualification-Men (MEN*Q:2);Great Britain;2288;0.78558;90,165,292,264,279,234,67,256,125,129,98,108,60,44,30,47;0.937777777777778,0.884848484848485,0.908561643835616,0.601136363636364,0.805017921146953,0.916239316239316,0.794029850746269,0.326171875,0.7952,0.796124031007752,0.994897959183674,0.97962962962963,0.823333333333333,0.972727272727273,0.93,0.88936170212766;16;16
Granovskiy Boris;WOC Middle Qualification-Men (MEN*Q:2);United States of America;2328;0.77208;106,167,340,229,251,261,108,119,139,135,133,139,65,58,33,45;0.79622641509434,0.874251497005988,0.780294117647059,0.693013100436681,0.894820717131474,0.821455938697318,0.492592592592593,0.701680672268908,0.715107913669065,0.760740740740741,0.733082706766917,0.761151079136691,0.76,0.737931034482759,0.845454545454545,0.928888888888889;16;16
Brandt Christoph;WOC Middle Qualification-Men (MEN*Q:2);Germany;2377;0.75616;95,164,330,193,232,285,61,159,215,147,163,131,79,49,29,45;0.888421052631579,0.890243902439024,0.803939393939394,0.822279792746114,0.968103448275862,0.752280701754386,0.872131147540984,0.525157232704403,0.462325581395349,0.698639455782313,0.598159509202454,0.807633587786259,0.625316455696203,0.873469387755102,0.962068965517241,0.928888888888889;16;16
Pasturiza Leandro Pereira;WOC Middle Qualification-Men (MEN*Q:2);Brazil;2411;0.74550;110,156,299,186,447,246,72,129,196,111,125,127,70,46,38,53;0.767272727272727,0.935897435897436,0.887290969899666,0.853225806451613,0.502460850111857,0.871544715447155,0.738888888888889,0.647286821705426,0.507142857142857,0.925225225225225,0.78,0.833070866141732,0.705714285714286,0.930434782608696,0.734210526315789,0.788679245283019;16;16
Kamenarov Zlatko;WOC Middle Qualification-Men (MEN*Q:2);Bulgaria;2426;0.74089;113,197,340,425,244,286,58,96,108,110,116,137,72,52,29,43;0.746902654867257,0.741116751269036,0.780294117647059,0.373411764705882,0.920491803278689,0.74965034965035,0.917241379310345,0.869791666666667,0.92037037037037,0.933636363636364,0.84051724137931,0.772262773722628,0.686111111111111,0.823076923076923,0.962068965517241,0.972093023255814;16;16
Leal Tiago Gingão;WOC Middle Qualification-Men (MEN*Q:2);Portugal;2440;0.73664;116,171,321,224,240,292,70,114,226,176,124,139,95,54,31,47;0.727586206896552,0.853801169590643,0.826479750778816,0.708482142857143,0.935833333333333,0.734246575342466,0.76,0.732456140350877,0.439823008849558,0.583522727272727,0.786290322580645,0.761151079136691,0.52,0.792592592592593,0.9,0.88936170212766;16;16
Postica Igori;WOC Middle Qualification-Men (MEN*Q:2);Moldova;2455;0.73214;125,225,332,257,272,258,68,105,154,165,149,149,59,48,33,56;0.6752,0.648888888888889,0.799096385542169,0.617509727626459,0.825735294117647,0.831007751937984,0.782352941176471,0.795238095238095,0.645454545454546,0.622424242424242,0.654362416107383,0.71006711409396,0.83728813559322,0.891666666666667,0.845454545454545,0.746428571428571;16;16
Konotopetz Damian;WOC Middle Qualification-Men (MEN*Q:2);Canada;2539;0.70792;134,152,354,347,270,228,111,110,117,133,186,225,58,42,26,46;0.629850746268657,0.960526315789474,0.749435028248588,0.457348703170029,0.831851851851852,0.940350877192982,0.479279279279279,0.759090909090909,0.84957264957265,0.77218045112782,0.524193548387097,0.470222222222222,0.851724137931034,1.01904761904762,1.07307692307692,0.908695652173913;16;16
Muela Luis Nogueira de La;WOC Middle Qualification-Men (MEN*Q:2);Spain;2547;0.70569;101,391,291,205,222,219,128,108,185,131,143,231,63,51,32,46;0.835643564356436,0.373401534526854,0.911683848797251,0.774146341463415,1.01171171171171,0.978995433789954,0.415625,0.773148148148148,0.537297297297297,0.783969465648855,0.681818181818182,0.458008658008658,0.784126984126984,0.83921568627451,0.871875,0.908695652173913;16;16
Suciu Simion;WOC Middle Qualification-Men (MEN*Q:2);Romania;2628;0.68394;106,165,319,185,266,386,52,109,314,171,215,149,61,51,33,46;0.79622641509434,0.884848484848485,0.83166144200627,0.857837837837838,0.844360902255639,0.555440414507772,1.02307692307692,0.76605504587156,0.31656050955414,0.600584795321637,0.453488372093023,0.71006711409396,0.80983606557377,0.83921568627451,0.845454545454545,0.908695652173913;16;16
Burke Darren;WOC Middle Qualification-Men (MEN*Q:2);Ireland;2709;0.66349;96,173,325,313,244,344,65,174,269,164,185,142,83,52,31,49;0.879166666666667,0.84393063583815,0.816307692307692,0.50702875399361,0.920491803278689,0.623255813953488,0.818461538461538,0.479885057471264,0.369516728624535,0.626219512195122,0.527027027027027,0.745070422535211,0.595180722891566,0.823076923076923,0.9,0.853061224489796;16;16
Yi Zhihui;WOC Middle Qualification-Men (MEN*Q:2);China;2962;0.60682;120,226,310,520,289,320,140,114,189,159,191,176,83,52,30,43;0.703333333333333,0.646017699115044,0.855806451612903,0.305192307692308,0.777162629757785,0.67,0.38,0.732456140350877,0.525925925925926,0.645911949685535,0.510471204188482,0.601136363636364,0.595180722891566,0.823076923076923,0.93,0.972093023255814;16;16
Ri Kyong Sa;WOC Middle Qualification-Men (MEN*Q:2);DPR Korea;3050;0.58931;148,223,396,296,363,299,87,251,154,165,223,189,87,71,39,59;0.57027027027027,0.654708520179372,0.669949494949495,0.536148648648649,0.618732782369146,0.717056856187291,0.611494252873563,0.332669322709163,0.645454545454546,0.622424242424242,0.437219730941704,0.55978835978836,0.567816091954023,0.602816901408451,0.715384615384615,0.708474576271186;16;16
Sakuramoto Shinichiro;WOC Middle Qualification-Men (MEN*Q:2);Japan;3255;0.55220;187,229,349,227,759,398,72,111,198,164,159,186,73,61,37,45;0.451336898395722,0.637554585152838,0.760171919770774,0.699118942731278,0.295915678524374,0.538693467336683,0.738888888888889,0.752252252252252,0.502020202020202,0.626219512195122,0.613207547169811,0.568817204301075,0.676712328767123,0.701639344262295,0.754054054054054,0.928888888888889;16;16
Erdogan Musa;WOC Middle Qualification-Men (MEN*Q:2);Turkey;3264;0.55067;113,183,668,248,330,512,70,118,164,168,237,160,138,61,40,54;0.746902654867257,0.797814207650273,0.397155688622755,0.63991935483871,0.680606060606061,0.41875,0.76,0.707627118644068,0.60609756097561,0.611309523809524,0.411392405063291,0.66125,0.357971014492754,0.701639344262295,0.6975,0.774074074074074;16;16
Crone Michael;WOC Middle Qualification-Men (MEN*Q:2);Republic of South Africa;3709;0.48461;315,364,404,345,271,337,130,317,407,190,222,209,77,55,27,39;0.267936507936508,0.401098901098901,0.656683168316832,0.46,0.828782287822878,0.63620178041543,0.409230769230769,0.263406940063092,0.244226044226044,0.540526315789474,0.439189189189189,0.50622009569378,0.641558441558442,0.778181818181818,1.03333333333333,1.07179487179487;16;16
Heikoop Mark;WOC Middle Qualification-Men (MEN*Q:2);Netherlands;3875;0.46385;177,293,541,390,401,408,120,178,235,207,260,289,172,82,51,71;0.47683615819209,0.498293515358362,0.490388170055453,0.406923076923077,0.560099750623441,0.525490196078431,0.443333333333333,0.469101123595506,0.422978723404255,0.496135265700483,0.375,0.366089965397924,0.287209302325581,0.521951219512195,0.547058823529412,0.588732394366197;16;16
Alexandersson Tove;WOC Middle Qualification-Women (WOMEN*Q:2);Sweden;1838;1.00163;101,180,72,306,140,96,43,53,177,42,47,125,87,152,77,51,34,55;1.01838755304102,1.05555555555556,0.984126984126984,1.07002801120448,0.989795918367347,1.08035714285714,0.823920265780731,1,0.962873284907183,0.874149659863946,1.04863221884498,1.03314285714286,0.847290640394089,0.959586466165414,0.998144712430427,1.01960784313725,1.01260504201681,0.922077922077922;18;18
Kauppi Minna;WOC Middle Qualification-Women (WOMEN*Q:2);Finland;1938;0.94995;95,191,64,300,133,249,34,58,162,37,49,130,71,138,81,55,36,55;1.08270676691729,0.994764397905759,1.10714285714286,1.09142857142857,1.04189044038668,0.416523235800344,1.04201680672269,0.913793103448276,1.05202821869489,0.992277992277992,1.00583090379009,0.993406593406593,1.03822937625755,1.05693581780538,0.948853615520282,0.945454545454545,0.956349206349206,0.922077922077922;18;18
Lüscher Sara;WOC Middle Qualification-Women (WOMEN*Q:2);Switzerland;1954;0.94217;101,192,78,324,146,84,43,51,230,38,47,134,76,194,76,52,34,54;1.01838755304102,0.989583333333333,0.908424908424909,1.01058201058201,0.949119373776908,1.23469387755102,0.823920265780731,1.03921568627451,0.740993788819876,0.966165413533835,1.04863221884498,0.963752665245203,0.969924812030075,0.751840942562592,1.01127819548872,1,1.01260504201681,0.939153439153439;18;18
Bobach Ida;WOC Middle Qualification-Women (WOMEN*Q:2);Denmark;2017;0.91274;100,191,79,331,173,219,37,52,175,37,50,125,74,151,76,56,38,53;1.02857142857143,0.994764397905759,0.896925858951175,0.989210185584808,0.800990916597853,0.473581213307241,0.957528957528958,1.01923076923077,0.973877551020408,0.992277992277992,0.985714285714286,1.03314285714286,0.996138996138996,0.965941343424787,1.01127819548872,0.928571428571429,0.906015037593985,0.956873315363881;18;18
Trubkina Anastasia;WOC Middle Qualification-Women (WOMEN*Q:2);Russia;2026;0.90869;106,200,78,356,160,122,47,60,177,65,56,143,75,154,82,56,35,54;0.970350404312669,0.95,0.908424908424909,0.919743178170145,0.866071428571429,0.850117096018735,0.753799392097264,0.883333333333333,0.962873284907183,0.564835164835165,0.880102040816326,0.903096903096903,0.982857142857143,0.947124304267161,0.937282229965157,0.928571428571429,0.983673469387755,0.939153439153439;18;18
Ward Claire;WOC Middle Qualification-Women (WOMEN*Q:2);Great Britain;2082;0.88425;128,198,76,323,147,120,37,90,174,36,55,145,141,172,85,59,40,56;0.803571428571429,0.95959595959596,0.932330827067669,1.01371074745688,0.942662779397473,0.864285714285714,0.957528957528958,0.588888888888889,0.979474548440066,1.01984126984127,0.896103896103896,0.89064039408867,0.522796352583587,0.848006644518272,0.904201680672269,0.88135593220339,0.860714285714286,0.905612244897959;18;18
Wisniewska Hanna;WOC Middle Qualification-Women (WOMEN*Q:2);Poland;2082;0.88425;114,205,84,358,162,98,46,90,183,43,64,162,94,151,85,52,37,54;0.902255639097744,0.926829268292683,0.843537414965986,0.914604948124501,0.855379188712522,1.05830903790087,0.770186335403727,0.588888888888889,0.931303669008587,0.853820598006645,0.770089285714286,0.797178130511464,0.78419452887538,0.965941343424787,0.904201680672269,1,0.930501930501931,0.939153439153439;18;18
Skrastina Aija;WOC Middle Qualification-Women (WOMEN*Q:2);Latvia;2194;0.83911;174,256,74,352,151,159,48,70,175,47,56,146,78,166,99,52,36,55;0.591133004926108,0.7421875,0.957528957528958,0.930194805194805,0.917691579943236,0.652291105121294,0.738095238095238,0.757142857142857,0.973877551020408,0.781155015197568,0.880102040816326,0.88454011741683,0.945054945054945,0.878657487091222,0.776334776334776,1,0.956349206349206,0.922077922077922;18;18
Kirchlechner Christine;WOC Middle Qualification-Women (WOMEN*Q:2);Italy;2198;0.83758;123,225,79,394,223,106,59,69,184,43,65,160,96,151,84,51,36,50;0.836236933797909,0.844444444444444,0.896925858951175,0.831036983321247,0.621396540679052,0.978436657681941,0.600484261501211,0.768115942028985,0.926242236024845,0.853820598006645,0.758241758241758,0.807142857142857,0.767857142857143,0.965941343424787,0.914965986394558,1.01960784313725,0.956349206349206,1.01428571428571;18;18
Kazlauskaite Inga;WOC Middle Qualification-Women (WOMEN*Q:2);Lithuania;2203;0.83568;188,205,83,378,134,159,43,57,171,50,57,154,139,148,94,54,35,54;0.547112462006079,0.926829268292683,0.853700516351119,0.866213151927438,1.03411513859275,0.652291105121294,0.823920265780731,0.929824561403509,0.996658312447786,0.734285714285714,0.864661654135338,0.838589981447124,0.530318602261048,0.985521235521235,0.817629179331307,0.962962962962963,0.983673469387755,0.939153439153439;18;18
Arbter Anja;WOC Middle Qualification-Women (WOMEN*Q:2);Austria;2244;0.82041;126,228,91,371,176,171,52,59,197,70,65,144,92,141,120,54,33,54;0.816326530612245,0.833333333333333,0.778649921507064,0.882556796303427,0.787337662337662,0.606516290726817,0.681318681318681,0.898305084745763,0.865119651921682,0.524489795918367,0.758241758241758,0.896825396825397,0.801242236024845,1.03444782168186,0.640476190476191,0.962962962962963,1.04329004329004,0.939153439153439;18;18
Round Vanessa;WOC Middle Qualification-Women (WOMEN*Q:2);Australia;2286;0.80534;103,197,78,386,152,371,34,52,171,48,53,142,115,153,85,56,39,51;0.998613037447989,0.964467005076142,0.908424908424909,0.848260547742413,0.911654135338346,0.279553330766269,1.04201680672269,1.01923076923077,0.996658312447786,0.764880952380952,0.929919137466307,0.909456740442656,0.640993788819876,0.953314659197012,0.904201680672269,0.928571428571429,0.882783882783883,0.994397759103641;18;18
Arqués Anna Serrallonga;WOC Middle Qualification-Women (WOMEN*Q:2);Spain;2425;0.75918;167,251,120,473,175,121,46,67,190,90,56,165,90,176,89,59,35,55;0.615911035072712,0.756972111553785,0.59047619047619,0.692237994563576,0.791836734693878,0.857142857142857,0.770186335403727,0.791044776119403,0.896992481203007,0.407936507936508,0.880102040816326,0.782683982683983,0.819047619047619,0.828733766233766,0.863563402889246,0.88135593220339,0.983673469387755,0.922077922077922;18;18
Shandurkova Iliana;WOC Middle Qualification-Women (WOMEN*Q:2);Bulgaria;2432;0.75699;153,268,84,409,184,165,47,75,200,67,109,158,84,185,94,60,39,51;0.672268907563025,0.708955223880597,0.843537414965986,0.800558854348585,0.753105590062112,0.628571428571429,0.753799392097264,0.706666666666667,0.852142857142857,0.547974413646055,0.4521625163827,0.817359855334539,0.877551020408163,0.788416988416988,0.817629179331307,0.866666666666667,0.882783882783883,0.994397759103641;18;18
Bjorgul Ida Marie Ness;WOC Middle Qualification-Women (WOMEN*Q:2);Norway;2496;0.73758;119,208,64,419,135,631,35,52,181,35,47,126,68,161,71,57,38,49;0.864345738295318,0.913461538461538,1.10714285714286,0.78145243777702,1.02645502645503,0.164364953588408,1.01224489795918,1.01923076923077,0.941594317284925,1.04897959183673,1.04863221884498,1.0249433106576,1.08403361344538,0.905944986690328,1.08249496981891,0.912280701754386,0.906015037593985,1.03498542274052;18;18
Rihma Annika;WOC Middle Qualification-Women (WOMEN*Q:2);Estonia;2501;0.73611;142,181,80,373,318,116,37,57,176,41,97,397,110,141,90,55,40,50;0.724346076458753,1.04972375690608,0.885714285714286,0.877824588280352,0.435759209344115,0.894088669950739,0.957528957528958,0.929824561403509,0.968344155844156,0.895470383275261,0.508100147275405,0.325296869377474,0.67012987012987,1.03444782168186,0.853968253968254,0.945454545454545,0.860714285714286,1.01428571428571;18;18
Bochenková Ivana;WOC Middle Qualification-Women (WOMEN*Q:2);Czech Republic;2567;0.71718;114,413,72,356,174,106,39,58,186,71,102,243,144,244,88,60,39,58;0.902255639097744,0.460048426150121,0.984126984126984,0.919743178170145,0.796387520525452,0.978436657681941,0.908424908424909,0.913793103448276,0.916282642089094,0.517102615694165,0.483193277310924,0.531452087007643,0.511904761904762,0.597775175644028,0.873376623376623,0.866666666666667,0.882783882783883,0.874384236453202;18;18
Rieznychenko Olga;WOC Middle Qualification-Women (WOMEN*Q:2);Ukraine;2580;0.71357;114,254,92,743,189,160,49,59,218,38,61,130,74,185,75,52,35,52;0.902255639097744,0.748031496062992,0.770186335403727,0.440684483753124,0.73318216175359,0.648214285714286,0.723032069970846,0.898305084745763,0.78178243774574,0.966165413533835,0.807962529274005,0.993406593406593,0.996138996138996,0.788416988416988,1.0247619047619,1,0.983673469387755,0.975274725274725;18;18
Wang Yingwei;WOC Middle Qualification-Women (WOMEN*Q:2);China;2614;0.70428;118,259,101,455,171,196,40,68,191,44,75,184,83,381,103,56,37,52;0.871670702179177,0.733590733590734,0.701555869872702,0.719623233908948,0.810359231411863,0.529154518950437,0.885714285714286,0.779411764705882,0.892296185489903,0.834415584415584,0.657142857142857,0.701863354037267,0.888123924268503,0.382827146606674,0.746185852981969,0.928571428571429,0.930501930501931,0.975274725274725;18;18
Morrison Kate;WOC Middle Qualification-Women (WOMEN*Q:2);New Zealand;2743;0.67116;146,224,94,411,177,187,39,437,165,42,65,154,166,180,107,56,37,56;0.704500978473581,0.848214285714286,0.753799392097264,0.796663190823775,0.782889426957224,0.554621848739496,0.908424908424909,0.121281464530892,1.03290043290043,0.874149659863946,0.758241758241758,0.838589981447124,0.444061962134251,0.81031746031746,0.718291054739653,0.928571428571429,0.930501930501931,0.905612244897959;18;18
Burgess Hannah;WOC Middle Qualification-Women (WOMEN*Q:2);United States of America;2809;0.65539;180,372,96,480,157,253,44,64,195,48,67,177,141,230,105,82,48,70;0.571428571428571,0.510752688172043,0.738095238095238,0.682142857142857,0.882620564149227,0.409937888198758,0.805194805194805,0.828125,0.873992673992674,0.764880952380952,0.735607675906183,0.729620661824052,0.522796352583587,0.63416149068323,0.731972789115646,0.634146341463415,0.717261904761905,0.724489795918367;18;18
Kundisch Sieglinde;WOC Middle Qualification-Women (WOMEN*Q:2);Germany;2818;0.65330;150,397,74,457,274,155,56,71,260,48,62,181,80,219,181,58,39,56;0.685714285714286,0.478589420654912,0.957528957528958,0.716473898093154,0.505735140771637,0.669124423963134,0.63265306122449,0.746478873239437,0.655494505494505,0.764880952380952,0.794930875576037,0.713496448303078,0.921428571428571,0.666014350945858,0.424625098658248,0.896551724137931,0.882783882783883,0.905612244897959;18;18
Domjan Zsuzsanna;WOC Middle Qualification-Women (WOMEN*Q:2);Hungary;3057;0.60222;134,257,237,640,197,328,61,73,200,56,58,183,92,226,143,71,42,59;0.767590618336887,0.739299610894942,0.298975286317058,0.511607142857143,0.703408266860044,0.316202090592334,0.5807962529274,0.726027397260274,0.852142857142857,0.655612244897959,0.849753694581281,0.705698672911788,0.801242236024845,0.645385587863464,0.537462537462537,0.732394366197183,0.819727891156463,0.85956416464891;18;18
Largey Ciara;WOC Middle Qualification-Women (WOMEN*Q:2);Ireland;3082;0.59734;161,449,162,548,195,236,48,70,205,82,74,186,225,161,127,61,40,52;0.638864241348713,0.423162583518931,0.437389770723104,0.597497393117831,0.710622710622711,0.439467312348668,0.738095238095238,0.757142857142857,0.831358885017422,0.447735191637631,0.666023166023166,0.69431643625192,0.327619047619048,0.905944986690328,0.605174353205849,0.852459016393443,0.860714285714286,0.975274725274725;18;18
Geypen Kim;WOC Middle Qualification-Women (WOMEN*Q:2);Belgium;3138;0.58668;144,234,97,698,135,632,34,54,182,36,52,134,217,158,173,69,36,53;0.714285714285714,0.811965811965812,0.730486008836524,0.469095374539501,1.02645502645503,0.164104882459313,1.04201680672269,0.981481481481482,0.936420722135008,1.01984126984127,0.947802197802198,0.963752665245203,0.339697169190257,0.923146473779385,0.444260941370768,0.753623188405797,0.956349206349206,0.956873315363881;18;18
Klapouskaya Nastsia;WOC Middle Qualification-Women (WOMEN*Q:2);Belorussia;3759;0.48976;142,600,181,465,222,504,54,90,303,57,111,268,167,288,134,73,43,57;0.724346076458753,0.316666666666667,0.39147592738753,0.704147465437788,0.624195624195624,0.20578231292517,0.656084656084656,0.588888888888889,0.562470532767562,0.644110275689223,0.444015444015444,0.481876332622601,0.441402908468777,0.506448412698413,0.573560767590618,0.712328767123288,0.800664451827243,0.889724310776942;18;18
Aydin Selvihan;WOC Middle Qualification-Women (WOMEN*Q:2);Turkey;3944;0.46678;420,327,139,683,268,308,77,79,288,61,82,260,167,453,153,68,43,68;0.244897959183673,0.581039755351682,0.509763617677287,0.479397615561598,0.517057569296375,0.336734693877551,0.460111317254174,0.670886075949367,0.591765873015873,0.601873536299766,0.601045296167247,0.496703296703297,0.441402908468777,0.321980447808262,0.502334267040149,0.764705882352941,0.800664451827243,0.745798319327731;18;18
Kaas Carl Waaler;WOC Middle Qualification-Men (MEN*Q:3);Norway;1761;0.99818;90,143,246,149,227,190,39,82,81,112,99,121,61,45,31,45;0.988888888888889,1.01748251748252,1.06178861788618,0.948993288590604,0.970925110132159,1.01473684210526,0.907692307692308,1.03292682926829,0.97037037037037,1.025,1.05353535353535,0.913223140495868,1.06229508196721,0.977777777777778,0.919354838709677,0.931111111111111;16;16
Hertner Fabian;WOC Middle Qualification-Men (MEN*Q:3);Switzerland;1770;0.99311;93,140,265,131,235,203,36,85,78,112,96,103,75,45,28,45;0.956989247311828,1.03928571428571,0.985660377358491,1.0793893129771,0.937872340425532,0.949753694581281,0.983333333333333,0.996470588235294,1.00769230769231,1.025,1.08645833333333,1.07281553398058,0.864,0.977777777777778,1.01785714285714,0.931111111111111;16;16
Bertuks Edgars;WOC Middle Qualification-Men (MEN*Q:3);Latvia;1774;0.99087;86,148,259,133,211,204,35,84,85,115,112,106,82,43,27,44;1.03488372093023,0.983108108108108,1.00849420849421,1.06315789473684,1.04454976303318,0.945098039215686,1.01142857142857,1.00833333333333,0.924705882352941,0.998260869565217,0.93125,1.04245283018868,0.790243902439024,1.02325581395349,1.05555555555556,0.952272727272727;16;16
Öberg Peter;WOC Middle Qualification-Men (MEN*Q:3);Sweden;1795;0.97928;118,144,257,135,203,183,48,78,78,133,128,106,65,45,29,45;0.754237288135593,1.01041666666667,1.01634241245136,1.04740740740741,1.08571428571429,1.05355191256831,0.7375,1.08589743589744,1.00769230769231,0.863157894736842,0.81484375,1.04245283018868,0.996923076923077,0.977777777777778,0.982758620689655,0.931111111111111;16;16
Zinca Ionut;WOC Middle Qualification-Men (MEN*Q:3);Romania;1884;0.93301;88,147,271,186,215,184,34,113,75,147,105,128,74,47,28,42;1.01136363636364,0.989795918367347,0.963837638376384,0.760215053763441,1.02511627906977,1.04782608695652,1.04117647058824,0.749557522123894,1.048,0.780952380952381,0.993333333333333,0.86328125,0.875675675675676,0.936170212765957,1.01785714285714,0.997619047619048;16;16
Ikonen Pasi;WOC Middle Qualification-Men (MEN*Q:3);Finland;1891;0.92956;92,140,257,142,224,199,38,84,75,110,115,220,64,51,32,48;0.967391304347826,1.03928571428571,1.01634241245136,0.995774647887324,0.983928571428571,0.968844221105528,0.931578947368421,1.00833333333333,1.048,1.04363636363636,0.90695652173913,0.502272727272727,1.0125,0.862745098039216,0.890625,0.872916666666667;16;16
Mamleev Mikhail;WOC Middle Qualification-Men (MEN*Q:3);Italy;1893;0.92858;98,147,252,147,207,203,38,102,91,126,138,155,69,49,29,42;0.908163265306122,0.989795918367347,1.03650793650794,0.961904761904762,1.06473429951691,0.949753694581281,0.931578947368421,0.830392156862745,0.863736263736264,0.911111111111111,0.755797101449275,0.712903225806452,0.939130434782609,0.897959183673469,0.982758620689655,0.997619047619048;16;16
Gonon Francois;WOC Middle Qualification-Men (MEN*Q:3);France;1900;0.92516;85,141,258,158,340,171,35,79,70,116,138,133,60,44,29,43;1.04705882352941,1.03191489361702,1.01240310077519,0.894936708860759,0.648235294117647,1.12748538011696,1.01142857142857,1.07215189873418,1.12285714285714,0.989655172413793,0.755797101449275,0.830827067669173,1.08,1,0.982758620689655,0.974418604651163;16;16
Krajcík Michal;WOC Middle Qualification-Men (MEN*Q:3);Slovakia;1911;0.91983;91,154,288,146,230,217,37,102,115,119,114,111,70,42,30,45;0.978021978021978,0.944805194805195,0.906944444444444,0.968493150684932,0.958260869565217,0.888479262672811,0.956756756756757,0.830392156862745,0.683478260869565,0.964705882352941,0.914912280701754,0.995495495495496,0.925714285714286,1.04761904761905,0.95,0.931111111111111;16;16
Kärner Olle;WOC Middle Qualification-Men (MEN*Q:3);Estonia;1918;0.91648;98,169,276,151,259,207,36,84,80,144,122,113,61,45,30,43;0.908163265306122,0.86094674556213,0.946376811594203,0.936423841059603,0.850965250965251,0.931400966183575,0.983333333333333,1.00833333333333,0.9825,0.797222222222222,0.854918032786885,0.97787610619469,1.06229508196721,0.977777777777778,0.95,0.974418604651163;16;16
Gristwood Graham;WOC Middle Qualification-Men (MEN*Q:3);Great Britain;1920;0.91552;96,165,285,145,293,187,40,93,85,126,111,106,69,46,29,44;0.927083333333333,0.881818181818182,0.916491228070175,0.975172413793103,0.75221843003413,1.03101604278075,0.885,0.910752688172043,0.924705882352941,0.911111111111111,0.93963963963964,1.04245283018868,0.939130434782609,0.956521739130435,0.982758620689655,0.952272727272727;16;16
Novikov Leonid;WOC Middle Qualification-Men (MEN*Q:3);Russia;1931;0.91031;86,151,283,147,248,274,31,91,111,101,95,126,63,45,30,49;1.03488372093023,0.963576158940397,0.922968197879859,0.961904761904762,0.888709677419355,0.703649635036496,1.14193548387097,0.930769230769231,0.708108108108108,1.13663366336634,1.09789473684211,0.876984126984127,1.02857142857143,0.977777777777778,0.95,0.855102040816326;16;16
Friedrichs Bjarne;WOC Middle Qualification-Men (MEN*Q:3);Germany;2057;0.85455;92,174,311,143,379,207,44,95,79,114,97,127,70,44,34,47;0.967391304347826,0.836206896551724,0.839871382636656,0.988811188811189,0.581530343007916,0.931400966183575,0.804545454545455,0.891578947368421,0.994936708860759,1.00701754385965,1.07525773195876,0.87007874015748,0.925714285714286,1,0.838235294117647,0.891489361702128;16;16
Krepsta Simonas;WOC Middle Qualification-Men (MEN*Q:3);Lithuania;2063;0.85206;89,167,274,238,293,208,36,106,87,148,117,107,72,48,30,43;1,0.87125748502994,0.953284671532847,0.594117647058824,0.75221843003413,0.926923076923077,0.983333333333333,0.799056603773585,0.903448275862069,0.775675675675676,0.891452991452991,1.03271028037383,0.9,0.916666666666667,0.95,0.974418604651163;16;16
Pasquasy Fabien;WOC Middle Qualification-Men (MEN*Q:3);Belgium;2092;0.84025;142,203,273,164,227,254,42,87,92,133,129,150,76,46,31,43;0.626760563380282,0.716748768472906,0.956776556776557,0.86219512195122,0.970925110132159,0.759055118110236,0.842857142857143,0.973563218390805,0.854347826086956,0.863157894736842,0.808527131782946,0.736666666666667,0.852631578947368,0.956521739130435,0.919354838709677,0.974418604651163;16;16
Atanasov Vladimir;WOC Middle Qualification-Men (MEN*Q:3);Bulgaria;2093;0.83985;111,158,311,173,245,270,40,96,106,137,107,121,96,50,31,41;0.801801801801802,0.920886075949367,0.839871382636656,0.817341040462428,0.899591836734694,0.714074074074074,0.885,0.882291666666667,0.741509433962264,0.837956204379562,0.974766355140187,0.913223140495868,0.675,0.88,0.919354838709677,1.0219512195122;16;16
Glibov Ruslan;WOC Middle Qualification-Men (MEN*Q:3);Ukraine;2134;0.82371;96,163,315,145,264,308,36,101,106,123,107,167,75,50,30,48;0.927083333333333,0.892638036809816,0.829206349206349,0.975172413793103,0.834848484848485,0.625974025974026,0.983333333333333,0.838613861386139,0.741509433962264,0.933333333333333,0.974766355140187,0.661676646706587,0.864,0.88,0.95,0.872916666666667;16;16
Kubát Pavel;WOC Middle Qualification-Men (MEN*Q:3);Czech Republic;2140;0.82140;104,154,278,168,244,311,40,172,91,155,115,111,75,53,29,40;0.855769230769231,0.944805194805195,0.939568345323741,0.841666666666667,0.90327868852459,0.619935691318328,0.885,0.492441860465116,0.863736263736264,0.740645161290323,0.90695652173913,0.995495495495496,0.864,0.830188679245283,0.982758620689655,1.0475;16;16
Mikhalkin Dmitry;WOC Middle Qualification-Men (MEN*Q:3);Belorussia;2144;0.81987;105,178,317,182,258,215,42,103,113,134,169,122,66,60,32,48;0.847619047619048,0.817415730337079,0.82397476340694,0.776923076923077,0.854263565891473,0.896744186046512,0.842857142857143,0.822330097087379,0.695575221238938,0.856716417910448,0.617159763313609,0.905737704918033,0.981818181818182,0.733333333333333,0.890625,0.872916666666667;16;16
Wartbichler Christian;WOC Middle Qualification-Men (MEN*Q:3);Austria;2189;0.80302;98,167,297,165,302,224,43,102,150,126,140,180,80,48,27,40;0.908163265306122,0.87125748502994,0.879461279461279,0.856969696969697,0.729801324503311,0.860714285714286,0.823255813953488,0.830392156862745,0.524,0.911111111111111,0.745,0.613888888888889,0.81,0.916666666666667,1.05555555555556,1.0475;16;16
Silva Miguel;WOC Middle Qualification-Men (MEN*Q:3);Portugal;2217;0.79287;127,160,301,205,252,263,58,96,98,131,115,208,77,51,31,44;0.700787401574803,0.909375,0.867774086378738,0.689756097560976,0.874603174603175,0.733079847908745,0.610344827586207,0.882291666666667,0.802040816326531,0.876335877862595,0.90695652173913,0.53125,0.841558441558442,0.862745098039216,0.919354838709677,0.952272727272727;16;16
Zsebehazy Istvan;WOC Middle Qualification-Men (MEN*Q:3);Hungary;2298;0.76493;99,179,336,169,286,264,45,171,94,145,146,148,84,50,33,49;0.898989898989899,0.812849162011173,0.777380952380952,0.836686390532544,0.770629370629371,0.73030303030303,0.786666666666667,0.495321637426901,0.836170212765957,0.791724137931034,0.714383561643836,0.746621621621622,0.771428571428571,0.88,0.863636363636364,0.855102040816326;16;16
Liang Xiyuan;WOC Middle Qualification-Men (MEN*Q:3);China;2391;0.73517;113,175,318,274,272,245,69,113,151,156,137,160,78,56,30,44;0.787610619469027,0.831428571428571,0.821383647798742,0.516058394160584,0.810294117647059,0.786938775510204,0.513043478260869,0.749557522123894,0.520529801324503,0.735897435897436,0.761313868613139,0.690625,0.830769230769231,0.785714285714286,0.95,0.952272727272727;16;16
Bone Eric;WOC Middle Qualification-Men (MEN*Q:3);United States of America;2392;0.73487;110,186,381,217,252,252,47,120,126,144,179,162,82,50,33,51;0.809090909090909,0.782258064516129,0.685564304461942,0.651612903225806,0.874603174603175,0.765079365079365,0.753191489361702,0.705833333333333,0.623809523809524,0.797222222222222,0.58268156424581,0.682098765432099,0.790243902439024,0.88,0.863636363636364,0.82156862745098;16;16
Yagishita Dai;WOC Middle Qualification-Men (MEN*Q:3);Japan;2430;0.72337;118,196,359,189,263,277,49,108,120,141,121,259,85,53,39,53;0.754237288135593,0.74234693877551,0.727576601671309,0.748148148148148,0.838022813688213,0.696028880866426,0.722448979591837,0.784259259259259,0.655,0.814184397163121,0.86198347107438,0.426640926640927,0.762352941176471,0.830188679245283,0.730769230769231,0.790566037735849;16;16
Cambridge Tane;WOC Middle Qualification-Men (MEN*Q:3);New Zealand;2489;0.70623;91,165,671,157,225,226,39,98,98,138,223,157,84,42,30,45;0.978021978021978,0.881818181818182,0.389269746646796,0.900636942675159,0.979555555555556,0.853097345132743,0.907692307692308,0.864285714285714,0.802040816326531,0.831884057971015,0.467713004484305,0.703821656050955,0.771428571428571,1.04761904761905,0.95,0.931111111111111;16;16
Short Ruairi;WOC Middle Qualification-Men (MEN*Q:3);Ireland;2508;0.70088;115,191,382,207,331,319,52,113,99,148,120,208,88,56,33,46;0.773913043478261,0.761780104712042,0.683769633507853,0.683091787439614,0.665861027190332,0.604388714733542,0.680769230769231,0.749557522123894,0.793939393939394,0.775675675675676,0.869166666666667,0.53125,0.736363636363636,0.785714285714286,0.863636363636364,0.910869565217391;16;16
Isciuc Ivan;WOC Middle Qualification-Men (MEN*Q:3);Moldova;2619;0.67117;124,177,363,177,256,271,46,106,198,182,212,297,78,54,33,45;0.717741935483871,0.822033898305085,0.719559228650138,0.798870056497175,0.8609375,0.711439114391144,0.769565217391304,0.799056603773585,0.396969696969697,0.630769230769231,0.491981132075472,0.372053872053872,0.830769230769231,0.814814814814815,0.863636363636364,0.931111111111111;16;16
Kacmaz Ahmet;WOC Middle Qualification-Men (MEN*Q:3);Turkey;2846;0.61764;151,214,317,169,468,243,43,159,300,232,143,188,86,59,31,43;0.589403973509934,0.679906542056075,0.82397476340694,0.836686390532544,0.470940170940171,0.793415637860082,0.823255813953488,0.532704402515723,0.262,0.494827586206897,0.729370629370629,0.587765957446808,0.753488372093023,0.745762711864407,0.919354838709677,0.974418604651163;16;16
Martinez Antonio;WOC Middle Qualification-Men (MEN*Q:3);Spain;2894;0.60739;102,173,295,173,326,204,104,123,205,231,486,260,80,49,32,51;0.872549019607843,0.841040462427746,0.885423728813559,0.817341040462428,0.676073619631902,0.945098039215686,0.340384615384615,0.688617886178862,0.383414634146341,0.496969696969697,0.214609053497942,0.425,0.81,0.897959183673469,0.890625,0.82156862745098;16;16
Mulder Nicholas;WOC Middle Qualification-Men (MEN*Q:3);Republic of South Africa;2958;0.59425;134,205,359,356,532,240,86,223,113,180,138,153,94,55,35,55;0.664179104477612,0.709756097560976,0.727576601671309,0.397191011235955,0.414285714285714,0.803333333333333,0.411627906976744,0.379820627802691,0.695575221238938,0.637777777777778,0.755797101449275,0.722222222222222,0.68936170212766,0.8,0.814285714285714,0.761818181818182;16;16
Teutsch Jeffrey;WOC Middle Qualification-Men (MEN*Q:3);Canada;3204;0.54863;134,199,356,428,527,336,64,171,172,200,142,225,101,62,36,51;0.664179104477612,0.731155778894472,0.733707865168539,0.330373831775701,0.418216318785579,0.573809523809524,0.553125,0.495321637426901,0.456976744186047,0.574,0.734507042253521,0.491111111111111,0.641584158415842,0.709677419354839,0.791666666666667,0.82156862745098;16;16
Buselli Francisco;WOC Middle Qualification-Men (MEN*Q:3);Argentina;3237;0.54303;224,249,423,241,344,302,58,152,309,274,179,221,107,67,36,51;0.397321428571429,0.58433734939759,0.617494089834515,0.586721991701245,0.640697674418605,0.63841059602649,0.610344827586207,0.557236842105263,0.254368932038835,0.418978102189781,0.58268156424581,0.5,0.605607476635514,0.656716417910448,0.791666666666667,0.82156862745098;16;16
Almeida Ronaldo;WOC Middle Qualification-Men (MEN*Q:3);Brazil;3424;0.51338;385,192,445,211,326,327,51,136,220,185,351,346,116,54,31,48;0.231168831168831,0.7578125,0.586966292134831,0.670142180094787,0.676073619631902,0.58960244648318,0.694117647058824,0.622794117647059,0.357272727272727,0.620540540540541,0.297150997150997,0.319364161849711,0.558620689655172,0.814814814814815,0.919354838709677,0.872916666666667;16;16
Van De Riet Gerrit;WOC Middle Qualification-Men (MEN*Q:3);Netherlands;3598;0.48855;161,358,452,348,420,374,70,179,149,223,264,267,145,86,46,56;0.552795031055901,0.406424581005587,0.57787610619469,0.40632183908046,0.524761904761905,0.515508021390374,0.505714285714286,0.473184357541899,0.52751677852349,0.514798206278027,0.395075757575758,0.413857677902622,0.446896551724138,0.511627906976744,0.619565217391304,0.748214285714286;16;16
Yip Gerald;WOC Middle Qualification-Men (MEN*Q:3);Hong Kong;3715;0.47316;202,421,433,497,311,275,58,141,360,223,356,175,126,63,32,42;0.440594059405941,0.345605700712589,0.603233256351039,0.284507042253521,0.708681672025724,0.701090909090909,0.610344827586207,0.600709219858156,0.218333333333333,0.514798206278027,0.292977528089888,0.631428571428571,0.514285714285714,0.698412698412698,0.890625,0.997619047619048;16;16
Kirov Riste;WOC Middle Qualification-Men (MEN*Q:3);Macedonia;4086;0.43020;154,630,485,456,442,357,142,171,215,240,161,317,132,85,40,59;0.577922077922078,0.230952380952381,0.538556701030928,0.310087719298246,0.498642533936652,0.540056022408964,0.249295774647887,0.495321637426901,0.365581395348837,0.478333333333333,0.647826086956522,0.348580441640379,0.490909090909091,0.517647058823529,0.7125,0.710169491525424;16;16
Niggli-Luder Simone;WOC Middle Qualification-Women (WOMEN*Q:3);Switzerland;1918;0.96943;112,213,79,294,107,159,38,56,221,37,74,108,74,147,63,51,33,52;1.02678571428571,1.02230046948357,1.00949367088608,1.1343537414966,1.06542056074766,0.631289308176101,0.967105263157895,1.01785714285714,0.756221719457014,0.993243243243243,1.03378378378378,1.06597222222222,1.01013513513514,0.915816326530612,1.03373015873016,0.990196078431373,1.03787878787879,0.971153846153846;18;18
Chataing Amélie;WOC Middle Qualification-Women (WOMEN*Q:3);France;1955;0.95109;118,234,79,341,130,147,34,55,159,36,79,130,71,143,57,53,37,52;0.974576271186441,0.930555555555556,1.00949367088608,0.978005865102639,0.876923076923077,0.682823129251701,1.08088235294118,1.03636363636364,1.05110062893082,1.02083333333333,0.968354430379747,0.885576923076923,1.05281690140845,0.941433566433566,1.14254385964912,0.952830188679245,0.925675675675676,0.971153846153846;18;18
Duchová Iveta;WOC Middle Qualification-Women (WOMEN*Q:3);Czech Republic;2029;0.91640;144,203,84,357,125,148,44,64,173,55,73,125,80,140,78,50,34,52;0.798611111111111,1.07266009852217,0.949404761904762,0.934173669467787,0.912,0.678209459459459,0.835227272727273,0.890625,0.966040462427746,0.668181818181818,1.04794520547945,0.921,0.934375,0.961607142857143,0.834935897435897,1.01,1.00735294117647,0.971153846153846;18;18
Bagstevold Heidi Østlid;WOC Middle Qualification-Women (WOMEN*Q:3);Norway;2033;0.91460;170,229,78,337,106,93,45,65,156,40,85,121,168,140,59,52,37,52;0.676470588235294,0.950873362445415,1.0224358974359,0.989614243323442,1.07547169811321,1.07930107526882,0.816666666666667,0.876923076923077,1.0713141025641,0.91875,0.9,0.951446280991736,0.444940476190476,0.961607142857143,1.10381355932203,0.971153846153846,0.925675675675676,0.971153846153846;18;18
Gyurko Fanni;WOC Middle Qualification-Women (WOMEN*Q:3);Hungary;2059;0.90305;145,261,119,315,144,140,40,62,174,37,74,113,75,138,73,54,36,59;0.793103448275862,0.834291187739464,0.670168067226891,1.05873015873016,0.791666666666667,0.716964285714286,0.91875,0.919354838709677,0.960488505747126,0.993243243243243,1.03378378378378,1.01880530973451,0.996666666666667,0.97554347826087,0.892123287671233,0.935185185185185,0.951388888888889,0.855932203389831;18;18
Palmer Helen;WOC Middle Qualification-Women (WOMEN*Q:3);Great Britain;2079;0.89436;115,234,87,356,107,117,52,68,170,41,99,139,92,172,81,58,37,54;1,0.930555555555556,0.916666666666667,0.936797752808989,1.06542056074766,0.857905982905983,0.706730769230769,0.838235294117647,0.983088235294118,0.896341463414634,0.772727272727273,0.828237410071942,0.8125,0.782703488372093,0.804012345679012,0.870689655172414,0.925675675675676,0.935185185185185;18;18
Billstam Annika;WOC Middle Qualification-Women (WOMEN*Q:3);Sweden;2114;0.87955;111,198,79,322,300,156,36,54,154,36,116,113,118,122,65,45,35,54;1.03603603603604,1.09974747474747,1.00949367088608,1.03571428571429,0.38,0.643429487179487,1.02083333333333,1.05555555555556,1.08522727272727,1.02083333333333,0.65948275862069,1.01880530973451,0.633474576271186,1.10348360655738,1.00192307692308,1.12222222222222,0.978571428571429,0.935185185185185;18;18
Dambe Inga;WOC Middle Qualification-Women (WOMEN*Q:3);Latvia;2169;0.85725;198,217,81,388,236,91,38,69,177,37,89,113,96,126,72,53,37,51;0.580808080808081,1.00345622119816,0.984567901234568,0.859536082474227,0.483050847457627,1.10302197802198,0.967105263157895,0.826086956521739,0.944209039548023,0.993243243243243,0.859550561797753,1.01880530973451,0.778645833333333,1.06845238095238,0.904513888888889,0.952830188679245,0.925675675675676,0.990196078431373;18;18
Kinni Saila;WOC Middle Qualification-Women (WOMEN*Q:3);Finland;2201;0.84479;114,236,119,408,248,90,39,66,182,39,84,124,71,132,79,71,40,59;1.00877192982456,0.922669491525424,0.670168067226891,0.817401960784314,0.459677419354839,1.11527777777778,0.942307692307692,0.863636363636364,0.918269230769231,0.942307692307692,0.910714285714286,0.928427419354839,1.05281690140845,1.01988636363636,0.824367088607595,0.711267605633803,0.85625,0.855932203389831;18;18
Alm Maja;WOC Middle Qualification-Women (WOMEN*Q:3);Denmark;2282;0.81480;120,220,85,606,125,210,36,61,174,36,80,109,75,137,75,47,33,53;0.958333333333333,0.989772727272727,0.938235294117647,0.5503300330033,0.912,0.47797619047619,1.02083333333333,0.934426229508197,0.960488505747126,1.02083333333333,0.95625,1.05619266055046,0.996666666666667,0.982664233576642,0.868333333333333,1.07446808510638,1.03787878787879,0.952830188679245;18;18
Ingham Lizzie;WOC Middle Qualification-Women (WOMEN*Q:3);New Zealand;2282;0.81480;113,228,122,390,144,171,35,63,224,81,84,124,147,149,67,53,36,51;1.01769911504425,0.955043859649123,0.653688524590164,0.855128205128205,0.791666666666667,0.586988304093567,1.05,0.904761904761905,0.74609375,0.453703703703704,0.910714285714286,0.928427419354839,0.508503401360544,0.903523489932886,0.972014925373134,0.952830188679245,0.951388888888889,0.990196078431373;18;18
Rebane Kirti;WOC Middle Qualification-Women (WOMEN*Q:3);Estonia;2301;0.80807;161,253,119,395,127,133,38,62,184,48,84,132,125,175,105,61,42,57;0.714285714285714,0.860671936758893,0.670168067226891,0.844303797468354,0.897637795275591,0.754699248120301,0.967105263157895,0.919354838709677,0.908288043478261,0.765625,0.910714285714286,0.872159090909091,0.598,0.769285714285714,0.620238095238095,0.827868852459016,0.81547619047619,0.885964912280702;18;18
Ražaityte Gabija;WOC Middle Qualification-Women (WOMEN*Q:3);Lithuania;2318;0.80215;117,248,127,378,232,106,39,57,243,62,88,143,115,154,67,55,35,52;0.982905982905983,0.878024193548387,0.627952755905512,0.882275132275132,0.491379310344828,0.946933962264151,0.942307692307692,1,0.687757201646091,0.592741935483871,0.869318181818182,0.80506993006993,0.65,0.874188311688312,0.972014925373134,0.918181818181818,0.978571428571429,0.971153846153846;18;18
Kadan Ursula;WOC Middle Qualification-Women (WOMEN*Q:3);Austria;2348;0.79190;120,263,126,372,111,170,47,58,177,36,112,146,144,250,75,57,36,48;0.958333333333333,0.827946768060836,0.632936507936508,0.896505376344086,1.02702702702703,0.590441176470588,0.781914893617021,0.982758620689655,0.944209039548023,1.02083333333333,0.683035714285714,0.788527397260274,0.519097222222222,0.5385,0.868333333333333,0.885964912280702,0.951388888888889,1.05208333333333;18;18
Perramon Ona Rafols;WOC Middle Qualification-Women (WOMEN*Q:3);Spain;2365;0.78621;143,290,91,415,106,155,58,71,213,45,111,155,112,166,82,63,37,52;0.804195804195804,0.750862068965517,0.876373626373626,0.803614457831325,1.07547169811321,0.64758064516129,0.633620689655172,0.802816901408451,0.78462441314554,0.816666666666667,0.689189189189189,0.742741935483871,0.667410714285714,0.810993975903614,0.794207317073171,0.801587301587302,0.925675675675676,0.971153846153846;18;18
Vinogradova Nataliya;WOC Middle Qualification-Women (WOMEN*Q:3);Russia;2381;0.78092;280,363,73,346,130,150,42,55,268,42,71,131,72,142,79,58,32,47;0.410714285714286,0.599862258953168,1.09246575342466,0.963872832369942,0.876923076923077,0.669166666666667,0.875,1.03636363636364,0.623600746268657,0.875,1.07746478873239,0.87881679389313,1.03819444444444,0.94806338028169,0.824367088607595,0.870689655172414,1.0703125,1.07446808510638;18;18
Doetsch Esther;WOC Middle Qualification-Women (WOMEN*Q:3);Germany;2454;0.75769;131,249,100,407,239,129,45,151,208,122,95,120,82,153,72,55,38,58;0.877862595419847,0.874497991967871,0.7975,0.819410319410319,0.476987447698745,0.778100775193798,0.816666666666667,0.377483443708609,0.803485576923077,0.301229508196721,0.805263157894737,0.959375,0.911585365853659,0.879901960784314,0.904513888888889,0.918181818181818,0.901315789473684,0.870689655172414;18;18
Fabré Miek;WOC Middle Qualification-Women (WOMEN*Q:3);Belgium;2587;0.71874;161,263,115,426,187,282,54,80,191,48,81,158,143,170,83,55,39,51;0.714285714285714,0.827946768060836,0.693478260869565,0.782863849765258,0.609625668449198,0.355939716312057,0.680555555555556,0.7125,0.875,0.765625,0.944444444444444,0.728639240506329,0.522727272727273,0.791911764705882,0.784638554216867,0.918181818181818,0.878205128205128,0.990196078431373;18;18
Costa Raquel;WOC Middle Qualification-Women (WOMEN*Q:3);Portugal;2596;0.71625;185,320,110,442,131,183,64,104,217,56,135,163,91,159,78,62,40,56;0.621621621621622,0.68046875,0.725,0.754524886877828,0.870229007633588,0.548497267759563,0.57421875,0.548076923076923,0.770161290322581,0.65625,0.566666666666667,0.706288343558282,0.821428571428571,0.846698113207547,0.834935897435897,0.814516129032258,0.85625,0.901785714285714;18;18
Danylova Anastasiia;WOC Middle Qualification-Women (WOMEN*Q:3);Ukraine;2698;0.68917;146,238,100,534,125,166,51,60,187,39,113,349,200,156,71,57,37,69;0.787671232876712,0.914915966386555,0.7975,0.624531835205993,0.912,0.604668674698795,0.720588235294118,0.95,0.893716577540107,0.942307692307692,0.676991150442478,0.32987106017192,0.37375,0.862980769230769,0.917253521126761,0.885964912280702,0.925675675675676,0.731884057971015;18;18
Minagawa Mikiko;WOC Middle Qualification-Women (WOMEN*Q:3);Japan;2770;0.67125;149,708,136,438,137,87,45,70,192,44,80,161,82,180,105,63,40,53;0.771812080536913,0.307556497175141,0.586397058823529,0.761415525114155,0.832116788321168,1.15373563218391,0.816666666666667,0.814285714285714,0.870442708333333,0.835227272727273,0.95625,0.715062111801242,0.911585365853659,0.747916666666667,0.620238095238095,0.801587301587302,0.85625,0.952830188679245;18;18
Lauenstein Sandra;WOC Middle Qualification-Women (WOMEN*Q:3);United States of America;2792;0.66597;150,388,90,407,140,159,46,82,214,47,321,150,152,201,76,67,41,61;0.766666666666667,0.561211340206186,0.886111111111111,0.819410319410319,0.814285714285714,0.631289308176101,0.798913043478261,0.695121951219512,0.780957943925234,0.781914893617021,0.238317757009346,0.7675,0.491776315789474,0.669776119402985,0.856907894736842,0.753731343283582,0.835365853658537,0.827868852459016;18;18
Scalet Carlotta;WOC Middle Qualification-Women (WOMEN*Q:3);Italy;2885;0.64450;239,241,114,409,257,90,45,71,303,57,146,188,92,353,113,62,44,61;0.481171548117155,0.903526970954357,0.699561403508772,0.815403422982885,0.443579766536965,1.11527777777778,0.816666666666667,0.802816901408451,0.551567656765677,0.644736842105263,0.523972602739726,0.612367021276596,0.8125,0.381373937677054,0.576327433628319,0.814516129032258,0.778409090909091,0.827868852459016;18;18
Prendergast Aislinn;WOC Middle Qualification-Women (WOMEN*Q:3);Australia;2899;0.64138;367,242,140,384,175,263,49,65,234,50,102,136,163,268,98,75,36,52;0.313351498637602,0.899793388429752,0.569642857142857,0.868489583333333,0.651428571428571,0.381653992395437,0.75,0.876923076923077,0.714209401709402,0.735,0.75,0.846507352941177,0.458588957055215,0.502332089552239,0.664540816326531,0.673333333333333,0.951388888888889,0.971153846153846;18;18
Yurok Irina;WOC Middle Qualification-Women (WOMEN*Q:3);Belorussia;3021;0.61548;192,317,165,509,230,176,68,97,351,60,102,174,98,210,105,70,39,58;0.598958333333333,0.686908517350158,0.483333333333333,0.655206286836935,0.495652173913044,0.5703125,0.540441176470588,0.587628865979381,0.476139601139601,0.6125,0.75,0.661637931034483,0.762755102040816,0.641071428571429,0.620238095238095,0.721428571428571,0.878205128205128,0.870689655172414;18;18
Mo Qiaohong;WOC Middle Qualification-Women (WOMEN*Q:3);China;3138;0.59254;295,295,99,709,142,131,135,106,258,61,127,167,107,250,98,62,43,53;0.389830508474576,0.738135593220339,0.805555555555556,0.470380818053597,0.802816901408451,0.766221374045801,0.272222222222222,0.537735849056604,0.647771317829457,0.602459016393443,0.602362204724409,0.68937125748503,0.698598130841122,0.5385,0.664540816326531,0.814516129032258,0.796511627906977,0.952830188679245;18;18
Jovanovic Sladjana;WOC Middle Qualification-Women (WOMEN*Q:3);Serbia;3195;0.58196;165,308,107,418,640,131,48,148,273,58,150,144,80,258,97,66,45,59;0.696969696969697,0.706980519480519,0.745327102803738,0.797846889952153,0.178125,0.766221374045801,0.765625,0.385135135135135,0.612179487179487,0.633620689655172,0.51,0.799479166666667,0.934375,0.521802325581395,0.67139175257732,0.765151515151515,0.761111111111111,0.855932203389831;18;18
De Carvalho Tânia Maria J.;WOC Middle Qualification-Women (WOMEN*Q:3);Brazil;3394;0.54784;324,445,133,518,180,300,74,83,263,47,87,271,98,208,188,73,44,58;0.354938271604938,0.489325842696629,0.599624060150376,0.643822393822394,0.633333333333333,0.334583333333333,0.496621621621622,0.686746987951807,0.635456273764259,0.781914893617021,0.879310344827586,0.424815498154982,0.762755102040816,0.647235576923077,0.346409574468085,0.691780821917808,0.778409090909091,0.870689655172414;18;18
Yu Tsz Ying;WOC Middle Qualification-Women (WOMEN*Q:3);Hong Kong;3789;0.49073;331,345,142,712,158,172,55,88,647,72,118,242,120,297,111,70,42,67;0.347432024169184,0.631159420289855,0.561619718309859,0.468398876404494,0.721518987341772,0.583575581395349,0.668181818181818,0.647727272727273,0.258307573415765,0.510416666666667,0.648305084745763,0.475723140495868,0.622916666666667,0.453282828282828,0.586711711711712,0.721428571428571,0.81547619047619,0.753731343283582;18;18
Cin Tugba;WOC Middle Qualification-Women (WOMEN*Q:3);Turkey;3809;0.48815;216,344,97,452,760,153,48,71,225,63,599,159,97,244,92,85,44,60;0.532407407407407,0.632994186046512,0.822164948453608,0.73783185840708,0.15,0.656045751633987,0.765625,0.802816901408451,0.742777777777778,0.583333333333333,0.12771285475793,0.724056603773585,0.770618556701031,0.551741803278688,0.707880434782609,0.594117647058824,0.778409090909091,0.841666666666667;18;18
