 Bjørnar Valstad;WOC 2004 Long Distance Final-Men Final;Norway;6325;0.99116;135,699,107,1002,38,229,54,685,62,258,69,97,45,62,45,41,45,1293,80,268,73,29,390,73,38,143,184,29,52;1.01279461279461,1.00806346729093,1.02039082412914,1.01188532026855,0.933014354066986,0.949583167923779,1.02020202020202,1.00464499004645,0.936950146627566,1.01832276250881,0.967061923583663,0.521087160262418,0.955555555555556,0.705278592375367,1.05050505050505,1.03547671840355,0.987878787878788,0.990508331575617,1.09772727272727,1.02781546811398,1.04732254047323,1.0564263322884,0.922610722610723,1.07596513075965,1.03588516746411,1.03814367450731,1.03063241106719,1.07836990595611,0.986013986013986;29;29
 Mattias Karlsson;WOC 2004 Long Distance Final-Men Final;Sweden;6357;0.98617;138,717,115,1037,38,210,61,697,57,265,72,46,46,48,82,47,68,1256,93,281,82,29,344,84,38,142,182,32,50;0.990777338603426,0.98275643463928,0.949407114624506,0.97773297098273,0.933014354066986,1.03549783549784,0.903129657228018,0.987348376157558,1.01913875598086,0.991423670668954,0.926767676767677,1.09881422924901,0.934782608695652,0.910984848484849,0.57649667405765,0.903288201160542,0.653743315508021,1.01968731905038,0.944281524926686,0.980265286315108,0.932372505543237,1.0564263322884,1.04598308668076,0.935064935064935,1.03588516746411,1.04545454545455,1.04195804195804,0.977272727272727,1.02545454545455;29;29
 Holger Hott Johansen;WOC 2004 Long Distance Final-Men Final;Norway;6420;0.97649;140,738,110,1007,34,215,52,687,82,266,67,135,46,61,41,39,42,1270,85,265,75,34,371,83,38,152,204,29,52;0.976623376623377,0.954791820645479,0.992561983471074,1.00686106346484,1.0427807486631,1.01141649048626,1.05944055944056,1.00172025936218,0.708425720620843,0.987696514012304,0.995929443690638,0.374410774410774,0.934782608695652,0.716840536512668,1.1529933481153,1.08857808857809,1.05844155844156,1.0084466714388,1.0331550802139,1.03945111492281,1.01939393939394,0.901069518716578,0.969860328350894,0.946330777656079,1.03588516746411,0.976674641148325,0.929590017825312,1.07836990595611,0.986013986013986;29;29
 Valentin Novikov;WOC 2004 Long Distance Final-Men Final;Russia;6468;0.96925;141,675,99,1006,36,216,63,736,75,270,68,47,40,39,90,52,72,1262,98,304,79,34,396,80,40,167,187,32,64;0.96969696969697,1.04390572390572,1.10284664830119,1.00786191939273,0.984848484848485,1.00673400673401,0.874458874458874,0.935029644268775,0.774545454545455,0.973063973063973,0.981283422459893,1.07543520309478,1.075,1.12121212121212,0.525252525252525,0.816433566433566,0.617424242424242,1.01483936032272,0.896103896103896,0.9061004784689,0.967779056386651,0.901069518716578,0.908631772268136,0.981818181818182,0.984090909090909,0.888949373979314,1.01409820126398,0.977272727272727,0.801136363636364;29;29
 Emil Wingstedt;WOC 2004 Long Distance Final-Men Final;Sweden;6511;0.96285;140,693,111,1013,39,226,56,698,112,342,66,96,54,69,59,40,47,1307,87,277,78,34,338,80,42,146,181,29,51;0.976623376623377,1.01679128951856,0.983619983619984,1.000897424392,0.909090909090909,0.962188254223653,0.983766233766234,0.985933836936702,0.518668831168831,0.768208399787347,1.01101928374656,0.526515151515151,0.796296296296296,0.633728590250329,0.801232665639445,1.06136363636364,0.945841392649903,0.979898448911456,1.00940438871473,0.99442074171316,0.98018648018648,0.901069518716578,1.0645508337816,0.981818181818182,0.937229437229437,1.01681195516812,1.047714716223,1.07836990595611,1.00534759358289;29;29
 Mats Haldin;WOC 2004 Long Distance Final-Men Final;Finland;6557;0.95609;130,878,107,1029,34,211,58,670,59,302,63,130,48,69,44,40,54,1233,96,273,77,33,350,79,41,186,182,31,50;1.05174825174825,0.802547111203148,1.02039082412914,0.985334393497659,1.0427807486631,1.03059026281775,0.949843260188088,1.02713704206242,0.984591679506934,0.869957856712824,1.05916305916306,0.388811188811189,0.895833333333333,0.633728590250329,1.07438016528926,1.06136363636364,0.823232323232323,1.03870825038708,0.914772727272727,1.00899100899101,0.992916174734357,0.928374655647383,1.02805194805195,0.994246260069045,0.960088691796009,0.798142717497556,1.04195804195804,1.00879765395894,1.02545454545455;29;29
 Pasi Ikonen;WOC 2004 Long Distance Final-Men Final;Finland;6574;0.95362;139,732,107,978,33,220,56,669,88,244,72,56,42,47,112,48,65,1400,89,293,74,32,404,79,43,158,205,33,56;0.983649444081099,0.962617983109786,1.02039082412914,1.03671686187024,1.07438016528926,0.988429752066116,0.983766233766234,1.02867237396385,0.660123966942149,1.07675111773472,0.926767676767677,0.902597402597403,1.02380952380952,0.93036750483559,0.422077922077922,0.884469696969697,0.683916083916084,0.914805194805195,0.986721144024515,0.94011790257524,1.03316953316953,0.957386363636364,0.890639063906391,0.994246260069045,0.915433403805497,0.939585730724971,0.925055432372506,0.947658402203857,0.915584415584416;29;29
 Jamie Stevenson;WOC 2004 Long Distance Final-Men Final;Great Britain;6632;0.94528;152,712,120,1093,39,228,55,697,105,349,68,59,45,44,90,50,64,1300,97,280,81,34,342,78,43,139,186,31,51;0.899521531100478,0.989657814096016,0.909848484848485,0.92763869250603,0.909090909090909,0.953748006379585,1.00165289256198,0.987348376157558,0.553246753246753,0.752800208387601,0.981283422459893,0.856702619414484,0.955555555555556,0.993801652892562,0.525252525252525,0.849090909090909,0.694602272727273,0.985174825174825,0.905342080599812,0.983766233766234,0.943883277216611,0.901069518716578,1.05209994683679,1.00699300699301,0.915433403805497,1.06801831262263,1.01955034213099,1.00879765395894,1.00534759358289;29;29
 Hans Gunnar Omdal;WOC 2004 Long Distance Final-Men Final;Norway;6636;0.94471;136,725,156,1040,39,230,58,673,65,274,70,116,53,75,51,40,46,1349,84,276,73,29,399,75,39,154,221,33,57;1.00534759358289,0.971912225705329,0.69988344988345,0.974912587412587,0.909090909090909,0.945454545454546,0.949843260188088,1.02255842226125,0.893706293706294,0.958858659588587,0.953246753246753,0.435736677115987,0.811320754716981,0.583030303030303,0.926916221033868,1.06136363636364,0.966403162055336,0.949390120628075,1.04545454545455,0.99802371541502,1.04732254047323,1.0564263322884,0.901799954431533,1.04727272727273,1.00932400932401,0.963990554899646,0.858083093377211,0.947658402203857,0.899521531100478;29;29
 Jani Lakanen;WOC 2004 Long Distance Final-Men Final;Finland;6703;0.93527;134,684,117,1054,36,225,57,789,83,288,59,55,46,63,91,50,64,1273,93,275,87,34,421,85,43,180,220,36,61;1.02035278154681,1.03017012227539,0.933177933177933,0.961963084353976,0.984848484848485,0.966464646464646,0.966507177033493,0.872220301878097,0.699890470974808,0.912247474747475,1.13097072419106,0.91900826446281,0.934782608695652,0.694083694083694,0.51948051948052,0.849090909090909,0.694602272727273,1.00607012782975,0.944281524926686,1.00165289256198,0.878787878787879,0.901069518716578,0.854675016195206,0.924064171122995,0.915433403805497,0.824747474747475,0.86198347107438,0.868686868686869,0.84053651266766;29;29
 Troels Nielsen;WOC 2004 Long Distance Final-Men Final;Denmark;6795;0.92260;148,737,124,1026,36,224,61,798,138,270,72,62,43,39,81,45,68,1364,111,278,89,31,389,82,39,151,201,33,55;0.923832923832924,0.956087331935364,0.88049853372434,0.988215488215488,0.984848484848485,0.970779220779221,0.903129657228018,0.862383230804283,0.420948616600791,0.973063973063973,0.926767676767677,0.81524926686217,1,1.12121212121212,0.58361391694725,0.943434343434343,0.653743315508021,0.938949613436417,0.791154791154791,0.990843688685415,0.859039836567926,0.988269794721408,0.924982472540313,0.957871396895787,1.00932400932401,0.98314268512944,0.943464495703302,0.947658402203857,0.932231404958678;29;29
 Olle Kärner;WOC 2004 Long Distance Final-Men Final;Estonia;6800;0.92193;142,712,126,1028,38,217,62,801,62,389,70,130,51,73,54,46,62,1298,95,296,91,32,355,81,41,171,191,33,53;0.962868117797695,0.989657814096016,0.866522366522367,0.986292889989388,0.933014354066986,1.00209467951403,0.888563049853372,0.859153331063443,0.936950146627566,0.675391446599673,0.953246753246753,0.388811188811189,0.843137254901961,0.599003735990037,0.875420875420875,0.922924901185771,0.717008797653959,0.986692814119625,0.924401913875598,0.930589680589681,0.84015984015984,0.957386363636364,1.01357234314981,0.96969696969697,0.960088691796009,0.868155236576289,0.992860542598762,0.947658402203857,0.967409948542024;29;29
 Tom Quayle;WOC 2004 Long Distance Final-Men Final;Australia;6819;0.91936;141,738,138,1085,40,242,63,737,84,243,71,54,42,47,112,49,66,1398,88,294,78,29,408,77,41,151,205,40,58;0.96969696969697,0.954791820645479,0.791172595520422,0.934478424801005,0.886363636363636,0.898572501878287,0.874458874458874,0.933760947329468,0.691558441558442,1.0811821922933,0.939820742637644,0.936026936026936,1.02380952380952,0.93036750483559,0.422077922077922,0.866419294990724,0.673553719008264,0.916113928989466,0.997933884297521,0.936920222634508,0.98018648018648,1.0564263322884,0.881907308377897,1.02007083825266,0.960088691796009,0.98314268512944,0.925055432372506,0.781818181818182,0.884012539184953;29;29
 Allan Mogensen;WOC 2004 Long Distance Final-Men Final;Denmark;6845;0.91586;144,734,113,1094,37,252,61,722,62,293,73,66,50,59,136,54,71,1347,97,302,93,28,380,92,38,153,200,39,55;0.949494949494949,0.959995045826109,0.966210780370072,0.926790759514708,0.958230958230958,0.862914862914863,0.903129657228018,0.953160412994208,0.936950146627566,0.896680111697177,0.914072229140722,0.765840220385675,0.86,0.741140215716487,0.347593582887701,0.786195286195286,0.626120358514725,0.950799757035837,0.905342080599812,0.912101143889223,0.822091886608016,1.09415584415584,0.94688995215311,0.853754940711463,1.03588516746411,0.970291146761735,0.948181818181818,0.801864801864802,0.932231404958678;29;29
 Michal Jedlicka;WOC 2004 Long Distance Final-Men Final;Czech Republic;6885;0.91054;142,770,118,1012,38,218,56,783,56,254,69,100,51,67,47,46,42,1456,93,325,87,35,428,88,48,167,193,35,61;0.962868117797695,0.915112160566706,0.925269645608629,1.00188645346748,0.933014354066986,0.997497914929108,0.983766233766234,0.878903982352258,1.03733766233766,1.03435934144596,0.967061923583663,0.505454545454545,0.843137254901961,0.652645861601086,1.00580270793037,0.922924901185771,1.05844155844156,0.87962037962038,0.944281524926686,0.847552447552448,0.878787878787879,0.875324675324675,0.840696686491079,0.892561983471074,0.820075757575758,0.888949373979314,0.982571832312765,0.893506493506493,0.84053651266766;29;29
 Marius Mazulis;WOC 2004 Long Distance Final-Men Final;Lithuania;6885;0.91054;154,697,161,1038,40,223,55,703,93,293,123,45,43,60,89,48,78,1392,100,317,85,33,436,85,44,151,202,38,59;0.887839433293979,1.01095604538933,0.678147939017504,0.976791031704326,0.886363636363636,0.975132490827558,1.00165289256198,0.978921505237295,0.624633431085044,0.896680111697177,0.54249815225425,1.12323232323232,1,0.728787878787879,0.531154239019408,0.884469696969697,0.56993006993007,0.920062695924765,0.878181818181818,0.868941783768282,0.899465240641711,0.928374655647383,0.825271059216013,0.924064171122995,0.894628099173554,0.98314268512944,0.938793879387939,0.822966507177033,0.869029275808937;29;29
 Stephen Palmer;WOC 2004 Long Distance Final-Men Final;Great Britain;6913;0.90686;150,777,121,1031,42,246,65,769,139,290,72,112,55,76,48,43,46,1309,98,318,83,32,405,88,46,155,209,32,56;0.911515151515152,0.906867906867907,0.902329075882795,0.983422978573318,0.844155844155844,0.883961566888396,0.847552447552448,0.89490483508689,0.417920209287116,0.905956112852665,0.926767676767677,0.451298701298701,0.781818181818182,0.575358851674641,0.984848484848485,0.987315010570824,0.966403162055336,0.978401277866519,0.896103896103896,0.866209262435678,0.921139101861993,0.957386363636364,0.888439955106622,0.892561983471074,0.855731225296443,0.957771260997068,0.907351022183558,0.977272727272727,0.915584415584416;29;29
 Andrey Khramov;WOC 2004 Long Distance Final-Men Final;Russia;6969;0.89957;158,739,138,1071,39,230,74,778,87,276,90,54,50,49,151,51,81,1290,102,301,97,34,428,85,48,168,209,39,52;0.86536248561565,0.953499815475458,0.791172595520422,0.94669382904677,0.909090909090909,0.945454545454546,0.744471744471744,0.884552465529329,0.667711598746082,0.951910408432148,0.741414141414142,0.936026936026936,0.86,0.89239332096475,0.313064419024684,0.832442067736185,0.548821548821549,0.992811839323467,0.86096256684492,0.915131380247659,0.788191190253046,0.901069518716578,0.840696686491079,0.924064171122995,0.820075757575758,0.883658008658009,0.907351022183558,0.801864801864802,0.986013986013986;29;29
 Daniel Marston;WOC 2004 Long Distance Final-Men Final;Great Britain;7017;0.89341;150,708,125,1090,42,240,59,884,60,287,82,114,69,78,49,53,51,1411,94,293,90,34,372,83,41,174,199,35,50;0.911515151515152,0.995249101181305,0.873454545454545,0.930191826522102,0.844155844155844,0.906060606060606,0.933744221879815,0.77848621966269,0.968181818181818,0.915426037377257,0.813747228381375,0.443381180223285,0.623188405797101,0.560606060606061,0.964749536178108,0.801029159519726,0.871657754010695,0.907673474647252,0.934235976789168,0.94011790257524,0.84949494949495,0.901069518716578,0.967253176930596,0.946330777656079,0.960088691796009,0.853187042842215,0.952946550936501,0.893506493506493,1.02545454545455;29;29
 Marc Lauenstein;WOC 2004 Long Distance Final-Men Final;Switzerland;7030;0.89176;146,818,141,1151,36,218,77,813,58,281,70,48,47,43,95,55,82,1456,93,276,71,34,358,80,41,151,206,33,52;0.936488169364882,0.861413647477217,0.774339136041264,0.880894084195561,0.984848484848485,0.997497914929108,0.715466351829988,0.846472101084647,1.00156739811912,0.9349725008088,0.953246753246753,1.0530303030303,0.914893617021277,1.0169133192389,0.497607655502392,0.771900826446281,0.542128603104213,0.87962037962038,0.944281524926686,0.99802371541502,1.07682458386684,0.901069518716578,1.00507872016252,0.981818181818182,0.960088691796009,0.98314268512944,0.920564872021183,0.947658402203857,0.986013986013986;29;29
 Jan Olm;WOC 2004 Long Distance Final-Men Final;Estonia;7036;0.89100;144,732,119,1143,40,246,54,791,63,384,73,64,54,43,153,44,62,1306,94,294,90,35,418,86,44,162,205,35,58;0.949494949494949,0.962617983109786,0.917494270435447,0.887059572098942,0.886363636363636,0.883961566888396,1.02020202020202,0.870014940811401,0.922077922077922,0.684185606060606,0.914072229140722,0.789772727272727,0.796296296296296,1.0169133192389,0.308972073677956,0.964876033057851,0.717008797653959,0.980648754002506,0.934235976789168,0.936920222634508,0.84949494949495,0.875324675324675,0.860809047411918,0.913319238900634,0.894628099173554,0.91638608305275,0.925055432372506,0.893506493506493,0.884012539184953;29;29
 Roger Casal;WOC 2004 Long Distance Final-Men Final;Spain;7102;0.88272;150,759,141,1087,38,261,61,733,58,279,77,52,52,44,98,54,82,1438,106,306,88,33,401,91,45,254,211,40,63;0.911515151515152,0.928374655647383,0.774339136041264,0.932759053274233,0.933014354066986,0.833159177986764,0.903129657228018,0.938856505022944,1.00156739811912,0.941674812642555,0.866587957497049,0.972027972027972,0.826923076923077,0.993801652892562,0.482374768089054,0.786195286195286,0.542128603104213,0.890630926792262,0.828473413379074,0.90017825311943,0.868801652892562,0.928374655647383,0.897302199047835,0.863136863136863,0.874747474747475,0.584466714387974,0.898750538560965,0.781818181818182,0.813852813852814;29;29
 Roman Ryapolov;WOC 2004 Long Distance Final-Men Final;Russia;7183;0.87277;138,768,139,1074,37,248,58,710,167,334,77,107,53,76,69,55,40,1454,92,281,86,34,424,93,46,197,235,34,57;0.990777338603426,0.917495265151515,0.785480706344016,0.944049432876249,0.958230958230958,0.87683284457478,0.949843260188088,0.969270166453265,0.347849755035384,0.786608600979859,0.866587957497049,0.472387425658454,0.811320754716981,0.575358851674641,0.685111989459816,0.771900826446281,1.11136363636364,0.880830311366763,0.954545454545454,0.980265286315108,0.889006342494715,0.901069518716578,0.848627787307033,0.844574780058651,0.855731225296443,0.753576372865713,0.806963249516441,0.919786096256685,0.899521531100478;29;29
 Radek Novotny;WOC 2004 Long Distance Final-Men Final;Czech Republic;7197;0.87107;141,785,188,1076,41,256,63,798,68,277,78,66,42,44,100,52,79,1424,90,324,94,38,426,88,49,175,230,40,65;0.96969696969697,0.897625940938043,0.580754352030948,0.94229469415343,0.864745011086475,0.849431818181818,0.874458874458874,0.862383230804283,0.85427807486631,0.948473908762718,0.855477855477856,0.765840220385675,1.02380952380952,0.993801652892562,0.472727272727273,0.816433566433566,0.562715765247411,0.899387129724208,0.975757575757576,0.85016835016835,0.813346228239845,0.80622009569378,0.844643619291507,0.892561983471074,0.803339517625232,0.848311688311688,0.824505928853755,0.781818181818182,0.788811188811189;29;29
 Matthias Gilgien;WOC 2004 Long Distance Final-Men Final;Switzerland;7279;0.86126;142,729,134,1125,44,256,62,748,59,308,68,108,57,71,48,46,51,1688,98,293,84,34,396,92,50,174,220,33,61;0.962868117797695,0.966579373986781,0.814789687924016,0.901252525252525,0.805785123966942,0.849431818181818,0.888563049853372,0.92002916869227,0.984591679506934,0.853010625737899,0.981283422459893,0.468013468013468,0.754385964912281,0.615877080665813,0.984848484848485,0.922924901185771,0.871657754010695,0.75872468763464,0.896103896103896,0.94011790257524,0.91017316017316,0.901069518716578,0.908631772268136,0.853754940711463,0.787272727272727,0.853187042842215,0.86198347107438,0.947658402203857,0.84053651266766;29;29
 Matthias Niggli-Lude;WOC 2004 Long Distance Final-Men Final;Switzerland;7339;0.85422;152,827,124,1125,41,255,61,769,71,282,80,59,45,65,183,55,87,1455,98,299,86,44,477,87,44,164,216,35,53;0.899521531100478,0.852039133780367,0.88049853372434,0.901252525252525,0.864745011086475,0.852762923351159,0.903129657228018,0.89490483508689,0.818181818181818,0.931656995486783,0.834090909090909,0.856702619414484,0.955555555555556,0.672727272727273,0.258320914058619,0.771900826446281,0.510971786833856,0.880224929709466,0.896103896103896,0.921252660383095,0.889006342494715,0.696280991735537,0.754335810939584,0.90282131661442,0.894628099173554,0.905210643015521,0.877946127946128,0.893506493506493,0.967409948542024;29;29
 Markus Lang;WOC 2004 Long Distance Final-Men Final;Austria;7432;0.84353;143,860,135,1144,42,268,68,805,139,354,74,106,56,74,57,51,52,1410,95,281,94,33,414,103,45,187,246,37,59;0.956134774316592,0.819344608879493,0.808754208754209,0.886284170375079,0.844155844155844,0.811397557666214,0.810160427807487,0.854884246188594,0.417920209287116,0.742167437082691,0.901719901719902,0.476843910806175,0.767857142857143,0.590909090909091,0.829346092503987,0.832442067736185,0.854895104895105,0.908317214700193,0.924401913875598,0.980265286315108,0.813346228239845,0.928374655647383,0.869126043039086,0.762577228596646,0.874747474747475,0.793874574623238,0.770879526977088,0.845208845208845,0.869029275808937;29;29
 Kalle Dalin;WOC 2004 Long Distance Final-Men Final;Sweden;7458;0.84059;143,745,108,1030,35,220,54,681,52,318,73,49,44,63,98,53,70,1576,98,291,91,35,717,85,43,312,265,43,66;0.956134774316592,0.945820622330689,1.01094276094276,0.984377758164166,1.01298701298701,0.988429752066116,1.02020202020202,1.01054598851956,1.11713286713287,0.826186392224128,0.914072229140722,1.03153988868275,0.977272727272727,0.694083694083694,0.482374768089054,0.801029159519726,0.635064935064935,0.812644208583295,0.896103896103896,0.946579194001874,0.84015984015984,0.875324675324675,0.501838468365665,0.924064171122995,0.915433403805497,0.475815850815851,0.715608919382504,0.727272727272727,0.776859504132231;29;29
 Carsten Jørgensen;WOC 2004 Long Distance Final-Men Final;Denmark;7542;0.83122;145,788,133,1143,37,251,65,735,97,736,114,57,45,48,110,53,80,1392,90,294,86,33,359,103,40,185,220,42,61;0.94294670846395,0.894208583294878,0.820915926179084,0.887059572098942,0.958230958230958,0.866352770735241,0.847552447552448,0.93630179344465,0.598875351452671,0.356966403162055,0.585326953748006,0.886762360446571,0.955555555555556,0.910984848484849,0.429752066115702,0.801029159519726,0.555681818181818,0.920062695924765,0.975757575757576,0.936920222634508,0.889006342494715,0.928374655647383,1.00227905798936,0.762577228596646,0.984090909090909,0.802457002457003,0.86198347107438,0.744588744588745,0.84053651266766;29;29
 Leif Bader;WOC 2004 Long Distance Final-Men Final;Germany;7543;0.83111;153,888,141,1136,47,262,61,850,156,326,85,65,57,47,122,52,76,1412,116,288,85,34,420,101,42,203,233,34,51;0.893642305407011,0.793509418509418,0.774339136041264,0.892525608194622,0.754352030947776,0.829979181124219,0.903129657228018,0.809625668449198,0.372377622377622,0.805911879531511,0.785026737967915,0.777622377622378,0.754385964912281,0.93036750483559,0.387481371087928,0.816433566433566,0.584928229665072,0.907030646407417,0.75705329153605,0.956439393939394,0.899465240641711,0.901069518716578,0.856709956709957,0.777677767776778,0.937229437229437,0.731303179579042,0.813889972688256,0.919786096256685,1.00534759358289;29;29
 Jean-Baptiste Bourri;WOC 2004 Long Distance Final-Men Final;France;7631;0.82153;142,871,139,1165,40,271,77,825,60,286,74,123,52,127,46,50,42,1623,98,319,87,35,449,87,51,195,210,34,53;0.962868117797695,0.808996973176078,0.785480706344016,0.870308232539992,0.886363636363636,0.802415296880242,0.715466351829988,0.834159779614325,0.968181818181818,0.918626827717737,0.901719901719902,0.410938654841094,0.826923076923077,0.344309234073014,1.02766798418972,0.849090909090909,1.05844155844156,0.789111073769114,0.896103896103896,0.863493872898262,0.878787878787879,0.875324675324675,0.801376796922454,0.90282131661442,0.771836007130125,0.761305361305361,0.903030303030303,0.919786096256685,0.967409948542024;29;29
 Fabien Pasquasy;WOC 2004 Long Distance Final-Men Final;Belgium;7645;0.82002;147,832,128,1087,43,237,61,881,60,302,71,118,48,81,201,51,79,1440,92,341,132,38,441,96,53,180,299,42,64;0.930117501546073,0.846918706293706,0.852982954545455,0.932759053274233,0.824524312896406,0.91752972765631,0.903129657228018,0.781137137550304,0.968181818181818,0.869957856712824,0.939820742637644,0.428351309707242,0.895833333333333,0.539842873176206,0.235187697874265,0.832442067736185,0.562715765247411,0.889393939393939,0.954545454545454,0.807784590775793,0.579201101928375,0.80622009569378,0.815914244485673,0.818181818181818,0.742710120068611,0.824747474747475,0.634235329887504,0.744588744588745,0.801136363636364;29;29
 Nicolas Girsch;WOC 2004 Long Distance Final-Men Final;France;7656;0.81885;153,758,149,1220,47,257,62,805,65,291,79,116,60,77,62,47,51,1754,89,327,85,33,437,95,54,158,229,34,62;0.893642305407011,0.929599424322379,0.732763880414887,0.83107302533532,0.754352030947776,0.846126636009905,0.888563049853372,0.854884246188594,0.893706293706294,0.902842861605748,0.844649021864212,0.435736677115987,0.716666666666667,0.56788665879575,0.762463343108504,0.903288201160542,0.871657754010695,0.730175183995024,0.986721144024515,0.842368640533778,0.899465240641711,0.928374655647383,0.823382567089661,0.826794258373206,0.728956228956229,0.939585730724971,0.828106391425169,0.919786096256685,0.826979472140763;29;29
 Ingo Horst;WOC 2004 Long Distance Final-Men Final;Germany;7698;0.81438;135,873,125,1157,36,224,57,737,73,270,68,95,56,73,53,43,43,1496,116,396,124,39,654,117,48,248,232,43,67;1.01279461279461,0.807143600958034,0.873454545454545,0.876325921269742,0.984848484848485,0.970779220779221,0.966507177033493,0.933760947329468,0.795765877957659,0.973063973063973,0.981283422459893,0.532057416267943,0.767857142857143,0.599003735990037,0.891938250428816,0.987315010570824,1.0338266384778,0.856101118133204,0.75705329153605,0.695592286501377,0.616568914956012,0.785547785547786,0.550180706144009,0.671328671328671,0.820075757575758,0.598607038123167,0.817398119122257,0.727272727272727,0.765264586160109;29;29
 Manuel Negrello;WOC 2004 Long Distance Final-Men Final;Italy;7727;0.81132;139,757,135,1313,47,293,59,728,60,282,76,50,47,50,99,55,78,1442,109,310,98,35,521,113,51,412,252,45,71;0.983649444081099,0.930827428845923,0.808754208754209,0.772207990029772,0.754352030947776,0.742165684145206,0.933744221879815,0.945304695304695,0.968181818181818,0.931656995486783,0.87799043062201,1.01090909090909,0.914893617021277,0.874545454545455,0.477502295684114,0.771900826446281,0.56993006993007,0.888160383306014,0.805671392827356,0.888563049853372,0.780148423005566,0.875324675324675,0.690629907520503,0.695092518101368,0.771836007130125,0.360326566637246,0.752525252525252,0.694949494949495,0.722151088348271;29;29
 Paulius Kudriavcevas;WOC 2004 Long Distance Final-Men Final;Lithuania;7751;0.80881;150,931,107,1022,39,309,78,917,78,303,128,100,48,87,82,56,56,1583,122,346,100,37,430,84,47,196,220,36,59;0.911515151515152,0.756859681671712,1.02039082412914,0.992083259206547,0.909090909090909,0.703736393056781,0.706293706293706,0.750470903142659,0.744755244755245,0.867086708670867,0.521306818181818,0.505454545454545,0.895833333333333,0.502612330198537,0.57649667405765,0.758116883116883,0.793831168831169,0.809050709240223,0.719821162444113,0.796111403047819,0.764545454545455,0.828009828009828,0.836786469344609,0.935064935064935,0.83752417794971,0.757421150278293,0.86198347107438,0.868686868686869,0.869029275808937;29;29
 Vit Pospisil;WOC 2004 Long Distance Final-Men Final;Slovakia;7794;0.80435;161,769,117,1233,41,263,58,773,106,738,85,101,51,83,49,57,62,1433,93,313,93,36,433,87,49,174,232,36,68;0.849237718802936,0.916302163376286,0.933177933177933,0.822310698223107,0.864745011086475,0.826823366747321,0.949843260188088,0.890274020933788,0.548027444253859,0.3559990145356,0.785026737967915,0.5004500450045,0.843137254901961,0.526834611171961,0.964749536178108,0.74481658692185,0.717008797653959,0.893738501554273,0.944281524926686,0.880046471100784,0.822091886608016,0.851010101010101,0.830988872559311,0.90282131661442,0.803339517625232,0.853187042842215,0.817398119122257,0.868686868686869,0.754010695187166;29;29
 Benoit Peyvel;WOC 2004 Long Distance Final-Men Final;France;8120;0.77206;148,800,169,1253,37,245,79,763,236,692,69,104,53,74,52,48,45,1557,93,335,104,36,485,90,49,196,209,37,62;0.923832923832924,0.880795454545454,0.646046261430877,0.809185228179642,0.958230958230958,0.887569573283859,0.697353279631761,0.901942094602645,0.246147919876733,0.379663688912244,0.967061923583663,0.486013986013986,0.811320754716981,0.590909090909091,0.909090909090909,0.884469696969697,0.987878787878788,0.822560868803643,0.944281524926686,0.82225237449118,0.73513986013986,0.851010101010101,0.741893158388004,0.872727272727273,0.803339517625232,0.757421150278293,0.907351022183558,0.845208845208845,0.826979472140763;29;29
 Vidas Armalis;WOC 2004 Long Distance Final-Men Final;Lithuania;8194;0.76508;157,830,129,1206,43,262,63,839,75,398,86,132,60,96,58,49,59,1754,119,345,100,40,536,111,59,222,253,44,69;0.870874348581355,0.848959474260679,0.846370683579986,0.840720639228102,0.824524312896406,0.829979181124219,0.874458874458874,0.82024054610467,0.774545454545455,0.660118775696665,0.775898520084567,0.382920110192837,0.716666666666667,0.455492424242424,0.815047021943574,0.866419294990724,0.75346687211094,0.730175183995024,0.737967914438503,0.798418972332016,0.764545454545455,0.765909090909091,0.671302578018996,0.707616707616708,0.667180277349769,0.668714168714169,0.749550844412504,0.710743801652893,0.743083003952569;29;29
 Janis Zamovskis;WOC 2004 Long Distance Final-Men Final;Latvia;8209;0.76369;149,828,131,1124,41,263,78,755,474,538,78,61,42,44,125,49,75,1697,110,320,91,38,452,95,43,171,232,38,67;0.917632702867602,0.851010101010101,0.833448993754337,0.902054351342608,0.864745011086475,0.826823366747321,0.706293706293706,0.91149909692956,0.122554660529344,0.488340655626901,0.855477855477856,0.828614008941878,1.02380952380952,0.993801652892562,0.378181818181818,0.866419294990724,0.592727272727273,0.754700808914126,0.798347107438017,0.860795454545454,0.84015984015984,0.80622009569378,0.796057924376508,0.826794258373206,0.915433403805497,0.868155236576289,0.817398119122257,0.822966507177033,0.765264586160109;29;29
 Ivaylo Petrov;WOC 2004 Long Distance Final-Men Final;Bulgaria;9283;0.67533;153,816,239,1562,42,283,61,973,67,855,81,133,68,95,78,63,63,1759,138,362,107,38,508,102,51,205,268,44,69;0.893642305407011,0.86352495543672,0.456827691137315,0.649109533232453,0.844155844155844,0.768390619980726,0.903129657228018,0.707278333177614,0.867028493894166,0.307283359914939,0.823793490460157,0.380041011619959,0.632352941176471,0.460287081339713,0.606060606060606,0.673881673881674,0.705627705627706,0.728099643392423,0.636363636363636,0.760924158714214,0.714528462192014,0.80622009569378,0.708303507516106,0.770053475935829,0.771836007130125,0.724168514412417,0.707598371777476,0.710743801652893,0.743083003952569;29;29
 Karolina A Höjsgaard;WOC 2004 Long Distance Final-Women Final;Sweden;4945;0.98160;148,548,596,75,296,354,82,656,97,56,84,86,62,93,98,227,290,99,37,358,93,41,156,216,37,60;1.05159705159705,0.999502322495023,0.928157413056742,0.903030303030303,1.01289926289926,0.931176168464304,1.0609756097561,0.914079822616408,1.01968134957826,0.899350649350649,0.931818181818182,1.06448202959831,0.785923753665689,0.879765395894428,0.882189239332096,1.03684421305567,1.07742946708464,0.884297520661157,0.943488943488943,1.11884205180295,1.09677419354839,1.05321507760532,0.981934731934732,0.990740740740741,0.953316953316953,0.984848484848485;26;26
 Hanne Staff;WOC 2004 Long Distance Final-Women Final;Norway;5006;0.96964;159,571,545,72,325,341,86,648,140,41,76,85,54,82,95,228,314,88,33,414,104,46,151,213,33,62;0.978845054316752,0.959242158891896,1.01501251042535,0.940656565656566,0.922517482517483,0.966675553185817,1.01162790697674,0.925364758698092,0.706493506493507,1.22838137472284,1.0299043062201,1.07700534759358,0.902356902356902,0.997782705099778,0.910047846889952,1.0322966507177,0.995078170237406,0.994834710743802,1.05785123966942,0.967501097935881,0.980769230769231,0.938735177865613,1.01444912703191,1.00469483568075,1.06887052341598,0.953079178885631;26;26
 Marika Mikkola;WOC 2004 Long Distance Final-Women Final;Finland;5031;0.96482;150,522,517,75,328,316,80,649,87,156,91,95,43,95,85,226,325,93,38,423,126,43,158,215,38,57;1.03757575757576,1.04928596307907,1.06998417443292,0.903030303030303,0.914079822616408,1.04315304948216,1.0875,0.923938927020591,1.13688610240334,0.322843822843823,0.86013986013986,0.963636363636364,1.13319238900634,0.861244019138756,1.01711229946524,1.04143201930813,0.961398601398601,0.941348973607038,0.91866028708134,0.946915968192564,0.80952380952381,1.00422832980973,0.969505178365938,0.995348837209302,0.92822966507177,1.03668261562998;26;26
 Simone Niggli-Luder;WOC 2004 Long Distance Final-Women Final;Switzerland;5037;0.96367;154,705,575,72,271,359,97,559,101,53,96,101,46,75,86,237,328,89,33,386,106,56,157,198,36,61;1.01062573789847,0.776918117343649,0.962055335968379,0.940656565656566,1.10634015431063,0.918207141048367,0.896907216494845,1.07269474711335,0.979297929792979,0.950257289879931,0.815340909090909,0.906390639063906,1.05928853754941,1.09090909090909,1.00528541226216,0.993095512082854,0.95260532150776,0.983656792645557,1.05785123966942,1.03768252472916,0.962264150943396,0.771103896103896,0.975680370584829,1.08080808080808,0.97979797979798,0.968703427719821;26;26
 Birgitte Husebye;WOC 2004 Long Distance Final-Women Final;Norway;5043;0.96252;166,577,573,69,278,363,78,573,97,54,75,84,71,92,119,246,346,94,38,414,117,48,154,226,35,56;0.937568455640745,0.949267370411218,0.965413295256227,0.981554677206851,1.07848266841073,0.90808915602304,1.11538461538462,1.0464858004125,1.01968134957826,0.932659932659933,1.04363636363636,1.08982683982684,0.686299615877081,0.889328063241107,0.726508785332315,0.956762749445676,0.90304781923279,0.931334622823984,0.91866028708134,0.967501097935881,0.871794871794872,0.899621212121212,0.994687131050767,0.946902654867257,1.00779220779221,1.05519480519481;26;26
 Minna Kauppi;WOC 2004 Long Distance Final-Women Final;Finland;5057;0.95986;150,515,590,87,324,327,178,603,100,62,72,102,48,101,100,244,321,96,35,408,94,44,143,213,40,60;1.03757575757576,1.06354810238305,0.937596302003082,0.778474399164054,0.925364758698092,1.00806227411732,0.48876404494382,0.994421830242726,0.989090909090909,0.812316715542522,1.08712121212121,0.897504456327986,1.01515151515152,0.81008100810081,0.864545454545455,0.964605067064084,0.973378646275842,0.911931818181818,0.997402597402597,0.981729055258467,1.08510638297872,0.981404958677686,1.07120152574698,1.00469483568075,0.881818181818182,0.984848484848485;26;26
 Heli Jukkola;WOC 2004 Long Distance Final-Women Final;Finland;5062;0.95891;159,549,541,75,333,326,109,588,100,57,89,101,45,166,92,246,355,103,38,380,97,44,157,216,38,58;0.978845054316752,0.997681735386654,1.02251722399597,0.903030303030303,0.9003549003549,1.0111544896821,0.798165137614679,1.01978973407545,0.989090909090909,0.883572567783094,0.87946884576098,0.906390639063906,1.08282828282828,0.492880613362541,0.939723320158103,0.956762749445676,0.880153649167734,0.849955869373345,0.91866028708134,1.05406698564593,1.05154639175258,0.981404958677686,0.975680370584829,0.990740740740741,0.92822966507177,1.01880877742947;26;26
 Dana Brozkova;WOC 2004 Long Distance Final-Women Final;Czech Republic;5065;0.95834;175,554,529,81,316,371,137,632,110,58,112,111,54,87,85,232,304,84,37,393,110,42,150,214,31,56;0.889350649350649,0.988677387594355,1.04571232170476,0.836139169472503,0.948791714614499,0.888507718696398,0.635036496350365,0.948791714614499,0.899173553719008,0.86833855799373,0.698863636363636,0.824733824733825,0.902356902356902,0.940438871473354,1.01711229946524,1.01449843260188,1.02781100478469,1.04220779220779,0.943488943488943,1.01919962988665,0.927272727272727,1.02813852813853,1.02121212121212,1,1.13782991202346,1.05519480519481;26;26
 Jenny Johansson;WOC 2004 Long Distance Final-Women Final;Sweden;5101;0.95158;167,536,582,69,338,329,103,662,106,61,86,97,47,86,89,261,308,89,36,402,107,47,162,230,34,67;0.931954273271638,1.02187924016282,0.9504842236801,0.981554677206851,0.887036040882195,1.00193423597679,0.844660194174757,0.905795111233178,0.933104631217839,0.825633383010432,0.91014799154334,0.943767572633552,1.03675048355899,0.951374207188161,0.971399387129724,0.901776384535005,1.01446280991736,0.983656792645557,0.96969696969697,0.996381727725011,0.953271028037383,0.918762088974855,0.945566778900112,0.930434782608696,1.03743315508021,0.881953867028494;26;26
 Gunilla Svärd;WOC 2004 Long Distance Final-Women Final;Sweden;5218;0.93024;158,545,808,56,311,322,84,569,103,95,99,104,45,79,82,232,323,82,37,423,101,44,200,218,35,63;0.985040276179517,1.00500417014178,0.68463096309631,1.20941558441558,0.964045600701549,1.02371541501976,1.03571428571429,1.05384246684774,0.960282436010591,0.530143540669856,0.790633608815427,0.880244755244755,1.08282828282828,1.03567318757192,1.05432372505543,1.01449843260188,0.967351533915001,1.06762749445676,0.943488943488943,0.946915968192564,1.00990099009901,0.981404958677686,0.765909090909091,0.981651376146789,1.00779220779221,0.937950937950938;26;26
 Marianne Andersen;WOC 2004 Long Distance Final-Women Final;Norway;5252;0.92422;218,572,605,69,296,329,89,673,103,50,84,98,52,103,102,270,326,89,34,418,105,51,160,248,40,68;0.713928273561301,0.957565162110617,0.91435011269722,0.981554677206851,1.01289926289926,1.00193423597679,0.97752808988764,0.890990139132784,0.960282436010591,1.00727272727273,0.931818181818182,0.934137291280148,0.937062937062937,0.794351279788173,0.8475935828877,0.871717171717172,0.958449525934188,0.983656792645557,1.02673796791444,0.958242714223576,0.971428571428571,0.846702317290553,0.957386363636364,0.862903225806452,0.881818181818182,0.868983957219251;26;26
 Heather Monro;WOC 2004 Long Distance Final-Women Final;Great Britain;5256;0.92352;163,583,616,81,298,389,95,625,105,63,96,102,56,89,88,253,342,104,40,422,106,44,172,226,40,58;0.954824316787507,0.939497894900982,0.898022432113341,0.836139169472503,1.00610128126907,0.847394250993223,0.91578947368421,0.959418181818182,0.941991341991342,0.799422799422799,0.815340909090909,0.897504456327986,0.87012987012987,0.919305413687436,0.982438016528926,0.930291052820697,0.913609782030835,0.841783216783217,0.872727272727273,0.949159844894442,0.962264150943396,0.981404958677686,0.890591966173362,0.946902654867257,0.881818181818182,1.01880877742947;26;26
 Monika Depta;WOC 2004 Long Distance Final-Women Final;Poland;5267;0.92159;165,620,594,76,325,362,134,648,109,53,87,100,66,112,111,230,313,87,35,415,104,47,151,215,37,71;0.943250688705234,0.883431085043988,0.931282522191613,0.891148325358852,0.922517482517483,0.910597689603214,0.649253731343284,0.925364758698092,0.907422852376981,0.950257289879931,0.899686520376175,0.915454545454546,0.738292011019284,0.73051948051948,0.778869778869779,1.02332015810277,0.998257333720592,1.00626959247649,0.997402597402597,0.965169769989047,0.980769230769231,0.918762088974855,1.01444912703191,0.995348837209302,0.953316953316953,0.832266325224072;26;26
 Natalya Potopalska;WOC 2004 Long Distance Final-Women Final;Ukraine;5351;0.90712;163,601,871,64,303,320,88,571,99,49,76,84,60,104,113,250,322,81,35,424,105,44,196,227,36,65;0.954824316787507,0.911359854787475,0.635111157499217,1.05823863636364,0.989498949894989,1.03011363636364,0.988636363636364,1.05015124980099,0.999081726354454,1.0278293135436,1.0299043062201,1.08982683982684,0.812121212121212,0.786713286713287,0.765084473049075,0.941454545454546,0.970355731225296,1.08080808080808,0.997402597402597,0.944682675814751,0.971428571428571,0.981404958677686,0.781539888682746,0.94273127753304,0.97979797979798,0.909090909090909;26;26
 Tanya Ryabkina;WOC 2004 Long Distance Final-Women Final;Russia;5434;0.89326;164,552,621,81,335,365,94,623,102,63,106,118,50,92,94,280,351,97,37,461,116,49,175,299,44,65;0.9490022172949,0.992259552042161,0.890791977748499,0.836139169472503,0.894979647218453,0.903113325031133,0.925531914893617,0.962498175981322,0.96969696969697,0.799422799422799,0.738421955403087,0.775808936825886,0.974545454545454,0.889328063241107,0.91972920696325,0.840584415584416,0.89018389018389,0.90253045923149,0.943488943488943,0.868862157365411,0.879310344827586,0.88126159554731,0.875324675324675,0.71571906354515,0.801652892561983,0.909090909090909;26;26
 Katalin Olah;WOC 2004 Long Distance Final-Women Final;Hungary;5467;0.88787;155,566,531,102,453,341,106,684,105,71,102,111,58,79,82,321,291,99,32,494,124,42,172,246,39,61;1.00410557184751,0.967716029553485,1.04177366889231,0.663992869875223,0.661850290989364,0.966675553185817,0.820754716981132,0.876661350345561,0.941991341991342,0.709346991037132,0.767379679144385,0.824733824733825,0.84012539184953,1.03567318757192,1.05432372505543,0.73322005097706,1.0737269603249,0.884297520661157,1.09090909090909,0.810820758189179,0.82258064516129,1.02813852813853,0.890591966173362,0.869918699186992,0.904428904428904,0.968703427719821;26;26
 Karin Schmalfeld;WOC 2004 Long Distance Final-Women Final;Germany;5486;0.88480;169,597,712,102,320,337,100,620,133,48,102,89,68,97,103,267,349,89,41,434,111,52,214,230,38,64;0.920925228617536,0.917466118471144,0.77694075587334,0.663992869875223,0.936931818181818,0.978149446992177,0.87,0.967155425219941,0.743677375256323,1.04924242424242,0.767379679144385,1.02860061287028,0.716577540106952,0.84348641049672,0.839364518976169,0.881511746680286,0.895285230528784,0.983656792645557,0.851441241685144,0.922915793883536,0.918918918918919,0.83041958041958,0.715802888700085,0.930434782608696,0.92822966507177,0.923295454545455;26;26
 Zsuzsa Fey;WOC 2004 Long Distance Final-Women Final;Romania;5491;0.88399;167,567,664,84,347,380,107,633,109,76,85,109,67,103,129,262,364,92,39,443,114,50,177,222,40,61;0.931954273271638,0.966009299342633,0.833105147864184,0.806277056277056,0.86402934241551,0.867464114832536,0.813084112149533,0.947292833548758,0.907422852376981,0.662679425837321,0.920855614973262,0.839866555462886,0.727272727272727,0.794351279788173,0.670190274841438,0.898334489937543,0.858391608391608,0.951581027667984,0.895104895104895,0.904165811615022,0.894736842105263,0.863636363636364,0.865434001027221,0.963963963963964,0.881818181818182,0.968703427719821;26;26
 Anna Garin;WOC 2004 Long Distance Final-Women Final;Spain;5499;0.88271;162,624,631,62,330,338,104,660,104,49,95,99,84,108,117,241,357,112,41,418,126,51,213,265,41,67;0.960718294051627,0.877768065268065,0.876674830716035,1.09237536656892,0.908539944903581,0.975255513717052,0.836538461538462,0.908539944903581,0.951048951048951,1.0278293135436,0.823923444976077,0.924701561065197,0.58008658008658,0.757575757575758,0.738927738927739,0.976612599019238,0.875222816399287,0.781655844155844,0.851441241685144,0.958242714223576,0.80952380952381,0.846702317290553,0.719163465642339,0.807547169811321,0.860310421286031,0.881953867028494;26;26
 Inga Dambe;WOC 2004 Long Distance Final-Women Final;Latvia;5577;0.87036;155,602,680,76,294,393,92,722,99,179,116,131,52,85,84,253,339,95,37,438,123,47,158,222,39,66;1.00410557184751,0.909845967985503,0.813502673796791,0.891148325358852,1.01978973407545,0.838769373120518,0.945652173913043,0.830521279274742,0.999081726354454,0.281361097003555,0.674764890282132,0.69882026370576,0.937062937062937,0.962566844919786,1.02922077922078,0.930291052820697,0.921694824349692,0.921531100478469,0.943488943488943,0.914487339144873,0.829268292682927,0.918762088974855,0.969505178365938,0.963963963963964,0.904428904428904,0.895316804407714;26;26
 Martina Rakayova;WOC 2004 Long Distance Final-Women Final;Slovakia;5704;0.85098;182,574,581,106,337,360,115,727,124,82,116,129,62,96,103,253,384,121,60,444,124,55,201,263,43,62;0.855144855144855,0.954228698131137,0.952120168987639,0.63893653516295,0.889668195306177,0.915656565656566,0.756521739130435,0.824809303488808,0.797653958944281,0.614190687361419,0.674764890282132,0.709654686398872,0.785923753665689,0.852272727272727,0.839364518976169,0.930291052820697,0.813683712121212,0.723516153268219,0.581818181818182,0.902129402129402,0.82258064516129,0.785123966942149,0.762098597919493,0.813688212927757,0.820295983086681,0.953079178885631;26;26
 Andrea Eisl;WOC 2004 Long Distance Final-Women Final;Austria;5734;0.84653;180,621,675,98,352,442,107,719,109,59,92,122,64,101,131,260,355,99,38,446,120,50,163,231,37,63;0.864646464646465,0.882008490704143,0.819528619528619,0.691094619666048,0.851756198347107,0.745783628136569,0.813084112149533,0.833986597547098,0.907422852376981,0.853620955315871,0.850790513833992,0.750372578241431,0.761363636363636,0.81008100810081,0.659958362248439,0.905244755244755,0.880153649167734,0.884297520661157,0.91866028708134,0.898083978801468,0.85,0.863636363636364,0.939765755716676,0.926406926406926,0.953316953316953,0.937950937950938;26;26
 Jo Allison;WOC 2004 Long Distance Final-Women Final;Australia;5825;0.83330;176,611,561,101,352,397,117,642,117,281,81,98,61,107,107,268,386,109,48,471,116,51,209,237,48,73;0.884297520661157,0.896443981550365,0.986063847026414,0.670567056705671,0.851756198347107,0.830318296313258,0.743589743589744,0.934013027470971,0.845376845376845,0.179230022646393,0.966329966329966,0.934137291280148,0.798807749627422,0.764655904842821,0.807986406117247,0.878222523744912,0.809467734338201,0.803169307756464,0.727272727272727,0.850414977803513,0.879310344827586,0.846702317290553,0.732927359721618,0.90295358649789,0.734848484848485,0.809464508094645;26;26
 Hanny Allston;WOC 2004 Long Distance Final-Women Final;Australia;5827;0.83302;170,598,675,72,315,373,117,813,115,57,130,117,126,89,99,280,352,104,42,432,139,48,180,274,44,66;0.915508021390374,0.915931894192764,0.819528619528619,0.940656565656566,0.951803751803752,0.883743602242262,0.743589743589744,0.737560102873756,0.860079051383399,0.883572567783094,0.602097902097902,0.782439782439782,0.386724386724387,0.919305413687436,0.8732782369146,0.840584415584416,0.887654958677686,0.841783216783217,0.831168831168831,0.927188552188552,0.733812949640288,0.899621212121212,0.851010101010101,0.781021897810219,0.801652892561983,0.895316804407714;26;26
 Aliya Sitdikova;WOC 2004 Long Distance Final-Women Final;Russia;5835;0.83188;177,595,607,113,329,418,143,685,113,53,85,99,80,105,133,289,363,101,37,480,251,60,168,245,40,66;0.879301489470981,0.920550038197097,0.911337426988168,0.599356395816573,0.911301464492954,0.788603740756851,0.608391608391608,0.875381552753815,0.875301689460982,0.950257289879931,0.920855614973262,0.924701561065197,0.609090909090909,0.779220779220779,0.650034176349966,0.814407046240956,0.860756323566241,0.866786678667867,0.943488943488943,0.834469696969697,0.406374501992032,0.71969696969697,0.911796536796537,0.873469387755102,0.881818181818182,0.895316804407714;26;26
 Zdenka Stara;WOC 2004 Long Distance Final-Women Final;Czech Republic;5838;0.83145;174,600,662,76,329,446,102,745,115,131,123,130,55,98,92,295,338,93,43,454,148,50,169,259,40,71;0.894461859979101,0.912878787878788,0.835622081845647,0.891148325358852,0.911301464492954,0.739094985731757,0.852941176470588,0.804881025015253,0.860079051383399,0.384455239417071,0.636363636363636,0.704195804195804,0.88595041322314,0.834879406307978,0.939723320158103,0.797842835130971,0.92442173211404,0.941348973607038,0.81183932346723,0.882258710452543,0.689189189189189,0.863636363636364,0.906401291016676,0.826254826254826,0.881818181818182,0.832266325224072;26;26
 Brigitte Grüniger;WOC 2004 Long Distance Final-Women Final;Switzerland;5857;0.82875;167,638,793,73,376,387,110,749,117,58,102,113,58,81,86,254,379,110,38,439,138,58,176,252,43,62;0.931954273271638,0.858506697064691,0.697581107417173,0.927770859277709,0.797388781431335,0.851773549447968,0.790909090909091,0.800582594975118,0.845376845376845,0.86833855799373,0.767379679144385,0.810136765888978,0.84012539184953,1.01010101010101,1.00528541226216,0.926628489620616,0.824418325737587,0.795867768595041,0.91866028708134,0.912404224477117,0.739130434782609,0.744514106583072,0.870351239669422,0.849206349206349,0.820295983086681,0.953079178885631;26;26
 Juliette Soulard;WOC 2004 Long Distance Final-Women Final;France;5883;0.82509;177,588,668,90,329,523,89,687,129,225,100,114,76,76,97,276,368,102,49,443,111,53,173,226,42,72;0.879301489470981,0.931508967223253,0.828116494284159,0.752525252525253,0.911301464492954,0.630279853989223,0.97752808988764,0.872833134841868,0.766737138830162,0.223838383838384,0.782727272727273,0.803030303030303,0.641148325358852,1.07655502392344,0.891283973758201,0.852766798418972,0.849061264822134,0.858288770053476,0.712430426716141,0.904165811615022,0.918918918918919,0.8147512864494,0.885444035733053,0.946902654867257,0.83982683982684,0.820707070707071;26;26
 Tina Olm-Junegard;WOC 2004 Long Distance Final-Women Final;Estonia;5953;0.81539;185,591,748,77,321,352,108,671,106,100,77,95,289,109,112,442,342,95,47,440,117,44,150,220,42,73;0.841277641277641,0.926780495308414,0.73954788526981,0.879574970484062,0.934013027470971,0.93646694214876,0.805555555555556,0.893645847446146,0.933104631217839,0.503636363636364,1.01652892561983,0.963636363636364,0.168606480025165,0.750625521267723,0.771915584415584,0.532496914849856,0.913609782030835,0.921531100478469,0.742746615087041,0.910330578512397,0.871794871794872,0.981404958677686,1.02121212121212,0.972727272727273,0.83982683982684,0.809464508094645;26;26
 Yvonne Fjordside;WOC 2004 Long Distance Final-Women Final;Denmark;6091;0.79691;180,579,669,107,360,386,123,916,120,92,86,97,63,128,151,264,349,117,43,483,128,54,198,275,49,74;0.864646464646465,0.945988381221542,0.826878651990759,0.632965165675446,0.832828282828283,0.853980216674517,0.707317073170732,0.654624851131401,0.824242424242424,0.547430830039526,0.91014799154334,0.943767572633552,0.773448773448773,0.639204545454545,0.572546658639374,0.891528925619835,0.895285230528784,0.748251748251748,0.81183932346723,0.829286655373612,0.796875,0.7996632996633,0.773645546372819,0.778181818181818,0.719851576994434,0.798525798525799;26;26
 Helen Winskill;WOC 2004 Long Distance Final-Women Final;Great Britain;6098;0.79600;198,683,668,80,336,405,211,804,120,78,87,97,60,114,122,289,409,106,41,489,132,52,193,217,40,67;0.786042240587695,0.801943298282976,0.828116494284159,0.846590909090909,0.892316017316017,0.813916947250281,0.412322274881517,0.745816372682044,0.824242424242424,0.645687645687646,0.899686520376175,0.943767572633552,0.812121212121212,0.717703349282297,0.708643815201192,0.814407046240956,0.763947543898644,0.82590051457976,0.851441241685144,0.81911135898866,0.772727272727273,0.83041958041958,0.793688177107866,0.986175115207373,0.881818181818182,0.881953867028494;26;26
 Signe Søes;WOC 2004 Long Distance Final-Women Final;Denmark;6116;0.79366;168,612,625,80,358,373,106,949,111,49,95,106,99,94,110,290,405,120,38,548,134,71,183,279,42,71;0.926406926406926,0.894979203802733,0.885090909090909,0.846590909090909,0.837480954799391,0.883743602242262,0.820754716981132,0.631861289395536,0.891072891072891,1.0278293135436,0.823923444976077,0.863636363636364,0.492194674012856,0.870406189555126,0.785950413223141,0.811598746081505,0.771492704826038,0.729545454545455,0.91866028708134,0.730922362309224,0.761194029850746,0.608194622279129,0.83705911574764,0.767025089605735,0.83982683982684,0.832266325224072;26;26
 Liga Arniece;WOC 2004 Long Distance Final-Women Final;Latvia;6181;0.78531;185,651,690,91,355,420,131,784,127,55,99,105,64,118,134,294,386,118,45,506,155,59,194,288,48,79;0.841277641277641,0.841362938137132,0.801712779973649,0.744255744255744,0.844558258642766,0.784848484848485,0.66412213740458,0.764842300556586,0.778811739441661,0.915702479338843,0.790633608815427,0.871861471861472,0.761363636363636,0.693374422187982,0.645183175033921,0.800556586270872,0.809467734338201,0.74191063174114,0.775757575757576,0.791591807402084,0.658064516129032,0.731895223420647,0.789597000937207,0.743055555555556,0.734848484848485,0.747986191024166;26;26
 Celine Dodin;WOC 2004 Long Distance Final-Women Final;France;6208;0.78189;173,693,664,90,364,438,120,922,136,70,87,106,55,97,127,307,400,112,39,463,142,51,173,264,44,71;0.899632159747767,0.7903712449167,0.833105147864184,0.752525252525253,0.823676323676324,0.752594437525944,0.725,0.650364819562216,0.727272727272727,0.719480519480519,0.899686520376175,0.863636363636364,0.88595041322314,0.84348641049672,0.680744452397996,0.766656795972757,0.781136363636364,0.781655844155844,0.895104895104895,0.865108973100334,0.71830985915493,0.846702317290553,0.885444035733053,0.810606060606061,0.801652892561983,0.832266325224072;26;26
 Lyudmila Gotseva;WOC 2004 Long Distance Final-Women Final;Bulgaria;6326;0.76731;337,625,550,219,384,420,131,916,131,68,195,142,55,95,92,290,338,99,49,446,155,43,175,254,43,74;0.461828972214729,0.876363636363636,1.00578512396694,0.30925695309257,0.780776515151515,0.784848484848485,0.66412213740458,0.654624851131401,0.755031228313671,0.740641711229947,0.401398601398601,0.644686299615877,0.88595041322314,0.861244019138756,0.939723320158103,0.811598746081505,0.92442173211404,0.884297520661157,0.712430426716141,0.898083978801468,0.658064516129032,1.00422832980973,0.875324675324675,0.84251968503937,0.820295983086681,0.798525798525799;26;26
 Renate Fauner;WOC 2004 Long Distance Final-Women Final;Italy;6384;0.76034;194,637,675,92,348,418,136,885,153,82,113,129,89,104,132,293,362,113,45,487,137,61,240,341,48,70;0.802249297094658,0.859854431283003,0.819528619528619,0.736166007905138,0.861546499477534,0.788603740756851,0.639705882352941,0.677555213148433,0.646464646464646,0.614190687361419,0.692679002413516,0.709654686398872,0.547497446373851,0.786713286713287,0.65495867768595,0.803288861309339,0.863134103465595,0.774738535800483,0.775757575757576,0.822475266007094,0.744525547445255,0.707898658718331,0.638257575757576,0.627565982404692,0.734848484848485,0.844155844155844;26;26
 Jolanta Razaitiene;WOC 2004 Long Distance Final-Women Final;Lithuania;6421;0.75596;162,598,1249,67,327,346,106,680,105,108,66,100,279,111,110,446,336,93,37,439,124,46,158,219,37,72;0.960718294051627,0.915931894192764,0.442899774364946,1.01085481682497,0.916875173755908,0.952706253284288,0.820754716981132,0.881818181818182,0.941991341991342,0.466329966329966,1.18595041322314,0.915454545454546,0.17464972303682,0.737100737100737,0.785950413223141,0.527721157766001,0.929924242424242,0.941348973607038,0.943488943488943,0.912404224477117,0.82258064516129,0.938735177865613,0.969505178365938,0.977168949771689,0.953316953316953,0.820707070707071;26;26
 Zuzana Stehnova;WOC 2004 Long Distance Final-Women Final;Czech Republic;6429;0.75502;189,685,837,74,361,402,119,886,132,67,102,98,58,123,129,290,363,119,44,555,142,57,208,271,42,76;0.823472823472823,0.799601857996019,0.660910177039209,0.915233415233415,0.830521279274742,0.819990954319312,0.73109243697479,0.67679047814488,0.74931129476584,0.751696065128901,0.767379679144385,0.934137291280148,0.84012539184953,0.665188470066519,0.670190274841438,0.811598746081505,0.860756323566241,0.735676088617265,0.793388429752066,0.721703521703522,0.71830985915493,0.757575757575758,0.736451048951049,0.789667896678967,0.83982683982684,0.777511961722488;26;26
 Esther Gil;WOC 2004 Long Distance Final-Women Final;Spain;6487;0.74827;201,702,735,179,377,379,107,708,122,89,121,123,55,84,98,394,365,124,40,515,159,79,256,348,53,74;0.77431026684758,0.78023828023828,0.752628324056895,0.378364652107669,0.795273691825416,0.869752938354521,0.813084112149533,0.846944016435542,0.810730253353204,0.5658835546476,0.646882043576258,0.744271988174427,0.88595041322314,0.974025974025974,0.882189239332096,0.597369635440701,0.856039850560398,0.706011730205279,0.872727272727273,0.777758164165931,0.641509433962264,0.546605293440736,0.598366477272727,0.614942528735632,0.665523156089194,0.798525798525799;26;26
 Alison O´Neil;WOC 2004 Long Distance Final-Women Final;Great Britain;6691;0.72545;196,709,829,97,451,431,113,766,120,76,115,138,193,110,112,346,383,135,39,504,137,54,214,305,49,69;0.794063079777365,0.772534940376971,0.667288079833315,0.698219306466729,0.664785325539206,0.764817549040287,0.769911504424779,0.782815096131023,0.824242424242424,0.662679425837321,0.680632411067194,0.663372859025033,0.252472915685351,0.743801652892562,0.771915584415584,0.680241723594325,0.815808212675053,0.648484848484848,0.895104895104895,0.794733044733045,0.744525547445255,0.7996632996633,0.715802888700085,0.701639344262295,0.719851576994434,0.85638998682477;26;26
 Gunda Fischer;WOC 2004 Long Distance Final-Women Final;Germany;6913;0.70216;188,724,726,92,350,480,131,829,125,58,103,113,79,128,142,372,408,123,40,755,221,65,233,307,42,79;0.827852998065764,0.75652938221999,0.761958427247683,0.736166007905138,0.856623376623377,0.686742424242424,0.66412213740458,0.723324925978726,0.791272727272727,0.86833855799373,0.759929390997352,0.810136765888978,0.616800920598389,0.639204545454545,0.608834827144686,0.632697947214076,0.765819964349376,0.711751662971175,0.872727272727273,0.530523780854907,0.461538461538462,0.664335664335664,0.657432696059306,0.697068403908795,0.83982683982684,0.747986191024166;26;26
 Cherie Mahoney;WOC 2004 Long Distance Final-Women Final;Canada;7315;0.66357;206,817,955,91,465,503,118,938,135,67,134,142,63,106,109,316,415,145,43,567,239,62,218,335,50,76;0.755516328331862,0.670412818515634,0.579247977153736,0.744255744255744,0.644770283479961,0.655340683173685,0.73728813559322,0.639271176584609,0.732659932659933,0.751696065128901,0.584124830393487,0.644686299615877,0.773448773448773,0.771869639794168,0.793160967472894,0.74482163406214,0.752902519167579,0.603761755485893,0.81183932346723,0.70642937309604,0.426778242677824,0.696480938416422,0.702668890742285,0.638805970149254,0.705454545454545,0.777511961722488;26;26
 Iliana Shandurkova;WOC 2004 Long Distance Final-Women Final;Bulgaria;8111;0.59845;200,670,2478,84,353,466,114,777,132,81,150,143,69,86,101,314,401,97,40,517,162,56,234,269,46,71;0.778181818181818,0.817503392130258,0.223237214762638,0.806277056277056,0.849343291269637,0.707374170893484,0.763157894736842,0.771732771732772,0.74931129476584,0.621773288439955,0.521818181818182,0.640178003814368,0.706192358366271,0.951374207188161,0.855985598559856,0.749565720903301,0.779188392654727,0.90253045923149,0.872727272727273,0.774749428521189,0.62962962962963,0.771103896103896,0.654623154623155,0.795539033457249,0.766798418972332,0.832266325224072;26;26
