Renard Damien;SM Medeldistans - Final-H21 Final;OK Denseln;2215;0.96009;67,147,91,84,94,46,382,86,104,246,56,52,374,37,60,96,72,70,33,18;1.05820895522388,0.863945578231292,0.930769230769231,1.05833333333333,1.03085106382979,0.984782608695652,1.03769633507853,1.03720930232558,0.943269230769231,0.86219512195122,1.11964285714286,0.982692307692308,0.867647058823529,1.05675675675676,0.846666666666667,1,0.963888888888889,1.01714285714286,1.08181818181818,0.922222222222222;20;20
Öberg Peter;SM Medeldistans - Final-H21 Final;OK Hällen;2236;0.95107;72,138,117,86,97,49,424,90,101,226,71,55,322,35,54,91,83,76,33,16;0.984722222222222,0.920289855072464,0.723931623931624,1.03372093023256,0.998969072164948,0.924489795918367,0.934905660377358,0.991111111111111,0.971287128712871,0.938495575221239,0.883098591549296,0.929090909090909,1.00776397515528,1.11714285714286,0.940740740740741,1.05494505494505,0.836144578313253,0.936842105263158,1.08181818181818,1.0375;20;20
Olsson Nils;SM Medeldistans - Final-H21 Final;Stora Tuna IK;2246;0.94684;76,127,93,91,101,63,406,85,105,230,97,58,323,39,52,96,75,72,39,18;0.932894736842105,1,0.910752688172043,0.976923076923077,0.959405940594059,0.719047619047619,0.976354679802956,1.04941176470588,0.934285714285714,0.922173913043478,0.64639175257732,0.881034482758621,1.0046439628483,1.0025641025641,0.976923076923077,1,0.925333333333333,0.988888888888889,0.915384615384615,0.922222222222222;20;20
Andersson Erik;SM Medeldistans - Final-H21 Final;OK Denseln;2251;0.94474;79,135,85,96,105,57,427,97,103,202,61,59,326,57,63,103,65,80,33,18;0.89746835443038,0.940740740740741,0.996470588235294,0.926041666666667,0.922857142857143,0.794736842105263,0.928337236533958,0.919587628865979,0.952427184466019,1.05,1.02786885245902,0.866101694915254,0.995398773006135,0.685964912280702,0.806349206349206,0.932038834951456,1.06769230769231,0.89,1.08181818181818,0.922222222222222;20;20
Holmberg Anders;SM Medeldistans - Final-H21 Final;Järla IF OK;2268;0.93765;73,141,87,100,122,47,419,93,101,209,66,54,331,41,72,102,70,87,36,17;0.971232876712329,0.900709219858156,0.973563218390805,0.889,0.794262295081967,0.963829787234042,0.946062052505967,0.959139784946237,0.971287128712871,1.01483253588517,0.95,0.946296296296296,0.98036253776435,0.953658536585366,0.705555555555555,0.941176470588235,0.991428571428572,0.818390804597701,0.991666666666667,0.976470588235294;20;20
Pilblad Jonas;SM Medeldistans - Final-H21 Final;OK Skogsfalken;2287;0.92986;78,147,87,87,114,46,403,96,103,204,80,46,337,88,66,101,74,72,40,18;0.908974358974359,0.863945578231292,0.973563218390805,1.02183908045977,0.85,0.984782608695652,0.983622828784119,0.929166666666667,0.952427184466019,1.03970588235294,0.78375,1.11086956521739,0.962908011869436,0.444318181818182,0.76969696969697,0.95049504950495,0.937837837837838,0.988888888888889,0.8925,0.922222222222222;20;20
Röjgård Mats;SM Medeldistans - Final-H21 Final;OK Kolmården;2303;0.92340;69,130,100,100,102,46,424,108,115,233,72,48,344,41,49,100,84,79,40,19;1.02753623188406,0.976923076923077,0.847,0.889,0.95,0.984782608695652,0.934905660377358,0.825925925925926,0.85304347826087,0.910300429184549,0.870833333333333,1.06458333333333,0.943313953488372,0.953658536585366,1.03673469387755,0.96,0.826190476190476,0.90126582278481,0.8925,0.873684210526316;20;20
Löwegren Fredrik;SM Medeldistans - Final-H21 Final;IFK Göteborg;2305;0.92260;72,138,83,87,134,43,437,87,93,233,121,46,310,56,53,108,70,73,42,19;0.984722222222222,0.920289855072464,1.02048192771084,1.02183908045977,0.723134328358209,1.05348837209302,0.907093821510297,1.02528735632184,1.05483870967742,0.910300429184549,0.518181818181818,1.11086956521739,1.04677419354839,0.698214285714286,0.958490566037736,0.888888888888889,0.991428571428572,0.975342465753425,0.85,0.873684210526316;20;20
Niggli Mattias;SM Medeldistans - Final-H21 Final;Ulricehamns OK;2341;0.90842;127,145,126,102,100,50,390,93,107,224,55,58,361,42,58,99,78,70,38,18;0.558267716535433,0.875862068965517,0.672222222222222,0.87156862745098,0.969,0.906,1.01641025641026,0.959139784946237,0.916822429906542,0.946875,1.14,0.881034482758621,0.898891966759003,0.930952380952381,0.875862068965517,0.96969696969697,0.88974358974359,1.01714285714286,0.939473684210526,0.922222222222222;20;20
Jonasson Niclas;SM Medeldistans - Final-H21 Final;Södertälje-Nykvar;2354;0.90340;106,131,88,95,107,60,417,118,101,209,80,63,353,49,54,112,74,77,41,19;0.668867924528302,0.969465648854962,0.9625,0.935789473684211,0.905607476635514,0.755,0.950599520383693,0.755932203389831,0.971287128712871,1.01483253588517,0.78375,0.811111111111111,0.919263456090652,0.797959183673469,0.940740740740741,0.857142857142857,0.937837837837838,0.924675324675325,0.870731707317073,0.873684210526316;20;20
Johansson Magnus;SM Medeldistans - Final-H21 Final;OK Ravinen;2371;0.89692;75,143,109,105,124,46,410,119,95,247,78,65,345,42,63,101,75,72,39,18;0.945333333333333,0.888111888111888,0.777064220183486,0.846666666666667,0.781451612903226,0.984782608695652,0.966829268292683,0.749579831932773,1.03263157894737,0.858704453441296,0.803846153846154,0.786153846153846,0.940579710144928,0.930952380952381,0.806349206349206,0.95049504950495,0.925333333333333,0.988888888888889,0.915384615384615,0.922222222222222;20;20
Troeng Mats;SM Medeldistans - Final-H21 Final;OK Linné;2395;0.88793;86,124,83,90,103,47,392,89,96,250,214,57,329,47,51,108,71,103,39,16;0.824418604651163,1.0241935483871,1.02048192771084,0.987777777777778,0.940776699029126,0.963829787234042,1.01122448979592,1.00224719101124,1.021875,0.8484,0.292990654205607,0.896491228070175,0.986322188449848,0.831914893617021,0.996078431372549,0.888888888888889,0.977464788732394,0.69126213592233,0.915384615384615,1.0375;20;20
Axelsson Erik;SM Medeldistans - Final-H21 Final;Södertälje-Nykvar;2398;0.88682;79,143,126,96,196,52,420,87,98,216,68,54,324,40,77,106,65,92,39,20;0.89746835443038,0.888111888111888,0.672222222222222,0.926041666666667,0.494387755102041,0.871153846153846,0.943809523809524,1.02528735632184,1.00102040816327,0.981944444444444,0.922058823529412,0.946296296296296,1.00154320987654,0.9775,0.65974025974026,0.905660377358491,1.06769230769231,0.773913043478261,0.915384615384615,0.83;20;20
Eriksson Staffan;SM Medeldistans - Final-H21 Final;Malungs OK Skogsmårdarna;2423;0.87767;79,141,94,100,108,55,429,94,111,242,70,67,351,110,49,101,72,91,42,17;0.89746835443038,0.900709219858156,0.901063829787234,0.889,0.897222222222222,0.823636363636364,0.924009324009324,0.948936170212766,0.883783783783784,0.876446280991735,0.895714285714286,0.762686567164179,0.924501424501424,0.355454545454545,1.03673469387755,0.95049504950495,0.963888888888889,0.782417582417582,0.85,0.976470588235294;20;20
Andersson David;SM Medeldistans - Final-H21 Final;IK Hakarpspojkarna;2430;0.87514;117,121,91,104,95,67,400,100,111,249,77,56,346,76,62,111,88,98,44,17;0.605982905982906,1.0495867768595,0.930769230769231,0.854807692307692,1.02,0.676119402985075,0.991,0.892,0.883783783783784,0.851807228915663,0.814285714285714,0.9125,0.937861271676301,0.514473684210526,0.819354838709677,0.864864864864865,0.788636363636364,0.726530612244898,0.811363636363636,0.976470588235294;20;20
Åkerman Lars;SM Medeldistans - Final-H21 Final;Malungs OK Skogsmårdarna;2448;0.86871;73,146,113,107,129,48,425,104,114,260,61,66,357,62,73,103,73,72,43,19;0.971232876712329,0.86986301369863,0.749557522123894,0.830841121495327,0.751162790697674,0.94375,0.932705882352941,0.857692307692308,0.860526315789474,0.815769230769231,1.02786885245902,0.774242424242424,0.908963585434174,0.630645161290323,0.695890410958904,0.932038834951456,0.950684931506849,0.988888888888889,0.830232558139535,0.873684210526316;20;20
Näsman Johan;SM Medeldistans - Final-H21 Final;IFK Lidingös Skid o OK;2454;0.86659;76,125,90,94,342,48,368,95,100,238,65,59,359,44,55,101,72,70,36,17;0.932894736842105,1.016,0.941111111111111,0.945744680851064,0.283333333333333,0.94375,1.07717391304348,0.938947368421053,0.981,0.891176470588235,0.964615384615385,0.866101694915254,0.903899721448468,0.888636363636364,0.923636363636364,0.95049504950495,0.963888888888889,1.01714285714286,0.991666666666667,0.976470588235294;20;20
Eriksson Håkan;SM Medeldistans - Final-H21 Final;Malungs OK Skogsmårdarna;2469;0.86132;93,133,135,109,116,76,417,99,108,248,83,66,358,42,59,102,86,81,39,19;0.76236559139785,0.954887218045113,0.627407407407407,0.815596330275229,0.835344827586207,0.596052631578947,0.950599520383693,0.901010101010101,0.908333333333333,0.855241935483871,0.755421686746988,0.774242424242424,0.906424581005587,0.930952380952381,0.861016949152542,0.941176470588235,0.806976744186047,0.879012345679012,0.915384615384615,0.873684210526316;20;20
Giding Casper;SM Medeldistans - Final-H21 Final;IFK Lidingös Skid o OK;2476;0.85889;73,130,94,101,97,69,431,106,152,231,92,63,383,45,64,122,84,84,38,17;0.971232876712329,0.976923076923077,0.901063829787234,0.88019801980198,0.998969072164948,0.656521739130435,0.919721577726218,0.841509433962264,0.645394736842105,0.918181818181818,0.681521739130435,0.811111111111111,0.847258485639687,0.868888888888889,0.79375,0.786885245901639,0.826190476190476,0.847619047619048,0.939473684210526,0.976470588235294;20;20
Olofsson Mikael;SM Medeldistans - Final-H21 Final;FK Friskus Varberg;2482;0.85681;119,132,88,92,105,53,451,88,104,341,98,60,337,48,63,94,81,76,35,17;0.595798319327731,0.962121212121212,0.9625,0.966304347826087,0.922857142857143,0.854716981132075,0.878935698447894,1.01363636363636,0.943269230769231,0.621994134897361,0.639795918367347,0.851666666666667,0.962908011869436,0.814583333333333,0.806349206349206,1.02127659574468,0.85679012345679,0.936842105263158,1.02,0.976470588235294;20;20
Skogtjärn Pål;SM Medeldistans - Final-H21 Final;Södertälje-Nykvar;2483;0.85646;77,149,107,172,97,46,467,104,101,240,85,74,344,38,58,115,72,80,41,16;0.920779220779221,0.852348993288591,0.791588785046729,0.516860465116279,0.998969072164948,0.984782608695652,0.84882226980728,0.857692307692308,0.971287128712871,0.88375,0.737647058823529,0.690540540540541,0.943313953488372,1.02894736842105,0.875862068965517,0.834782608695652,0.963888888888889,0.89,0.870731707317073,1.0375;20;20
Bratt Niklas;SM Medeldistans - Final-H21 Final;OK Orion;2486;0.85543;69,141,136,109,122,48,483,98,106,242,64,56,346,56,62,107,72,108,43,18;1.02753623188406,0.900709219858156,0.622794117647059,0.815596330275229,0.794262295081967,0.94375,0.820703933747412,0.910204081632653,0.925471698113208,0.876446280991735,0.9796875,0.9125,0.937861271676301,0.698214285714286,0.819354838709677,0.897196261682243,0.963888888888889,0.659259259259259,0.830232558139535,0.922222222222222;20;20
Troeng Jan;SM Medeldistans - Final-H21 Final;OK Linné;2490;0.85406;78,136,93,92,114,59,435,153,112,210,79,77,375,51,52,102,135,77,43,17;0.908974358974359,0.933823529411765,0.910752688172043,0.966304347826087,0.85,0.767796610169492,0.911264367816092,0.583006535947712,0.875892857142857,1.01,0.793670886075949,0.663636363636364,0.865333333333333,0.766666666666667,0.976923076923077,0.941176470588235,0.514074074074074,0.924675324675325,0.830232558139535,0.976470588235294;20;20
Troeng Ulf;SM Medeldistans - Final-H21 Final;Dalaportens OL;2491;0.85371;103,119,86,118,98,44,446,139,95,342,87,57,342,46,70,96,69,78,40,16;0.688349514563107,1.0672268907563,0.984883720930233,0.753389830508475,0.988775510204082,1.02954545454545,0.888789237668161,0.641726618705036,1.03263157894737,0.620175438596491,0.720689655172414,0.896491228070175,0.948830409356725,0.85,0.725714285714286,1,1.00579710144928,0.912820512820513,0.8925,1.0375;20;20
Asp Thomas;SM Medeldistans - Final-H21 Final;IFK Göteborg;2502;0.84996;96,143,107,122,105,52,445,96,101,267,107,107,329,68,50,95,74,73,44,21;0.738541666666667,0.888111888111888,0.791588785046729,0.728688524590164,0.922857142857143,0.871153846153846,0.890786516853933,0.929166666666667,0.971287128712871,0.79438202247191,0.585981308411215,0.477570093457944,0.986322188449848,0.575,1.016,1.01052631578947,0.937837837837838,0.975342465753425,0.811363636363636,0.790476190476191;20;20
Kaisajuntti Linus;SM Medeldistans - Final-H21 Final;IFK Lidingös Skid o OK;2510;0.84725;84,145,114,93,114,50,449,120,110,237,97,70,374,46,56,103,96,88,44,20;0.844047619047619,0.875862068965517,0.742982456140351,0.955913978494624,0.85,0.906,0.882850779510022,0.743333333333333,0.891818181818182,0.894936708860759,0.64639175257732,0.73,0.867647058823529,0.85,0.907142857142857,0.932038834951456,0.722916666666667,0.809090909090909,0.811363636363636,0.83;20;20
Karlsson Mattias;SM Medeldistans - Final-H21 Final;IK Hakarpspojkarna;2540;0.83724;72,147,84,88,99,45,405,163,283,213,86,52,359,40,56,99,89,95,45,20;0.984722222222222,0.863945578231292,1.00833333333333,1.01022727272727,0.978787878787879,1.00666666666667,0.978765432098765,0.547239263803681,0.346643109540636,0.995774647887324,0.72906976744186,0.982692307692308,0.903899721448468,0.9775,0.907142857142857,0.96969696969697,0.779775280898876,0.749473684210526,0.793333333333333,0.83;20;20
Tryggesson Henrik;SM Medeldistans - Final-H21 Final;FK Friskus Varberg;2554;0.83265;81,151,96,94,100,49,408,100,104,350,81,58,369,49,59,112,134,81,51,27;0.875308641975309,0.841059602649007,0.882291666666667,0.945744680851064,0.969,0.924489795918367,0.97156862745098,0.892,0.943269230769231,0.606,0.774074074074074,0.881034482758621,0.87940379403794,0.797959183673469,0.861016949152542,0.857142857142857,0.517910447761194,0.879012345679012,0.7,0.614814814814815;20;20
Berglund Greger;SM Medeldistans - Final-H21 Final;IFK Lidingös Skid o OK;2560;0.83070;125,161,93,109,107,56,414,105,123,262,83,73,383,49,53,104,85,116,42,17;0.5672,0.788819875776398,0.910752688172043,0.815596330275229,0.905607476635514,0.808928571428571,0.957487922705314,0.84952380952381,0.797560975609756,0.809541984732824,0.755421686746988,0.7,0.847258485639687,0.797959183673469,0.958490566037736,0.923076923076923,0.816470588235294,0.613793103448276,0.85,0.976470588235294;20;20
Lauri Emil;SM Medeldistans - Final-H21 Final;OK Tisaren;2567;0.82844;78,131,82,138,112,74,489,114,105,219,68,57,355,126,59,162,72,68,41,17;0.908974358974359,0.969465648854962,1.03292682926829,0.644202898550725,0.865178571428571,0.612162162162162,0.810633946830266,0.782456140350877,0.934285714285714,0.968493150684931,0.922058823529412,0.896491228070175,0.914084507042254,0.31031746031746,0.861016949152542,0.592592592592593,0.963888888888889,1.04705882352941,0.870731707317073,0.976470588235294;20;20
Martinsson Mårten;SM Medeldistans - Final-H21 Final;Kils OK;2660;0.79947;86,160,84,190,94,47,434,107,108,239,66,54,484,39,59,104,125,107,54,19;0.824418604651163,0.79375,1.00833333333333,0.467894736842105,1.03085106382979,0.963829787234042,0.913364055299539,0.833644859813084,0.908333333333333,0.88744769874477,0.95,0.946296296296296,0.670454545454545,1.0025641025641,0.861016949152542,0.923076923076923,0.5552,0.665420560747664,0.661111111111111,0.873684210526316;20;20
Dalin Kalle;SM Medeldistans - Final-H21 Final;Leksands OK;2710;0.78472;72,138,89,223,100,47,452,136,106,281,134,91,314,134,46,113,86,88,38,22;0.984722222222222,0.920289855072464,0.951685393258427,0.398654708520179,0.969,0.963829787234042,0.876991150442478,0.655882352941176,0.925471698113208,0.754804270462633,0.467910447761194,0.561538461538462,1.03343949044586,0.291791044776119,1.10434782608696,0.849557522123894,0.806976744186047,0.809090909090909,0.939473684210526,0.754545454545455;20;20
Millinger Mattias;SM Medeldistans - Final-H21 Final;Västerås SOK;2728;0.77955;74,145,103,163,126,53,417,107,101,361,91,70,431,45,63,97,132,92,40,17;0.958108108108108,0.875862068965517,0.822330097087379,0.545398773006135,0.769047619047619,0.854716981132075,0.950599520383693,0.833644859813084,0.971287128712871,0.587534626038781,0.689010989010989,0.73,0.752900232018561,0.868888888888889,0.806349206349206,0.989690721649485,0.525757575757576,0.773913043478261,0.8925,0.976470588235294;20;20
Axelsson Anders;SM Medeldistans - Final-H21 Final;Södertälje-Nykvar;2731;0.77869;147,143,107,193,116,66,421,102,109,242,95,62,357,96,87,102,77,146,45,18;0.482312925170068,0.888111888111888,0.791588785046729,0.460621761658031,0.835344827586207,0.686363636363636,0.941567695961995,0.874509803921569,0.9,0.876446280991735,0.66,0.824193548387097,0.908963585434174,0.407291666666667,0.583908045977012,0.941176470588235,0.901298701298701,0.487671232876712,0.793333333333333,0.922222222222222;20;20
Martner Patrik;SM Medeldistans - Final-H21 Final;Leksands OK;2742;0.77557;121,200,86,95,100,300,439,104,103,256,69,119,338,46,53,98,74,74,44,23;0.585950413223141,0.635,0.984883720930233,0.935789473684211,0.969,0.151,0.902961275626424,0.857692307692308,0.952427184466019,0.828515625,0.908695652173913,0.429411764705882,0.960059171597633,0.85,0.958490566037736,0.979591836734694,0.937837837837838,0.962162162162162,0.811363636363636,0.721739130434783;20;20
Johansson Andreas J;SM Medeldistans - Final-H21 Final;Göteborg-Majorna OK;2763;0.76967;108,144,126,94,164,44,525,99,104,215,75,50,451,117,135,98,68,88,37,21;0.656481481481482,0.881944444444444,0.672222222222222,0.945744680851064,0.590853658536585,1.02954545454545,0.755047619047619,0.901010101010101,0.943269230769231,0.986511627906977,0.836,1.022,0.719512195121951,0.334188034188034,0.376296296296296,0.979591836734694,1.02058823529412,0.809090909090909,0.964864864864865,0.790476190476191;20;20
Tysk Greger;SM Medeldistans - Final-H21 Final;Leksands OK;2774;0.76662;70,156,97,131,110,50,487,148,103,233,105,79,434,46,73,124,162,96,50,20;1.01285714285714,0.814102564102564,0.87319587628866,0.678625954198473,0.880909090909091,0.906,0.813963039014374,0.602702702702703,0.952427184466019,0.910300429184549,0.597142857142857,0.646835443037975,0.747695852534562,0.85,0.695890410958904,0.774193548387097,0.428395061728395,0.741666666666667,0.714,0.83;20;20
Andersson Tommy;SM Medeldistans - Final-H21 Final;Vänersborgs SK;2786;0.76332;84,141,147,92,275,49,438,103,111,234,65,59,471,41,63,108,126,101,56,22;0.844047619047619,0.900709219858156,0.576190476190476,0.966304347826087,0.352363636363636,0.924489795918367,0.905022831050228,0.866019417475728,0.883783783783784,0.906410256410256,0.964615384615385,0.866101694915254,0.68895966029724,0.953658536585366,0.806349206349206,0.888888888888889,0.550793650793651,0.704950495049505,0.6375,0.754545454545455;20;20
Nilsson Pontus;SM Medeldistans - Final-H21 Final;FK Friskus Varberg;3321;0.64035;119,147,92,251,98,77,564,116,118,399,92,65,632,56,78,130,98,105,59,25;0.595798319327731,0.863945578231292,0.920652173913044,0.354183266932271,0.988775510204082,0.588311688311688,0.702836879432624,0.768965517241379,0.83135593220339,0.531578947368421,0.681521739130435,0.786153846153846,0.513449367088608,0.698214285714286,0.651282051282051,0.738461538461539,0.708163265306123,0.678095238095238,0.605084745762712,0.664;20;20
Niggli-Luder Simone;SM Medeldistans - Final-D21 Final;Ulricehamns OK;2254;1.00217;125,84,67,207,145,423,97,100,81,213,67,348,116,87,74,20;1.048,0.692857142857143,1.02089552238806,0.997101449275362,0.651724137931034,1.05862884160757,1.08144329896907,0.97,1.05185185185185,1.10469483568075,1.13731343283582,1.05057471264368,1.12672413793103,0.729885057471264,1.00945945945946,0.975;16;16
Eliasson Lena;SM Medeldistans - Final-D21 Final;IK Hakarpspojkarna;2405;0.93925;126,60,74,344,75,434,102,99,81,255,116,346,140,61,73,19;1.03968253968254,0.97,0.924324324324324,0.6,1.26,1.03179723502304,1.02843137254902,0.97979797979798,1.05185185185185,0.922745098039216,0.656896551724138,1.05664739884393,0.933571428571428,1.04098360655738,1.02328767123288,1.02631578947368;16;16
Dahlstedt Emma;SM Medeldistans - Final-D21 Final;IFK Lidingös Skid o OK;2469;0.91490;135,59,72,228,171,434,122,110,101,266,78,390,144,65,75,19;0.97037037037037,0.986440677966102,0.95,0.905263157894737,0.552631578947368,1.03179723502304,0.859836065573771,0.881818181818182,0.843564356435644,0.884586466165414,0.976923076923077,0.937435897435898,0.907638888888889,0.976923076923077,0.996,1.02631578947368;16;16
Höjsgaard Karolina A.;SM Medeldistans - Final-D21 Final;Domnarvets GOIF;2495;0.90537;186,60,62,405,158,425,104,86,79,210,65,357,118,87,73,20;0.704301075268817,0.97,1.10322580645161,0.50962962962963,0.598101265822785,1.05364705882353,1.00865384615385,1.12790697674419,1.07848101265823,1.12047619047619,1.17230769230769,1.02408963585434,1.10762711864407,0.729885057471264,1.02328767123288,0.975;16;16
Berglund Camilla;SM Medeldistans - Final-D21 Final;Sävedalens AIK;2509;0.90032;137,74,152,215,110,460,112,123,99,250,81,380,134,87,75,20;0.956204379562044,0.786486486486487,0.45,0.96,0.859090909090909,0.973478260869565,0.936607142857143,0.788617886178862,0.860606060606061,0.9412,0.940740740740741,0.962105263157895,0.975373134328358,0.729885057471264,0.996,0.975;16;16
Eriksson Jenny;SM Medeldistans - Final-D21 Final;IF Thor;2514;0.89853;139,63,92,205,99,496,192,120,96,243,79,390,128,64,87,21;0.942446043165468,0.923809523809524,0.743478260869565,1.00682926829268,0.954545454545455,0.902822580645161,0.546354166666667,0.808333333333333,0.8875,0.968312757201646,0.964556962025316,0.937435897435898,1.02109375,0.9921875,0.858620689655172,0.928571428571429;16;16
Olsson Sofia;SM Medeldistans - Final-D21 Final;OK Skogsfalken;2589;0.87250;157,65,73,286,104,474,132,113,89,260,115,395,150,71,84,21;0.834394904458599,0.895384615384615,0.936986301369863,0.721678321678322,0.908653846153846,0.944725738396625,0.79469696969697,0.858407079646018,0.957303370786517,0.905,0.662608695652174,0.925569620253165,0.871333333333333,0.894366197183099,0.889285714285714,0.928571428571429;16;16
Lindqvist Åsa;SM Medeldistans - Final-D21 Final;Skogslöparna;2594;0.87082;185,61,75,211,128,484,119,95,89,258,79,469,174,67,81,19;0.708108108108108,0.954098360655738,0.912,0.978199052132701,0.73828125,0.925206611570248,0.881512605042017,1.02105263157895,0.957303370786517,0.912015503875969,0.964556962025316,0.77953091684435,0.751149425287356,0.947761194029851,0.922222222222222,1.02631578947368;16;16
Mårsell Anna;SM Medeldistans - Final-D21 Final;Linköpings OK;2597;0.86981;136,59,66,221,122,484,123,103,96,308,113,394,189,71,88,24;0.963235294117647,0.986440677966102,1.03636363636364,0.93393665158371,0.774590163934426,0.925206611570248,0.852845528455285,0.941747572815534,0.8875,0.763961038961039,0.674336283185841,0.927918781725888,0.691534391534391,0.894366197183099,0.848863636363636,0.8125;16;16
Forslund Rose-Marie;SM Medeldistans - Final-D21 Final;IFK Moras OK;2599;0.86914;140,61,83,212,103,623,109,100,107,252,80,380,174,79,76,20;0.935714285714286,0.954098360655738,0.824096385542169,0.973584905660377,0.91747572815534,0.718780096308186,0.962385321100917,0.97,0.796261682242991,0.933730158730159,0.9525,0.962105263157895,0.751149425287356,0.80379746835443,0.982894736842105,0.975;16;16
Backlund Britta;SM Medeldistans - Final-D21 Final;Stora Tuna IK;2601;0.86847;143,66,81,225,156,504,114,118,97,309,88,385,146,67,81,21;0.916083916083916,0.881818181818182,0.844444444444445,0.917333333333333,0.605769230769231,0.888492063492064,0.920175438596491,0.822033898305085,0.878350515463918,0.761488673139159,0.865909090909091,0.94961038961039,0.895205479452055,0.947761194029851,0.922222222222222,0.928571428571429;16;16
Bäckström Lina;SM Medeldistans - Final-D21 Final;OK Linné;2609;0.86581;135,74,62,197,98,513,238,99,91,279,83,379,193,65,81,22;0.97037037037037,0.786486486486487,1.10322580645161,1.04771573604061,0.964285714285714,0.872904483430799,0.440756302521008,0.97979797979798,0.936263736263736,0.84336917562724,0.918072289156627,0.964643799472296,0.67720207253886,0.976923076923077,0.922222222222222,0.886363636363636;16;16
Palm Hanna;SM Medeldistans - Final-D21 Final;IK Hakarpspojkarna;2627;0.85988;137,62,76,228,148,538,112,125,98,266,124,398,125,92,75,23;0.956204379562044,0.938709677419355,0.9,0.905263157894737,0.638513513513513,0.832342007434944,0.936607142857143,0.776,0.869387755102041,0.884586466165414,0.614516129032258,0.918592964824121,1.0456,0.690217391304348,0.996,0.847826086956522;16;16
Granstedt Anette;SM Medeldistans - Final-D21 Final;IK Hakarpspojkarna;2634;0.85759;151,58,70,277,108,501,108,107,102,255,79,508,135,71,81,23;0.867549668874172,1.00344827586207,0.977142857142857,0.745126353790614,0.875,0.893812375249501,0.971296296296296,0.906542056074766,0.835294117647059,0.922745098039216,0.964556962025316,0.719685039370079,0.968148148148148,0.894366197183099,0.922222222222222,0.847826086956522;16;16
Andersson Emma;SM Medeldistans - Final-D21 Final;Sävedalens AIK;2678;0.84350;148,76,104,210,169,459,130,117,107,264,82,411,150,150,79,22;0.885135135135135,0.765789473684211,0.657692307692308,0.982857142857143,0.559171597633136,0.975599128540305,0.806923076923077,0.829059829059829,0.796261682242991,0.891287878787879,0.929268292682927,0.889537712895377,0.871333333333333,0.423333333333333,0.945569620253165,0.886363636363636;16;16
Danielsson Magdalena;SM Medeldistans - Final-D21 Final;IFK Lidingös Skid o OK;2713;0.83262;150,69,71,240,276,537,121,115,96,261,83,384,144,69,75,22;0.873333333333333,0.843478260869565,0.963380281690141,0.86,0.342391304347826,0.83389199255121,0.866942148760331,0.843478260869565,0.8875,0.901532567049808,0.918072289156627,0.952083333333333,0.907638888888889,0.920289855072464,0.996,0.886363636363636;16;16
Bergkvist Maria;SM Medeldistans - Final-D21 Final;IFK Moras OK;2747;0.82232;174,75,78,214,174,474,106,104,84,233,303,365,171,77,93,22;0.752873563218391,0.776,0.876923076923077,0.964485981308411,0.543103448275862,0.944725738396625,0.989622641509434,0.932692307692308,1.01428571428571,1.00987124463519,0.251485148514851,1.00164383561644,0.764327485380117,0.824675324675325,0.803225806451613,0.886363636363636;16;16
Gunnarsson Johanna;SM Medeldistans - Final-D21 Final;OK Hällen;2800;0.80675;144,61,85,227,173,557,137,125,104,286,86,492,158,68,78,19;0.909722222222222,0.954098360655738,0.804705882352941,0.909251101321586,0.546242774566474,0.803949730700179,0.765693430656934,0.776,0.819230769230769,0.822727272727273,0.886046511627907,0.743089430894309,0.827215189873418,0.933823529411765,0.957692307692308,1.02631578947368;16;16
Sand Malin;SM Medeldistans - Final-D21 Final;IFK Lidingös Skid o OK;2816;0.80217;143,73,73,232,174,496,140,112,104,261,77,580,172,81,76,22;0.916083916083916,0.797260273972603,0.936986301369863,0.889655172413793,0.543103448275862,0.902822580645161,0.749285714285714,0.866071428571429,0.819230769230769,0.901532567049808,0.98961038961039,0.630344827586207,0.759883720930232,0.783950617283951,0.982894736842105,0.886363636363636;16;16
Engstrand Emma;SM Medeldistans - Final-D21 Final;Stora Tuna IK;2829;0.79848;132,53,72,200,106,441,108,94,108,234,213,596,270,103,76,23;0.992424242424242,1.09811320754717,0.95,1.032,0.891509433962264,1.01541950113379,0.971296296296296,1.03191489361702,0.788888888888889,1.00555555555556,0.357746478873239,0.613422818791946,0.484074074074074,0.616504854368932,0.982894736842105,0.847826086956522;16;16
Elfving Eva;SM Medeldistans - Final-D21 Final;Domnarvets GOIF;2829;0.79848;191,66,71,237,104,569,151,114,98,277,169,385,210,76,89,22;0.68586387434555,0.881818181818182,0.963380281690141,0.870886075949367,0.908653846153846,0.786994727592267,0.694701986754967,0.850877192982456,0.869387755102041,0.849458483754513,0.450887573964497,0.94961038961039,0.622380952380952,0.835526315789474,0.839325842696629,0.886363636363636;16;16
Lundblad Sara;SM Medeldistans - Final-D21 Final;Tullinge SK;2835;0.79679;148,70,74,310,220,509,128,110,100,254,80,478,152,102,81,19;0.885135135135135,0.831428571428572,0.924324324324324,0.665806451612903,0.429545454545455,0.879764243614931,0.81953125,0.881818181818182,0.852,0.926377952755906,0.9525,0.764853556485356,0.859868421052632,0.622549019607843,0.922222222222222,1.02631578947368;16;16
Persson Lina;SM Medeldistans - Final-D21 Final;OK Skogsfalken;2859;0.79010;133,62,111,220,129,480,108,107,100,457,135,511,139,60,84,23;0.984962406015038,0.938709677419355,0.616216216216216,0.938181818181818,0.732558139534884,0.932916666666667,0.971296296296296,0.906542056074766,0.852,0.514879649890591,0.564444444444444,0.71545988258317,0.940287769784173,1.05833333333333,0.889285714285714,0.847826086956522;16;16
Karlberg Lina;SM Medeldistans - Final-D21 Final;Tullinge SK;2867;0.78790;133,76,72,216,92,463,565,109,118,275,83,349,149,70,77,20;0.984962406015038,0.765789473684211,0.95,0.955555555555556,1.02717391304348,0.967170626349892,0.185663716814159,0.889908256880734,0.722033898305085,0.855636363636364,0.918072289156627,1.04756446991404,0.877181208053691,0.907142857142857,0.97012987012987,0.975;16;16
Olsson Pia;SM Medeldistans - Final-D21 Final;OK Pan-Kristianstad;2896;0.78001;167,61,71,283,233,520,109,212,118,228,127,401,188,63,90,25;0.784431137724551,0.954098360655738,0.963380281690141,0.729328621908127,0.405579399141631,0.861153846153846,0.962385321100917,0.457547169811321,0.722033898305085,1.03201754385965,0.6,0.911720698254364,0.695212765957447,1.00793650793651,0.83,0.78;16;16
Nordin Helena;SM Medeldistans - Final-D21 Final;Skogslöparna;2900;0.77893;149,66,72,297,230,516,138,112,113,236,109,528,144,73,94,23;0.879194630872483,0.881818181818182,0.95,0.694949494949495,0.410869565217391,0.867829457364341,0.760144927536232,0.866071428571429,0.753982300884956,0.997033898305085,0.699082568807339,0.692424242424242,0.907638888888889,0.86986301369863,0.79468085106383,0.847826086956522;16;16
Gillgren Lena;SM Medeldistans - Final-D21 Final;Stora Tuna IK;2916;0.77466;148,68,77,263,110,620,130,126,114,309,104,451,151,102,121,22;0.885135135135135,0.855882352941177,0.888311688311688,0.784790874524715,0.859090909090909,0.722258064516129,0.806923076923077,0.76984126984127,0.747368421052632,0.761488673139159,0.732692307692308,0.810643015521064,0.865562913907285,0.622549019607843,0.617355371900826,0.886363636363636;16;16
Halvarson Petra;SM Medeldistans - Final-D21 Final;IF Thor;2939;0.76859;201,68,94,217,157,502,114,106,106,307,127,509,212,116,80,23;0.651741293532338,0.855882352941177,0.727659574468085,0.951152073732719,0.601910828025478,0.89203187250996,0.920175438596491,0.915094339622642,0.80377358490566,0.766449511400652,0.6,0.718271119842829,0.616509433962264,0.547413793103448,0.93375,0.847826086956522;16;16
Lampinen Anna;SM Medeldistans - Final-D21 Final;Södertälje-Nykvar;2953;0.76495;161,63,83,224,120,517,126,125,93,459,107,438,259,69,87,22;0.813664596273292,0.923809523809524,0.824096385542169,0.921428571428571,0.7875,0.86615087040619,0.832539682539683,0.776,0.916129032258065,0.512636165577342,0.71214953271028,0.834703196347032,0.504633204633205,0.920289855072464,0.858620689655172,0.886363636363636;16;16
Granefelt Stina;SM Medeldistans - Final-D21 Final;OK Tyr;3043;0.74233;151,92,93,296,94,497,202,154,101,285,93,586,177,87,112,23;0.867549668874172,0.632608695652174,0.735483870967742,0.697297297297297,1.00531914893617,0.901006036217304,0.519306930693069,0.62987012987013,0.843564356435644,0.825614035087719,0.819354838709677,0.623890784982935,0.738418079096045,0.729885057471264,0.666964285714286,0.847826086956522;16;16
Holmstrand Maria;SM Medeldistans - Final-D21 Final;IFK Göteborg;3057;0.73893;208,69,81,320,105,535,120,115,107,325,137,502,213,122,76,22;0.629807692307692,0.843478260869565,0.844444444444445,0.645,0.9,0.837009345794393,0.874166666666667,0.843478260869565,0.796261682242991,0.724,0.556204379562044,0.728286852589641,0.613615023474178,0.520491803278688,0.982894736842105,0.886363636363636;16;16
Svensson Carina;SM Medeldistans - Final-D21 Final;Eksjö SOK;3058;0.73869;175,57,234,363,127,465,114,103,87,322,151,511,180,70,76,23;0.748571428571429,1.02105263157895,0.292307692307692,0.568595041322314,0.744094488188976,0.963010752688172,0.920175438596491,0.941747572815534,0.979310344827586,0.730745341614907,0.504635761589404,0.71545988258317,0.726111111111111,0.907142857142857,0.982894736842105,0.847826086956522;16;16
Öberg Catarina;SM Medeldistans - Final-D21 Final;Stora Tuna IK;3070;0.73580;124,98,93,619,85,478,161,131,124,289,162,371,161,66,86,22;1.05645161290323,0.593877551020408,0.735483870967742,0.333441033925687,1.11176470588235,0.936820083682008,0.651552795031056,0.740458015267176,0.687096774193548,0.814186851211073,0.47037037037037,0.98544474393531,0.811801242236025,0.962121212121212,0.868604651162791,0.886363636363636;16;16
Spjuth Karin;SM Medeldistans - Final-D21 Final;IK Hakarpspojkarna;3097;0.72938;139,58,74,624,124,475,127,95,86,462,88,381,195,61,83,25;0.942446043165468,1.00344827586207,0.924324324324324,0.330769230769231,0.762096774193548,0.942736842105263,0.825984251968504,1.02105263157895,0.990697674418605,0.509307359307359,0.865909090909091,0.959580052493438,0.67025641025641,1.04098360655738,0.9,0.78;16;16
Billstam Annika;SM Medeldistans - Final-D21 Final;OK Linné;3106;0.72727;143,57,73,201,113,605,107,107,98,347,80,855,128,93,75,24;0.916083916083916,1.02105263157895,0.936986301369863,1.02686567164179,0.836283185840708,0.740165289256198,0.980373831775701,0.906542056074766,0.869387755102041,0.678097982708934,0.9525,0.427602339181287,1.02109375,0.682795698924731,0.996,0.8125;16;16
Nilsson Maria;SM Medeldistans - Final-D21 Final;Domnarvets GOIF;3331;0.67814;131,63,205,208,91,474,118,117,99,683,78,554,306,77,96,31;1,0.923809523809524,0.333658536585366,0.992307692307692,1.03846153846154,0.944725738396625,0.888983050847458,0.829059829059829,0.860606060606061,0.344509516837482,0.976923076923077,0.659927797833935,0.427124183006536,0.824675324675325,0.778125,0.629032258064516;16;16
Törnros Elsa;SM Medeldistans - Final-D21 Final;Tumba-Mälarhöjden OK;3345;0.67531;162,65,74,773,105,485,114,106,99,373,100,472,180,107,104,26;0.808641975308642,0.895384615384615,0.924324324324324,0.267011642949547,0.9,0.923298969072165,0.920175438596491,0.915094339622642,0.860606060606061,0.63083109919571,0.762,0.774576271186441,0.726111111111111,0.593457943925234,0.718269230769231,0.75;16;16
Bygdell Johanna;SM Medeldistans - Final-D21 Final;Halmstads OK;3441;0.65647;362,65,79,297,113,508,122,123,85,257,217,842,175,79,92,25;0.361878453038674,0.895384615384615,0.865822784810127,0.694949494949495,0.836283185840708,0.881496062992126,0.859836065573771,0.788617886178862,1.00235294117647,0.91556420233463,0.351152073732719,0.434204275534442,0.746857142857143,0.80379746835443,0.81195652173913,0.78;16;16
Höglund Laila B;SM Medeldistans - Final-D21 Final;FK Herkules;3555;0.63541;157,66,115,213,204,501,100,99,129,766,327,433,282,63,77,23;0.834394904458599,0.881818181818182,0.594782608695652,0.969014084507042,0.463235294117647,0.893812375249501,1.049,0.97979797979798,0.66046511627907,0.307180156657963,0.23302752293578,0.844341801385681,0.463475177304965,1.00793650793651,0.97012987012987,0.847826086956522;16;16
von Schmalensé Maria;SM Medeldistans - Final-D21 Final;Täby OK;3632;0.62194;172,81,83,235,108,559,150,128,124,360,307,689,369,147,95,25;0.761627906976744,0.718518518518519,0.824096385542169,0.878297872340426,0.875,0.801073345259392,0.699333333333333,0.7578125,0.687096774193548,0.653611111111111,0.248208469055375,0.530624092888244,0.35420054200542,0.431972789115646,0.786315789473684,0.78;16;16
Millegård Marcus;SM Medeldistans - Final-H20 Final;Sävedalens AIK;1783;1.01733;107,88,115,54,355,42,143,50,160,95,292,145,79,39,19;0.864485981308411,1.02954545454545,1.11913043478261,1.01851851851852,1.10760563380282,0.904761904761905,0.927272727272727,0.972,1.056875,1.02210526315789,1.06095890410959,0.851724137931035,1.01772151898734,0.976923076923077,0.878947368421053;15;15
Jansson Henrik;SM Medeldistans - Final-H20 Final;OK Tisaren;1871;0.96948;106,120,130,59,364,56,135,55,159,102,311,117,101,37,19;0.872641509433962,0.755,0.99,0.932203389830508,1.08021978021978,0.678571428571429,0.982222222222222,0.883636363636364,1.06352201257862,0.951960784313725,0.996141479099679,1.05555555555556,0.796039603960396,1.02972972972973,0.878947368421053;15;15
Lind William;SM Medeldistans - Final-H20 Final;Sävedalens AIK;1877;0.96638;132,90,126,54,451,37,121,52,164,85,305,110,98,35,17;0.700757575757576,1.00666666666667,1.02142857142857,1.01851851851852,0.871840354767184,1.02702702702703,1.09586776859504,0.934615384615385,1.03109756097561,1.14235294117647,1.01573770491803,1.12272727272727,0.820408163265306,1.08857142857143,0.982352941176471;15;15
Fredriksson John;SM Medeldistans - Final-H20 Final;Täby OK;1897;0.95619;93,95,135,54,387,36,130,49,187,132,315,119,111,36,18;0.994623655913978,0.953684210526316,0.953333333333333,1.01851851851852,1.01602067183463,1.05555555555556,1.02,0.991836734693878,0.90427807486631,0.735606060606061,0.983492063492064,1.03781512605042,0.724324324324324,1.05833333333333,0.927777777777778;15;15
Bejbom David;SM Medeldistans - Final-H20 Final;Uddevalla OK;1962;0.92452;85,125,146,52,419,46,163,46,156,117,329,130,87,44,17;1.08823529411765,0.7248,0.881506849315068,1.05769230769231,0.938424821002387,0.826086956521739,0.813496932515337,1.05652173913043,1.08397435897436,0.82991452991453,0.941641337386018,0.95,0.924137931034483,0.865909090909091,0.982352941176471;15;15
Johansson Fredrik;SM Medeldistans - Final-H20 Final;Ulricehamns OK;1986;0.91334;96,153,142,146,367,60,140,46,159,95,307,117,106,35,17;0.963541666666667,0.592156862745098,0.906338028169014,0.376712328767123,1.07138964577657,0.633333333333333,0.947142857142857,1.05652173913043,1.06352201257862,1.02210526315789,1.00912052117264,1.05555555555556,0.758490566037736,1.08857142857143,0.982352941176471;15;15
Thorsson Erik;SM Medeldistans - Final-H20 Final;Tullinge SK;2021;0.89753;102,91,122,54,508,46,136,51,204,93,329,149,75,42,19;0.906862745098039,0.995604395604396,1.05491803278689,1.01851851851852,0.774015748031496,0.826086956521739,0.975,0.952941176470588,0.828921568627451,1.04408602150538,0.941641337386018,0.828859060402685,1.072,0.907142857142857,0.878947368421053;15;15
Strindhagen Gustav;SM Medeldistans - Final-H20 Final;FK Vittus;2026;0.89531;103,91,156,53,415,45,140,45,243,88,326,174,90,40,17;0.898058252427185,0.995604395604396,0.825,1.0377358490566,0.947469879518072,0.844444444444444,0.947142857142857,1.08,0.695884773662551,1.10340909090909,0.950306748466258,0.709770114942529,0.893333333333333,0.9525,0.982352941176471;15;15
Rost Erik;SM Medeldistans - Final-H20 Final;Alfta-Ösa OK;2041;0.88873;98,95,151,80,497,37,134,59,185,106,327,128,85,44,15;0.943877551020408,0.953684210526316,0.852317880794702,0.6875,0.791146881287726,1.02702702702703,0.98955223880597,0.823728813559322,0.914054054054054,0.916037735849057,0.947400611620795,0.96484375,0.945882352941177,0.865909090909091,1.11333333333333;15;15
Lif Anton;SM Medeldistans - Final-H20 Final;Gävle OK;2136;0.84920;97,98,128,60,407,41,146,61,180,106,536,147,74,38,17;0.95360824742268,0.924489795918367,1.00546875,0.916666666666667,0.966093366093366,0.926829268292683,0.908219178082192,0.79672131147541,0.939444444444444,0.916037735849057,0.577985074626866,0.840136054421769,1.08648648648649,1.00263157894737,0.982352941176471;15;15
Forsgren Ivan;SM Medeldistans - Final-H20 Final;OK Tisaren;2148;0.84446;113,95,165,65,498,50,144,50,197,110,331,164,106,43,17;0.81858407079646,0.953684210526316,0.78,0.846153846153846,0.789558232931727,0.76,0.920833333333333,0.972,0.858375634517766,0.882727272727273,0.93595166163142,0.753048780487805,0.758490566037736,0.886046511627907,0.982352941176471;15;15
Öström Tobias;SM Medeldistans - Final-H20 Final;OK Tyr;2150;0.84367;97,95,144,59,514,36,145,51,170,248,308,139,80,46,18;0.95360824742268,0.953684210526316,0.89375,0.932203389830508,0.764980544747082,1.05555555555556,0.91448275862069,0.952941176470588,0.994705882352941,0.391532258064516,1.00584415584416,0.888489208633094,1.005,0.828260869565217,0.927777777777778;15;15
Hellström Markus;SM Medeldistans - Final-H20 Final;Forsa OK;2163;0.83860;103,109,188,68,427,45,145,53,204,100,314,181,165,42,19;0.898058252427185,0.831192660550459,0.684574468085106,0.808823529411765,0.920843091334895,0.844444444444444,0.91448275862069,0.916981132075472,0.828921568627451,0.971,0.986624203821656,0.68232044198895,0.487272727272727,0.907142857142857,0.878947368421053;15;15
Pramlid Björn;SM Medeldistans - Final-H20 Final;OK Klemmingen;2172;0.83513;116,107,136,68,455,58,158,58,279,109,348,132,85,46,17;0.797413793103448,0.846728971962617,0.946323529411765,0.808823529411765,0.864175824175824,0.655172413793103,0.839240506329114,0.837931034482759,0.606093189964158,0.890825688073394,0.890229885057471,0.935606060606061,0.945882352941177,0.828260869565217,0.982352941176471;15;15
Sjölander Joel;SM Medeldistans - Final-H20 Final;Härnösands OK;2217;0.81818;150,93,159,58,440,48,154,75,220,170,342,166,80,45,17;0.616666666666667,0.974193548387097,0.809433962264151,0.948275862068966,0.893636363636364,0.791666666666667,0.861038961038961,0.648,0.768636363636364,0.571176470588235,0.905847953216374,0.743975903614458,1.005,0.846666666666667,0.982352941176471;15;15
Eriksson Andreas;SM Medeldistans - Final-H20 Final;Umeå OK;2229;0.81377;93,104,134,61,416,83,148,51,182,198,391,208,96,47,17;0.994623655913978,0.871153846153846,0.96044776119403,0.901639344262295,0.945192307692308,0.457831325301205,0.895945945945946,0.952941176470588,0.929120879120879,0.49040404040404,0.7923273657289,0.59375,0.8375,0.81063829787234,0.982352941176471;15;15
Trolin Anders;SM Medeldistans - Final-H20 Final;Forsa OK;2240;0.80978;103,106,150,104,460,44,150,70,193,127,317,262,95,41,18;0.898058252427185,0.854716981132075,0.858,0.528846153846154,0.854782608695652,0.863636363636364,0.884,0.694285714285714,0.876165803108808,0.764566929133858,0.977287066246057,0.471374045801527,0.846315789473684,0.929268292682927,0.927777777777778;15;15
Chepelin Oleg;SM Medeldistans - Final-H20 Final;OK Tyr;2247;0.80725;94,99,176,110,459,71,141,56,176,181,364,154,101,47,18;0.984042553191489,0.915151515151515,0.73125,0.5,0.856644880174292,0.535211267605634,0.940425531914894,0.867857142857143,0.960795454545455,0.53646408839779,0.851098901098901,0.801948051948052,0.796039603960396,0.81063829787234,0.927777777777778;15;15
Björke Nils;SM Medeldistans - Final-H20 Final;Söders SOL Tyresö;2248;0.80690;112,95,156,66,449,43,144,57,192,145,512,128,83,45,21;0.825892857142857,0.953684210526316,0.825,0.833333333333333,0.875723830734967,0.883720930232558,0.920833333333333,0.852631578947368,0.880729166666667,0.669655172413793,0.605078125,0.96484375,0.968674698795181,0.846666666666667,0.795238095238095;15;15
Grevillius Jens;SM Medeldistans - Final-H20 Final;OK Grane;2255;0.80439;112,105,141,53,530,39,151,70,199,108,402,189,98,40,18;0.825892857142857,0.862857142857143,0.912765957446808,1.0377358490566,0.74188679245283,0.974358974358974,0.878145695364238,0.694285714285714,0.849748743718593,0.899074074074074,0.770646766169154,0.653439153439153,0.820408163265306,0.9525,0.927777777777778;15;15
Dent Julian;SM Medeldistans - Final-H20 Final;IK Hakarpspojkarna;2271;0.79872;95,89,307,256,384,45,141,48,201,110,303,145,80,48,19;0.973684210526316,1.01797752808989,0.419218241042345,0.21484375,1.02395833333333,0.844444444444444,0.940425531914894,1.0125,0.841293532338308,0.882727272727273,1.02244224422442,0.851724137931035,1.005,0.79375,0.878947368421053;15;15
Peterson Lukas;SM Medeldistans - Final-H20 Final;IFK Umeå;2297;0.78968;91,111,140,71,438,49,150,71,228,157,505,136,90,44,16;1.01648351648352,0.816216216216216,0.919285714285714,0.774647887323944,0.897716894977169,0.775510204081633,0.884,0.684507042253521,0.741666666666667,0.618471337579618,0.613465346534653,0.908088235294118,0.893333333333333,0.865909090909091,1.04375;15;15
Carlsson Ola;SM Medeldistans - Final-H20 Final;OK Motala;2308;0.78592;103,106,210,74,443,50,148,67,195,149,363,182,144,55,19;0.898058252427185,0.854716981132075,0.612857142857143,0.743243243243243,0.887584650112867,0.76,0.895945945945946,0.725373134328358,0.867179487179487,0.651677852348993,0.853443526170799,0.678571428571429,0.558333333333333,0.692727272727273,0.878947368421053;15;15
Levin Johan;SM Medeldistans - Final-H20 Final;OK Tyr;2309;0.78558;123,99,179,167,427,61,140,51,215,149,351,197,90,40,20;0.752032520325203,0.915151515151515,0.718994413407821,0.329341317365269,0.920843091334895,0.622950819672131,0.947142857142857,0.952941176470588,0.786511627906977,0.651677852348993,0.882621082621083,0.626903553299492,0.893333333333333,0.9525,0.835;15;15
Åkerberg Isac;SM Medeldistans - Final-H20 Final;OK Tisaren;2313;0.78422;107,94,178,60,439,47,131,82,208,173,464,158,110,45,17;0.864485981308411,0.963829787234042,0.723033707865169,0.916666666666667,0.895671981776765,0.808510638297872,1.01221374045802,0.592682926829268,0.812980769230769,0.561271676300578,0.667672413793103,0.781645569620253,0.730909090909091,0.846666666666667,0.982352941176471;15;15
Ericsson Mattias;SM Medeldistans - Final-H20 Final;OK Denseln;2318;0.78253;90,89,139,135,443,59,143,83,188,143,463,168,109,47,19;1.02777777777778,1.01797752808989,0.925899280575539,0.407407407407407,0.887584650112867,0.644067796610169,0.927272727272727,0.585542168674699,0.899468085106383,0.679020979020979,0.669114470842333,0.735119047619048,0.737614678899083,0.81063829787234,0.878947368421053;15;15
Lind Erik;SM Medeldistans - Final-H20 Final;Säterbygdens OK;2339;0.77550;119,102,155,61,429,53,140,53,261,108,533,172,87,47,19;0.777310924369748,0.888235294117647,0.830322580645161,0.901639344262295,0.916550116550117,0.716981132075472,0.947142857142857,0.916981132075472,0.647892720306513,0.899074074074074,0.581238273921201,0.718023255813954,0.924137931034483,0.81063829787234,0.878947368421053;15;15
Axbom Victor;SM Medeldistans - Final-H20 Final;OK Landehof;2491;0.72818;142,108,172,95,531,95,136,56,232,106,488,136,126,48,20;0.651408450704225,0.838888888888889,0.748255813953488,0.578947368421053,0.740489642184557,0.4,0.975,0.867857142857143,0.728879310344828,0.916037735849057,0.63483606557377,0.908088235294118,0.638095238095238,0.79375,0.835;15;15
Arnesson Björn;SM Medeldistans - Final-H20 Final;Ulricehamns OK;2496;0.72672;114,115,265,145,549,43,143,59,201,112,406,165,121,41,17;0.81140350877193,0.787826086956522,0.485660377358491,0.379310344827586,0.716211293260474,0.883720930232558,0.927272727272727,0.823728813559322,0.841293532338308,0.866964285714286,0.763054187192118,0.748484848484849,0.664462809917355,0.929268292682927,0.982352941176471;15;15
Olofsson Pär;SM Medeldistans - Final-H20 Final;Rehns BK;2530;0.71696;91,101,122,66,418,51,134,57,248,103,719,123,230,48,19;1.01648351648352,0.897029702970297,1.05491803278689,0.833333333333333,0.94066985645933,0.745098039215686,0.98955223880597,0.852631578947368,0.681854838709677,0.942718446601942,0.430876216968011,1.00406504065041,0.349565217391304,0.79375,0.878947368421053;15;15
Björklund Fredrik;SM Medeldistans - Final-H20 Final;KFUM Örebro OK;2567;0.70662;112,109,158,64,477,53,175,60,525,118,428,132,90,47,19;0.825892857142857,0.831192660550459,0.814556962025316,0.859375,0.824318658280922,0.716981132075472,0.757714285714286,0.81,0.322095238095238,0.822881355932203,0.723831775700935,0.935606060606061,0.893333333333333,0.81063829787234,0.878947368421053;15;15
Lööf Jakob;SM Medeldistans - Final-H20 Final;OK Pan-Kristianstad;2584;0.70197;137,86,154,64,485,34,217,63,350,136,479,180,114,57,28;0.675182481751825,1.05348837209302,0.835714285714286,0.859375,0.810721649484536,1.11764705882353,0.611059907834101,0.771428571428571,0.483142857142857,0.713970588235294,0.646764091858038,0.686111111111111,0.705263157894737,0.668421052631579,0.596428571428571;15;15
Olsson Johan;SM Medeldistans - Final-H20 Final;Hjobygdens OK;2599;0.69792;98,101,147,61,503,73,152,62,408,151,481,175,104,62,21;0.943877551020408,0.897029702970297,0.875510204081633,0.901639344262295,0.781709741550696,0.520547945205479,0.872368421052632,0.783870967741936,0.414460784313725,0.643046357615894,0.644074844074844,0.705714285714286,0.773076923076923,0.614516129032258,0.795238095238095;15;15
Håkansson Anders;SM Medeldistans - Final-H20 Final;Dalaportens OL;2634;0.68865;113,98,184,131,549,47,159,57,252,114,522,186,131,60,31;0.81858407079646,0.924489795918367,0.69945652173913,0.419847328244275,0.716211293260474,0.808510638297872,0.833962264150943,0.852631578947368,0.671031746031746,0.851754385964912,0.593486590038314,0.663978494623656,0.613740458015267,0.635,0.538709677419355;15;15
Stenbeck Ola;SM Medeldistans - Final-H20 Final;Halmstads OK;2669;0.67962;168,112,165,71,524,58,147,58,415,166,430,208,83,44,20;0.550595238095238,0.808928571428571,0.78,0.774647887323944,0.750381679389313,0.655172413793103,0.902040816326531,0.837931034482759,0.407469879518072,0.584939759036145,0.72046511627907,0.59375,0.968674698795181,0.865909090909091,0.835;15;15
Mattsson Erik;SM Medeldistans - Final-H20 Final;Järla IF OK;2692;0.67381;106,102,157,134,557,35,167,50,204,104,767,131,103,55,20;0.872641509433962,0.888235294117647,0.819745222929936,0.41044776119403,0.705924596050269,1.08571428571429,0.794011976047904,0.972,0.828921568627451,0.933653846153846,0.403911342894394,0.942748091603053,0.780582524271845,0.692727272727273,0.835;15;15
Godman Brent;SM Medeldistans - Final-H20 Final;Gotlands Bro OK;2757;0.65793;123,103,161,108,680,81,129,58,259,118,609,153,99,49,27;0.752032520325203,0.879611650485437,0.799378881987578,0.509259259259259,0.578235294117647,0.469135802469136,1.02790697674419,0.837931034482759,0.652895752895753,0.822881355932203,0.508702791461412,0.80718954248366,0.812121212121212,0.777551020408163,0.618518518518518;15;15
Wiklund Henrik;SM Medeldistans - Final-H20 Final;Bromma-Vällingby SOK;2826;0.64186;106,108,139,110,530,54,151,72,231,144,809,204,94,52,22;0.872641509433962,0.838888888888889,0.925899280575539,0.5,0.74188679245283,0.703703703703704,0.878145695364238,0.675,0.732034632034632,0.674305555555555,0.382941903584672,0.605392156862745,0.85531914893617,0.732692307692308,0.759090909090909;15;15
Jansson Helena;SM Medeldistans - Final-D20 Final;IF Hagen;1624;0.99489;139,167,344,93,64,130,59,318,165,53,72,20;1.03237410071942,0.937125748502994,1.11656976744186,0.911827956989247,1.10625,1.10846153846154,1.14406779661017,0.786477987421384,0.939393939393939,1.17735849056604,1.07083333333333,0.99;12;12
Persson Anna (Humlaröd);SM Medeldistans - Final-D20 Final;FK Göingarna;1663;0.97156;153,154,400,96,76,154,73,245,156,64,73,19;0.937908496732026,1.01623376623377,0.96025,0.883333333333333,0.931578947368421,0.935714285714286,0.924657534246575,1.02081632653061,0.993589743589744,0.975,1.05616438356164,1.04210526315789;12;12
Andersson Helena;SM Medeldistans - Final-D20 Final;OK Tisaren;1675;0.96460;136,173,379,93,74,152,68,283,155,64,79,19;1.05514705882353,0.904624277456647,1.01345646437995,0.911827956989247,0.956756756756757,0.948026315789474,0.992647058823529,0.883745583038869,1,0.975,0.975949367088608,1.04210526315789;12;12
Jonsson Johanna;SM Medeldistans - Final-D20 Final;OK Tisaren;1698;0.95153;155,165,370,85,84,167,72,262,158,75,84,21;0.925806451612903,0.948484848484848,1.03810810810811,0.997647058823529,0.842857142857143,0.862874251497006,0.9375,0.954580152671756,0.981012658227848,0.832,0.917857142857143,0.942857142857143;12;12
Lindberg Johanna;SM Medeldistans - Final-D20 Final;OK Denseln;1736;0.93070;160,147,429,86,73,159,74,276,172,63,76,21;0.896875,1.06462585034014,0.895337995337995,0.986046511627907,0.96986301369863,0.906289308176101,0.912162162162162,0.906159420289855,0.901162790697674,0.99047619047619,1.01447368421053,0.942857142857143;12;12
A. Skantze Elin;SM Medeldistans - Final-D20 Final;Järla IF OK;1742;0.92750;148,151,354,219,58,124,64,311,160,59,75,19;0.969594594594595,1.0364238410596,1.08502824858757,0.387214611872146,1.22068965517241,1.16209677419355,1.0546875,0.804180064308682,0.96875,1.05762711864407,1.028,1.04210526315789;12;12
Engström Josefine;SM Medeldistans - Final-D20 Final;Alfta-Ösa OK;1746;0.92537;156,177,393,96,88,197,69,253,142,69,85,21;0.919871794871795,0.884180790960452,0.97735368956743,0.883333333333333,0.804545454545455,0.731472081218274,0.978260869565217,0.988537549407115,1.09154929577465,0.904347826086957,0.907058823529412,0.942857142857143;12;12
Lidström Linnea;SM Medeldistans - Final-D20 Final;OK Landehof;1779;0.90821;158,157,387,84,159,140,96,232,205,70,71,20;0.908227848101266,0.996815286624204,0.99250645994832,1.00952380952381,0.445283018867924,1.02928571428571,0.703125,1.07801724137931,0.75609756097561,0.891428571428571,1.08591549295775,0.99;12;12
Elgh Karin;SM Medeldistans - Final-D20 Final;Köping-Kolsva OK;1783;0.90617;285,144,408,87,80,151,71,243,155,65,74,20;0.503508771929825,1.08680555555556,0.941421568627451,0.974712643678161,0.885,0.954304635761589,0.950704225352113,1.02921810699588,1,0.96,1.04189189189189,0.99;12;12
Nilsson Pernilla;SM Medeldistans - Final-D20 Final;Halmstads OK;1796;0.89961;156,175,452,93,92,163,79,253,162,66,84,21;0.919871794871795,0.894285714285714,0.849778761061947,0.911827956989247,0.769565217391304,0.884049079754601,0.854430379746835,0.988537549407115,0.95679012345679,0.945454545454545,0.917857142857143,0.942857142857143;12;12
Edin Johanna;SM Medeldistans - Final-D20 Final;Midälva OK;1877;0.86079;196,180,471,79,89,152,70,258,157,122,83,20;0.732142857142857,0.869444444444444,0.815498938428875,1.07341772151899,0.795505617977528,0.948026315789474,0.964285714285714,0.96937984496124,0.987261146496815,0.511475409836066,0.928915662650602,0.99;12;12
Laas Tiina;SM Medeldistans - Final-D20 Final;OK Skogshjortarna;1882;0.85850;143,166,425,85,83,173,104,256,272,65,89,21;1.0034965034965,0.942771084337349,0.903764705882353,0.997647058823529,0.853012048192771,0.832947976878613,0.649038461538462,0.976953125,0.569852941176471,0.96,0.866292134831461,0.942857142857143;12;12
Fredriksson Fanny;SM Medeldistans - Final-D20 Final;Täby OK;1897;0.85171;137,160,471,226,58,128,62,311,168,56,98,22;1.04744525547445,0.978125,0.815498938428875,0.375221238938053,1.22068965517241,1.12578125,1.08870967741935,0.804180064308682,0.922619047619048,1.11428571428571,0.786734693877551,0.9;12;12
Palm Lisa;SM Medeldistans - Final-D20 Final;Lessebo OK;1948;0.82941;159,196,536,98,91,190,80,247,159,77,93,22;0.90251572327044,0.798469387755102,0.71660447761194,0.86530612244898,0.778021978021978,0.758421052631579,0.84375,1.01255060728745,0.974842767295597,0.81038961038961,0.829032258064516,0.9;12;12
Wallenhammar Amelie;SM Medeldistans - Final-D20 Final;Hagaby GoIF;1960;0.82434;162,190,418,113,185,157,91,287,162,76,98,21;0.885802469135803,0.823684210526316,0.918899521531101,0.750442477876106,0.382702702702703,0.917834394904459,0.741758241758242,0.871428571428571,0.95679012345679,0.821052631578947,0.786734693877551,0.942857142857143;12;12
Berggren Johanna;SM Medeldistans - Final-D20 Final;Ljungskile FK;1963;0.82308;142,163,388,88,105,181,67,373,234,102,101,19;1.01056338028169,0.960122699386503,0.989948453608247,0.963636363636364,0.674285714285714,0.796132596685083,1.00746268656716,0.670509383378016,0.662393162393162,0.611764705882353,0.763366336633663,1.04210526315789;12;12
Johansson Sofie;SM Medeldistans - Final-D20 Final;OK Linné;1981;0.81560;140,160,440,230,110,167,90,271,171,90,89,23;1.025,0.978125,0.872954545454546,0.368695652173913,0.643636363636364,0.862874251497006,0.75,0.922878228782288,0.906432748538012,0.693333333333333,0.866292134831461,0.860869565217391;12;12
Tiselius Eva;SM Medeldistans - Final-D20 Final;OK Kåre;1989;0.81232;149,205,455,124,88,153,96,290,169,143,96,21;0.963087248322148,0.763414634146341,0.844175824175824,0.683870967741935,0.804545454545455,0.941830065359477,0.703125,0.862413793103448,0.917159763313609,0.436363636363636,0.803125,0.942857142857143;12;12
Mårtensson Susanna;SM Medeldistans - Final-D20 Final;Stora Tuna IK;2005;0.80584;156,182,448,112,90,227,87,252,255,73,102,21;0.919871794871795,0.85989010989011,0.857366071428571,0.757142857142857,0.786666666666667,0.634801762114537,0.775862068965517,0.992460317460317,0.607843137254902,0.854794520547945,0.755882352941176,0.942857142857143;12;12
Olander Petra;SM Medeldistans - Final-D20 Final;Långhundra IF;2012;0.80303;161,172,481,89,82,170,78,297,267,102,90,23;0.891304347826087,0.909883720930233,0.798544698544699,0.952808988764045,0.863414634146341,0.847647058823529,0.865384615384615,0.842087542087542,0.580524344569288,0.611764705882353,0.856666666666667,0.860869565217391;12;12
Holmgren Anna;SM Medeldistans - Final-D20 Final;Vittjärvs IK;2058;0.78508;148,165,442,197,74,217,78,280,268,69,98,22;0.969594594594595,0.948484848484848,0.869004524886878,0.430456852791878,0.956756756756757,0.664055299539171,0.865384615384615,0.893214285714286,0.578358208955224,0.904347826086957,0.786734693877551,0.9;12;12
Herlin Terese;SM Medeldistans - Final-D20 Final;Turebergs IF;2076;0.77828;160,175,511,243,81,184,80,295,166,69,90,22;0.896875,0.894285714285714,0.751663405088063,0.348971193415638,0.874074074074074,0.783152173913043,0.84375,0.847796610169491,0.933734939759036,0.904347826086957,0.856666666666667,0.9;12;12
Janerås Karin;SM Medeldistans - Final-D20 Final;OK Linné;2107;0.76682;205,248,480,133,78,166,86,268,183,148,88,24;0.7,0.631048387096774,0.800208333333333,0.637593984962406,0.907692307692308,0.868072289156626,0.784883720930233,0.933208955223881,0.846994535519126,0.421621621621622,0.876136363636364,0.825;12;12
Gustafsson Maria;SM Medeldistans - Final-D20 Final;OK Älme;2125;0.76033;186,186,547,105,81,176,84,333,211,79,112,25;0.771505376344086,0.841397849462366,0.702193784277879,0.807619047619048,0.874074074074074,0.81875,0.803571428571429,0.751051051051051,0.734597156398104,0.789873417721519,0.688392857142857,0.792;12;12
Ahlsén-Seirup Linda;SM Medeldistans - Final-D20 Final;Södertälje-Nykvar;2147;0.75254;157,369,454,79,73,258,73,287,189,80,106,22;0.914012738853503,0.424119241192412,0.846035242290749,1.07341772151899,0.96986301369863,0.558527131782946,0.924657534246575,0.871428571428571,0.82010582010582,0.78,0.727358490566038,0.9;12;12
Håkansson Isabell;SM Medeldistans - Final-D20 Final;Sävedalens AIK;2153;0.75044;187,211,527,101,104,200,85,305,225,85,97,26;0.767379679144385,0.741706161137441,0.728842504743833,0.83960396039604,0.680769230769231,0.7205,0.794117647058823,0.82,0.688888888888889,0.734117647058824,0.794845360824742,0.761538461538462;12;12
Runesson Anna;SM Medeldistans - Final-D20 Final;OK Vivill;2182;0.74047;259,216,508,86,148,183,93,290,192,87,94,26;0.554054054054054,0.724537037037037,0.756102362204724,0.986046511627907,0.478378378378378,0.787431693989071,0.725806451612903,0.862413793103448,0.807291666666667,0.717241379310345,0.820212765957447,0.761538461538462;12;12
Berg Linda;SM Medeldistans - Final-D20 Final;Bromma-Vällingby SOK;2186;0.73911;161,178,471,125,109,255,103,312,260,78,112,22;0.891304347826087,0.879213483146067,0.815498938428875,0.6784,0.64954128440367,0.565098039215686,0.655339805825243,0.801602564102564,0.596153846153846,0.8,0.688392857142857,0.9;12;12
Andersson Kristina;SM Medeldistans - Final-D20 Final;Jönköpings OK;2208;0.73175;176,222,535,109,127,212,92,297,234,80,101,23;0.815340909090909,0.704954954954955,0.717943925233645,0.777981651376147,0.55748031496063,0.679716981132075,0.733695652173913,0.842087542087542,0.662393162393162,0.78,0.763366336633663,0.860869565217391;12;12
Gustafsson Linnea;SM Medeldistans - Final-D20 Final;Visborgs OK;2215;0.72944;156,164,448,139,260,200,81,425,146,85,89,22;0.919871794871795,0.954268292682927,0.857366071428571,0.610071942446043,0.272307692307692,0.7205,0.833333333333333,0.588470588235294,1.06164383561644,0.734117647058824,0.866292134831461,0.9;12;12
Brus Hanna;SM Medeldistans - Final-D20 Final;Västerbergslagens OL;2236;0.72258;178,196,505,203,173,167,95,276,194,119,103,27;0.806179775280899,0.798469387755102,0.760594059405941,0.417733990147783,0.409248554913295,0.862874251497006,0.710526315789474,0.906159420289855,0.798969072164949,0.52436974789916,0.748543689320388,0.733333333333333;12;12
Nilsson Cajsa;SM Medeldistans - Final-D20 Final;Skogslöparna;2270;0.71176;291,182,509,109,84,171,131,379,192,92,107,23;0.493127147766323,0.85989010989011,0.754616895874263,0.777981651376147,0.842857142857143,0.842690058479532,0.515267175572519,0.659894459102902,0.807291666666667,0.678260869565217,0.720560747663551,0.860869565217391;12;12
Silvemark Lisa;SM Medeldistans - Final-D20 Final;Dalaportens OL;2271;0.71145;265,166,443,161,194,210,87,269,164,201,87,24;0.541509433962264,0.942771084337349,0.867042889390519,0.526708074534161,0.364948453608247,0.686190476190476,0.775862068965517,0.929739776951673,0.945121951219512,0.31044776119403,0.886206896551724,0.825;12;12
Andersson Mirja;SM Medeldistans - Final-D20 Final;Söders SOL Tyresö;2358;0.68520;181,213,473,244,88,209,86,372,254,108,109,21;0.792817679558011,0.734741784037559,0.812050739957717,0.347540983606557,0.804545454545455,0.689473684210526,0.784883720930233,0.672311827956989,0.610236220472441,0.577777777777778,0.707339449541284,0.942857142857143;12;12
Persson Sofia;SM Medeldistans - Final-D20 Final;Snättringe SK;2506;0.64473;162,291,684,216,96,174,86,377,181,102,111,26;0.885802469135803,0.537800687285223,0.561549707602339,0.392592592592593,0.7375,0.82816091954023,0.784883720930233,0.663395225464191,0.856353591160221,0.611764705882353,0.694594594594594,0.761538461538462;12;12
Walfridsson Helen;SM Medeldistans - Final-D20 Final;Gävle OK;2515;0.64243;189,190,600,128,92,217,228,329,207,208,102,25;0.759259259259259,0.823684210526316,0.640166666666667,0.6625,0.769565217391304,0.664055299539171,0.296052631578947,0.760182370820669,0.748792270531401,0.3,0.755882352941176,0.792;12;12
Jonasson Anna-Karin;SM Medeldistans - Final-D20 Final;Härnösands OK;2516;0.64217;202,233,532,414,95,211,96,300,229,84,96,24;0.71039603960396,0.671673819742489,0.721992481203008,0.204830917874396,0.745263157894737,0.682938388625592,0.703125,0.833666666666667,0.676855895196507,0.742857142857143,0.803125,0.825;12;12
Davidsson Matilda;SM Medeldistans - Final-D20 Final;OK Klemmingen;2623;0.61597;167,181,1007,100,80,192,85,322,260,102,102,25;0.859281437125748,0.864640883977901,0.381429990069513,0.848,0.885,0.750520833333333,0.794117647058823,0.776708074534161,0.596153846153846,0.611764705882353,0.755882352941176,0.792;12;12
Kjell Linnea;SM Medeldistans - Final-D20 Final;Linköpings OK;2716;0.59488;196,242,655,326,138,265,79,277,319,94,104,21;0.732142857142857,0.646694214876033,0.586412213740458,0.260122699386503,0.513043478260869,0.54377358490566,0.854430379746835,0.902888086642599,0.4858934169279,0.663829787234043,0.741346153846154,0.942857142857143;12;12
Andersson Emil;SM Medeldistans - Final-H18 Final;Ärla IF;1633;0.92254;176,145,128,265,52,96,78,74,103,62,81,153,72,93,37,18;0.914772727272727,0.984137931034483,1.03671875,0.94188679245283,1.01923076923077,0.796875,0.801282051282051,1.01486486486486,1.0126213592233,0.832258064516129,1.0320987654321,0.676470588235294,0.986111111111111,0.906451612903226,1.03783783783784,0.927777777777778;16;16
Kristensson Mikael;SM Medeldistans - Final-H18 Final;OK Torfinn;1639;0.91916;260,129,123,272,59,80,57,68,112,64,81,112,70,100,36,16;0.619230769230769,1.1062015503876,1.07886178861789,0.917647058823529,0.898305084745763,0.95625,1.09649122807018,1.10441176470588,0.93125,0.80625,1.0320987654321,0.924107142857143,1.01428571428571,0.843,1.06666666666667,1.04375;16;16
Aronsson Johan;SM Medeldistans - Final-H18 Final;OK Tisaren;1654;0.91082;156,176,171,257,55,75,77,73,100,88,132,96,72,73,36,17;1.03205128205128,0.810795454545454,0.776023391812865,0.971206225680934,0.963636363636364,1.02,0.811688311688312,1.02876712328767,1.043,0.586363636363636,0.633333333333333,1.078125,0.986111111111111,1.15479452054795,1.06666666666667,0.982352941176471;16;16
Eriksson Petter;SM Medeldistans - Final-H18 Final;OK Rodhen;1665;0.90480;176,145,181,273,62,64,70,108,99,50,112,115,68,86,38,18;0.914772727272727,0.984137931034483,0.733149171270718,0.914285714285714,0.854838709677419,1.1953125,0.892857142857143,0.69537037037037,1.05353535353535,1.032,0.746428571428571,0.9,1.04411764705882,0.980232558139535,1.01052631578947,0.927777777777778;16;16
Pettersson Erik;SM Medeldistans - Final-H18 Final;Visborgs OK;1671;0.90156;152,147,154,243,61,83,68,102,121,61,148,98,80,96,40,17;1.05921052631579,0.970748299319728,0.861688311688312,1.02716049382716,0.868852459016393,0.921686746987952,0.919117647058823,0.736274509803922,0.86198347107438,0.845901639344262,0.564864864864865,1.05612244897959,0.8875,0.878125,0.96,0.982352941176471;16;16
Eliasson Mikael;SM Medeldistans - Final-H18 Final;OK Alehof;1709;0.88151;167,171,142,303,58,127,63,78,104,52,81,114,98,87,47,17;0.964071856287425,0.834502923976608,0.934507042253521,0.823762376237624,0.913793103448276,0.602362204724409,0.992063492063492,0.962820512820513,1.00288461538462,0.992307692307692,1.0320987654321,0.907894736842105,0.724489795918367,0.968965517241379,0.817021276595745,0.982352941176471;16;16
Tengvall Emil;SM Medeldistans - Final-H18 Final;Boxholm-Mjölby OL;1714;0.87894;177,146,156,270,98,94,73,98,115,56,95,99,78,98,41,20;0.909604519774011,0.977397260273973,0.850641025641026,0.924444444444444,0.540816326530612,0.813829787234043,0.856164383561644,0.766326530612245,0.90695652173913,0.921428571428571,0.88,1.04545454545455,0.91025641025641,0.860204081632653,0.936585365853658,0.835;16;16
Carlsson Thomas;SM Medeldistans - Final-H18 Final;Alfta-Ösa OK;1731;0.87031;161,142,125,268,58,85,63,171,106,56,156,112,84,87,40,17;1,1.00492957746479,1.0616,0.93134328358209,0.913793103448276,0.9,0.992063492063492,0.439181286549708,0.983962264150943,0.921428571428571,0.535897435897436,0.924107142857143,0.845238095238095,0.968965517241379,0.96,0.982352941176471;16;16
Rosgren Rickard;SM Medeldistans - Final-H18 Final;OK Njudung;1792;0.84068;164,143,182,278,59,139,60,107,122,63,128,128,75,84,41,19;0.981707317073171,0.997902097902098,0.729120879120879,0.897841726618705,0.898305084745763,0.550359712230216,1.04166666666667,0.701869158878505,0.854918032786885,0.819047619047619,0.653125,0.80859375,0.946666666666667,1.00357142857143,0.936585365853658,0.878947368421053;16;16
Boström Olle;SM Medeldistans - Final-H18 Final;Järla IF OK;1798;0.83788;187,173,129,307,88,90,75,107,121,53,109,131,82,83,43,20;0.86096256684492,0.82485549132948,1.02868217054264,0.813029315960912,0.602272727272727,0.85,0.833333333333333,0.701869158878505,0.86198347107438,0.973584905660377,0.76697247706422,0.790076335877863,0.865853658536585,1.01566265060241,0.893023255813953,0.835;16;16
Attås Daniel;SM Medeldistans - Final-H18 Final;OK Tisaren;1800;0.83694;157,149,148,245,250,67,73,96,104,56,112,117,68,98,41,19;1.02547770700637,0.957718120805369,0.896621621621622,1.01877551020408,0.212,1.14179104477612,0.856164383561644,0.782291666666667,1.00288461538462,0.921428571428571,0.746428571428571,0.884615384615385,1.04411764705882,0.860204081632653,0.936585365853658,0.878947368421053;16;16
Tynong Anton;SM Medeldistans - Final-H18 Final;Gävle OK;1808;0.83324;183,202,155,270,62,102,73,94,124,65,109,132,88,91,40,18;0.879781420765027,0.706435643564356,0.856129032258064,0.924444444444444,0.854838709677419,0.75,0.856164383561644,0.798936170212766,0.841129032258064,0.793846153846154,0.76697247706422,0.784090909090909,0.806818181818182,0.926373626373626,0.96,0.927777777777778;16;16
Lauri Linus;SM Medeldistans - Final-H18 Final;OK Tisaren;1814;0.83049;162,176,150,316,63,82,92,91,113,66,116,134,82,110,42,19;0.993827160493827,0.810795454545454,0.884666666666667,0.789873417721519,0.841269841269841,0.932926829268293,0.679347826086957,0.825274725274725,0.923008849557522,0.781818181818182,0.720689655172414,0.772388059701492,0.865853658536585,0.766363636363636,0.914285714285714,0.878947368421053;16;16
Engstrand Pelle;SM Medeldistans - Final-H18 Final;Rehns BK;1856;0.81169;176,254,161,256,72,72,71,95,114,75,85,154,95,106,50,20;0.914772727272727,0.561811023622047,0.824223602484472,0.975,0.736111111111111,1.0625,0.880281690140845,0.790526315789474,0.914912280701754,0.688,0.983529411764706,0.672077922077922,0.747368421052632,0.795283018867925,0.768,0.835;16;16
Lingfors David;SM Medeldistans - Final-H18 Final;IF Hallby;1867;0.80691;174,147,132,268,85,98,69,217,137,61,92,131,94,99,45,18;0.925287356321839,0.970748299319728,1.00530303030303,0.93134328358209,0.623529411764706,0.780612244897959,0.905797101449275,0.346082949308756,0.761313868613139,0.845901639344262,0.908695652173913,0.790076335877863,0.75531914893617,0.851515151515151,0.853333333333333,0.927777777777778;16;16
Dahlgren Filip;SM Medeldistans - Final-H18 Final;Hagaby GoIF;1886;0.79878;164,160,422,216,99,98,55,68,121,50,87,115,71,101,40,19;0.981707317073171,0.891875,0.314454976303318,1.15555555555556,0.535353535353535,0.780612244897959,1.13636363636364,1.10441176470588,0.86198347107438,1.032,0.960919540229885,0.9,1,0.834653465346535,0.96,0.878947368421053;16;16
Nyberg Ola;SM Medeldistans - Final-H18 Final;OK Pan-Kristianstad;1895;0.79499;166,141,340,283,49,89,68,78,104,102,95,175,77,73,39,16;0.969879518072289,1.01205673758865,0.390294117647059,0.881978798586572,1.08163265306122,0.859550561797753,0.919117647058823,0.962820512820513,1.00288461538462,0.505882352941176,0.88,0.591428571428571,0.922077922077922,1.15479452054795,0.984615384615385,1.04375;16;16
Lysell Jerker;SM Medeldistans - Final-H18 Final;Rehns BK;1911;0.78833;163,203,148,247,99,270,76,73,117,67,133,95,69,94,38,19;0.987730061349693,0.70295566502463,0.896621621621622,1.01052631578947,0.535353535353535,0.283333333333333,0.822368421052632,1.02876712328767,0.891452991452991,0.770149253731343,0.628571428571429,1.08947368421053,1.02898550724638,0.896808510638298,1.01052631578947,0.878947368421053;16;16
Ivarsson Sandberg Erik;SM Medeldistans - Final-H18 Final;OK Denseln;1941;0.77615;169,155,138,432,94,129,74,83,116,63,102,133,86,100,48,19;0.952662721893491,0.920645161290322,0.961594202898551,0.577777777777778,0.563829787234043,0.593023255813954,0.844594594594595,0.904819277108434,0.899137931034483,0.819047619047619,0.819607843137255,0.778195488721805,0.825581395348837,0.843,0.8,0.878947368421053;16;16
Östlin Anton;SM Medeldistans - Final-H18 Final;Linköpings OK;1951;0.77217;170,181,137,263,70,87,76,346,137,55,91,100,76,96,47,19;0.947058823529412,0.788397790055249,0.968613138686131,0.949049429657795,0.757142857142857,0.879310344827586,0.822368421052632,0.217052023121387,0.761313868613139,0.938181818181818,0.918681318681319,1.035,0.934210526315789,0.878125,0.817021276595745,0.878947368421053;16;16
Blomberg Erik;SM Medeldistans - Final-H18 Final;Nyköpings OK;1966;0.76628;177,186,140,309,48,83,76,73,110,58,92,381,74,94,46,19;0.909604519774011,0.767204301075269,0.947857142857143,0.807766990291262,1.10416666666667,0.921686746987952,0.822368421052632,1.02876712328767,0.948181818181818,0.889655172413793,0.908695652173913,0.271653543307087,0.959459459459459,0.896808510638298,0.834782608695652,0.878947368421053;16;16
Johansson Markus;SM Medeldistans - Final-H18 Final;Rydboholms SK;1984;0.75932;165,158,244,292,67,169,64,98,122,55,140,165,72,106,50,17;0.975757575757576,0.903164556962025,0.543852459016393,0.854794520547945,0.791044776119403,0.452662721893491,0.9765625,0.766326530612245,0.854918032786885,0.938181818181818,0.597142857142857,0.627272727272727,0.986111111111111,0.795283018867925,0.768,0.982352941176471;16;16
Lännevall Joel;SM Medeldistans - Final-H18 Final;OK Roslagen;2009;0.74988;191,155,198,274,77,82,89,214,128,67,87,138,94,140,54,21;0.842931937172775,0.920645161290322,0.67020202020202,0.910948905109489,0.688311688311688,0.932926829268293,0.702247191011236,0.350934579439252,0.81484375,0.770149253731343,0.960919540229885,0.75,0.75531914893617,0.602142857142857,0.711111111111111,0.795238095238095;16;16
Martner Ola;SM Medeldistans - Final-H18 Final;Tolered-Utby Ol-klubb;2023;0.74469;176,152,150,260,43,130,71,351,126,48,77,113,84,181,42,19;0.914772727272727,0.938815789473684,0.884666666666667,0.96,1.23255813953488,0.588461538461538,0.880281690140845,0.213960113960114,0.827777777777778,1.075,1.08571428571429,0.915929203539823,0.845238095238095,0.465745856353591,0.914285714285714,0.878947368421053;16;16
Edin Johan;SM Medeldistans - Final-H18 Final;Midälva OK;2026;0.74358;174,153,156,278,75,93,71,205,125,81,86,140,83,239,45,22;0.925287356321839,0.932679738562091,0.850641025641026,0.897841726618705,0.706666666666667,0.82258064516129,0.880281690140845,0.366341463414634,0.8344,0.637037037037037,0.972093023255814,0.739285714285714,0.855421686746988,0.352719665271967,0.853333333333333,0.759090909090909;16;16
Elgsten Simon;SM Medeldistans - Final-H18 Final;Eksjö SOK;2036;0.73993;180,149,135,251,71,93,85,210,164,76,272,123,82,87,40,18;0.894444444444444,0.957718120805369,0.982962962962963,0.994422310756972,0.746478873239437,0.82258064516129,0.735294117647059,0.357619047619048,0.635975609756098,0.678947368421053,0.307352941176471,0.841463414634146,0.865853658536585,0.968965517241379,0.96,0.927777777777778;16;16
Lindberg Simon;SM Medeldistans - Final-H18 Final;Västerås SOK;2053;0.73380;172,279,174,284,64,91,71,88,108,57,118,120,120,238,50,19;0.936046511627907,0.511469534050179,0.762643678160919,0.87887323943662,0.828125,0.840659340659341,0.880281690140845,0.853409090909091,0.965740740740741,0.905263157894737,0.708474576271186,0.8625,0.591666666666667,0.354201680672269,0.768,0.878947368421053;16;16
Strand Johan;SM Medeldistans - Final-H18 Final;Göteborg-Majorna OK;2059;0.73167;179,154,199,261,96,181,69,211,116,58,96,198,78,100,48,15;0.899441340782123,0.926623376623377,0.666834170854271,0.95632183908046,0.552083333333333,0.422651933701657,0.905797101449275,0.355924170616114,0.899137931034483,0.889655172413793,0.870833333333333,0.522727272727273,0.91025641025641,0.843,0.8,1.11333333333333;16;16
Lysell Jesper;SM Medeldistans - Final-H18 Final;Rehns BK;2070;0.72778;187,160,157,260,169,108,62,366,108,67,91,97,80,95,45,18;0.86096256684492,0.891875,0.845222929936306,0.96,0.313609467455621,0.708333333333333,1.00806451612903,0.205191256830601,0.965740740740741,0.770149253731343,0.918681318681319,1.06701030927835,0.8875,0.887368421052632,0.853333333333333,0.927777777777778;16;16
Lind Patrik;SM Medeldistans - Final-H18 Final;OK Tor;2073;0.72672;178,208,183,272,118,136,87,192,119,51,125,155,89,97,44,19;0.904494382022472,0.686057692307692,0.725136612021858,0.917647058823529,0.449152542372881,0.5625,0.718390804597701,0.391145833333333,0.876470588235294,1.01176470588235,0.6688,0.667741935483871,0.797752808988764,0.869072164948454,0.872727272727273,0.878947368421053;16;16
Reibring Tomas;SM Medeldistans - Final-H18 Final;Nyköpings OK;2083;0.72324;178,173,140,269,62,84,74,334,187,54,128,113,136,92,42,17;0.904494382022472,0.82485549132948,0.947857142857143,0.927881040892193,0.854838709677419,0.910714285714286,0.844594594594595,0.224850299401198,0.557754010695187,0.955555555555556,0.653125,0.915929203539823,0.522058823529412,0.916304347826087,0.914285714285714,0.982352941176471;16;16
Tarandi Anders;SM Medeldistans - Final-H18 Final;IFK Lidingös Skid o OK;2142;0.70331;173,264,150,275,63,199,72,170,107,50,123,145,149,136,48,18;0.930635838150289,0.540530303030303,0.884666666666667,0.907636363636364,0.841269841269841,0.384422110552764,0.868055555555556,0.441764705882353,0.974766355140187,1.032,0.679674796747967,0.713793103448276,0.476510067114094,0.619852941176471,0.8,0.927777777777778;16;16
Tjernlund Niclas;SM Medeldistans - Final-H18 Final;OK Vilse 87;2143;0.70299;207,154,204,273,58,272,82,210,129,61,82,157,95,94,46,19;0.777777777777778,0.926623376623377,0.650490196078431,0.914285714285714,0.913793103448276,0.28125,0.76219512195122,0.357619047619048,0.808527131782946,0.845901639344262,1.01951219512195,0.659235668789809,0.747368421052632,0.896808510638298,0.834782608695652,0.878947368421053;16;16
Larsson Jimmy;SM Medeldistans - Final-H18 Final;Alfta-Ösa OK;2227;0.67647;196,161,287,261,72,94,97,83,119,56,126,386,101,117,51,20;0.821428571428571,0.886335403726708,0.462369337979094,0.95632183908046,0.736111111111111,0.813829787234043,0.644329896907217,0.904819277108434,0.876470588235294,0.921428571428571,0.663492063492063,0.268134715025907,0.702970297029703,0.720512820512821,0.752941176470588,0.835;16;16
Eriksson Johan;SM Medeldistans - Final-H18 Final;Gävle OK;2242;0.67194;168,142,287,615,64,77,65,95,121,64,89,229,74,93,41,18;0.958333333333333,1.00492957746479,0.462369337979094,0.405853658536585,0.828125,0.993506493506494,0.961538461538462,0.790526315789474,0.86198347107438,0.80625,0.939325842696629,0.451965065502183,0.959459459459459,0.906451612903226,0.936585365853658,0.927777777777778;16;16
Magnusson Carl;SM Medeldistans - Final-H18 Final;IF Hagen;2266;0.66483;185,230,214,272,124,204,112,122,156,77,106,133,98,153,62,18;0.87027027027027,0.620434782608696,0.620093457943925,0.917647058823529,0.42741935483871,0.375,0.558035714285714,0.615573770491803,0.668589743589744,0.67012987012987,0.788679245283019,0.778195488721805,0.724489795918367,0.550980392156863,0.619354838709677,0.927777777777778;16;16
Wallin Jonas;SM Medeldistans - Final-H18 Final;OK Roto;2346;0.64216;252,156,576,263,50,83,69,233,128,56,97,135,90,95,45,18;0.638888888888889,0.91474358974359,0.230381944444444,0.949049429657795,1.06,0.921686746987952,0.905797101449275,0.322317596566524,0.81484375,0.921428571428571,0.861855670103093,0.766666666666667,0.788888888888889,0.887368421052632,0.853333333333333,0.927777777777778;16;16
Hederskog Martin;SM Medeldistans - Final-H18 Final;HJS-Vansbro OK;2406;0.62614;224,213,147,404,68,184,149,209,121,53,91,162,208,100,55,18;0.71875,0.669953051643192,0.902721088435374,0.617821782178218,0.779411764705882,0.415760869565217,0.419463087248322,0.35933014354067,0.86198347107438,0.973584905660377,0.918681318681319,0.638888888888889,0.341346153846154,0.843,0.698181818181818,0.927777777777778;16;16
Larsson Viktor;SM Medeldistans - Final-H18 Final;Hagaby GoIF;2695;0.55900;192,209,151,339,154,96,77,236,575,60,186,127,102,129,43,19;0.838541666666667,0.682775119617225,0.878807947019867,0.736283185840708,0.344155844155844,0.796875,0.811688311688312,0.318220338983051,0.181391304347826,0.86,0.449462365591398,0.81496062992126,0.696078431372549,0.653488372093023,0.893023255813953,0.878947368421053;16;16
Eskilsson Sara;SM Medeldistans - Final-D18 Final;Haninge SOK;1489;1.04553;107,95,419,80,147,90,58,172,150,80,71,20;1.15700934579439,1.07578947368421,1.09069212410501,1.2125,1.19591836734694,1.05444444444444,1.13275862068966,0.731395348837209,0.953333333333333,0.91,1.11549295774648,0.98;12;12
Lönnkvist Jenny;SM Medeldistans - Final-D18 Final;Tullinge SK;1490;1.04483;99,114,403,120,178,82,71,111,143,68,82,19;1.25050505050505,0.896491228070175,1.13399503722084,0.808333333333333,0.987640449438202,1.15731707317073,0.925352112676056,1.13333333333333,1,1.07058823529412,0.965853658536585,1.03157894736842;12;12
Adolfsson Sofia;SM Medeldistans - Final-D18 Final;OK Kåre;1607;0.96876;123,108,432,137,157,127,66,120,169,68,80,20;1.00650406504065,0.946296296296296,1.05787037037037,0.708029197080292,1.11974522292994,0.747244094488189,0.995454545454545,1.04833333333333,0.846153846153846,1.07058823529412,0.99,0.98;12;12
Jansson Elsa;SM Medeldistans - Final-D18 Final;Främmestads IK;1678;0.92777;129,98,481,98,181,98,96,117,201,77,81,21;0.95968992248062,1.04285714285714,0.95010395010395,0.989795918367347,0.971270718232044,0.968367346938776,0.684375,1.07521367521368,0.711442786069652,0.945454545454545,0.977777777777778,0.933333333333333;12;12
Sand Malin;SM Medeldistans - Final-D18 Final;OK Tisaren;1772;0.87856;134,96,475,88,256,89,67,206,191,71,78,21;0.923880597014925,1.06458333333333,0.962105263157895,1.10227272727273,0.68671875,1.06629213483146,0.980597014925373,0.610679611650485,0.74869109947644,1.02535211267606,1.01538461538462,0.933333333333333;12;12
Carlsson Josefine;SM Medeldistans - Final-D18 Final;SOK Viljan;1785;0.87216;127,117,491,119,223,111,76,209,126,84,81,21;0.974803149606299,0.873504273504274,0.930753564154786,0.815126050420168,0.788340807174888,0.854954954954955,0.864473684210526,0.601913875598086,1.13492063492063,0.866666666666667,0.977777777777778,0.933333333333333;12;12
Bakkman Frida;SM Medeldistans - Final-D18 Final;SOK Viljan;1801;0.86441;158,124,515,105,179,132,82,146,148,94,95,23;0.783544303797468,0.824193548387097,0.887378640776699,0.923809523809524,0.982122905027933,0.718939393939394,0.801219512195122,0.861643835616438,0.966216216216216,0.774468085106383,0.833684210526316,0.852173913043478;12;12
Börjars Linnea;SM Medeldistans - Final-D18 Final;Kils OK;1816;0.85727;139,110,502,112,234,111,86,148,154,99,100,21;0.890647482014388,0.929090909090909,0.910358565737052,0.866071428571429,0.751282051282051,0.854954954954955,0.763953488372093,0.85,0.928571428571429,0.735353535353535,0.792,0.933333333333333;12;12
Strand Lina;SM Medeldistans - Final-D18 Final;Göteborg-Majorna OK;1855;0.83925;142,108,489,269,178,112,65,157,162,75,79,19;0.871830985915493,0.946296296296296,0.934560327198364,0.360594795539033,0.987640449438202,0.847321428571429,1.01076923076923,0.801273885350318,0.882716049382716,0.970666666666667,1.00253164556962,1.03157894736842;12;12
Lidhage Helena;SM Medeldistans - Final-D18 Final;IK Ymer;1868;0.83340;194,133,458,183,185,106,72,183,168,67,99,20;0.638144329896907,0.768421052631579,0.997816593886463,0.530054644808743,0.95027027027027,0.895283018867925,0.9125,0.687431693989071,0.851190476190476,1.0865671641791,0.8,0.98;12;12
Falk Hanna;SM Medeldistans - Final-D18 Final;IF Thor;1912;0.81423;164,168,515,101,196,125,115,134,160,130,81,23;0.754878048780488,0.608333333333333,0.887378640776699,0.96039603960396,0.896938775510204,0.7592,0.571304347826087,0.938805970149254,0.89375,0.56,0.977777777777778,0.852173913043478;12;12
Johansson Ida;SM Medeldistans - Final-D18 Final;IFK Moras OK;1927;0.80789;189,110,471,162,279,100,67,194,161,90,84,20;0.655026455026455,0.929090909090909,0.970276008492569,0.598765432098765,0.63010752688172,0.949,0.980597014925373,0.648453608247423,0.888198757763975,0.808888888888889,0.942857142857143,0.98;12;12
Vångell Fredrika;SM Medeldistans - Final-D18 Final;Linköpings OK;1984;0.78468;134,117,547,101,192,109,68,204,280,108,104,20;0.923880597014925,0.873504273504274,0.835466179159049,0.96039603960396,0.915625,0.870642201834862,0.966176470588235,0.616666666666667,0.510714285714286,0.674074074074074,0.761538461538462,0.98;12;12
Strand Helena;SM Medeldistans - Final-D18 Final;OK Landehof;1991;0.78192;154,126,693,125,222,97,89,135,154,79,95,22;0.803896103896104,0.811111111111111,0.659451659451659,0.776,0.791891891891892,0.978350515463918,0.738202247191011,0.931851851851852,0.928571428571429,0.921518987341772,0.833684210526316,0.890909090909091;12;12
Tiderman Anna;SM Medeldistans - Final-D18 Final;Snättringe SK;2028;0.76765;154,172,651,96,194,112,119,142,159,110,98,21;0.803896103896104,0.594186046511628,0.701996927803379,1.01041666666667,0.906185567010309,0.847321428571429,0.552100840336134,0.885915492957746,0.89937106918239,0.661818181818182,0.808163265306122,0.933333333333333;12;12
Ordqvist Anna;SM Medeldistans - Final-D18 Final;Kils OK;2058;0.75646;146,271,553,110,233,125,103,138,151,116,90,22;0.847945205479452,0.377121771217712,0.826401446654611,0.881818181818182,0.75450643776824,0.7592,0.637864077669903,0.911594202898551,0.947019867549669,0.627586206896552,0.88,0.890909090909091;12;12
Häggström Stina;SM Medeldistans - Final-D18 Final;Litsbygdens SK;2082;0.74774;154,148,574,99,406,111,89,147,148,96,89,21;0.803896103896104,0.690540540540541,0.79616724738676,0.97979797979798,0.433004926108374,0.854954954954955,0.738202247191011,0.85578231292517,0.966216216216216,0.758333333333333,0.889887640449438,0.933333333333333;12;12
Sundqvist Lina;SM Medeldistans - Final-D18 Final;OK Kåre;2117;0.73538;207,154,457,116,412,133,116,142,175,93,90,22;0.598067632850242,0.663636363636364,1,0.836206896551724,0.426699029126214,0.713533834586466,0.566379310344828,0.885915492957746,0.817142857142857,0.782795698924731,0.88,0.890909090909091;12;12
Andersson Matilda;SM Medeldistans - Final-D18 Final;Västerbergslagens OL;2124;0.73296;132,248,593,117,199,125,66,172,234,106,106,26;0.937878787878788,0.412096774193548,0.770657672849916,0.829059829059829,0.883417085427136,0.7592,0.995454545454545,0.731395348837209,0.611111111111111,0.686792452830189,0.747169811320755,0.753846153846154;12;12
Svensson Eva;SM Medeldistans - Final-D18 Final;IFK Moras OK;2159;0.72107;142,128,847,127,224,103,120,132,160,64,93,19;0.871830985915493,0.7984375,0.539551357733176,0.763779527559055,0.784821428571429,0.921359223300971,0.5475,0.953030303030303,0.89375,1.1375,0.851612903225807,1.03157894736842;12;12
Vedin Elin;SM Medeldistans - Final-D18 Final;Midälva OK;2176;0.71544;242,110,523,179,384,104,72,124,143,182,90,23;0.511570247933884,0.929090909090909,0.873804971319312,0.541899441340782,0.4578125,0.9125,0.9125,1.01451612903226,1,0.4,0.88,0.852173913043478;12;12
Pettersson Elin;SM Medeldistans - Final-D18 Final;Täby OK;2177;0.71511;168,142,893,131,201,98,81,127,138,80,97,21;0.736904761904762,0.719718309859155,0.511758118701008,0.740458015267176,0.874626865671642,0.968367346938776,0.811111111111111,0.990551181102362,1.03623188405797,0.91,0.816494845360825,0.933333333333333;12;12
Irevall Anna-Lotta;SM Medeldistans - Final-D18 Final;Tjällmo-Godegårds OK;2182;0.71347;128,372,521,262,177,115,76,173,154,84,98,22;0.9671875,0.274731182795699,0.877159309021113,0.370229007633588,0.993220338983051,0.825217391304348,0.864473684210526,0.727167630057803,0.928571428571429,0.866666666666667,0.808163265306122,0.890909090909091;12;12
Winblad Elin;SM Medeldistans - Final-D18 Final;Hagaby GoIF;2198;0.70828;175,103,715,105,383,126,78,144,155,109,82,23;0.707428571428571,0.992233009708738,0.639160839160839,0.923809523809524,0.459007832898172,0.753174603174603,0.842307692307692,0.873611111111111,0.92258064516129,0.667889908256881,0.965853658536585,0.852173913043478;12;12
Törnqvist Sofia;SM Medeldistans - Final-D18 Final;Storviks IF;2218;0.70189;134,246,669,103,335,108,75,143,163,134,84,24;0.923880597014925,0.415447154471545,0.683109118086697,0.941747572815534,0.524776119402985,0.878703703703704,0.876,0.87972027972028,0.877300613496933,0.543283582089552,0.942857142857143,0.816666666666667;12;12
Leijon-Lind Malin;SM Medeldistans - Final-D18 Final;Haninge SOK;2243;0.69407;141,107,790,99,187,113,74,206,269,127,110,20;0.878014184397163,0.955140186915888,0.578481012658228,0.97979797979798,0.940106951871658,0.839823008849558,0.887837837837838,0.610679611650485,0.531598513011152,0.573228346456693,0.72,0.98;12;12
Davidsson Julia;SM Medeldistans - Final-D18 Final;OK Klemmingen;2269;0.68612;154,124,588,114,263,253,210,166,189,84,105,19;0.803896103896104,0.824193548387097,0.777210884353742,0.850877192982456,0.668441064638783,0.375098814229249,0.312857142857143,0.757831325301205,0.756613756613757,0.866666666666667,0.754285714285714,1.03157894736842;12;12
Bachman Anna;SM Medeldistans - Final-D18 Final;Täby OK;2271;0.68551;143,122,533,419,314,100,97,142,166,123,92,20;0.865734265734266,0.837704918032787,0.857410881801126,0.231503579952267,0.559872611464968,0.949,0.677319587628866,0.885915492957746,0.86144578313253,0.591869918699187,0.860869565217391,0.98;12;12
Thorén Julia;SM Medeldistans - Final-D18 Final;Eksjö SOK;2291;0.67953;168,96,824,275,216,108,71,170,145,109,87,22;0.736904761904762,1.06458333333333,0.554611650485437,0.352727272727273,0.813888888888889,0.878703703703704,0.925352112676056,0.74,0.986206896551724,0.667889908256881,0.910344827586207,0.890909090909091;12;12
Persson Lisa;SM Medeldistans - Final-D18 Final;IFK Lidingös Skid o OK;2315;0.67248;144,103,634,184,265,106,263,186,222,79,104,25;0.859722222222222,0.992233009708738,0.720820189274448,0.527173913043478,0.663396226415094,0.895283018867925,0.249809885931559,0.676344086021505,0.644144144144144,0.921518987341772,0.761538461538462,0.784;12;12
Österberg Matilda;SM Medeldistans - Final-D18 Final;Linköpings OK;2327;0.66902;150,127,575,136,311,117,93,358,206,115,118,21;0.825333333333333,0.804724409448819,0.794782608695652,0.713235294117647,0.565273311897106,0.811111111111111,0.706451612903226,0.351396648044693,0.694174757281553,0.633043478260869,0.671186440677966,0.933333333333333;12;12
Karlsson Martina;SM Medeldistans - Final-D18 Final;OK Njudung;2331;0.66787;150,137,988,107,189,101,143,138,170,98,89,21;0.825333333333333,0.745985401459854,0.462550607287449,0.906542056074766,0.93015873015873,0.93960396039604,0.459440559440559,0.911594202898551,0.841176470588235,0.742857142857143,0.889887640449438,0.933333333333333;12;12
Söderlund Helene;SM Medeldistans - Final-D18 Final;IFK Moras OK;2331;0.66787;148,109,965,147,204,104,92,142,187,131,79,23;0.836486486486486,0.937614678899083,0.473575129533679,0.659863945578231,0.861764705882353,0.9125,0.714130434782609,0.885915492957746,0.764705882352941,0.555725190839695,1.00253164556962,0.852173913043478;12;12
Karlsson Elin;SM Medeldistans - Final-D18 Final;Turebergs IF;2376;0.65522;151,181,811,111,203,112,65,218,267,125,110,22;0.819867549668874,0.564640883977901,0.563501849568434,0.873873873873874,0.866009852216749,0.847321428571429,1.01076923076923,0.577064220183486,0.535580524344569,0.5824,0.72,0.890909090909091;12;12
Aspnäs Frida;SM Medeldistans - Final-D18 Final;Sidensjö IK;2418;0.64384;143,124,485,335,445,100,74,120,379,80,108,25;0.865734265734266,0.824193548387097,0.942268041237113,0.28955223880597,0.395056179775281,0.949,0.887837837837838,1.04833333333333,0.377308707124011,0.91,0.733333333333333,0.784;12;12
Sunnerheim Sjöberg Hanna;SM Medeldistans - Final-D18 Final;OK Linné;2468;0.63079;149,134,818,266,273,122,88,230,152,111,100,25;0.830872483221476,0.762686567164179,0.558679706601467,0.364661654135338,0.643956043956044,0.777868852459016,0.746590909090909,0.54695652173913,0.940789473684211,0.655855855855856,0.792,0.784;12;12
Rönnols Linn;SM Medeldistans - Final-D18 Final;Täby OK;2516;0.61876;272,120,591,138,497,113,104,155,223,181,98,24;0.455147058823529,0.851666666666667,0.77326565143824,0.702898550724638,0.353722334004024,0.839823008849558,0.631730769230769,0.811612903225806,0.641255605381166,0.402209944751381,0.808163265306122,0.816666666666667;12;12
Bengtsson Josefin;SM Medeldistans - Final-D18 Final;Långhundra IF;2583;0.60271;142,238,1111,145,205,114,64,161,197,105,80,21;0.871830985915493,0.429411764705882,0.411341134113411,0.668965517241379,0.857560975609756,0.832456140350877,1.0265625,0.781366459627329,0.725888324873096,0.693333333333333,0.99,0.933333333333333;12;12
Wåhlberg Stina;SM Medeldistans - Final-D18 Final;OK Kåre;2615;0.59533;220,336,566,166,242,155,225,207,243,100,125,30;0.562727272727273,0.304166666666667,0.807420494699647,0.58433734939759,0.726446280991736,0.612258064516129,0.292,0.607729468599034,0.588477366255144,0.728,0.6336,0.653333333333333;12;12
Johansson Emma;SM Medeldistans - Final-D18 Final;Filipstadsbygdens OK;3153;0.49375;125,108,570,107,1031,95,586,168,138,91,106,28;0.9904,0.946296296296296,0.801754385964912,0.906542056074766,0.170514064015519,0.998947368421053,0.112116040955631,0.748809523809524,1.03623188405797,0.8,0.747169811320755,0.7;12;12
