Bertuks Edgars;WOC Middle Final-Men (MEN);Latvia;2205;0.99843;225,157,60,96,27,40,249,60,155,223,107,77,78,57,133,80,91,120,96,30,44;0.982222222222222,0.964099594672843,1.02272727272727,1.02840909090909,1.04713804713805,0.993181818181818,0.997444322745528,1.02878787878788,1.0158357771261,1.02812882185079,0.96856414613424,1.05667060212515,0.996503496503497,0.904306220095694,1.00478468899522,0.922727272727273,1.00899100899101,1.01893939393939,0.987689393939394,1.0030303030303,0.989669421487603;21;21
Novikov Valentin;WOC Middle Final-Men (MEN);Russia;2210;0.99617;231,146,65,99,27,39,240,63,154,231,97,84,77,52,131,73,100,127,96,31,47;0.956709956709957,1.03673723536737,0.944055944055944,0.997245179063361,1.04713804713805,1.01864801864802,1.03484848484848,0.97979797979798,1.0224321133412,0.992522628886265,1.06841611996251,0.968614718614719,1.00944510035419,0.991258741258741,1.02012491325468,1.01120797011208,0.918181818181818,0.962777380100215,0.987689393939394,0.970674486803519,0.926499032882012;21;21
Hertner Fabian;WOC Middle Final-Men (MEN);Switzerland;2230;0.98724;216,159,57,102,27,38,264,61,177,224,103,82,76,49,138,78,90,126,94,27,42;1.02314814814815,0.951972555746141,1.07655502392344,0.967914438502674,1.04713804713805,1.04545454545455,0.940771349862259,1.01192250372578,0.889573703133025,1.02353896103896,1.00617828773169,0.992239467849224,1.02272727272727,1.05194805194805,0.968379446640316,0.946386946386946,1.02020202020202,0.97041847041847,1.00870406189555,1.11447811447811,1.03679653679654;21;21
Gueorgiou Thierry;WOC Middle Final-Men (MEN);France;2235;0.98503;225,153,64,98,30,43,249,63,152,248,104,83,77,51,134,74,92,120,98,31,46;0.982222222222222,0.989304812834225,0.958806818181818,1.00742115027829,0.942424242424242,0.923890063424947,0.997444322745528,0.97979797979798,1.03588516746411,0.924486803519062,0.996503496503497,0.980284775465498,1.00944510035419,1.01069518716578,0.997286295793758,0.997542997542997,0.99802371541502,1.01893939393939,0.967532467532467,0.970674486803519,0.946640316205534;21;21
Gonon Francois;WOC Middle Final-Men (MEN);France;2238;0.98371;218,148,61,101,33,39,248,59,151,244,102,84,77,59,137,79,96,128,100,30,44;1.01376146788991,1.02272727272727,1.00596125186289,0.977497749774978,0.856749311294766,1.01864801864802,1.00146627565982,1.0462249614792,1.04274533413606,0.939642324888227,1.01604278074866,0.968614718614719,1.00944510035419,0.873651771956857,0.975447909754479,0.934407364787112,0.956439393939394,0.955255681818182,0.948181818181818,1.0030303030303,0.989669421487603;21;21
Öberg Peter;WOC Middle Final-Men (MEN);Sweden;2242;0.98196;223,152,81,92,28,40,257,60,161,222,105,81,79,55,132,80,91,133,96,31,43;0.991031390134529,0.995813397129187,0.757575757575758,1.07312252964427,1.00974025974026,0.993181818181818,0.966395472232048,1.02878787878788,0.977978543195935,1.03276003276003,0.987012987012987,1.00448933782267,0.983889528193326,0.937190082644628,1.01239669421488,0.922727272727273,1.00899100899101,0.919343814080656,0.987689393939394,0.970674486803519,1.01268498942918;21;21
Daehli Magne;WOC Middle Final-Men (MEN);Norway;2288;0.96221;234,152,67,98,29,42,243,59,191,232,119,90,78,53,135,76,98,128,92,29,43;0.944444444444444,0.995813397129187,0.915875169606513,1.00742115027829,0.974921630094044,0.945887445887446,1.02207257762813,1.0462249614792,0.824369347929557,0.988244514106583,0.870893812070283,0.904040404040404,0.996503496503497,0.972555746140652,0.98989898989899,0.971291866028708,0.936920222634508,0.955255681818182,1.03063241106719,1.03761755485893,1.01268498942918;21;21
Bergman Gustav;WOC Middle Final-Men (MEN);Sweden;2313;0.95181;248,163,65,99,30,42,257,66,155,242,103,88,85,54,155,72,96,124,97,31,41;0.891129032258065,0.928611266034579,0.944055944055944,0.997245179063361,0.942424242424242,0.945887445887446,0.966395472232048,0.935261707988981,1.0158357771261,0.94740796393689,1.00617828773169,0.924586776859504,0.914438502673797,0.954545454545455,0.862170087976539,1.02525252525253,0.956439393939394,0.986070381231671,0.977507029053421,0.970674486803519,1.06208425720621;21;21
Lauenstein Marc;WOC Middle Final-Men (MEN);Switzerland;2328;0.94568;234,169,70,119,31,42,254,68,162,248,115,91,81,51,126,72,99,126,96,30,44;0.944444444444444,0.895642818719742,0.876623376623377,0.829640947288006,0.912023460410557,0.945887445887446,0.97780959198282,0.907754010695187,0.971941638608305,0.924486803519062,0.901185770750988,0.894105894105894,0.95959595959596,1.01069518716578,1.06060606060606,1.02525252525253,0.927456382001836,0.97041847041847,0.987689393939394,1.0030303030303,0.989669421487603;21;21
Procházka Jan;WOC Middle Final-Men (MEN);Czech Republic;2341;0.94043;248,168,67,99,31,45,269,64,155,241,108,89,78,54,136,89,93,126,100,33,48;0.891129032258065,0.900974025974026,0.915875169606513,0.997245179063361,0.912023460410557,0.882828282828283,0.923284893545117,0.964488636363636,1.0158357771261,0.951339117314221,0.95959595959596,0.914198161389173,0.996503496503497,0.954545454545455,0.982620320855615,0.829417773237998,0.987292277614858,0.97041847041847,0.948181818181818,0.911845730027548,0.90719696969697;21;21
Airila Hannu;WOC Middle Final-Men (MEN);Finland;2342;0.94003;238,156,74,100,31,43,251,70,170,246,113,83,88,58,140,77,94,131,100,33,46;0.928571428571429,0.97027972027972,0.829238329238329,0.987272727272727,0.912023460410557,0.923890063424947,0.989496559217675,0.881818181818182,0.92620320855615,0.9320029563932,0.917135961383749,0.980284775465498,0.883264462809917,0.88871473354232,0.954545454545454,0.958677685950413,0.97678916827853,0.933379597501735,0.948181818181818,0.911845730027548,0.946640316205534;21;21
Kratov Oleksandr;WOC Middle Final-Men (MEN);Ukraine;2342;0.94003;241,159,70,105,32,41,248,74,188,229,111,89,86,52,142,72,97,129,99,33,45;0.91701244813278,0.951972555746141,0.876623376623377,0.94025974025974,0.883522727272727,0.968957871396896,1.00146627565982,0.834152334152334,0.83752417794971,1.0011909487892,0.933660933660934,0.914198161389173,0.903805496828753,0.991258741258741,0.941101152368758,1.02525252525253,0.946579194001874,0.94785059901339,0.957759412304867,0.911845730027548,0.967676767676768;21;21
Mihailovs Kalvis;WOC Middle Final-Men (MEN);Latvia;2350;0.93683;233,159,61,116,30,45,254,71,175,260,127,82,79,51,152,74,90,123,92,31,45;0.948497854077253,0.951972555746141,1.00596125186289,0.851097178683386,0.942424242424242,0.882828282828283,0.97780959198282,0.869398207426376,0.89974025974026,0.881818181818182,0.816034359341446,0.992239467849224,0.983889528193326,1.01069518716578,0.879186602870813,0.997542997542997,1.02020202020202,0.994087213599409,1.03063241106719,0.970674486803519,0.967676767676768;21;21
Lundanes Olav;WOC Middle Final-Men (MEN);Norway;2359;0.93325;204,156,64,102,31,39,255,69,269,228,97,84,78,51,132,74,109,129,106,34,48;1.08333333333333,0.97027972027972,0.958806818181818,0.967914438502674,0.912023460410557,1.01864801864802,0.97397504456328,0.894598155467721,0.585332882730652,1.00558213716108,1.06841611996251,0.968614718614719,0.996503496503497,1.01069518716578,1.01239669421488,0.997542997542997,0.842368640533778,0.94785059901339,0.89451114922813,0.885026737967914,0.90719696969697;21;21
Adamski Philippe;WOC Middle Final-Men (MEN);France;2366;0.93049;272,154,68,105,31,42,259,69,167,241,110,85,80,53,149,79,96,131,95,33,47;0.8125,0.982880755608028,0.9024064171123,0.94025974025974,0.912023460410557,0.945887445887446,0.958932958932959,0.894598155467721,0.942841589548176,0.951339117314221,0.942148760330579,0.957219251336898,0.971590909090909,0.972555746140652,0.896888346552776,0.934407364787112,0.956439393939394,0.933379597501735,0.998086124401914,0.911845730027548,0.926499032882012;21;21
Sild Lauri;WOC Middle Final-Men (MEN);Estonia;2382;0.92424;224,161,67,107,29,40,246,60,190,239,105,96,84,62,150,82,99,160,99,33,49;0.986607142857143,0.940146809712027,0.915875169606513,0.92268479184367,0.974921630094044,0.993181818181818,1.00960827790096,1.02878787878788,0.828708133971292,0.95930011411183,0.987012987012987,0.847537878787879,0.925324675324675,0.831378299120235,0.890909090909091,0.900221729490022,0.927456382001836,0.764204545454545,0.957759412304867,0.911845730027548,0.888682745825603;21;21
Ikonen Pasi;WOC Middle Final-Men (MEN);Finland;2386;0.92269;221,150,62,103,30,42,284,67,175,244,109,86,82,56,158,80,101,143,109,35,49;1,1.00909090909091,0.989736070381232,0.958517210944395,0.942424242424242,0.945887445887446,0.874519846350832,0.921302578018996,0.89974025974026,0.939642324888227,0.950792326939116,0.946088794926004,0.947893569844789,0.920454545454546,0.845799769850403,0.922727272727273,0.909090909090909,0.855054036872219,0.869891576313595,0.85974025974026,0.888682745825603;21;21
Runesson Johan;WOC Middle Final-Men (MEN);Sweden;2389;0.92153;229,157,67,108,30,53,300,65,172,230,120,83,85,54,145,76,98,137,100,32,48;0.965065502183406,0.964099594672843,0.915875169606513,0.914141414141414,0.942424242424242,0.749571183533448,0.827878787878788,0.94965034965035,0.915433403805497,0.996837944664032,0.863636363636364,0.980284775465498,0.914438502673797,0.954545454545455,0.921630094043887,0.971291866028708,0.936920222634508,0.892501658925017,0.948181818181818,0.940340909090909,0.90719696969697;21;21
Novikov Leonid;WOC Middle Final-Men (MEN);Russia;2401;0.91693;228,149,66,112,30,44,268,70,169,266,145,87,81,52,144,82,96,128,101,35,48;0.969298245614035,1.01586333129957,0.929752066115702,0.881493506493507,0.942424242424242,0.902892561983471,0.926729986431479,0.881818181818182,0.93168370091447,0.861927546138072,0.714733542319749,0.93521421107628,0.95959595959596,0.991258741258741,0.928030303030303,0.900221729490022,0.956439393939394,0.955255681818182,0.938793879387939,0.85974025974026,0.90719696969697;21;21
Kerschbaumer Gernot;WOC Middle Final-Men (MEN);Austria;2419;0.91011;238,160,65,109,28,41,263,71,169,238,118,81,84,57,150,85,145,131,105,33,48;0.928571428571429,0.946022727272727,0.944055944055944,0.905754795663053,1.00974025974026,0.968957871396896,0.944348427238161,0.869398207426376,0.93168370091447,0.963330786860199,0.878274268104777,1.00448933782267,0.925324675324675,0.904306220095694,0.890909090909091,0.868449197860963,0.633228840125392,0.933379597501735,0.903030303030303,0.911845730027548,0.90719696969697;21;21
Sirmais Martins;WOC Middle Final-Men (MEN);Latvia;2422;0.90898;246,181,74,102,29,45,257,65,205,236,114,102,80,56,145,84,94,123,107,32,45;0.898373983739837,0.836263184329483,0.829238329238329,0.967914438502674,0.974921630094044,0.882828282828283,0.966395472232048,0.94965034965035,0.768070953436807,0.971494607087827,0.909090909090909,0.797682709447415,0.971590909090909,0.920454545454546,0.921630094043887,0.878787878787879,0.97678916827853,0.994087213599409,0.886151231945624,0.940340909090909,0.967676767676768;21;21
Kaas Carl Waaler;WOC Middle Final-Men (MEN);Norway;2424;0.90823;224,164,62,106,33,41,318,66,157,238,115,83,79,57,179,83,90,143,101,36,49;0.986607142857143,0.922949002217295,0.989736070381232,0.93138936535163,0.856749311294766,0.968957871396896,0.781017724413951,0.935261707988981,1.002895193978,0.963330786860199,0.901185770750988,0.980284775465498,0.983889528193326,0.904306220095694,0.7465718638903,0.889375684556407,1.02020202020202,0.855054036872219,0.938793879387939,0.835858585858586,0.888682745825603;21;21
Ushkvarok Pavlo;WOC Middle Final-Men (MEN);Ukraine;2425;0.90785;233,168,65,104,32,45,280,71,177,259,111,81,79,57,136,79,108,157,101,34,48;0.948497854077253,0.900974025974026,0.944055944055944,0.949300699300699,0.883522727272727,0.882828282828283,0.887012987012987,0.869398207426376,0.889573703133025,0.885222885222885,0.933660933660934,1.00448933782267,0.983889528193326,0.904306220095694,0.982620320855615,0.934407364787112,0.85016835016835,0.778807180081065,0.938793879387939,0.885026737967914,0.90719696969697;21;21
Basset Lucas;WOC Middle Final-Men (MEN);France;2430;0.90599;244,165,65,118,29,44,276,73,170,254,115,99,85,55,155,73,100,131,97,33,49;0.905737704918033,0.917355371900826,0.944055944055944,0.836671802773498,0.974921630094044,0.902892561983471,0.899868247694335,0.845579078455791,0.92620320855615,0.902648532569792,0.901185770750988,0.821854912764004,0.914438502673797,0.937190082644628,0.862170087976539,1.01120797011208,0.918181818181818,0.933379597501735,0.977507029053421,0.911845730027548,0.888682745825603;21;21
Lassen Tue;WOC Middle Final-Men (MEN);Denmark;2433;0.90487;245,161,68,105,30,40,255,71,163,239,111,84,81,59,176,76,101,184,105,33,46;0.902040816326531,0.940146809712027,0.9024064171123,0.94025974025974,0.942424242424242,0.993181818181818,0.97397504456328,0.869398207426376,0.965978806469604,0.95930011411183,0.933660933660934,0.968614718614719,0.95959595959596,0.873651771956857,0.759297520661157,0.971291866028708,0.909090909090909,0.664525691699605,0.903030303030303,0.911845730027548,0.946640316205534;21;21
Merl Robert;WOC Middle Final-Men (MEN);Austria;2463;0.89385;249,169,67,114,29,42,278,68,242,243,109,86,87,54,144,80,101,125,100,33,43;0.887550200803213,0.895642818719742,0.915875169606513,0.866028708133971,0.974921630094044,0.945887445887446,0.893394375408764,0.907754010695187,0.650638617580766,0.943509165731388,0.950792326939116,0.946088794926004,0.893416927899687,0.954545454545455,0.928030303030303,0.922727272727273,0.909090909090909,0.978181818181818,0.948181818181818,0.911845730027548,1.01268498942918;21;21
Kärner Olle;WOC Middle Final-Men (MEN);Estonia;2465;0.89312;256,173,68,113,32,44,260,66,176,243,132,94,88,56,144,98,101,133,104,34,50;0.86328125,0.874934314240673,0.9024064171123,0.873692679002414,0.883522727272727,0.902892561983471,0.955244755244755,0.935261707988981,0.894628099173554,0.943509165731388,0.785123966942149,0.865570599613153,0.883264462809917,0.920454545454546,0.928030303030303,0.753246753246753,0.909090909090909,0.919343814080656,0.911713286713287,0.885026737967914,0.870909090909091;21;21
Matjaž Štanfel;WOC Middle Final-Men (MEN);Croatia;2465;0.89312;224,263,62,123,39,46,258,70,170,246,111,85,88,58,142,76,95,129,100,34,46;0.986607142857143,0.575527134462496,0.989736070381232,0.802660753880266,0.724941724941725,0.863636363636364,0.962649753347428,0.881818181818182,0.92620320855615,0.9320029563932,0.933660933660934,0.957219251336898,0.883264462809917,0.88871473354232,0.941101152368758,0.971291866028708,0.966507177033493,0.94785059901339,0.948181818181818,0.885026737967914,0.946640316205534;21;21
Gvildys Jonas Vytautas;WOC Middle Final-Men (MEN);Lithuania;2467;0.89240;233,153,69,111,31,42,284,75,290,243,112,86,80,52,151,76,90,122,92,30,45;0.948497854077253,0.989304812834225,0.889328063241107,0.889434889434889,0.912023460410557,0.945887445887446,0.874519846350832,0.823030303030303,0.54294670846395,0.943509165731388,0.925324675324675,0.946088794926004,0.971590909090909,0.991258741258741,0.885009030704395,0.971291866028708,1.02020202020202,1.00223546944858,1.03063241106719,1.0030303030303,0.967676767676768;21;21
Mamleev Mikhail;WOC Middle Final-Men (MEN);Italy;2471;0.89095;251,156,67,104,30,44,286,70,170,251,110,94,85,56,180,86,112,129,107,35,48;0.880478087649402,0.97027972027972,0.915875169606513,0.949300699300699,0.942424242424242,0.902892561983471,0.868404322949778,0.881818181818182,0.92620320855615,0.913437160449113,0.942148760330579,0.865570599613153,0.914438502673797,0.920454545454546,0.742424242424242,0.858350951374207,0.819805194805195,0.94785059901339,0.886151231945624,0.85974025974026,0.90719696969697;21;21
Král Vojtech;WOC Middle Final-Men (MEN);Czech Republic;2481;0.88736;255,152,59,108,30,46,271,72,233,229,110,79,84,58,155,81,117,152,109,33,48;0.866666666666667,0.995813397129187,1.04006163328197,0.914141414141414,0.942424242424242,0.863636363636364,0.916470982891647,0.857323232323232,0.675770581349981,1.0011909487892,0.942148760330579,1.02991944764097,0.925324675324675,0.88871473354232,0.862170087976539,0.911335578002245,0.784770784770785,0.804425837320574,0.869891576313595,0.911845730027548,0.90719696969697;21;21
Lenkei Zsolt;WOC Middle Final-Men (MEN);Hungary;2500;0.88062;246,161,67,110,30,43,288,71,189,243,110,91,83,53,149,89,138,138,124,31,46;0.898373983739837,0.940146809712027,0.915875169606513,0.897520661157025,0.942424242424242,0.923890063424947,0.862373737373737,0.869398207426376,0.833092833092833,0.943509165731388,0.942148760330579,0.894105894105894,0.936473165388828,0.972555746140652,0.896888346552776,0.829417773237998,0.665349143610013,0.886034255599473,0.76466275659824,0.970674486803519,0.946640316205534;21;21
Krepsta Simonas;WOC Middle Final-Men (MEN);Lithuania;2502;0.87991;249,175,82,113,31,43,304,76,188,259,119,85,80,54,149,80,97,131,101,36,50;0.887550200803213,0.864935064935065,0.748337028824834,0.873692679002414,0.912023460410557,0.923890063424947,0.816985645933014,0.812200956937799,0.83752417794971,0.885222885222885,0.870893812070283,0.957219251336898,0.971590909090909,0.954545454545455,0.896888346552776,0.922727272727273,0.946579194001874,0.933379597501735,0.938793879387939,0.835858585858586,0.870909090909091;21;21
Huovila Jarkko;WOC Middle Final-Men (MEN);Finland;2547;0.86437;245,223,63,104,31,40,271,83,183,264,126,90,86,53,147,79,123,139,111,36,50;0.902040816326531,0.678760701182226,0.974025974025974,0.949300699300699,0.912023460410557,0.993181818181818,0.916470982891647,0.743702081051479,0.860407352210631,0.868457300275482,0.822510822510823,0.904040404040404,0.903805496828753,0.972555746140652,0.909090909090909,0.934407364787112,0.746489283074649,0.879659908436887,0.854217854217854,0.835858585858586,0.870909090909091;21;21
Krajcík Michal;WOC Middle Final-Men (MEN);Slovakia;2547;0.86437;247,182,77,113,33,50,280,73,205,273,137,92,88,59,150,85,96,120,104,34,49;0.894736842105263,0.831668331668332,0.796930342384888,0.873692679002414,0.856749311294766,0.794545454545455,0.887012987012987,0.845579078455791,0.768070953436807,0.83982683982684,0.756469807564698,0.884387351778656,0.883264462809917,0.873651771956857,0.890909090909091,0.868449197860963,0.956439393939394,1.01893939393939,0.911713286713287,0.885026737967914,0.888682745825603;21;21
Gristwood Graham;WOC Middle Final-Men (MEN);Great Britain;2568;0.85730;239,162,68,106,31,47,250,231,172,241,113,95,83,56,144,108,97,140,104,35,46;0.924686192468619,0.934343434343434,0.9024064171123,0.93138936535163,0.912023460410557,0.845261121856867,0.993454545454545,0.267217630853994,0.915433403805497,0.951339117314221,0.917135961383749,0.856459330143541,0.936473165388828,0.920454545454546,0.928030303030303,0.683501683501683,0.946579194001874,0.873376623376623,0.911713286713287,0.85974025974026,0.946640316205534;21;21
Alekseyonok Aleksei;WOC Middle Final-Men (MEN);Belorussia;2608;0.84415;227,157,65,104,32,43,357,107,195,271,128,92,90,60,154,92,107,129,114,33,51;0.973568281938326,0.964099594672843,0.944055944055944,0.949300699300699,0.883522727272727,0.923890063424947,0.695696460402343,0.576890399320306,0.807459207459208,0.846024823884603,0.809659090909091,0.884387351778656,0.863636363636364,0.859090909090909,0.867768595041322,0.802371541501976,0.858113848768054,0.94785059901339,0.831738437001595,0.911845730027548,0.853832442067736;21;21
Zinca Ionut;WOC Middle Final-Men (MEN);Romania;2617;0.84125;269,163,148,117,30,45,264,74,271,296,110,87,78,56,138,77,99,116,100,31,48;0.821561338289963,0.928611266034579,0.414619164619165,0.843822843822844,0.942424242424242,0.882828282828283,0.940771349862259,0.834152334152334,0.581013082858101,0.774570024570025,0.942148760330579,0.93521421107628,0.996503496503497,0.920454545454546,0.968379446640316,0.958677685950413,0.927456382001836,1.05407523510972,0.948181818181818,0.970674486803519,0.90719696969697;21;21
Morrison Ross;WOC Middle Final-Men (MEN);New Zealand;2644;0.83266;271,189,74,123,31,43,306,74,181,269,124,96,92,62,160,94,119,138,117,33,48;0.81549815498155,0.800865800865801,0.829238329238329,0.802660753880266,0.912023460410557,0.923890063424947,0.8116458704694,0.834152334152334,0.869914615770969,0.852314971274079,0.835777126099707,0.847537878787879,0.844861660079052,0.831378299120235,0.835227272727273,0.785299806576402,0.771581359816654,0.886034255599473,0.81041181041181,0.911845730027548,0.90719696969697;21;21
Friedrichs Bjarne;WOC Middle Final-Men (MEN);Germany;2753;0.79969;264,182,72,134,38,50,300,83,223,298,120,99,94,57,157,94,145,139,116,37,51;0.837121212121212,0.831668331668332,0.852272727272727,0.736770691994573,0.744019138755981,0.794545454545455,0.827878787878788,0.743702081051479,0.706074194863433,0.769371568029286,0.863636363636364,0.821854912764004,0.82688588007737,0.904306220095694,0.851187029530978,0.785299806576402,0.633228840125392,0.879659908436887,0.817398119122257,0.813267813267813,0.853832442067736;21;21
Kamenarov Ivaylo;WOC Middle Final-Men (MEN);Bulgaria;2801;0.78599;271,180,77,134,49,51,324,138,182,277,128,94,93,63,166,91,123,154,117,36,53;0.81549815498155,0.840909090909091,0.796930342384888,0.736770691994573,0.576994434137291,0.778966131907308,0.7665544332211,0.44729907773386,0.865134865134865,0.827699376435839,0.809659090909091,0.865570599613153,0.835777126099707,0.818181818181818,0.805038335158817,0.811188811188811,0.746489283074649,0.793978748524203,0.81041181041181,0.835858585858586,0.821612349914237;21;21
Tambasov Yury;WOC Middle Final-Men (MEN);Belorussia;2845;0.77383;267,170,68,110,29,43,532,86,186,275,128,93,86,56,152,110,118,149,100,34,53;0.827715355805243,0.890374331550802,0.9024064171123,0.897520661157025,0.974921630094044,0.923890063424947,0.466848940533151,0.717758985200846,0.84652981427175,0.833719008264463,0.809659090909091,0.874877810361681,0.903805496828753,0.920454545454546,0.879186602870813,0.671074380165289,0.778120184899846,0.820622330689445,0.948181818181818,0.885026737967914,0.821612349914237;21;21
Pasquasy Fabien;WOC Middle Final-Men (MEN);Belgium;3075;0.71595;266,180,98,132,31,47,274,221,264,278,121,96,90,54,168,95,320,129,121,35,55;0.830827067669173,0.840909090909091,0.626159554730983,0.747933884297521,0.912023460410557,0.845261121856867,0.906436629064366,0.27930892636775,0.596418732782369,0.824722040549379,0.856498873027799,0.847537878787879,0.863636363636364,0.954545454545455,0.795454545454545,0.777033492822966,0.286931818181818,0.94785059901339,0.783621337340346,0.85974025974026,0.791735537190083;21;21
Kauppi Minna;WOC Middle Final-Women (WOMEN);Finland;2257;1.02374;157,144,115,49,32,135,175,143,352,39,94,89,226,58,103,149,109,35,53;1.20329087048832,0.890625,1.05434782608696,0.964285714285714,1.0546875,1.05185185185185,1.12619047619048,1.03379953379953,0.872869318181818,1.14529914529915,1.07978723404255,1.05711610486891,1.16261061946903,0.94683908045977,0.729773462783172,1.04362416107383,1.08409785932722,1.07619047619048,0.992138364779874;19;19
Alexandersson Tove;WOC Middle Final-Women (WOMEN);Sweden;2289;1.00943;171,141,112,46,32,153,190,148,302,43,103,105,276,50,70,151,112,36,48;1.10477582846004,0.909574468085106,1.08258928571429,1.02717391304348,1.0546875,0.928104575163399,1.03728070175439,0.998873873873874,1.01738410596026,1.03875968992248,0.985436893203884,0.896031746031746,0.951992753623188,1.09833333333333,1.07380952380952,1.02980132450331,1.05505952380952,1.0462962962963,1.09548611111111;19;19
Riabkina Tatyana;WOC Middle Final-Women (WOMEN);Russia;2343;0.98616;193,138,130,44,34,135,200,175,315,44,103,92,253,53,78,150,119,35,52;0.978842832469775,0.929347826086957,0.932692307692308,1.07386363636364,0.992647058823529,1.05185185185185,0.985416666666667,0.844761904761905,0.975396825396825,1.01515151515152,0.985436893203884,1.02264492753623,1.03853754940711,1.03616352201258,0.963675213675214,1.03666666666667,0.992997198879552,1.07619047619048,1.01121794871795;19;19
Bobach Ida;WOC Middle Final-Women (WOMEN);Denmark;2392;0.96596;198,116,149,54,35,131,215,149,288,51,96,94,290,58,82,160,131,40,55;0.954124579124579,1.10560344827586,0.813758389261745,0.875,0.964285714285714,1.08396946564885,0.916666666666667,0.992170022371365,1.06684027777778,0.875816993464052,1.05729166666667,1.0008865248227,0.906034482758621,0.94683908045977,0.916666666666667,0.971875,0.902035623409669,0.941666666666667,0.956060606060606;19;19
Niggli-Luder Simone;WOC Middle Final-Women (WOMEN);Switzerland;2400;0.96274;191,123,115,48,30,128,188,297,307,40,99,90,263,54,70,153,112,38,54;0.989092495636998,1.04268292682927,1.05434782608696,0.984375,1.125,1.109375,1.04831560283688,0.497755331088664,1.00081433224756,1.11666666666667,1.02525252525253,1.04537037037037,0.999049429657795,1.01697530864198,1.07380952380952,1.01633986928105,1.05505952380952,0.991228070175439,0.973765432098765;19;19
Billstam Annika;WOC Middle Final-Women (WOMEN);Sweden;2407;0.95994;192,129,129,52,34,164,204,184,283,56,113,93,272,60,75,154,118,40,55;0.983940972222222,0.994186046511628,0.939922480620155,0.908653846153846,0.992647058823529,0.865853658536585,0.96609477124183,0.803442028985507,1.0856890459364,0.797619047619048,0.898230088495575,1.01164874551971,0.965992647058823,0.915277777777778,1.00222222222222,1.00974025974026,1.00141242937853,0.941666666666667,0.956060606060606;19;19
Lüscher Sara;WOC Middle Final-Women (WOMEN);Switzerland;2453;0.94194;197,189,123,46,46,150,203,164,311,45,114,92,260,55,79,164,121,40,54;0.958967851099831,0.678571428571429,0.985772357723577,1.02717391304348,0.733695652173913,0.946666666666667,0.970853858784893,0.901422764227642,0.987942122186495,0.992592592592593,0.890350877192982,1.02264492753623,1.01057692307692,0.998484848484848,0.951476793248945,0.948170731707317,0.976584022038568,0.941666666666667,0.973765432098765;19;19
Rantanen Merja;WOC Middle Final-Women (WOMEN);Finland;2463;0.93812;189,140,166,50,36,157,210,140,303,49,103,97,260,52,76,216,133,36,50;0.999559082892416,0.916071428571429,0.730421686746988,0.945,0.9375,0.904458598726115,0.938492063492063,1.05595238095238,1.01402640264026,0.91156462585034,0.985436893203884,0.969931271477663,1.01057692307692,1.05608974358974,0.989035087719298,0.719907407407407,0.888471177944862,1.0462962962963,1.05166666666667;19;19
Dambe Inga;WOC Middle Final-Women (WOMEN);Latvia;2475;0.93357;188,135,112,50,34,186,213,146,322,56,106,113,278,67,80,160,129,42,58;1.00487588652482,0.95,1.08258928571429,0.945,0.992647058823529,0.763440860215054,0.925273865414711,1.01255707762557,0.954192546583851,0.797619047619048,0.957547169811321,0.83259587020649,0.945143884892086,0.819651741293532,0.939583333333333,0.971875,0.916020671834625,0.896825396825397,0.906609195402299;19;19
Kinni Saila;WOC Middle Final-Women (WOMEN);Finland;2484;0.93019;214,135,129,53,36,156,202,154,323,56,103,98,279,62,74,184,127,42,57;0.882788161993769,0.95,0.939922480620155,0.891509433962264,0.9375,0.91025641025641,0.975660066006601,0.95995670995671,0.951238390092879,0.797619047619048,0.985436893203884,0.960034013605442,0.941756272401434,0.885752688172043,1.01576576576577,0.845108695652174,0.930446194225722,0.896825396825397,0.922514619883041;19;19
Strand Lina;WOC Middle Final-Women (WOMEN);Sweden;2524;0.91545;202,130,119,78,37,193,224,161,316,47,105,120,265,64,80,163,123,41,56;0.93523102310231,0.986538461538462,1.01890756302521,0.605769230769231,0.912162162162162,0.735751295336788,0.87983630952381,0.918219461697723,0.972310126582278,0.950354609929078,0.966666666666667,0.784027777777778,0.991509433962264,0.858072916666667,0.939583333333333,0.95398773006135,0.960704607046071,0.91869918699187,0.938988095238095;19;19
Rybakovaite Kristina;WOC Middle Final-Women (WOMEN);Lithuania;2597;0.88971;209,137,151,46,38,186,210,157,337,97,107,114,277,68,78,161,124,42,58;0.903907496012759,0.936131386861314,0.802980132450331,1.02717391304348,0.888157894736842,0.763440860215054,0.938492063492063,0.941613588110403,0.911721068249258,0.460481099656357,0.948598130841122,0.825292397660819,0.9485559566787,0.807598039215686,0.963675213675214,0.96583850931677,0.952956989247312,0.896825396825397,0.906609195402299;19;19
Šafka Brožková Dana;WOC Middle Final-Women (WOMEN);Czech Republic;2597;0.88971;210,145,130,59,41,180,230,158,328,49,113,107,277,60,123,156,123,43,65;0.899603174603175,0.88448275862069,0.932692307692308,0.800847457627119,0.823170731707317,0.788888888888889,0.856884057971015,0.935654008438819,0.936737804878049,0.91156462585034,0.898230088495575,0.879283489096573,0.9485559566787,0.915277777777778,0.611111111111111,0.996794871794872,0.960704607046071,0.875968992248062,0.808974358974359;19;19
Gyurko Fanni;WOC Middle Final-Women (WOMEN);Hungary;2618;0.88258;299,147,171,54,34,163,203,139,305,49,103,98,262,50,78,205,149,45,64;0.631828316610925,0.872448979591837,0.70906432748538,0.875,0.992647058823529,0.871165644171779,0.970853858784893,1.06354916067146,1.00737704918033,0.91156462585034,0.985436893203884,0.960034013605442,1.00286259541985,1.09833333333333,0.963675213675214,0.758536585365854,0.793064876957494,0.837037037037037,0.821614583333333;19;19
Trubkina Anastasia;WOC Middle Final-Women (WOMEN);Russia;2626;0.87989;208,134,157,50,41,158,219,173,330,46,122,107,317,66,77,183,127,45,66;0.908253205128205,0.957089552238806,0.772292993630573,0.945,0.823170731707317,0.89873417721519,0.899923896499239,0.854527938342967,0.931060606060606,0.971014492753623,0.831967213114754,0.879283489096573,0.828864353312303,0.832070707070707,0.976190476190476,0.849726775956284,0.930446194225722,0.837037037037037,0.796717171717172;19;19
Volynska Nadiya;WOC Middle Final-Women (WOMEN);Ukraine;2631;0.87821;223,135,131,48,38,195,220,182,324,47,137,97,296,56,84,200,127,39,52;0.847159940209268,0.95,0.925572519083969,0.984375,0.888157894736842,0.728205128205128,0.895833333333333,0.812271062271062,0.948302469135803,0.950354609929078,0.740875912408759,0.969931271477663,0.887668918918919,0.980654761904762,0.89484126984127,0.7775,0.930446194225722,0.965811965811966,1.01121794871795;19;19
Bagstevold Heidi Østlid;WOC Middle Final-Women (WOMEN);Norway;2657;0.86962;317,142,126,55,38,152,208,174,332,53,118,93,320,56,78,162,133,41,59;0.595951629863302,0.903169014084507,0.962301587301587,0.859090909090909,0.888157894736842,0.934210526315789,0.947516025641026,0.849616858237548,0.925451807228916,0.842767295597484,0.860169491525424,1.01164874551971,0.82109375,0.980654761904762,0.963675213675214,0.959876543209877,0.888471177944862,0.91869918699187,0.891242937853107;19;19
Chataing Amélie;WOC Middle Final-Women (WOMEN);France;2673;0.86442;254,139,127,47,37,155,235,180,349,55,108,105,327,61,79,182,130,41,62;0.743766404199475,0.922661870503597,0.954724409448819,1.00531914893617,0.912162162162162,0.916129032258065,0.838652482269504,0.821296296296296,0.880372492836676,0.812121212121212,0.939814814814815,0.896031746031746,0.803516819571865,0.900273224043716,0.951476793248945,0.854395604395604,0.908974358974359,0.91869918699187,0.848118279569892;19;19
Duchová Iveta;WOC Middle Final-Women (WOMEN);Czech Republic;2677;0.86312;206,122,148,63,39,181,320,163,326,53,115,115,280,58,82,175,133,39,59;0.917071197411003,1.05122950819672,0.819256756756757,0.75,0.865384615384615,0.784530386740331,0.615885416666667,0.906952965235174,0.942484662576687,0.842767295597484,0.882608695652174,0.818115942028986,0.938392857142857,0.94683908045977,0.916666666666667,0.888571428571429,0.888471177944862,0.965811965811966,0.891242937853107;19;19
Wyder Judith;WOC Middle Final-Women (WOMEN);Switzerland;2681;0.86184;217,116,123,48,33,146,197,149,333,49,99,125,545,62,71,168,113,35,52;0.870583717357911,1.10560344827586,0.985772357723577,0.984375,1.02272727272727,0.972602739726027,1.00042301184433,0.992170022371365,0.922672672672673,0.91156462585034,1.02525252525253,0.752666666666667,0.482110091743119,0.885752688172043,1.05868544600939,0.925595238095238,1.04572271386431,1.07619047619048,1.01121794871795;19;19
Rothman Rachael;WOC Middle Final-Women (WOMEN);Great Britain;2722;0.84886;225,138,142,59,38,164,222,174,353,47,118,124,329,60,80,196,149,43,61;0.83962962962963,0.929347826086957,0.85387323943662,0.800847457627119,0.888157894736842,0.865853658536585,0.887762762762763,0.849616858237548,0.870396600566572,0.950354609929078,0.860169491525424,0.758736559139785,0.798632218844985,0.915277777777778,0.939583333333333,0.793367346938776,0.793064876957494,0.875968992248062,0.862021857923497;19;19
Klinting Signe;WOC Middle Final-Women (WOMEN);Denmark;2726;0.84761;225,149,136,48,39,246,218,171,333,48,114,138,295,61,85,162,154,44,60;0.83962962962963,0.860738255033557,0.891544117647059,0.984375,0.865384615384615,0.577235772357724,0.904051987767584,0.864522417153996,0.922672672672673,0.930555555555555,0.890350877192982,0.681763285024155,0.890677966101695,0.900273224043716,0.884313725490196,0.959876543209877,0.767316017316017,0.856060606060606,0.876388888888889;19;19
Ward Claire;WOC Middle Final-Women (WOMEN);Great Britain;2726;0.84761;231,143,143,49,41,172,206,221,312,46,163,99,374,65,82,151,122,43,63;0.817821067821068,0.896853146853147,0.847902097902098,0.964285714285714,0.823170731707317,0.825581395348837,0.956715210355987,0.668929110105581,0.984775641025641,0.971014492753623,0.622699386503067,0.9503367003367,0.702540106951872,0.844871794871795,0.916666666666667,1.02980132450331,0.968579234972678,0.875968992248062,0.834656084656085;19;19
Skrastina Aija;WOC Middle Final-Women (WOMEN);Latvia;2729;0.84668;214,136,152,55,39,168,343,150,336,94,104,117,274,68,80,159,132,42,66;0.882788161993769,0.943014705882353,0.797697368421053,0.859090909090909,0.865384615384615,0.845238095238095,0.574586977648202,0.985555555555556,0.914434523809524,0.475177304964539,0.975961538461538,0.804131054131054,0.958941605839416,0.807598039215686,0.939583333333333,0.977987421383648,0.89520202020202,0.896825396825397,0.796717171717172;19;19
Ražaityte Gabija;WOC Middle Final-Women (WOMEN);Lithuania;2746;0.84144;199,142,134,52,36,159,231,220,365,52,143,124,321,81,84,175,130,40,58;0.949329983249581,0.903169014084507,0.904850746268657,0.908653846153846,0.9375,0.893081761006289,0.853174603174603,0.671969696969697,0.841780821917808,0.858974358974359,0.70979020979021,0.758736559139785,0.818535825545171,0.67798353909465,0.89484126984127,0.888571428571429,0.908974358974359,0.941666666666667,0.906609195402299;19;19
Palmer Helen;WOC Middle Final-Women (WOMEN);Great Britain;2758;0.83777;287,141,145,53,37,163,237,180,345,61,130,99,329,63,84,173,129,43,59;0.658246225319396,0.909574468085106,0.836206896551724,0.891509433962264,0.912162162162162,0.871165644171779,0.831575246132208,0.821296296296296,0.890579710144928,0.73224043715847,0.780769230769231,0.9503367003367,0.798632218844985,0.871693121693122,0.89484126984127,0.898843930635838,0.916020671834625,0.875968992248062,0.891242937853107;19;19
Kazlauskaite Inga;WOC Middle Final-Women (WOMEN);Lithuania;2770;0.83415;228,258,125,52,38,142,199,153,389,58,116,107,310,62,89,195,147,43,59;0.828581871345029,0.497093023255814,0.97,0.908653846153846,0.888157894736842,1,0.99036850921273,0.966230936819172,0.789845758354756,0.770114942528736,0.875,0.879283489096573,0.84758064516129,0.885752688172043,0.844569288389513,0.797435897435897,0.803854875283447,0.875968992248062,0.891242937853107;19;19
Alm Maja;WOC Middle Final-Women (WOMEN);Denmark;2842;0.81301;208,139,147,51,36,139,198,156,354,56,111,96,578,59,80,208,123,41,62;0.908253205128205,0.922661870503597,0.824829931972789,0.926470588235294,0.9375,1.02158273381295,0.99537037037037,0.947649572649573,0.867937853107345,0.797619047619048,0.914414414414414,0.980034722222222,0.454584775086505,0.930790960451977,0.939583333333333,0.747596153846154,0.960704607046071,0.91869918699187,0.848118279569892;19;19
Fasting Mari;WOC Middle Final-Women (WOMEN);Norway;2844;0.81244;199,136,158,56,38,157,268,147,350,44,364,101,265,65,77,186,135,42,56;0.949329983249581,0.943014705882353,0.767405063291139,0.84375,0.888157894736842,0.904458598726115,0.735385572139304,1.00566893424036,0.877857142857143,1.01515151515152,0.278846153846154,0.931518151815181,0.991509433962264,0.844871794871795,0.976190476190476,0.836021505376344,0.875308641975309,0.896825396825397,0.938988095238095;19;19
Bjorgul Ida Marie Ness;WOC Middle Final-Women (WOMEN);Norway;2867;0.80592;237,141,146,48,39,138,275,166,547,59,111,103,293,73,80,179,137,41,54;0.797116736990155,0.909574468085106,0.830479452054795,0.984375,0.865384615384615,1.02898550724638,0.716666666666667,0.890562248995984,0.561700182815356,0.757062146892655,0.914414414414414,0.913430420711974,0.896757679180887,0.752283105022831,0.939583333333333,0.868715083798883,0.862530413625304,0.91869918699187,0.973765432098765;19;19
Round Vanessa;WOC Middle Final-Women (WOMEN);Australia;2878;0.80284;223,149,153,56,39,180,237,212,381,48,119,114,374,61,84,201,138,44,65;0.847159940209268,0.860738255033557,0.792483660130719,0.84375,0.865384615384615,0.788888888888889,0.831575246132208,0.697327044025157,0.806430446194226,0.930555555555555,0.852941176470588,0.825292397660819,0.702540106951872,0.900273224043716,0.89484126984127,0.77363184079602,0.856280193236715,0.856060606060606,0.808974358974359;19;19
Kadan Ursula;WOC Middle Final-Women (WOMEN);Austria;2879;0.80256;235,168,170,63,44,175,234,190,393,52,142,110,346,63,92,174,135,39,54;0.803900709219858,0.763392857142857,0.713235294117647,0.75,0.767045454545455,0.811428571428571,0.842236467236467,0.778070175438597,0.781806615776081,0.858974358974359,0.714788732394366,0.85530303030303,0.759393063583815,0.871693121693122,0.817028985507246,0.89367816091954,0.875308641975309,0.965811965811966,0.973765432098765;19;19
Arqués Anna Serrallonga;WOC Middle Final-Women (WOMEN);Spain;2906;0.79511;304,149,146,53,38,169,269,172,355,51,147,127,330,65,86,195,144,45,61;0.621436403508772,0.860738255033557,0.830479452054795,0.891509433962264,0.888157894736842,0.840236686390533,0.732651796778191,0.859496124031008,0.865492957746479,0.875816993464052,0.69047619047619,0.740813648293963,0.796212121212121,0.844871794871795,0.874031007751938,0.797435897435897,0.820601851851852,0.837037037037037,0.862021857923497;19;19
Elstner Elisa;WOC Middle Final-Women (WOMEN);Austria;2906;0.79511;224,165,148,74,38,168,245,180,419,58,127,111,342,79,88,185,151,44,60;0.843377976190476,0.777272727272727,0.819256756756757,0.638513513513513,0.888157894736842,0.845238095238095,0.804421768707483,0.821296296296296,0.733293556085919,0.770114942528736,0.799212598425197,0.847597597597598,0.76827485380117,0.695147679324895,0.854166666666667,0.840540540540541,0.782560706401766,0.856060606060606,0.876388888888889;19;19
Rebane Kirti;WOC Middle Final-Women (WOMEN);Estonia;3011;0.76738;256,195,175,55,37,175,268,198,366,63,134,140,344,66,79,186,154,48,72;0.737955729166667,0.657692307692308,0.692857142857143,0.859090909090909,0.912162162162162,0.811428571428571,0.735385572139304,0.746632996632997,0.83948087431694,0.708994708994709,0.757462686567164,0.672023809523809,0.763808139534884,0.832070707070707,0.951476793248945,0.836021505376344,0.767316017316017,0.784722222222222,0.730324074074074;19;19
Arbter Anja;WOC Middle Final-Women (WOMEN);Austria;3050;0.75757;230,179,170,63,47,216,251,211,391,52,139,122,333,76,103,215,153,46,53;0.821376811594203,0.716480446927374,0.713235294117647,0.75,0.718085106382979,0.657407407407407,0.785192563081009,0.700631911532385,0.785805626598465,0.858974358974359,0.73021582733813,0.771174863387978,0.789039039039039,0.722587719298246,0.729773462783172,0.723255813953488,0.772331154684096,0.818840579710145,0.992138364779874;19;19
Hao Shuangyan;WOC Middle Final-Women (WOMEN);China;3059;0.75534;256,170,159,64,43,233,263,178,409,62,137,116,344,70,105,208,145,41,56;0.737955729166667,0.754411764705882,0.762578616352201,0.73828125,0.784883720930233,0.609442060085837,0.74936628643853,0.830524344569288,0.751222493887531,0.720430107526882,0.740875912408759,0.811063218390805,0.763808139534884,0.78452380952381,0.715873015873016,0.747596153846154,0.814942528735632,0.91869918699187,0.938988095238095;19;19
Wisniewska Hanna;WOC Middle Final-Women (WOMEN);Poland;3073;0.75190;229,150,138,52,38,177,349,202,455,51,112,118,318,62,107,242,163,46,64;0.824963609898108,0.855,0.878623188405797,0.908653846153846,0.888157894736842,0.80225988700565,0.564708691499523,0.731848184818482,0.675274725274725,0.875816993464052,0.90625,0.797316384180791,0.82625786163522,0.885752688172043,0.702492211838006,0.642561983471074,0.724948875255624,0.818840579710145,0.821614583333333;19;19
Ingham Lizzie;WOC Middle Final-Women (WOMEN);New Zealand;3181;0.72637;193,159,153,104,35,200,349,193,344,54,114,106,364,68,104,414,127,43,57;0.978842832469775,0.806603773584906,0.792483660130719,0.454326923076923,0.964285714285714,0.71,0.564708691499523,0.765975820379965,0.893168604651163,0.827160493827161,0.890350877192982,0.887578616352201,0.721840659340659,0.807598039215686,0.72275641025641,0.3756038647343,0.930446194225722,0.875968992248062,0.922514619883041;19;19
Perramon Ona Rafols;WOC Middle Final-Women (WOMEN);Spain;3194;0.72341;250,156,191,62,50,162,238,398,389,53,138,119,352,74,95,197,159,47,64;0.755666666666667,0.822115384615385,0.634816753926702,0.762096774193548,0.675,0.876543209876543,0.828081232492997,0.3714405360134,0.789845758354756,0.842767295597484,0.735507246376812,0.790616246498599,0.746448863636364,0.742117117117117,0.791228070175439,0.789340101522843,0.743186582809224,0.801418439716312,0.821614583333333;19;19
Oram Louise;WOC Middle Final-Women (WOMEN);Canada;3211;0.71958;278,182,164,61,53,235,277,247,379,70,153,139,339,74,94,221,137,43,65;0.679556354916067,0.70467032967033,0.739329268292683,0.774590163934426,0.636792452830189,0.604255319148936,0.711492178098676,0.598515519568151,0.810686015831135,0.638095238095238,0.663398692810457,0.676858513189448,0.775073746312684,0.742117117117117,0.799645390070922,0.703619909502262,0.862530413625304,0.875968992248062,0.808974358974359;19;19
Johanson Liis;WOC Middle Final-Women (WOMEN);Estonia;3238;0.71358;209,128,312,51,37,184,231,181,357,78,214,119,361,212,82,195,175,46,66;0.903907496012759,1.001953125,0.388621794871795,0.926470588235294,0.912162162162162,0.771739130434783,0.853174603174603,0.816758747697974,0.860644257703081,0.572649572649573,0.474299065420561,0.790616246498599,0.727839335180055,0.259040880503145,0.916666666666667,0.797435897435897,0.675238095238095,0.818840579710145,0.796717171717172;19;19
Kirchlechner Christine;WOC Middle Final-Women (WOMEN);Italy;3274;0.70574;234,169,158,53,37,210,604,170,437,53,124,105,345,74,91,178,123,44,65;0.807336182336182,0.75887573964497,0.767405063291139,0.891509433962264,0.912162162162162,0.676190476190476,0.326296909492274,0.869607843137255,0.703089244851259,0.842767295597484,0.818548387096774,0.896031746031746,0.761594202898551,0.742117117117117,0.826007326007326,0.873595505617977,0.960704607046071,0.856060606060606,0.808974358974359;19;19
Shandurkova Iliana;WOC Middle Final-Women (WOMEN);Bulgaria;3293;0.70167;260,158,162,101,43,252,263,201,402,66,146,120,482,81,88,215,142,48,63;0.726602564102564,0.811708860759494,0.748456790123457,0.467821782178218,0.784883720930233,0.563492063492063,0.74936628643853,0.735489220563847,0.764303482587065,0.676767676767677,0.695205479452055,0.784027777777778,0.545124481327801,0.67798353909465,0.854166666666667,0.723255813953488,0.832159624413146,0.784722222222222,0.834656084656085;19;19
Tröße Christiane;WOC Middle Final-Women (WOMEN);Germany;3310;0.69806;279,161,176,67,45,224,249,215,376,61,233,120,398,85,100,224,176,51,70;0.677120669056153,0.796583850931677,0.688920454545455,0.705223880597015,0.75,0.633928571428571,0.791499330655957,0.687596899224806,0.817154255319149,0.73224043715847,0.435622317596566,0.784027777777778,0.660175879396985,0.646078431372549,0.751666666666667,0.694196428571429,0.671401515151515,0.738562091503268,0.751190476190476;19;19
