Lundanes Olav;EOC 2012 Middle Distance - FINAL-Men A-final;Norway;2052;1.03134;163,36,156,87,45,149,24,42,250,35,65,31,150,70,67,28,209,83,78,75,105,60,22,22;1.06559697970741,1.01495726495726,0.970414201183432,1.03271441202476,0.964102564102564,1.03510583376355,1.09294871794872,1.08974358974359,1.012,1.06373626373626,1.01775147928994,1.0818858560794,1.06153846153846,1.08021978021978,1.04477611940298,1.02472527472527,1.01214574898785,1.01204819277108,1.03648915187377,1.03897435897436,1.04249084249084,1.06923076923077,0.979020979020979,1.01398601398601;24;24
Novikov Valentin;EOC 2012 Middle Distance - FINAL-Men A-final;Russia;2131;0.99311;178,38,167,87,40,151,26,46,246,37,67,32,162,73,70,31,211,90,80,76,109,68,22,24;0.975799481417459,0.961538461538462,0.906494702901888,1.03271441202476,1.08461538461538,1.02139582272033,1.00887573964497,0.994983277591973,1.02845528455285,1.00623700623701,0.987370838117107,1.04807692307692,0.982905982905983,1.03582718651212,1,0.925558312655087,1.00255195041925,0.933333333333333,1.01057692307692,1.0253036437247,1.00423429781228,0.943438914027149,0.979020979020979,0.929487179487179;24;24
Kaas Carl Waaler;EOC 2012 Middle Distance - FINAL-Men A-final;Norway;2146;0.98616;169,39,141,91,46,160,27,45,247,36,68,35,163,84,74,28,219,90,81,77,114,67,23,22;1.02776513427401,0.936883629191322,1.07364975450082,0.987320371935757,0.94314381270903,0.963942307692308,0.971509971509971,1.01709401709402,1.02429149797571,1.03418803418803,0.972850678733032,0.958241758241758,0.976875884851345,0.90018315018315,0.945945945945946,1.02472527472527,0.965929048120829,0.933333333333333,0.998100664767331,1.01198801198801,0.960188933873144,0.95752009184845,0.936454849498328,1.01398601398601;24;24
Kratov Oleksandr;EOC 2012 Middle Distance - FINAL-Men A-final;Ukraine;2173;0.97391;176,39,160,93,45,155,27,46,251,38,68,33,170,73,72,32,219,85,84,76,119,68,22,22;0.986888111888112,0.936883629191322,0.946153846153846,0.966087675765095,0.964102564102564,0.995037220843672,0.971509971509971,0.994983277591973,1.00796812749004,0.979757085020243,0.972850678733032,1.01631701631702,0.936651583710407,1.03582718651212,0.972222222222222,0.896634615384615,0.965929048120829,0.988235294117647,0.962454212454212,1.0253036437247,0.919844861021332,0.943438914027149,0.979020979020979,1.01398601398601;24;24
Bergman Gustav;EOC 2012 Middle Distance - FINAL-Men A-final;Sweden;2187;0.96768;172,35,160,102,42,156,27,52,270,38,68,33,166,79,68,31,210,82,82,93,111,64,23,23;1.00983899821109,1.04395604395604,0.946153846153846,0.880844645550528,1.03296703296703,0.988658777120316,0.971509971509971,0.880177514792899,0.937037037037037,0.979757085020243,0.972850678733032,1.01631701631702,0.959221501390176,0.95715676728335,1.02941176470588,0.925558312655087,1.00732600732601,1.02439024390244,0.9859287054409,0.837882547559967,0.986139986139986,1.00240384615385,0.936454849498328,0.969899665551839;24;24
Merz Matthias;EOC 2012 Middle Distance - FINAL-Men A-final;Switzerland;2187;0.96768;178,34,157,87,44,153,26,52,277,37,69,36,155,81,75,31,223,89,81,86,108,65,20,23;0.975799481417459,1.07466063348416,0.964233219010289,1.03271441202476,0.986013986013986,1.00804424333836,1.00887573964497,0.880177514792899,0.913357400722022,1.00623700623701,0.958751393534002,0.931623931623932,1.0272952853598,0.9335232668566,0.933333333333333,0.925558312655087,0.948602966540186,0.943820224719101,0.998100664767331,0.90608228980322,1.01353276353276,0.98698224852071,1.07692307692308,0.969899665551839;24;24
Lauenstein Marc;EOC 2012 Middle Distance - FINAL-Men A-final;Switzerland;2188;0.96723;200,38,158,94,44,161,28,59,242,37,66,35,155,81,75,30,213,84,80,80,107,75,22,24;0.868461538461538,0.961538461538462,0.958130477117819,0.955810147299509,0.986013986013986,0.957955088389871,0.936813186813187,0.775749674054759,1.04545454545455,1.00623700623701,1.002331002331,0.958241758241758,1.0272952853598,0.9335232668566,0.933333333333333,0.956410256410256,0.993138317081979,1,1.01057692307692,0.974038461538462,1.02300503235083,0.855384615384616,0.979020979020979,0.929487179487179;24;24
Tsvetkov Dmitry;EOC 2012 Middle Distance - FINAL-Men A-final;Russia;2204;0.96021;183,34,152,96,49,148,25,69,272,38,64,34,161,75,72,27,230,89,81,79,113,65,23,25;0.949138293400588,1.07466063348416,0.995951417004049,0.935897435897436,0.885400313971743,1.04209979209979,1.04923076923077,0.663322185061315,0.930147058823529,0.979757085020243,1.03365384615385,0.986425339366516,0.989010989010989,1.00820512820513,0.972222222222222,1.06267806267806,0.919732441471572,0.943820224719101,0.998100664767331,0.986368062317429,0.968686181075562,0.98698224852071,0.936454849498328,0.892307692307692;24;24
Hubmann Daniel;EOC 2012 Middle Distance - FINAL-Men A-final;Switzerland;2207;0.95891;177,39,146,93,45,155,31,47,273,43,69,35,158,83,73,28,234,84,84,84,112,70,22,22;0.981312472837896,0.936883629191322,1.03688092729189,0.966087675765095,0.964102564102564,0.995037220843672,0.846153846153846,0.973813420621931,0.926739926739927,0.865831842576029,0.958751393534002,0.958241758241758,1.00778967867575,0.911028730305839,0.958904109589041,1.02472527472527,0.904010519395135,1,0.962454212454212,0.927655677655678,0.977335164835165,0.916483516483517,0.979020979020979,1.01398601398601;24;24
Gonon François;EOC 2012 Middle Distance - FINAL-Men A-final;France;2210;0.95761;183,39,153,97,48,156,31,45,283,39,67,37,168,77,70,27,215,88,82,85,112,63,22,23;0.949138293400588,0.936883629191322,0.989441930618401,0.926249008723235,0.903846153846154,0.988658777120316,0.846153846153846,1.01709401709402,0.893992932862191,0.954635108481262,0.987370838117107,0.906444906444906,0.947802197802198,0.982017982017982,1,1.06267806267806,0.983899821109123,0.954545454545455,0.9859287054409,0.916742081447964,0.977335164835165,1.01831501831502,0.979020979020979,0.969899665551839;24;24
Rost Erik;EOC 2012 Middle Distance - FINAL-Men A-final;Sweden;2216;0.95501;175,39,156,86,43,163,28,49,288,42,71,34,173,87,72,33,213,87,82,74,111,66,22,22;0.992527472527472,0.936883629191322,0.970414201183432,1.04472271914132,1.00894454382826,0.946201038225578,0.936813186813187,0.934065934065934,0.878472222222222,0.886446886446887,0.931744312026002,0.986425339366516,0.920409070698088,0.869142351900973,0.972222222222222,0.869463869463869,0.993138317081979,0.96551724137931,0.9859287054409,1.05301455301455,0.986139986139986,0.972027972027972,0.979020979020979,1.01398601398601;24;24
Dæhli Magne;EOC 2012 Middle Distance - FINAL-Men A-final;Norway;2235;0.94689;200,36,149,91,47,162,27,48,268,38,67,36,170,80,73,28,219,87,82,114,107,63,20,23;0.868461538461538,1.01495726495726,1.01600413009809,0.987320371935757,0.923076923076923,0.952041785375119,0.971509971509971,0.953525641025641,0.944029850746269,0.979757085020243,0.987370838117107,0.931623931623932,0.936651583710407,0.945192307692308,0.958904109589041,1.02472527472527,0.965929048120829,0.96551724137931,0.9859287054409,0.683535762483131,1.02300503235083,1.01831501831502,1.07692307692308,0.969899665551839;24;24
Novikov Leonid;EOC 2012 Middle Distance - FINAL-Men A-final;Russia;2235;0.94689;192,41,156,97,44,157,27,45,252,38,66,35,171,75,74,27,231,88,84,81,118,90,22,24;0.904647435897436,0.891181988742964,0.970414201183432,0.926249008723235,0.986013986013986,0.982361587457129,0.971509971509971,1.01709401709402,1.00396825396825,0.979757085020243,1.002331002331,0.958241758241758,0.931174089068826,1.00820512820513,0.945945945945946,1.06267806267806,0.915750915750916,0.954545454545455,0.962454212454212,0.962013295346629,0.927640156453716,0.712820512820513,0.979020979020979,0.929487179487179;24;24
Leandersson Jonas;EOC 2012 Middle Distance - FINAL-Men A-final;Sweden;2244;0.94310;173,36,170,93,47,173,26,47,281,41,72,36,173,87,71,33,212,85,86,73,113,68,24,24;1.00400177856825,1.01495726495726,0.890497737556561,0.966087675765095,0.923076923076923,0.891507336594042,1.00887573964497,0.973813420621931,0.900355871886121,0.908067542213884,0.918803418803419,0.931623931623932,0.920409070698088,0.869142351900973,0.985915492957746,0.869463869463869,0.997822931785196,0.988235294117647,0.940071556350626,1.06743940990516,0.968686181075562,0.943438914027149,0.897435897435897,0.929487179487179;24;24
Andersson David;EOC 2012 Middle Distance - FINAL-Men A-final;Sweden;2244;0.94310;192,38,157,95,47,161,30,47,258,39,70,35,166,78,81,33,232,86,87,78,116,70,24,24;0.904647435897436,0.961538461538462,0.964233219010289,0.945748987854251,0.923076923076923,0.957955088389871,0.874358974358974,0.973813420621931,0.98062015503876,0.954635108481262,0.945054945054945,0.958241758241758,0.959221501390176,0.969428007889546,0.864197530864197,0.869463869463869,0.911803713527852,0.976744186046512,0.929266136162688,0.999013806706114,0.943633952254642,0.916483516483517,0.897435897435897,0.929487179487179;24;24
Prochazka Jan;EOC 2012 Middle Distance - FINAL-Men A-final;Czech republic;2247;0.94184;185,44,160,92,44,160,29,50,273,40,67,37,162,91,73,31,223,87,89,84,112,66,24,24;0.938877338877339,0.83041958041958,0.946153846153846,0.976588628762542,0.986013986013986,0.963942307692308,0.904509283819629,0.915384615384615,0.926739926739927,0.930769230769231,0.987370838117107,0.906444906444906,0.982905982905983,0.830938292476754,0.958904109589041,0.925558312655087,0.948602966540186,0.96551724137931,0.90838375108038,0.927655677655678,0.977335164835165,0.972027972027972,0.897435897435897,0.929487179487179;24;24
Nordberg Anders;EOC 2012 Middle Distance - FINAL-Men A-final;Norway;2255;0.93850;169,37,146,91,41,173,28,95,271,38,70,46,168,76,72,33,217,85,85,78,114,72,24,26;1.02776513427401,0.987525987525988,1.03688092729189,0.987320371935757,1.05816135084428,0.891507336594042,0.936813186813187,0.481781376518219,0.933579335793358,0.979757085020243,0.945054945054945,0.729096989966555,0.947802197802198,0.994939271255061,0.972222222222222,0.869463869463869,0.97483161999291,0.988235294117647,0.951131221719457,0.999013806706114,0.960188933873144,0.891025641025641,0.897435897435897,0.857988165680473;24;24
Weltzien Audun Hultgreen;EOC 2012 Middle Distance - FINAL-Men A-final;Norway;2258;0.93725;207,40,153,90,45,152,28,47,270,45,64,50,158,88,72,29,214,86,89,96,115,73,22,25;0.839093273875883,0.913461538461539,0.989441930618401,0.998290598290598,0.964102564102564,1.01467611336032,0.936813186813187,0.973813420621931,0.937037037037037,0.827350427350427,1.03365384615385,0.670769230769231,1.00778967867575,0.859265734265734,0.972222222222222,0.989389920424403,0.988497483824587,0.976744186046512,0.90838375108038,0.811698717948718,0.951839464882943,0.87881981032666,0.979020979020979,0.892307692307692;24;24
Kärner Olle;EOC 2012 Middle Distance - FINAL-Men A-final;Estonia;2264;0.93476;194,43,162,98,52,165,28,51,253,41,67,34,170,78,78,35,226,90,86,82,116,68,23,24;0.895321173671689,0.849731663685152,0.934472934472934,0.91679748822606,0.834319526627219,0.934731934731935,0.936813186813187,0.897435897435897,1,0.908067542213884,0.987370838117107,0.986425339366516,0.936651583710407,0.969428007889546,0.897435897435897,0.81978021978022,0.936010891763104,0.933333333333333,0.940071556350626,0.950281425891182,0.943633952254642,0.943438914027149,0.936454849498328,0.929487179487179;24;24
Adamski Philippe;EOC 2012 Middle Distance - FINAL-Men A-final;France;2274;0.93065;186,38,156,94,47,163,30,50,282,39,71,42,157,83,75,30,220,86,83,87,126,76,26,27;0.933829611248966,0.961538461538462,0.970414201183432,0.955810147299509,0.923076923076923,0.946201038225578,0.874358974358974,0.915384615384615,0.897163120567376,0.954635108481262,0.931744312026002,0.798534798534799,1.01420872121509,0.911028730305839,0.933333333333333,0.956410256410256,0.961538461538462,0.976744186046512,0.974050046339203,0.895667550839965,0.868742368742369,0.844129554655871,0.828402366863905,0.826210826210826;24;24
Kyburz Andreas;EOC 2012 Middle Distance - FINAL-Men A-final;Switzerland;2275;0.93025;188,42,181,108,47,163,32,52,263,42,69,37,160,72,79,31,218,89,84,91,117,66,22,22;0.923895253682488,0.86996336996337,0.836379090522737,0.831908831908832,0.923076923076923,0.946201038225578,0.819711538461538,0.880177514792899,0.961977186311787,0.886446886446887,0.958751393534002,0.906444906444906,0.995192307692308,1.05021367521368,0.886075949367089,0.925558312655087,0.970359915314044,0.943820224719101,0.962454212454212,0.856297548605241,0.935568704799474,0.972027972027972,0.979020979020979,1.01398601398601;24;24
Kral Vojtech;EOC 2012 Middle Distance - FINAL-Men A-final;Czech republic;2282;0.92739;186,38,153,92,47,161,28,45,278,44,78,37,166,83,74,32,237,90,87,84,119,74,25,24;0.933829611248966,0.961538461538462,0.989441930618401,0.976588628762542,0.923076923076923,0.957955088389871,0.936813186813187,1.01709401709402,0.910071942446043,0.846153846153846,0.848126232741617,0.906444906444906,0.959221501390176,0.911028730305839,0.945945945945946,0.896634615384615,0.892567348263551,0.933333333333333,0.929266136162688,0.927655677655678,0.919844861021332,0.866943866943867,0.861538461538462,0.929487179487179;24;24
Ushkvarok Pavlo;EOC 2012 Middle Distance - FINAL-Men A-final;Ukraine;2283;0.92699;179,38,156,93,50,172,29,52,264,42,71,38,177,79,72,32,229,90,86,92,121,73,24,24;0.970348087666523,0.961538461538462,0.970414201183432,0.966087675765095,0.867692307692308,0.896690518783542,0.904509283819629,0.880177514792899,0.958333333333333,0.886446886446887,0.931744312026002,0.882591093117409,0.899608865710561,0.95715676728335,0.972222222222222,0.896634615384615,0.923748740342627,0.933333333333333,0.940071556350626,0.846989966555184,0.904640813731723,0.87881981032666,0.897435897435897,0.929487179487179;24;24
Ikonen Pasi;EOC 2012 Middle Distance - FINAL-Men A-final;Finland;2283;0.92699;180,42,152,92,47,168,29,51,289,39,70,38,164,82,75,32,225,92,88,84,117,73,25,29;0.964957264957265,0.86996336996337,0.995951417004049,0.976588628762542,0.923076923076923,0.918040293040293,0.904509283819629,0.897435897435897,0.875432525951557,0.954635108481262,0.945054945054945,0.882591093117409,0.970919324577861,0.922138836772983,0.933333333333333,0.896634615384615,0.94017094017094,0.91304347826087,0.918706293706294,0.927655677655678,0.935568704799474,0.87881981032666,0.861538461538462,0.769230769230769;24;24
Mamleev Mikhail;EOC 2012 Middle Distance - FINAL-Men A-final;Italy;2295;0.92214;182,39,157,92,57,164,26,51,265,37,69,34,171,87,85,33,247,87,84,104,112,65,23,24;0.954353338968724,0.936883629191322,0.964233219010289,0.976588628762542,0.761133603238866,0.940431519699812,1.00887573964497,0.897435897435897,0.954716981132075,1.00623700623701,0.958751393534002,0.986425339366516,0.931174089068826,0.869142351900973,0.823529411764706,0.869463869463869,0.856431018374338,0.96551724137931,0.962454212454212,0.749260355029586,0.977335164835165,0.98698224852071,0.936454849498328,0.929487179487179;24;24
Kerschbaumer Gernot;EOC 2012 Middle Distance - FINAL-Men A-final;Austria;2297;0.92134;184,39,158,97,46,160,28,46,266,41,67,46,177,95,77,32,213,85,82,125,120,68,23,22;0.943979933110368,0.936883629191322,0.958130477117819,0.926249008723235,0.94314381270903,0.963942307692308,0.936813186813187,0.994983277591973,0.951127819548872,0.908067542213884,0.987370838117107,0.729096989966555,0.899608865710561,0.795951417004049,0.909090909090909,0.896634615384615,0.993138317081979,0.988235294117647,0.9859287054409,0.623384615384615,0.912179487179487,0.943438914027149,0.936454849498328,1.01398601398601;24;24
Anjala Topi;EOC 2012 Middle Distance - FINAL-Men A-final;Finland;2298;0.92093;199,40,158,90,45,172,27,47,298,45,72,34,165,90,69,32,213,82,108,88,107,69,22,26;0.872825666795516,0.913461538461539,0.958130477117819,0.998290598290598,0.964102564102564,0.896690518783542,0.971509971509971,0.973813420621931,0.848993288590604,0.827350427350427,0.918803418803419,0.986425339366516,0.965034965034965,0.84017094017094,1.01449275362319,0.896634615384615,0.993138317081979,1.02439024390244,0.748575498575499,0.88548951048951,1.02300503235083,0.929765886287625,0.979020979020979,0.857988165680473;24;24
Bertuks Edgars;EOC 2012 Middle Distance - FINAL-Men A-final;Latvia;2299;0.92053;194,39,155,92,43,159,28,78,274,41,68,35,180,84,77,31,215,85,94,85,114,80,24,24;0.895321173671689,0.936883629191322,0.976674937965261,0.976588628762542,1.00894454382826,0.970004837929366,0.936813186813187,0.586785009861933,0.923357664233577,0.908067542213884,0.972850678733032,0.958241758241758,0.884615384615385,0.90018315018315,0.909090909090909,0.925558312655087,0.983899821109123,0.988235294117647,0.860065466448445,0.916742081447964,0.960188933873144,0.801923076923077,0.897435897435897,0.929487179487179;24;24
Lysell Jerker;EOC 2012 Middle Distance - FINAL-Men A-final;Sweden;2299;0.92053;190,38,171,100,53,164,32,48,255,40,91,37,178,98,69,31,212,83,81,98,119,67,21,23;0.91417004048583,0.961538461538462,0.885290148448043,0.898461538461538,0.818577648766328,0.940431519699812,0.819711538461538,0.953525641025641,0.992156862745098,0.930769230769231,0.726965342349958,0.906444906444906,0.894554883318928,0.771585557299843,1.01449275362319,0.925558312655087,0.997822931785196,1.01204819277108,0.998100664767331,0.795133437990581,0.919844861021332,0.95752009184845,1.02564102564103,0.969899665551839;24;24
Runesson Johan;EOC 2012 Middle Distance - FINAL-Men A-final;Sweden;2303;0.91894;182,44,160,97,46,163,30,47,262,40,70,36,173,86,76,30,239,91,87,84,120,78,29,33;0.954353338968724,0.83041958041958,0.946153846153846,0.926249008723235,0.94314381270903,0.946201038225578,0.874358974358974,0.973813420621931,0.965648854961832,0.930769230769231,0.945054945054945,0.931623931623932,0.920409070698088,0.879248658318426,0.921052631578947,0.956410256410256,0.885098165432894,0.923076923076923,0.929266136162688,0.927655677655678,0.912179487179487,0.822485207100592,0.742705570291777,0.675990675990676;24;24
Indgaard Ulf Forseth;EOC 2012 Middle Distance - FINAL-Men A-final;Norway;2304;0.91854;202,61,159,106,50,160,27,49,259,40,69,37,171,116,69,34,204,89,85,98,110,64,23,22;0.85986290936786,0.598991172761665,0.952104499274311,0.847605224963715,0.867692307692308,0.963942307692308,0.971509971509971,0.934065934065934,0.976833976833977,0.930769230769231,0.958751393534002,0.906444906444906,0.931174089068826,0.651856763925729,1.01449275362319,0.843891402714932,1.0369532428356,0.943820224719101,0.951131221719457,0.795133437990581,0.995104895104895,1.00240384615385,0.936454849498328,1.01398601398601;24;24
Nikolov Kiril;EOC 2012 Middle Distance - FINAL-Men A-final;Bulgaria;2307;0.91734;195,44,161,94,48,157,33,53,298,38,75,34,169,89,82,31,228,90,84,85,114,62,21,22;0.890729783037475,0.83041958041958,0.940277114190158,0.955810147299509,0.903846153846154,0.982361587457129,0.794871794871795,0.863570391872279,0.848993288590604,0.979757085020243,0.882051282051282,0.986425339366516,0.942193900773782,0.849611063094209,0.853658536585366,0.925558312655087,0.927800269905533,0.933333333333333,0.962454212454212,0.916742081447964,0.960188933873144,1.03473945409429,1.02564102564103,1.01398601398601;24;24
Sedivy Jan;EOC 2012 Middle Distance - FINAL-Men A-final;Czech republic;2310;0.91615;211,41,163,96,50,160,28,64,266,41,77,37,180,88,74,33,217,88,83,86,112,66,23,26;0.823186292380605,0.891181988742964,0.928739971684757,0.935897435897436,0.867692307692308,0.963942307692308,0.936813186813187,0.715144230769231,0.951127819548872,0.908067542213884,0.859140859140859,0.906444906444906,0.884615384615385,0.859265734265734,0.945945945945946,0.869463869463869,0.97483161999291,0.954545454545455,0.974050046339203,0.90608228980322,0.977335164835165,0.972027972027972,0.936454849498328,0.857988165680473;24;24
Ryapolov Roman;EOC 2012 Middle Distance - FINAL-Men A-final;Russia;2311;0.91575;189,40,162,95,56,166,30,58,256,37,71,35,188,88,86,32,224,89,83,88,116,74,23,25;0.919006919006919,0.913461538461539,0.934472934472934,0.945748987854251,0.774725274725275,0.929101019462465,0.874358974358974,0.789124668435013,0.98828125,1.00623700623701,0.931744312026002,0.958241758241758,0.846972176759411,0.859265734265734,0.813953488372093,0.896634615384615,0.944368131868132,0.943820224719101,0.974050046339203,0.88548951048951,0.943633952254642,0.866943866943867,0.936454849498328,0.892307692307692;24;24
Gvildys Jonas Vytautas;EOC 2012 Middle Distance - FINAL-Men A-final;Lithuania;2315;0.91417;193,39,169,95,52,157,39,83,258,39,67,45,167,86,73,33,216,88,79,95,123,68,24,27;0.899960143483459,0.936883629191322,0.895766954938553,0.945748987854251,0.834319526627219,0.982361587457129,0.67258382642998,0.551436515291937,0.98062015503876,0.954635108481262,0.987370838117107,0.745299145299145,0.953477660064486,0.879248658318426,0.958904109589041,0.869463869463869,0.979344729344729,0.954545454545455,1.02336903602726,0.820242914979757,0.889931207004378,0.943438914027149,0.897435897435897,0.826210826210826;24;24
Dlabaja Tomas;EOC 2012 Middle Distance - FINAL-Men A-final;Czech republic;2321;0.91181;219,39,167,99,46,160,29,51,312,41,84,34,166,78,69,30,211,83,82,88,114,69,24,26;0.793115560238848,0.936883629191322,0.906494702901888,0.907536907536908,0.94314381270903,0.963942307692308,0.904509283819629,0.897435897435897,0.810897435897436,0.908067542213884,0.787545787545788,0.986425339366516,0.959221501390176,0.969428007889546,1.01449275362319,0.956410256410256,1.00255195041925,1.01204819277108,0.9859287054409,0.88548951048951,0.960188933873144,0.929765886287625,0.897435897435897,0.857988165680473;24;24
Sirmais Martins;EOC 2012 Middle Distance - FINAL-Men A-final;Latvia;2324;0.91063;197,42,169,94,49,171,30,57,285,42,69,36,167,88,73,32,219,87,82,96,115,75,24,25;0.881686841077704,0.86996336996337,0.895766954938553,0.955810147299509,0.885400313971743,0.901934322986955,0.874358974358974,0.802968960863698,0.887719298245614,0.886446886446887,0.958751393534002,0.931623931623932,0.953477660064486,0.859265734265734,0.958904109589041,0.896634615384615,0.965929048120829,0.96551724137931,0.9859287054409,0.811698717948718,0.951839464882943,0.855384615384616,0.897435897435897,0.892307692307692;24;24
Bobach Søren;EOC 2012 Middle Distance - FINAL-Men A-final;Denmark;2336;0.90595;184,37,172,102,47,169,30,48,292,41,70,42,169,79,75,32,232,90,94,92,121,73,22,23;0.943979933110368,0.987525987525988,0.880143112701252,0.880844645550528,0.923076923076923,0.912608101957214,0.874358974358974,0.953525641025641,0.866438356164384,0.908067542213884,0.945054945054945,0.798534798534799,0.942193900773782,0.95715676728335,0.933333333333333,0.896634615384615,0.911803713527852,0.933333333333333,0.860065466448445,0.846989966555184,0.904640813731723,0.87881981032666,0.979020979020979,0.969899665551839;24;24
Taivainen Olli-Markus;EOC 2012 Middle Distance - FINAL-Men A-final;Finland;2353;0.89941;169,38,160,94,44,163,30,49,283,42,70,34,177,120,80,33,241,94,89,103,118,70,26,26;1.02776513427401,0.961538461538462,0.946153846153846,0.955810147299509,0.986013986013986,0.946201038225578,0.874358974358974,0.934065934065934,0.893992932862191,0.886446886446887,0.945054945054945,0.986425339366516,0.899608865710561,0.630128205128205,0.875,0.869463869463869,0.877752952441749,0.893617021276596,0.90838375108038,0.756534727408514,0.927640156453716,0.916483516483517,0.828402366863905,0.857988165680473;24;24
Huovila Jarkko;EOC 2012 Middle Distance - FINAL-Men A-final;Finland;2360;0.89674;182,41,157,120,49,166,27,48,272,44,72,36,186,80,81,34,246,93,90,86,121,80,24,25;0.954353338968724,0.891181988742964,0.964233219010289,0.748717948717949,0.885400313971743,0.929101019462465,0.971509971509971,0.953525641025641,0.930147058823529,0.846153846153846,0.918803418803419,0.931623931623932,0.856079404466501,0.945192307692308,0.864197530864197,0.843891402714932,0.859912445278299,0.903225806451613,0.898290598290598,0.90608228980322,0.904640813731723,0.801923076923077,0.897435897435897,0.892307692307692;24;24
Tervo Tuomas;EOC 2012 Middle Distance - FINAL-Men A-final;Finland;2368;0.89371;194,41,170,99,46,171,28,48,287,44,77,38,178,97,80,35,223,89,86,98,116,73,25,25;0.895321173671689,0.891181988742964,0.890497737556561,0.907536907536908,0.94314381270903,0.901934322986955,0.936813186813187,0.953525641025641,0.881533101045296,0.846153846153846,0.859140859140859,0.882591093117409,0.894554883318928,0.779540047581285,0.875,0.81978021978022,0.948602966540186,0.943820224719101,0.940071556350626,0.795133437990581,0.943633952254642,0.87881981032666,0.861538461538462,0.892307692307692;24;24
Rollier Baptiste;EOC 2012 Middle Distance - FINAL-Men A-final;Switzerland;2373;0.89183;192,39,156,99,48,164,33,50,289,47,76,38,174,85,78,46,238,90,87,96,122,74,26,26;0.904647435897436,0.936883629191322,0.970414201183432,0.907536907536908,0.903846153846154,0.940431519699812,0.794871794871795,0.915384615384615,0.875432525951557,0.792144026186579,0.870445344129555,0.882591093117409,0.915119363395225,0.889592760180995,0.897435897435897,0.623745819397993,0.888817065287654,0.933333333333333,0.929266136162688,0.811698717948718,0.897225725094578,0.866943866943867,0.828402366863905,0.857988165680473;24;24
Sild Timo;EOC 2012 Middle Distance - FINAL-Men A-final;Estonia;2395;0.88364;201,43,159,97,46,168,28,47,287,40,72,41,206,87,78,34,221,91,86,108,128,73,25,29;0.864140834290088,0.849731663685152,0.952104499274311,0.926249008723235,0.94314381270903,0.918040293040293,0.936813186813187,0.973813420621931,0.881533101045296,0.930769230769231,0.918803418803419,0.818011257035647,0.772964899178491,0.869142351900973,0.897435897435897,0.843891402714932,0.957187608771319,0.923076923076923,0.940071556350626,0.721509971509971,0.855168269230769,0.87881981032666,0.861538461538462,0.769230769230769;24;24
Zinca Ionut Alin;EOC 2012 Middle Distance - FINAL-Men A-final;Romania;2415;0.87632;218,46,157,128,48,168,27,51,302,43,69,41,181,93,85,31,227,92,83,86,125,67,23,24;0.796753705010586,0.794314381270903,0.964233219010289,0.701923076923077,0.903846153846154,0.918040293040293,0.971509971509971,0.897435897435897,0.837748344370861,0.865831842576029,0.958751393534002,0.818011257035647,0.87972800679983,0.813068651778329,0.823529411764706,0.925558312655087,0.931887495764148,0.91304347826087,0.974050046339203,0.90608228980322,0.875692307692308,0.95752009184845,0.936454849498328,0.929487179487179;24;24
Aleliunas Vilius;EOC 2012 Middle Distance - FINAL-Men A-final;Lithuania;2419;0.87487;186,41,166,101,57,232,32,50,283,40,66,45,183,91,75,32,215,86,82,123,120,65,22,26;0.933829611248966,0.891181988742964,0.911955514365153,0.88956587966489,0.761133603238866,0.664787798408488,0.819711538461538,0.915384615384615,0.893992932862191,0.930769230769231,1.002331002331,0.745299145299145,0.870113493064313,0.830938292476754,0.933333333333333,0.896634615384615,0.983899821109123,0.976744186046512,0.9859287054409,0.633520950594121,0.912179487179487,0.98698224852071,0.979020979020979,0.857988165680473;24;24
Basset Lucas;EOC 2012 Middle Distance - FINAL-Men A-final;France;2438;0.86805;192,38,169,102,51,171,38,78,312,45,74,38,179,84,85,32,226,91,90,94,127,75,23,24;0.904647435897436,0.961538461538462,0.895766954938553,0.880844645550528,0.850678733031674,0.901934322986955,0.690283400809717,0.586785009861933,0.810897435897436,0.827350427350427,0.893970893970894,0.882591093117409,0.889557370004297,0.90018315018315,0.823529411764706,0.896634615384615,0.936010891763104,0.923076923076923,0.898290598290598,0.828968903436988,0.861901877649909,0.855384615384616,0.936454849498328,0.929487179487179;24;24
Detkov Sergey;EOC 2012 Middle Distance - FINAL-Men A-final;Russia;2457;0.86134;182,41,156,106,52,184,26,69,316,44,76,39,177,110,78,36,241,94,92,92,126,72,24,24;0.954353338968724,0.891181988742964,0.970414201183432,0.847605224963715,0.834319526627219,0.838210702341137,1.00887573964497,0.663322185061315,0.800632911392405,0.846153846153846,0.870445344129555,0.859960552268245,0.899608865710561,0.687412587412587,0.897435897435897,0.797008547008547,0.877752952441749,0.893617021276596,0.87876254180602,0.846989966555184,0.868742368742369,0.891025641025641,0.897435897435897,0.929487179487179;24;24
Krepšta Simonas;EOC 2012 Middle Distance - FINAL-Men A-final;Lithuania;2458;0.86099;196,41,178,105,54,177,30,63,316,47,73,40,179,88,80,31,247,99,88,87,121,67,24,27;0.8861852433281,0.891181988742964,0.8504753673293,0.855677655677656,0.803418803418803,0.871360278139939,0.874358974358974,0.726495726495726,0.800632911392405,0.792144026186579,0.906217070600632,0.838461538461538,0.889557370004297,0.859265734265734,0.875,0.925558312655087,0.856431018374338,0.848484848484849,0.918706293706294,0.895667550839965,0.904640813731723,0.95752009184845,0.897435897435897,0.826210826210826;24;24
Hansen Rasmus Thrane;EOC 2012 Middle Distance - FINAL-Men A-final;Denmark;2521;0.83947;210,42,172,101,51,223,31,51,334,45,76,38,168,87,76,36,228,100,98,95,130,77,26,26;0.827106227106227,0.86996336996337,0.880143112701252,0.88956587966489,0.850678733031674,0.691617799241118,0.846153846153846,0.897435897435897,0.75748502994012,0.827350427350427,0.870445344129555,0.882591093117409,0.947802197802198,0.869142351900973,0.921052631578947,0.797008547008547,0.927800269905533,0.84,0.824960753532182,0.820242914979757,0.842011834319527,0.833166833166833,0.828402366863905,0.857988165680473;24;24
Hubmann Martin;EOC 2012 Middle Distance - FINAL-Men B-final;Switzerland;2179;1.01377;217,66,82,99,85,77,155,75,210,177,81,107,220,63,145,83,130,64,22,21;1.05443548387097,1.00757575757576,1.05564024390244,1.0385101010101,1.03676470588235,0.98538961038961,0.925,1.03583333333333,0.89077380952381,1.06426553672316,1.0516975308642,0.889018691588785,1.03806818181818,1.04365079365079,1.02543103448276,1.08584337349398,1.03028846153846,1.0693359375,1.0625,1.18154761904762;20;20
Mihalkin Dmitry;EOC 2012 Middle Distance - FINAL-Men B-final;Belarus;2236;0.98792;223,69,91,93,88,79,142,105,194,173,82,101,232,66,154,88,131,75,25,25;1.02606502242152,0.963768115942029,0.951236263736264,1.10551075268817,1.00142045454545,0.960443037974684,1.00968309859155,0.739880952380952,0.96423969072165,1.08887283236994,1.03887195121951,0.941831683168317,0.984375,0.996212121212121,0.965503246753247,1.02414772727273,1.02242366412214,0.9125,0.935,0.9925;20;20
Sabaliauskas Giedrius;EOC 2012 Middle Distance - FINAL-Men B-final;Lithuania;2257;0.97873;240,68,86,119,86,83,153,64,192,192,79,95,225,70,152,105,131,69,24,24;0.953385416666667,0.977941176470588,1.00654069767442,0.863970588235294,1.02470930232558,0.914156626506024,0.937091503267974,1.2138671875,0.974283854166667,0.981119791666667,1.07832278481013,1.00131578947368,1.015,0.939285714285714,0.978207236842105,0.858333333333333,1.02242366412214,0.991847826086957,0.973958333333333,1.03385416666667;20;20
Alekseyonok Aleksei;EOC 2012 Middle Distance - FINAL-Men B-final;Belarus;2266;0.97485;215,63,88,116,80,74,133,90,221,178,92,111,238,68,147,101,130,68,24,29;1.06424418604651,1.05555555555556,0.983664772727273,0.886314655172414,1.1015625,1.02533783783784,1.07800751879699,0.863194444444444,0.84643665158371,1.05828651685393,0.925951086956522,0.856981981981982,0.959558823529412,0.966911764705882,1.01147959183673,0.892326732673267,1.03028846153846,1.00643382352941,0.973958333333333,0.855603448275862;20;20
Mihailovs Kalvis;EOC 2012 Middle Distance - FINAL-Men B-final;Latvia;2297;0.96169;231,60,88,91,86,82,157,101,230,175,103,93,225,71,161,86,135,66,26,30;0.990530303030303,1.10833333333333,0.983664772727273,1.12980769230769,1.02470930232558,0.92530487804878,0.913216560509554,0.769183168316832,0.813315217391304,1.07642857142857,0.827063106796116,1.02284946236559,1.015,0.926056338028169,0.923524844720497,1.04796511627907,0.99212962962963,1.03693181818182,0.899038461538462,0.827083333333333;20;20
Bader Leif;EOC 2012 Middle Distance - FINAL-Men B-final;Germany;2300;0.96043;240,66,90,95,89,90,136,75,211,196,106,104,232,66,155,87,139,75,24,24;0.953385416666667,1.00757575757576,0.961805555555556,1.08223684210526,0.990168539325843,0.843055555555556,1.05422794117647,1.03583333333333,0.886552132701422,0.96109693877551,0.803655660377358,0.914663461538462,0.984375,0.996212121212121,0.959274193548387,1.03591954022989,0.963579136690647,0.9125,0.973958333333333,1.03385416666667;20;20
Haines Hector;EOC 2012 Middle Distance - FINAL-Men B-final;Great Britain;2305;0.95835;254,72,88,100,93,77,165,79,184,210,85,98,235,79,146,84,133,70,26,27;0.900836614173228,0.923611111111111,0.983664772727273,1.028125,0.94758064516129,0.98538961038961,0.868939393939394,0.983386075949367,1.01664402173913,0.89702380952381,1.00220588235294,0.970663265306122,0.971808510638298,0.832278481012658,1.01840753424658,1.07291666666667,1.00704887218045,0.977678571428571,0.899038461538462,0.918981481481482;20;20
Coupat Vincent;EOC 2012 Middle Distance - FINAL-Men B-final;France;2320;0.95216;233,74,89,136,89,78,153,93,188,197,89,94,229,66,147,90,147,74,26,28;0.982027896995708,0.898648648648649,0.972612359550562,0.755974264705882,0.990168539325843,0.97275641025641,0.937091503267974,0.835349462365591,0.99501329787234,0.956218274111675,0.957162921348315,1.01196808510638,0.997270742358079,0.996212121212121,1.01147959183673,1.00138888888889,0.911139455782313,0.924831081081081,0.899038461538462,0.886160714285714;20;20
Tarasovs Anatolijs;EOC 2012 Middle Distance - FINAL-Men B-final;Latvia;2344;0.94241;220,81,87,188,86,79,136,69,181,192,117,101,231,68,152,103,135,70,22,26;1.04005681818182,0.820987654320988,0.994971264367816,0.546875,1.02470930232558,0.960443037974684,1.05422794117647,1.12590579710145,1.03349447513812,0.981119791666667,0.728098290598291,0.941831683168317,0.988636363636364,0.966911764705882,0.978207236842105,0.875,0.99212962962963,0.977678571428571,1.0625,0.954326923076923;20;20
Nakonechnyy Dmitry;EOC 2012 Middle Distance - FINAL-Men B-final;Russia;2349;0.94040;230,65,85,118,87,78,138,130,184,211,109,97,252,72,144,91,138,71,24,25;0.994836956521739,1.02307692307692,1.01838235294118,0.871292372881356,1.01293103448276,0.97275641025641,1.03894927536232,0.597596153846154,1.01664402173913,0.892772511848341,0.781536697247706,0.980670103092783,0.90625,0.913194444444444,1.03255208333333,0.990384615384615,0.970561594202899,0.963908450704225,0.973958333333333,0.9925;20;20
Salin Andrei;EOC 2012 Middle Distance - FINAL-Men B-final;Belarus;2369;0.93246;234,71,104,131,100,77,145,93,182,208,92,90,231,87,160,110,139,66,24,25;0.977831196581197,0.936619718309859,0.832331730769231,0.784828244274809,0.88125,0.98538961038961,0.988793103448276,0.835349462365591,1.02781593406593,0.905649038461538,0.925951086956522,1.05694444444444,0.988636363636364,0.755747126436782,0.929296875,0.819318181818182,0.963579136690647,1.03693181818182,0.973958333333333,0.9925;20;20
Stulgys Donatas;EOC 2012 Middle Distance - FINAL-Men B-final;Lithuania;2378;0.92893;234,66,111,101,85,82,145,108,208,193,95,102,245,75,156,101,137,81,25,28;0.977831196581197,1.00757575757576,0.779842342342342,1.01794554455446,1.03676470588235,0.92530487804878,0.988793103448276,0.719328703703704,0.899338942307692,0.976036269430052,0.89671052631579,0.932598039215686,0.932142857142857,0.876666666666667,0.953125,0.892326732673267,0.97764598540146,0.844907407407407,0.935,0.886160714285714;20;20
Schgaguler Klaus;EOC 2012 Middle Distance - FINAL-Men B-final;Italy;2380;0.92815;225,69,91,102,234,72,175,85,175,185,83,90,218,67,156,109,129,65,25,25;1.01694444444444,0.963768115942029,0.951236263736264,1.00796568627451,0.376602564102564,1.05381944444444,0.819285714285714,0.913970588235294,1.06892857142857,1.01824324324324,1.02635542168675,1.05694444444444,1.04759174311927,0.98134328358209,0.953125,0.826834862385321,1.03827519379845,1.05288461538462,0.935,0.9925;20;20
Sørensen Søren Schwartz;EOC 2012 Middle Distance - FINAL-Men B-final;Denmark;2390;0.92427;234,78,88,113,89,79,145,135,191,209,100,101,235,67,151,96,147,76,29,27;0.977831196581197,0.852564102564103,0.983664772727273,0.909845132743363,0.990168539325843,0.960443037974684,0.988793103448276,0.575462962962963,0.979384816753927,0.901315789473684,0.851875,0.941831683168317,0.971808510638298,0.98134328358209,0.984685430463576,0.938802083333333,0.911139455782313,0.900493421052632,0.806034482758621,0.918981481481482;20;20
Lösch Sören;EOC 2012 Middle Distance - FINAL-Men B-final;Germany;2394;0.92272;262,76,84,104,107,89,164,114,192,186,88,103,245,72,155,98,134,70,24,27;0.873330152671756,0.875,1.03050595238095,0.988581730769231,0.823598130841122,0.85252808988764,0.874237804878049,0.681469298245614,0.974283854166667,1.0127688172043,0.968039772727273,0.923543689320388,0.932142857142857,0.913194444444444,0.959274193548387,0.919642857142857,0.999533582089552,0.977678571428571,0.973958333333333,0.918981481481482;20;20
Beliunas Vytautas;EOC 2012 Middle Distance - FINAL-Men B-final;Lithuania;2406;0.91812;241,68,89,119,97,91,145,75,252,207,82,106,242,70,160,97,142,72,25,26;0.949429460580913,0.977941176470588,0.972612359550562,0.863970588235294,0.908505154639175,0.833791208791209,0.988793103448276,1.03583333333333,0.742311507936508,0.910024154589372,1.03887195121951,0.897405660377358,0.943698347107438,0.939285714285714,0.929296875,0.929123711340206,0.943221830985915,0.950520833333333,0.935,0.954326923076923;20;20
Dent Julian;EOC 2012 Middle Distance - FINAL-Men B-final;Australia;2431;0.90868;222,71,84,110,95,83,145,91,210,204,95,103,256,91,174,106,155,79,26,31;1.03068693693694,0.936619718309859,1.03050595238095,0.934659090909091,0.927631578947368,0.914156626506024,0.988793103448276,0.853708791208791,0.89077380952381,0.923406862745098,0.89671052631579,0.923543689320388,0.89208984375,0.722527472527473,0.854525862068966,0.850235849056604,0.864112903225806,0.86629746835443,0.899038461538462,0.800403225806452;20;20
Gremmel Helmut;EOC 2012 Middle Distance - FINAL-Men B-final;Austria;2455;0.89980;264,78,89,117,96,88,147,148,191,185,99,106,237,65,161,127,134,74,24,25;0.866714015151515,0.852564102564103,0.972612359550562,0.878739316239316,0.91796875,0.862215909090909,0.975340136054422,0.524915540540541,0.979384816753927,1.01824324324324,0.860479797979798,0.897405660377358,0.963607594936709,1.01153846153846,0.923524844720497,0.709645669291339,0.999533582089552,0.924831081081081,0.973958333333333,0.9925;20;20
Tenani Alessio;EOC 2012 Middle Distance - FINAL-Men B-final;Italy;2465;0.89615;244,74,97,112,99,83,164,130,187,208,96,102,256,74,158,107,141,77,26,30;0.937756147540984,0.898648648648649,0.892396907216495,0.91796875,0.890151515151515,0.914156626506024,0.874237804878049,0.597596153846154,1.00033422459893,0.905649038461538,0.887369791666667,0.932598039215686,0.89208984375,0.888513513513513,0.941060126582278,0.842289719626168,0.949911347517731,0.888798701298701,0.899038461538462,0.827083333333333;20;20
Boesen Andreas Hougaad;EOC 2012 Middle Distance - FINAL-Men B-final;Denmark;2474;0.89289;238,69,92,133,95,79,152,75,238,219,97,114,251,79,151,110,155,76,26,25;0.961397058823529,0.963768115942029,0.940896739130435,0.773026315789474,0.927631578947368,0.960443037974684,0.943256578947368,1.03583333333333,0.785976890756303,0.860159817351598,0.878221649484536,0.834429824561403,0.909860557768924,0.832278481012658,0.984685430463576,0.819318181818182,0.864112903225806,0.900493421052632,0.899038461538462,0.9925;20;20
Nilsson-Simkovics Erik;EOC 2012 Middle Distance - FINAL-Men B-final;Austria;2474;0.89289;258,75,95,138,94,91,203,95,198,208,87,93,234,68,149,111,149,76,25,27;0.88687015503876,0.886666666666667,0.911184210526316,0.745018115942029,0.9375,0.833791208791209,0.70628078817734,0.817763157894737,0.944760101010101,0.905649038461538,0.979166666666667,1.02284946236559,0.975961538461538,0.966911764705882,0.997902684563758,0.811936936936937,0.898909395973154,0.900493421052632,0.935,0.918981481481482;20;20
Sherbakov Denys;EOC 2012 Middle Distance - FINAL-Men B-final;Ukraine;2485;0.88893;271,85,95,108,94,84,152,127,212,216,89,112,254,74,148,98,142,73,24,27;0.844326568265683,0.782352941176471,0.911184210526316,0.951967592592593,0.9375,0.90327380952381,0.943256578947368,0.611712598425197,0.882370283018868,0.872106481481482,0.957162921348315,0.849330357142857,0.899114173228346,0.888513513513513,1.00464527027027,0.919642857142857,0.943221830985915,0.9375,0.973958333333333,0.918981481481482;20;20
Kharchenko Alexander;EOC 2012 Middle Distance - FINAL-Men B-final;Russia;2501;0.88325;262,71,88,118,101,77,230,62,214,198,99,113,239,80,172,91,151,78,26,31;0.873330152671756,0.936619718309859,0.983664772727273,0.871292372881356,0.872524752475248,0.98538961038961,0.623369565217391,1.25302419354839,0.874123831775701,0.951388888888889,0.860479797979798,0.841814159292035,0.955543933054393,0.821875,0.864462209302326,0.990384615384615,0.887003311258278,0.877403846153846,0.899038461538462,0.800403225806452;20;20
Panchenko Artem;EOC 2012 Middle Distance - FINAL-Men B-final;Ukraine;2509;0.88043;243,76,92,97,96,75,386,104,173,188,80,91,219,70,152,108,131,73,26,29;0.941615226337449,0.875,0.940896739130435,1.05992268041237,0.91796875,1.01166666666667,0.371437823834197,0.746995192307692,1.08128612716763,1.00199468085106,1.06484375,1.04532967032967,1.04280821917808,0.939285714285714,0.978207236842105,0.834490740740741,1.02242366412214,0.9375,0.899038461538462,0.855603448275862;20;20
Sirakov Ivan;EOC 2012 Middle Distance - FINAL-Men B-final;Bulgaria;2554;0.86492;238,69,92,145,89,92,169,85,223,378,85,95,224,65,142,82,145,78,26,32;0.961397058823529,0.963768115942029,0.940896739130435,0.709051724137931,0.990168539325843,0.824728260869565,0.848372781065089,0.913970588235294,0.838845291479821,0.498346560846561,1.00220588235294,1.00131578947368,1.01953125,1.01153846153846,1.04709507042254,1.09908536585366,0.923706896551724,0.877403846153846,0.899038461538462,0.775390625;20;20
Lützkendorf Paul;EOC 2012 Middle Distance - FINAL-Men B-final;Germany;2559;0.86323;254,77,94,156,94,82,172,109,196,241,97,117,260,74,159,100,152,76,23,26;0.900836614173228,0.863636363636364,0.920877659574468,0.659054487179487,0.9375,0.92530487804878,0.833575581395349,0.712729357798165,0.954400510204082,0.781639004149378,0.878221649484536,0.813034188034188,0.878365384615385,0.888513513513513,0.935141509433962,0.90125,0.881167763157895,0.900493421052632,1.01630434782609,0.954326923076923;20;20
Wartbichler Christian;EOC 2012 Middle Distance - FINAL-Men B-final;Austria;2561;0.86255;250,79,94,134,99,83,175,143,224,219,97,102,240,76,158,118,144,72,24,30;0.91525,0.841772151898734,0.920877659574468,0.767257462686567,0.890151515151515,0.914156626506024,0.819285714285714,0.543269230769231,0.835100446428571,0.860159817351598,0.878221649484536,0.932598039215686,0.9515625,0.865131578947368,0.941060126582278,0.763771186440678,0.930121527777778,0.950520833333333,0.973958333333333,0.827083333333333;20;20
Paulins Arturs;EOC 2012 Middle Distance - FINAL-Men B-final;Latvia;2572;0.85886;351,72,94,108,94,82,151,164,202,201,124,94,254,80,158,88,143,65,22,25;0.651887464387464,0.923611111111111,0.920877659574468,0.951967592592593,0.9375,0.92530487804878,0.949503311258278,0.473704268292683,0.92605198019802,0.937189054726368,0.686995967741935,1.01196808510638,0.899114173228346,0.821875,0.941060126582278,1.02414772727273,0.936625874125874,1.05288461538462,1.0625,0.9925;20;20
Smith Ross;EOC 2012 Middle Distance - FINAL-Men B-final;United States;2596;0.85092;241,77,93,143,97,84,149,95,239,221,130,112,257,78,166,107,169,82,28,28;0.949429460580913,0.863636363636364,0.930779569892473,0.718968531468531,0.908505154639175,0.90327380952381,0.962248322147651,0.817763157894737,0.782688284518828,0.85237556561086,0.655288461538462,0.849330357142857,0.888618677042802,0.842948717948718,0.895707831325301,0.842289719626168,0.792529585798817,0.834603658536585,0.834821428571429,0.886160714285714;20;20
Pihl Peeter;EOC 2012 Middle Distance - FINAL-Men B-final;Estonia;2598;0.85027;269,88,103,112,110,91,137,98,221,236,111,119,250,70,147,117,171,86,30,32;0.850604089219331,0.755681818181818,0.840412621359223,0.91796875,0.801136363636364,0.833791208791209,1.04653284671533,0.792729591836735,0.84643665158371,0.798199152542373,0.767454954954955,0.79936974789916,0.9135,0.939285714285714,1.01147959183673,0.770299145299145,0.783260233918129,0.79578488372093,0.779166666666667,0.775390625;20;20
Negrello Manuel;EOC 2012 Middle Distance - FINAL-Men B-final;Italy;2608;0.84701;236,70,97,117,111,78,179,86,215,255,212,100,248,91,152,99,140,70,25,27;0.969544491525424,0.95,0.892396907216495,0.878739316239316,0.793918918918919,0.97275641025641,0.800977653631285,0.903343023255814,0.870058139534884,0.738725490196078,0.401827830188679,0.95125,0.920866935483871,0.722527472527473,0.978207236842105,0.910353535353535,0.956696428571429,0.977678571428571,0.935,0.918981481481482;20;20
Friedrichs Bjarne;EOC 2012 Middle Distance - FINAL-Men B-final;Germany;2619;0.84345;281,80,94,130,131,82,161,94,240,222,134,107,251,67,162,102,152,74,27,28;0.814279359430605,0.83125,0.920877659574468,0.790865384615385,0.672709923664122,0.92530487804878,0.890527950310559,0.826462765957447,0.779427083333333,0.848536036036036,0.635727611940298,0.889018691588785,0.909860557768924,0.98134328358209,0.917824074074074,0.883578431372549,0.881167763157895,0.924831081081081,0.865740740740741,0.886160714285714;20;20
Kamenarov Ivaylo;EOC 2012 Middle Distance - FINAL-Men B-final;Bulgaria;2626;0.84120;262,79,93,124,98,92,173,142,251,205,94,114,272,80,165,110,142,75,26,29;0.873330152671756,0.841772151898734,0.930779569892473,0.829133064516129,0.899234693877551,0.824728260869565,0.828757225433526,0.547095070422535,0.745268924302789,0.91890243902439,0.90625,0.834429824561403,0.839613970588235,0.821875,0.901136363636364,0.819318181818182,0.943221830985915,0.9125,0.899038461538462,0.855603448275862;20;20
Binder Martin;EOC 2012 Middle Distance - FINAL-Men B-final;Austria;2674;0.82610;252,67,83,122,90,78,347,137,229,227,91,101,245,72,154,113,145,71,24,26;0.907986111111111,0.992537313432836,1.04292168674699,0.842725409836066,0.979166666666667,0.97275641025641,0.413184438040346,0.56706204379562,0.816866812227074,0.829845814977974,0.936126373626374,0.941831683168317,0.932142857142857,0.913194444444444,0.965503246753247,0.797566371681416,0.923706896551724,0.963908450704225,0.973958333333333,0.954326923076923;20;20
Heinmann Kristo;EOC 2012 Middle Distance - FINAL-Men B-final;Estonia;2683;0.82333;258,73,96,111,105,80,197,79,224,205,103,214,283,80,178,112,154,74,28,29;0.88687015503876,0.910958904109589,0.901692708333333,0.926238738738739,0.839285714285714,0.9484375,0.727791878172589,0.983386075949367,0.835100446428571,0.91890243902439,0.827063106796116,0.444509345794392,0.806978798586572,0.821875,0.835323033707865,0.8046875,0.869724025974026,0.924831081081081,0.834821428571429,0.855603448275862;20;20
Iliev Lachezar;EOC 2012 Middle Distance - FINAL-Men B-final;Bulgaria;2688;0.82180;252,77,102,131,104,88,167,85,272,241,100,109,276,80,174,116,170,88,26,30;0.907986111111111,0.863636363636364,0.848651960784314,0.784828244274809,0.847355769230769,0.862215909090909,0.858532934131736,0.913970588235294,0.687729779411765,0.781639004149378,0.851875,0.872706422018349,0.827445652173913,0.821875,0.854525862068966,0.776939655172414,0.787867647058824,0.777698863636364,0.899038461538462,0.827083333333333;20;20
Horta Manuel;EOC 2012 Middle Distance - FINAL-Men B-final;Portugal;2688;0.82180;273,82,94,139,95,95,192,109,201,236,100,116,265,82,178,130,149,84,25,43;0.838141025641026,0.810975609756098,0.920877659574468,0.739658273381295,0.927631578947368,0.798684210526316,0.746744791666667,0.712729357798165,0.930659203980099,0.798199152542373,0.851875,0.820043103448276,0.861792452830189,0.801829268292683,0.835323033707865,0.693269230769231,0.898909395973154,0.814732142857143,0.935,0.57703488372093;20;20
Robinson Richard;EOC 2012 Middle Distance - FINAL-Men B-final;Great Britain;2710;0.81513;322,72,100,131,96,88,169,95,213,232,133,156,261,85,160,103,158,81,27,28;0.710597826086957,0.923611111111111,0.865625,0.784828244274809,0.91796875,0.862215909090909,0.848372781065089,0.817763157894737,0.878227699530516,0.811961206896552,0.640507518796993,0.609775641025641,0.875,0.773529411764706,0.929296875,0.875,0.847705696202532,0.844907407407407,0.865740740740741,0.886160714285714;20;20
Smithard Christopher;EOC 2012 Middle Distance - FINAL-Men B-final;Great Britain;2715;0.81363;330,82,106,156,108,91,187,173,210,198,95,124,257,77,156,91,143,75,27,29;0.693371212121212,0.810975609756098,0.816627358490566,0.659054487179487,0.815972222222222,0.833791208791209,0.766711229946524,0.449060693641618,0.89077380952381,0.951388888888889,0.89671052631579,0.767137096774194,0.888618677042802,0.853896103896104,0.953125,0.990384615384615,0.936625874125874,0.9125,0.865740740740741,0.855603448275862;20;20
Goubau Johan;EOC 2012 Middle Distance - FINAL-Men B-final;Belgium;2717;0.81303;316,71,91,106,98,95,258,260,196,225,78,92,227,68,157,108,144,76,25,26;0.724090189873418,0.936619718309859,0.951236263736264,0.969929245283019,0.899234693877551,0.798684210526316,0.555717054263566,0.298798076923077,0.954400510204082,0.837222222222222,1.09214743589744,1.03396739130435,1.00605726872247,0.966911764705882,0.947054140127389,0.834490740740741,0.930121527777778,0.900493421052632,0.935,0.954326923076923;20;20
Merl Robert;EOC 2012 Middle Distance - FINAL-Men B-final;Austria;2771;0.79719;309,86,107,127,108,92,165,84,274,213,101,142,278,87,178,112,162,84,29,33;0.740493527508091,0.773255813953488,0.808995327102804,0.809547244094488,0.815972222222222,0.824728260869565,0.868939393939394,0.92485119047619,0.682709854014598,0.884389671361502,0.843440594059406,0.669894366197183,0.821492805755396,0.755747126436782,0.835323033707865,0.8046875,0.826774691358025,0.814732142857143,0.806034482758621,0.751893939393939;20;20
Cashell Hugh;EOC 2012 Middle Distance - FINAL-Men B-final;Ireland;2789;0.79204;305,87,104,117,106,103,232,79,261,237,106,112,253,87,185,104,172,90,24,25;0.750204918032787,0.764367816091954,0.832331730769231,0.878739316239316,0.831367924528302,0.736650485436893,0.617995689655172,0.983386075949367,0.716714559386973,0.794831223628692,0.803655660377358,0.849330357142857,0.902667984189723,0.755747126436782,0.803716216216216,0.866586538461538,0.778706395348837,0.760416666666667,0.973958333333333,0.9925;20;20
Asmolov Oleksii;EOC 2012 Middle Distance - FINAL-Men B-final;Ukraine;2789;0.79204;384,73,87,119,95,90,165,92,219,231,231,100,245,97,161,111,152,78,27,32;0.595865885416667,0.910958904109589,0.994971264367816,0.863970588235294,0.927631578947368,0.843055555555556,0.868939393939394,0.844429347826087,0.854166666666667,0.81547619047619,0.368777056277056,0.95125,0.932142857142857,0.677835051546392,0.923524844720497,0.811936936936937,0.881167763157895,0.877403846153846,0.865740740740741,0.775390625;20;20
Seppi Marco;EOC 2012 Middle Distance - FINAL-Men B-final;Italy;2791;0.79147;345,69,91,113,98,81,264,94,225,248,110,125,255,82,162,125,168,81,26,29;0.663224637681159,0.963768115942029,0.951236263736264,0.909845132743363,0.899234693877551,0.936728395061728,0.543087121212121,0.826462765957447,0.831388888888889,0.759576612903226,0.774431818181818,0.761,0.895588235294118,0.801829268292683,0.917824074074074,0.721,0.797247023809524,0.844907407407407,0.899038461538462,0.855603448275862;20;20
Anthony Squire;EOC 2012 Middle Distance - FINAL-Men B-final;Great Britain;2802;0.78837;542,74,100,132,103,91,148,112,228,228,92,99,241,73,157,106,146,74,26,30;0.422163284132841,0.898648648648649,0.865625,0.778882575757576,0.855582524271845,0.833791208791209,0.96875,0.693638392857143,0.820449561403509,0.826206140350877,0.925951086956522,0.960858585858586,0.947614107883817,0.900684931506849,0.947054140127389,0.850235849056604,0.917380136986301,0.924831081081081,0.899038461538462,0.827083333333333;20;20
Silva Miguel;EOC 2012 Middle Distance - FINAL-Men B-final;Portugal;2813;0.78528;359,65,103,127,117,80,250,136,210,262,101,114,239,78,171,141,137,71,26,26;0.637360724233983,1.02307692307692,0.840412621359223,0.809547244094488,0.753205128205128,0.9484375,0.5735,0.571231617647059,0.89077380952381,0.718988549618321,0.843440594059406,0.834429824561403,0.955543933054393,0.842948717948718,0.869517543859649,0.639184397163121,0.97764598540146,0.963908450704225,0.899038461538462,0.954326923076923;20;20
Dallavalle Roberto;EOC 2012 Middle Distance - FINAL-Men B-final;Italy;2817;0.78417;231,65,89,159,133,85,215,176,187,322,96,105,264,85,184,116,170,75,27,33;0.990530303030303,1.02307692307692,0.972612359550562,0.646619496855346,0.662593984962406,0.892647058823529,0.666860465116279,0.44140625,1.00033422459893,0.585015527950311,0.887369791666667,0.905952380952381,0.865056818181818,0.773529411764706,0.808084239130435,0.776939655172414,0.787867647058824,0.9125,0.865740740740741,0.751893939393939;20;20
Sild Lauri;EOC 2012 Middle Distance - FINAL-Men B-final;Estonia;2829;0.78084;255,87,99,132,111,57,201,87,263,253,142,156,317,48,215,104,161,81,29,31;0.897303921568627,0.764367816091954,0.874368686868687,0.778882575757576,0.793918918918919,1.33114035087719,0.713308457711443,0.892959770114943,0.711264258555133,0.744565217391304,0.599911971830986,0.609775641025641,0.720425867507886,1.36979166666667,0.69156976744186,0.866586538461538,0.831909937888199,0.844907407407407,0.806034482758621,0.800403225806452;20;20
Tambasov Yuryj;EOC 2012 Middle Distance - FINAL-Men B-final;Belarus;2830;0.78057;280,92,107,149,110,98,178,105,266,235,135,117,294,81,191,93,148,83,32,36;0.8171875,0.722826086956522,0.808995327102804,0.69001677852349,0.801136363636364,0.774234693877551,0.805477528089888,0.739880952380952,0.703242481203007,0.801595744680851,0.631018518518519,0.813034188034188,0.776785714285714,0.811728395061728,0.778468586387435,0.969086021505376,0.904983108108108,0.824548192771084,0.73046875,0.689236111111111;20;20
Kretzschmar Matthias;EOC 2012 Middle Distance - FINAL-Men B-final;Germany;2835;0.77919;494,71,101,140,106,91,153,86,274,218,94,105,256,85,161,101,164,82,25,28;0.463183198380567,0.936619718309859,0.857054455445545,0.734375,0.831367924528302,0.833791208791209,0.937091503267974,0.903343023255814,0.682709854014598,0.864105504587156,0.90625,0.905952380952381,0.89208984375,0.773529411764706,0.923524844720497,0.892326732673267,0.816692073170732,0.834603658536585,0.935,0.886160714285714;20;20
Anderson Robbie;EOC 2012 Middle Distance - FINAL-Men B-final;Canada;2867;0.77049;287,75,186,156,102,99,193,110,201,243,109,121,287,82,193,129,161,75,28,30;0.797256097560976,0.886666666666667,0.465389784946237,0.659054487179487,0.863970588235294,0.766414141414141,0.742875647668394,0.70625,0.930659203980099,0.775205761316872,0.781536697247706,0.786157024793388,0.795731707317073,0.801829268292683,0.770401554404145,0.698643410852713,0.831909937888199,0.9125,0.834821428571429,0.827083333333333;20;20
Bezdiga Andrei;EOC 2012 Middle Distance - FINAL-Men B-final;Moldova;2875;0.76835;294,88,107,148,118,100,158,96,259,326,113,116,272,80,166,124,180,78,23,29;0.77827380952381,0.755681818181818,0.808995327102804,0.694679054054054,0.746822033898305,0.75875,0.907436708860759,0.809244791666667,0.722249034749035,0.577837423312883,0.753871681415929,0.820043103448276,0.839613970588235,0.821875,0.895707831325301,0.726814516129032,0.744097222222222,0.877403846153846,1.01630434782609,0.855603448275862;20;20
Lawford Ian;EOC 2012 Middle Distance - FINAL-Men B-final;Australia;2881;0.75814;271,74,97,108,111,95,185,86,209,270,115,117,330,88,175,97,322,69,62;0.844326568265683,0.898648648648649,0.892396907216495,0.951967592592593,0.793918918918919,0.798684210526316,0.775,0.903343023255814,0.895035885167464,0.697685185185185,0.740760869565217,0.813034188034188,0.692045454545455,0.747159090909091,0.849642857142857,0.929123711340206,0.415954968944099,0.991847826086957,0.377016129032258;19;19
Kacmaz Ahmet;EOC 2012 Middle Distance - FINAL-Men B-final;Turkey;2951;0.74856;308,80,104,198,107,100,215,94,270,242,106,145,259,109,155,142,158,106,23,30;0.742897727272727,0.83125,0.832331730769231,0.51925505050505,0.823598130841122,0.75875,0.666860465116279,0.826462765957447,0.692824074074074,0.778409090909091,0.803655660377358,0.656034482758621,0.881756756756757,0.603211009174312,0.959274193548387,0.634683098591549,0.847705696202532,0.64563679245283,1.01630434782609,0.827083333333333;20;20
Morrison Ross;EOC 2012 Middle Distance - FINAL-Men B-final;New Zealand;2998;0.73682;248,81,94,132,99,96,173,109,278,264,289,132,289,105,169,100,210,76,26,28;0.922631048387097,0.820987654320988,0.920877659574468,0.778882575757576,0.890151515151515,0.790364583333333,0.828757225433526,0.712729357798165,0.672886690647482,0.713541666666667,0.294766435986159,0.720643939393939,0.79022491349481,0.626190476190476,0.879807692307692,0.90125,0.637797619047619,0.900493421052632,0.899038461538462,0.886160714285714;20;20
Foppen Niels-Peter;EOC 2012 Middle Distance - FINAL-Men B-final;Netherlands;3014;0.73291;312,81,116,153,134,111,200,175,221,287,100,120,289,85,198,117,176,81,29,29;0.733373397435897,0.820987654320988,0.746228448275862,0.671977124183007,0.657649253731343,0.683558558558559,0.716875,0.443928571428571,0.84643665158371,0.656358885017422,0.851875,0.792708333333333,0.79022491349481,0.773529411764706,0.75094696969697,0.770299145299145,0.761008522727273,0.844907407407407,0.806034482758621,0.855603448275862;20;20
Delobel Bart;EOC 2012 Middle Distance - FINAL-Men B-final;Belgium;3050;0.72426;378,84,112,143,110,85,220,145,255,257,116,124,325,82,186,115,175,80,27,31;0.605324074074074,0.791666666666667,0.772879464285714,0.718968531468531,0.801136363636364,0.892647058823529,0.651704545454545,0.535775862068966,0.733578431372549,0.732976653696498,0.734375,0.767137096774194,0.702692307692308,0.801829268292683,0.799395161290323,0.783695652173913,0.765357142857143,0.85546875,0.865740740740741,0.800403225806452;20;20
Kamenarov Zlatko;EOC 2012 Middle Distance - FINAL-Men B-final;Bulgaria;3100;0.71258;267,75,113,144,119,96,192,303,248,328,101,124,281,98,178,127,155,104,23,24;0.856975655430712,0.886666666666667,0.76603982300885,0.713975694444444,0.740546218487395,0.790364583333333,0.746744791666667,0.256394389438944,0.754284274193548,0.574314024390244,0.843440594059406,0.767137096774194,0.812722419928826,0.670918367346939,0.835323033707865,0.709645669291339,0.864112903225806,0.658052884615385,1.01630434782609,1.03385416666667;20;20
Leal Tiago;EOC 2012 Middle Distance - FINAL-Men B-final;Portugal;3111;0.71006;315,78,100,120,165,93,230,159,290,224,110,121,297,84,176,137,288,70,25,29;0.726388888888889,0.852564102564103,0.865625,0.856770833333333,0.534090909090909,0.815860215053763,0.623369565217391,0.488600628930818,0.645043103448276,0.840959821428571,0.774431818181818,0.786157024793388,0.768939393939394,0.782738095238095,0.844815340909091,0.657846715328467,0.465060763888889,0.977678571428571,0.935,0.855603448275862;20;20
Genar Jeremy;EOC 2012 Middle Distance - FINAL-Men B-final;Belgium;3124;0.70711;347,87,112,163,139,99,232,128,308,292,105,116,288,85,188,109,180,84,28,34;0.659402017291066,0.764367816091954,0.772879464285714,0.630751533742331,0.633992805755396,0.766414141414141,0.617995689655172,0.60693359375,0.607345779220779,0.645119863013699,0.811309523809524,0.820043103448276,0.79296875,0.773529411764706,0.790890957446808,0.826834862385321,0.744097222222222,0.814732142857143,0.834821428571429,0.729779411764706;20;20
Franco Paulo;EOC 2012 Middle Distance - FINAL-Men B-final;Portugal;3183;0.69400;310,78,103,148,117,85,183,104,508,264,116,122,354,96,157,114,163,89,33,39;0.738104838709677,0.852564102564103,0.840412621359223,0.694679054054054,0.753205128205128,0.892647058823529,0.783469945355191,0.746995192307692,0.368233267716535,0.713541666666667,0.734375,0.779713114754098,0.645127118644068,0.684895833333333,0.947054140127389,0.790570175438597,0.82170245398773,0.768960674157303,0.708333333333333,0.636217948717949;20;20
UÇAR Ali;EOC 2012 Middle Distance - FINAL-Men B-final;Turkey;3255;0.67865;509,82,201,178,104,116,180,97,238,358,95,114,288,82,166,126,178,81,30,32;0.449533398821218,0.810975609756098,0.430659203980099,0.577598314606742,0.847355769230769,0.654094827586207,0.796527777777778,0.80090206185567,0.785976890756303,0.526187150837989,0.89671052631579,0.834429824561403,0.79296875,0.801829268292683,0.895707831325301,0.715277777777778,0.752457865168539,0.844907407407407,0.779166666666667,0.775390625;20;20
Ri Kyongsa;EOC 2012 Middle Distance - FINAL-Men B-final;DPR Korea;4226;0.52272;742,107,138,168,131,119,241,133,354,292,130,150,351,243,254,281,207,113,36,36;0.308372641509434,0.621495327102804,0.627264492753623,0.611979166666667,0.672709923664122,0.637605042016807,0.594917012448133,0.584116541353383,0.528425141242938,0.645119863013699,0.655288461538462,0.634166666666667,0.650641025641026,0.270576131687243,0.585383858267717,0.320729537366548,0.647041062801932,0.605641592920354,0.649305555555556,0.689236111111111;20;20
Niggli Simone;EOC 2012 Middle Distance - FINAL-Women A-final;Switzerland;2022;1.06005;230,39,173,76,70,173,29,54,89,273,31,214,134,95,76,138,76,25,27;0.957453416149068,1.16117216117216,1.07555739058629,1.03101503759399,1.11122448979592,1.08711808422791,1.07635467980296,1.03835978835979,0.963884430176565,1.12742019884877,1.17972350230415,1.08477970627503,1.04051172707889,1.02255639097744,0.996240601503759,1.11542443064182,1.05075187969925,1.03714285714286,0.965608465608466;19;19
Kauppi Minna;EOC 2012 Middle Distance - FINAL-Women A-final;Finland;2107;1.01729;201,39,181,77,76,181,29,100,83,291,35,225,138,93,70,150,80,27,31;1.0955934612651,1.16117216117216,1.02801894238358,1.01762523191095,1.0234962406015,1.03906866614049,1.07635467980296,0.560714285714286,1.03356282271945,1.05768286696122,1.04489795918367,1.03174603174603,1.01035196687371,1.04454685099846,1.08163265306122,1.02619047619048,0.998214285714286,0.96031746031746,0.841013824884793;19;19
Ryabkina Tatiana;EOC 2012 Middle Distance - FINAL-Women A-final;Russia;2121;1.01057;212,45,180,73,75,202,32,52,83,308,38,228,136,95,75,152,81,26,28;1.03874663072776,1.00634920634921,1.03373015873016,1.073385518591,1.03714285714286,0.931046676096181,0.975446428571429,1.0782967032967,1.03356282271945,0.99930426716141,0.962406015037594,1.01817042606516,1.02521008403361,1.02255639097744,1.00952380952381,1.01268796992481,0.985890652557319,0.997252747252747,0.931122448979592;19;19
Jansson Helena;EOC 2012 Middle Distance - FINAL-Women A-final;Sweden;2166;0.98958;206,65,178,84,78,185,33,55,82,306,38,251,135,96,76,151,83,30,34;1.06900138696255,0.696703296703297,1.04534510433387,0.932823129251701,0.997252747252747,1.01660231660232,0.945887445887446,1.01948051948052,1.04616724738676,1.00583566760037,0.962406015037594,0.924871940808196,1.03280423280423,1.01190476190476,0.996240601503759,1.019394512772,0.962134251290878,0.864285714285714,0.766806722689076;19;19
Alexandersson Tove;EOC 2012 Middle Distance - FINAL-Women A-final;Sweden;2191;0.97829;225,48,177,76,80,195,30,58,96,307,38,251,145,107,77,156,75,25,25;0.978730158730159,0.943452380952381,1.05125100887813,1.03101503759399,0.972321428571429,0.964468864468864,1.04047619047619,0.966748768472906,0.893601190476191,1.00255932992089,0.962406015037594,0.924871940808196,0.961576354679803,0.907877169559413,0.98330241187384,0.986721611721612,1.0647619047619,1.03714285714286,1.04285714285714;19;19
Billstam Annika;EOC 2012 Middle Distance - FINAL-Women A-final;Sweden;2195;0.97651;230,48,187,84,77,187,32,58,85,310,43,234,140,94,71,158,99,28,30;0.957453416149068,0.943452380952381,0.995034377387319,0.932823129251701,1.01020408163265,1.00572956455309,0.975446428571429,0.966748768472906,1.00924369747899,0.992857142857143,0.850498338870432,0.992063492063492,0.995918367346939,1.03343465045593,1.06639839034205,0.974231464737794,0.806637806637807,0.926020408163265,0.869047619047619;19;19
Rantanen Merja;EOC 2012 Middle Distance - FINAL-Women A-final;Finland;2220;0.96551;235,44,214,86,80,184,31,57,87,302,38,233,140,102,81,166,90,26,24;0.937082066869301,1.02922077922078,0.869492656875835,0.911129568106312,0.972321428571429,1.02212732919255,1.00691244239631,0.983709273182957,0.986042692939245,1.01915799432356,0.962406015037594,0.996321275291232,0.995918367346939,0.952380952380952,0.934744268077601,0.927280550774527,0.887301587301587,0.997252747252747,1.08630952380952;19;19
Fasting Mari;EOC 2012 Middle Distance - FINAL-Women A-final;Norway;2225;0.96334;215,48,183,88,90,192,33,74,90,321,44,223,143,114,81,157,81,25,23;1.02425249169435,0.943452380952381,1.0167837626854,0.890422077922078,0.864285714285714,0.979538690476191,0.945887445887446,0.757722007722008,0.953174603174603,0.958834000890076,0.831168831168831,1.04099935938501,0.975024975024975,0.852130325814536,0.934744268077601,0.980436760691538,0.985890652557319,1.03714285714286,1.13354037267081;19;19
Nordberg Anne Margrethe Hausken;EOC 2012 Middle Distance - FINAL-Women A-final;Norway;2242;0.95603;211,51,174,76,85,184,33,66,94,375,36,248,132,97,80,164,77,27,32;1.04366960054164,0.887955182072829,1.06937602627258,1.03101503759399,0.915126050420168,1.02212732919255,0.945887445887446,0.8495670995671,0.912613981762918,0.820761904761905,1.01587301587302,0.936059907834101,1.05627705627706,1.00147275405007,0.946428571428571,0.938588850174216,1.03710575139147,0.96031746031746,0.814732142857143;19;19
Haajanen Sofia;EOC 2012 Middle Distance - FINAL-Women A-final;Finland;2262;0.94758;220,48,199,75,80,192,37,63,92,315,38,248,146,99,87,177,88,27,31;1.00097402597403,0.943452380952381,0.935032304379038,1.0447619047619,0.972321428571429,0.979538690476191,0.843629343629344,0.890022675736961,0.932453416149068,0.977097505668934,0.962406015037594,0.936059907834101,0.954990215264188,0.981240981240981,0.870279146141215,0.869652945924132,0.907467532467533,0.96031746031746,0.841013824884793;19;19
Eliasson Lena;EOC 2012 Middle Distance - FINAL-Women A-final;Sweden;2280;0.94010;240,47,193,82,78,194,34,60,89,358,39,226,147,97,84,164,88,29,31;0.917559523809524,0.963525835866261,0.964100666173205,0.955574912891986,0.997252747252747,0.969440353460972,0.918067226890756,0.93452380952381,0.963884430176565,0.859736632083001,0.937728937728938,1.02718078381795,0.948493683187561,1.00147275405007,0.901360544217687,0.938588850174216,0.907467532467533,0.894088669950739,0.841013824884793;19;19
Wigemyr Tone;EOC 2012 Middle Distance - FINAL-Women A-final;Norway;2283;0.93886;243,47,192,90,83,197,34,52,99,327,36,246,145,108,79,169,81,27,28;0.906231628453851,0.963525835866261,0.969122023809524,0.870634920634921,0.937177280550775,0.954677302393038,0.918067226890756,1.0782967032967,0.866522366522367,0.941240716470074,1.01587301587302,0.943670150987224,0.961576354679803,0.899470899470899,0.958408679927667,0.910819949281488,0.985890652557319,0.96031746031746,0.931122448979592;19;19
Wyder Judith;EOC 2012 Middle Distance - FINAL-Women A-final;Switzerland;2291;0.93559;242,46,206,78,80,212,32,115,107,304,40,223,144,97,81,150,79,27,28;0.909976387249115,0.984472049689441,0.903259361997226,1.00457875457875,0.972321428571429,0.887129380053908,0.975446428571429,0.487577639751553,0.80173564753004,1.0124530075188,0.914285714285714,1.04099935938501,0.968253968253968,1.00147275405007,0.934744268077601,1.02619047619048,1.01084990958409,0.96031746031746,0.931122448979592;19;19
Alm Maja Møller;EOC 2012 Middle Distance - FINAL-Women A-final;Denmark;2297;0.93314;239,50,231,91,80,190,31,57,83,351,40,237,142,97,75,156,85,29,33;0.921398684997011,0.905714285714286,0.805504019789734,0.861067503924647,0.972321428571429,0.98984962406015,1.00691244239631,0.983709273182957,1.03356282271945,0.876882376882377,0.914285714285714,0.979505726341169,0.981891348088531,1.00147275405007,1.00952380952381,0.986721611721612,0.939495798319328,0.894088669950739,0.79004329004329;19;19
Efimova Natalia;EOC 2012 Middle Distance - FINAL-Women A-final;Russia;2306;0.92950;253,50,212,86,86,194,29,53,84,330,45,249,145,106,79,166,85,26,28;0.870412196499153,0.905714285714286,0.877695417789757,0.911129568106312,0.904485049833887,0.969440353460972,1.07635467980296,1.05795148247978,1.02125850340136,0.932683982683983,0.812698412698413,0.932300631095812,0.961576354679803,0.91644204851752,0.958408679927667,0.927280550774527,0.939495798319328,0.997252747252747,0.931122448979592;19;19
Brodmann Ines;EOC 2012 Middle Distance - FINAL-Women A-final;Switzerland;2342;0.91521;229,49,193,95,77,202,31,147,86,345,35,243,145,102,71,154,82,27,29;0.961634435433562,0.924198250728863,0.964100666173205,0.824812030075188,1.01020408163265,0.931046676096181,1.00691244239631,0.381438289601555,0.997508305647841,0.892132505175983,1.04489795918367,0.955320399764844,0.961576354679803,0.952380952380952,1.06639839034205,0.999536178107607,0.973867595818815,0.96031746031746,0.899014778325123;19;19
Vinogradova Natalia;EOC 2012 Middle Distance - FINAL-Women A-final;Russia;2343;0.91482;250,48,210,90,83,196,36,64,87,349,50,248,141,110,81,167,83,24,26;0.880857142857143,0.943452380952381,0.886054421768708,0.870634920634921,0.937177280550775,0.959548104956268,0.867063492063492,0.876116071428571,0.986042692939245,0.881907490790012,0.731428571428571,0.936059907834101,0.988855116514691,0.883116883116883,0.934744268077601,0.921727972626176,0.962134251290878,1.08035714285714,1.00274725274725;19;19
Bobach Ida;EOC 2012 Middle Distance - FINAL-Women A-final;Denmark;2351;0.91171;216,47,222,80,101,220,34,58,91,329,42,257,166,109,87,155,82,28,27;1.01951058201058,0.963525835866261,0.838159588159588,0.979464285714286,0.77015558698727,0.85487012987013,0.918067226890756,0.966748768472906,0.942700156985871,0.935518888406426,0.870748299319728,0.903279599777654,0.839931153184165,0.891218872870249,0.870279146141215,0.993087557603687,0.973867595818815,0.926020408163265,0.965608465608466;19;19
Klingenberg Emma;EOC 2012 Middle Distance - FINAL-Women A-final;Denmark;2352;0.91132;256,50,209,80,89,186,37,65,102,351,37,237,148,118,90,162,81,27,27;0.860212053571429,0.905714285714286,0.890293916609706,0.979464285714286,0.873996789727127,1.01113671274962,0.843629343629344,0.862637362637363,0.841036414565826,0.876882376882377,0.988416988416988,0.979505726341169,0.942084942084942,0.823244552058111,0.841269841269841,0.950176366843033,0.985890652557319,0.96031746031746,0.965608465608466;19;19
Ward Claire;EOC 2012 Middle Distance - FINAL-Women A-final;Great Britain;2360;0.90823;261,60,213,84,91,212,32,64,109,304,42,238,139,100,89,173,91,28,30;0.843732895457033,0.754761904761905,0.873574782025486,0.932823129251701,0.854788069073783,0.887129380053908,0.975446428571429,0.876116071428571,0.787024901703801,1.0124530075188,0.870748299319728,0.975390156062425,1.00308324768756,0.971428571428571,0.850722311396469,0.889760528488852,0.877551020408163,0.926020408163265,0.869047619047619;19;19
Nyberg Irina;EOC 2012 Middle Distance - FINAL-Women A-final;Russia;2364;0.90670;254,54,206,92,80,218,38,60,90,343,43,249,147,111,86,152,83,26,32;0.866985376827897,0.838624338624339,0.903259361997226,0.851708074534162,0.972321428571429,0.862712975098296,0.821428571428572,0.93452380952381,0.953174603174603,0.897334443981674,0.850498338870432,0.932300631095812,0.948493683187561,0.875160875160875,0.880398671096345,1.01268796992481,0.962134251290878,0.997252747252747,0.814732142857143;19;19
Jenzer Sarina;EOC 2012 Middle Distance - FINAL-Women A-final;Switzerland;2373;0.90326;245,49,214,85,80,213,51,58,88,354,39,243,143,115,87,169,85,27,28;0.898833819241983,0.924198250728863,0.869492656875835,0.921848739495798,0.972321428571429,0.882964453386989,0.612044817927171,0.966748768472906,0.974837662337662,0.869451170298628,0.937728937728938,0.955320399764844,0.975024975024975,0.84472049689441,0.870279146141215,0.910819949281488,0.939495798319328,0.96031746031746,0.931122448979592;19;19
Volynska Nadiya;EOC 2012 Middle Distance - FINAL-Women A-final;Ukraine;2407;0.89050;256,53,198,91,87,207,45,62,96,354,44,251,151,101,96,175,85,29,26;0.860212053571429,0.8544474393531,0.93975468975469,0.861067503924647,0.894088669950739,0.90855762594893,0.693650793650794,0.904377880184332,0.893601190476191,0.869451170298628,0.831168831168831,0.924871940808196,0.923368022705771,0.961810466760962,0.788690476190476,0.879591836734694,0.939495798319328,0.894088669950739,1.00274725274725;19;19
Lüscher Sara;EOC 2012 Middle Distance - FINAL-Women A-final;Switzerland;2411;0.88902;232,44,228,84,96,207,35,84,103,335,42,265,150,101,87,174,90,26,28;0.949199507389163,1.02922077922078,0.816102756892231,0.932823129251701,0.810267857142857,0.90855762594893,0.891836734693878,0.667517006802721,0.832871012482663,0.918763326226013,0.870748299319728,0.876010781671159,0.929523809523809,0.961810466760962,0.870279146141215,0.884646962233169,0.887301587301587,0.997252747252747,0.931122448979592;19;19
Safka Brozkova Dana;EOC 2012 Middle Distance - FINAL-Women A-final;Czech republic;2423;0.88462;238,50,210,91,79,207,54,57,90,340,38,280,150,119,88,175,93,30,34;0.925270108043217,0.905714285714286,0.886054421768708,0.861067503924647,0.984629294755877,0.90855762594893,0.578042328042328,0.983709273182957,0.953174603174603,0.905252100840336,0.962406015037594,0.829081632653061,0.929523809523809,0.816326530612245,0.86038961038961,0.879591836734694,0.858678955453149,0.864285714285714,0.766806722689076;19;19
Strand Lina;EOC 2012 Middle Distance - FINAL-Women A-final;Sweden;2440;0.87845;252,59,203,81,84,227,80,56,86,343,41,260,159,107,78,170,95,29,30;0.873866213151927,0.767554479418886,0.916608022519353,0.967372134038801,0.926020408163265,0.828508495909377,0.390178571428571,1.00127551020408,0.997508305647841,0.897334443981674,0.89198606271777,0.892857142857143,0.876909254267745,0.907877169559413,0.970695970695971,0.905462184873949,0.840601503759399,0.894088669950739,0.869047619047619;19;19
Bagstevold Heidi Østlid;EOC 2012 Middle Distance - FINAL-Women A-final;Norway;2486;0.86220;236,54,331,84,82,200,37,60,108,332,44,256,151,102,94,167,87,29,32;0.933111380145279,0.838624338624339,0.562149331031506,0.932823129251701,0.948606271777004,0.940357142857143,0.843629343629344,0.93452380952381,0.794312169312169,0.927065404475043,0.831168831168831,0.906808035714286,0.923368022705771,0.952380952380952,0.805471124620061,0.921727972626176,0.917898193760263,0.894088669950739,0.814732142857143;19;19
Dambe Inga;EOC 2012 Middle Distance - FINAL-Women A-final;Latvia;2487;0.86185;221,54,219,76,79,203,38,134,91,371,36,288,152,122,87,167,88,29,32;0.996444731738849,0.838624338624339,0.849641226353555,1.03101503759399,0.984629294755877,0.926460239268121,0.821428571428572,0.418443496801706,0.942700156985871,0.829611089718906,1.01587301587302,0.806051587301587,0.917293233082707,0.796252927400468,0.870279146141215,0.921727972626176,0.907467532467533,0.894088669950739,0.814732142857143;19;19
Duchova Iveta;EOC 2012 Middle Distance - FINAL-Women A-final;Czech republic;2491;0.86047;241,52,213,98,81,219,75,97,107,346,38,253,151,106,90,184,87,27,26;0.913752222880854,0.870879120879121,0.873574782025486,0.799562682215743,0.96031746031746,0.858773646444879,0.416190476190476,0.578055964653903,0.80173564753004,0.889554087530966,0.962406015037594,0.917560700169396,0.923368022705771,0.91644204851752,0.841269841269841,0.836568322981366,0.917898193760263,0.96031746031746,1.00274725274725;19;19
Rybakovaité Kristina;EOC 2012 Middle Distance - FINAL-Women A-final;Lithuania;2496;0.85875;240,66,198,88,94,196,38,64,108,443,43,267,153,98,81,180,85,31,23;0.917559523809524,0.686147186147186,0.93975468975469,0.890422077922078,0.827507598784195,0.959548104956268,0.821428571428572,0.876116071428571,0.794312169312169,0.694775878748791,0.850498338870432,0.869448903156768,0.911297852474323,0.991253644314869,0.934744268077601,0.85515873015873,0.939495798319328,0.836405529953917,1.13354037267081;19;19
Steiwer Kine Hallan;EOC 2012 Middle Distance - FINAL-Women A-final;Norway;2501;0.85703;270,53,206,85,91,199,40,93,92,374,51,266,159,113,97,173,81,28,30;0.815608465608466,0.8544474393531,0.903259361997226,0.921848739495798,0.854788069073783,0.94508255563532,0.780357142857143,0.602918586789554,0.932453416149068,0.822956455309396,0.717086834733894,0.872717508055854,0.876909254267745,0.859671302149178,0.780559646539028,0.889760528488852,0.985890652557319,0.926020408163265,0.869047619047619;19;19
Kutkaite Aušriné;EOC 2012 Middle Distance - FINAL-Women A-final;Lithuania;2508;0.85464;250,47,285,90,91,201,36,65,98,339,45,285,148,120,88,174,86,28,32;0.880857142857143,0.963525835866261,0.652882205513785,0.870634920634921,0.854788069073783,0.935678749111585,0.867063492063492,0.862637362637363,0.87536443148688,0.907922461019806,0.812698412698413,0.81453634085213,0.942084942084942,0.80952380952381,0.86038961038961,0.884646962233169,0.928571428571429,0.926020408163265,0.814732142857143;19;19
Dodin Céline;EOC 2012 Middle Distance - FINAL-Women A-final;France;2508;0.85464;241,59,236,112,94,216,36,63,113,354,40,275,146,113,86,173,90,30,31;0.913752222880854,0.767554479418886,0.788438256658596,0.699617346938776,0.827507598784195,0.870701058201058,0.867063492063492,0.890022675736961,0.759165613147914,0.869451170298628,0.914285714285714,0.844155844155844,0.954990215264188,0.859671302149178,0.880398671096345,0.889760528488852,0.887301587301587,0.864285714285714,0.841013824884793;19;19
Niemi Venla;EOC 2012 Middle Distance - FINAL-Women A-final;Finland;2517;0.85158;243,48,360,83,83,207,33,89,89,312,40,267,153,110,80,172,91,29,28;0.906231628453851,0.943452380952381,0.516865079365079,0.944061962134251,0.937177280550775,0.90855762594893,0.945887445887446,0.630016051364366,0.963884430176565,0.986492673992674,0.914285714285714,0.869448903156768,0.911297852474323,0.883116883116883,0.946428571428571,0.894933554817276,0.877551020408163,0.894088669950739,0.931122448979592;19;19
Johansson Emma;EOC 2012 Middle Distance - FINAL-Women A-final;Sweden;2523;0.84956;259,48,204,90,83,210,36,61,130,398,44,263,155,115,89,184,91,31,32;0.850248207391065,0.943452380952381,0.912114845938375,0.870634920634921,0.937177280550775,0.895578231292517,0.867063492063492,0.9192037470726,0.65989010989011,0.773330940416368,0.831168831168831,0.882672460619229,0.899539170506912,0.84472049689441,0.850722311396469,0.836568322981366,0.877551020408163,0.836405529953917,0.814732142857143;19;19
Palmer Helen;EOC 2012 Middle Distance - FINAL-Women A-final;Great Britain;2528;0.84788;271,56,215,93,85,233,40,71,107,331,49,270,157,116,102,179,91,30,32;0.812598840274117,0.808673469387755,0.865448504983389,0.842549923195084,0.915126050420168,0.807173513182097,0.780357142857143,0.789738430583501,0.80173564753004,0.929866206301252,0.746355685131195,0.85978835978836,0.888080072793448,0.83743842364532,0.742296918767507,0.859936153232243,0.877551020408163,0.864285714285714,0.814732142857143;19;19
Ptašekaite Rasa;EOC 2012 Middle Distance - FINAL-Women A-final;Lithuania;2564;0.83597;249,55,225,109,90,220,39,63,98,354,47,268,177,135,91,186,94,32,32;0.884394721744119,0.823376623376623,0.826984126984127,0.718872870249017,0.864285714285714,0.85487012987013,0.8003663003663,0.890022675736961,0.87536443148688,0.869451170298628,0.778115501519757,0.866204690831556,0.78773204196933,0.71957671957672,0.832025117739403,0.827572964669739,0.849544072948328,0.810267857142857,0.814732142857143;19;19
Sundberg Karoliina;EOC 2012 Middle Distance - FINAL-Women A-final;Finland;2586;0.82886;253,50,230,91,122,224,39,65,98,359,41,278,168,114,91,201,98,30,34;0.870412196499153,0.905714285714286,0.809006211180124,0.861067503924647,0.637587822014052,0.839604591836735,0.8003663003663,0.862637362637363,0.87536443148688,0.857341822522881,0.89198606271777,0.835046248715313,0.829931972789116,0.852130325814536,0.832025117739403,0.765813788201848,0.814868804664723,0.864285714285714,0.766806722689076;19;19
Trubkina Anastasia;EOC 2012 Middle Distance - FINAL-Women A-final;Russia;2586;0.82886;254,58,215,91,95,219,36,64,123,382,41,274,164,125,95,188,96,32,34;0.866985376827897,0.780788177339901,0.865448504983389,0.861067503924647,0.818796992481203,0.858773646444879,0.867063492063492,0.876116071428571,0.697444831591173,0.805721765145849,0.89198606271777,0.847236704900938,0.850174216027874,0.777142857142857,0.796992481203007,0.818768996960486,0.831845238095238,0.810267857142857,0.766806722689076;19;19
Klinting Signe;EOC 2012 Middle Distance - FINAL-Women A-final;Denmark;2596;0.82567;273,53,250,87,89,217,37,61,107,383,42,277,162,111,88,193,100,32,34;0.806645735217164,0.8544474393531,0.744285714285714,0.900656814449918,0.873996789727127,0.866688610928242,0.843629343629344,0.9192037470726,0.80173564753004,0.803618052965311,0.870748299319728,0.838060856111398,0.860670194003527,0.875160875160875,0.86038961038961,0.797557364914878,0.798571428571429,0.810267857142857,0.766806722689076;19;19
Denisova Anastasia;EOC 2012 Middle Distance - FINAL-Women A-final;Belarus;2600;0.82440;262,56,239,93,90,213,34,62,116,349,42,285,178,120,117,205,85,26,28;0.84051254089422,0.808673469387755,0.778541542139869,0.842549923195084,0.864285714285714,0.882964453386989,0.918067226890756,0.904377880184332,0.739532019704433,0.881907490790012,0.870748299319728,0.81453634085213,0.78330658105939,0.80952380952381,0.647130647130647,0.750871080139373,0.939495798319328,0.997252747252747,0.931122448979592;19;19
Gomzyk Omova Michaela;EOC 2012 Middle Distance - FINAL-Women A-final;Czech republic;2608;0.82187;245,55,198,93,87,205,35,230,97,357,39,258,164,108,74,223,81,28,31;0.898833819241983,0.823376623376623,0.93975468975469,0.842549923195084,0.894088669950739,0.917421602787457,0.891836734693878,0.243788819875776,0.88438880706922,0.862144857943177,0.937728937728938,0.899778516057586,0.850174216027874,0.899470899470899,1.02316602316602,0.69026265214606,0.985890652557319,0.926020408163265,0.841013824884793;19;19
Chataing Amélie;EOC 2012 Middle Distance - FINAL-Women A-final;France;2628;0.81561;290,53,319,86,84,222,34,65,113,368,46,260,153,106,91,178,98,30,32;0.75935960591133,0.8544474393531,0.583296014330497,0.911129568106312,0.926020408163265,0.847168597168597,0.918067226890756,0.862637362637363,0.759165613147914,0.836374223602484,0.795031055900621,0.892857142857143,0.911297852474323,0.91644204851752,0.832025117739403,0.864767255216693,0.814868804664723,0.864285714285714,0.814732142857143;19;19
Kinni Saila;EOC 2012 Middle Distance - FINAL-Women A-final;Finland;2644;0.81068;253,50,215,92,107,228,36,130,102,390,51,264,170,114,89,189,97,33,34;0.870412196499153,0.905714285714286,0.865448504983389,0.851708074534162,0.726969292389853,0.824874686716792,0.867063492063492,0.431318681318681,0.841036414565826,0.789194139194139,0.717086834733894,0.879329004329004,0.820168067226891,0.852130325814536,0.850722311396469,0.814436885865457,0.823269513991164,0.785714285714286,0.766806722689076;19;19
Bochenkova Ivana;EOC 2012 Middle Distance - FINAL-Women A-final;Czech republic;2653;0.80793;260,51,219,86,88,214,42,62,140,411,44,298,169,127,93,186,98,30,35;0.846978021978022,0.887955182072829,0.849641226353555,0.911129568106312,0.883928571428572,0.878838451268358,0.743197278911565,0.904377880184332,0.612755102040816,0.748870351060132,0.831168831168831,0.779002876318313,0.82502113271344,0.764904386951631,0.814132104454685,0.827572964669739,0.814868804664723,0.864285714285714,0.744897959183674;19;19
Kirchlechner Christine;EOC 2012 Middle Distance - FINAL-Women A-final;Italy;2671;0.80248;241,48,214,94,86,227,91,86,125,383,47,265,162,143,91,202,102,29,35;0.913752222880854,0.943452380952381,0.869492656875835,0.833586626139818,0.904485049833887,0.828508495909377,0.343014128728414,0.651993355481728,0.686285714285714,0.803618052965311,0.778115501519757,0.876010781671159,0.860670194003527,0.679320679320679,0.832025117739403,0.762022630834512,0.782913165266106,0.894088669950739,0.744897959183674;19;19
Feer Isabelle;EOC 2012 Middle Distance - FINAL-Women A-final;Switzerland;2692;0.79622;243,45,203,100,80,199,35,101,232,393,42,251,170,105,79,275,81,27,31;0.906231628453851,1.00634920634921,0.916608022519353,0.783571428571429,0.972321428571429,0.94508255563532,0.891836734693878,0.555162659123055,0.369766009852217,0.783169756452199,0.870748299319728,0.924871940808196,0.820168067226891,0.925170068027211,0.958408679927667,0.55974025974026,0.985890652557319,0.96031746031746,0.841013824884793;19;19
Paužaite Sandra;EOC 2012 Middle Distance - FINAL-Women A-final;Lithuania;2713;0.79006;262,53,225,96,95,238,38,147,108,396,46,271,164,110,96,203,99,31,35;0.84051254089422,0.8544474393531,0.826984126984127,0.816220238095238,0.818796992481203,0.790216086434574,0.821428571428572,0.381438289601555,0.794312169312169,0.777236652236652,0.795031055900621,0.856615709014233,0.850174216027874,0.883116883116883,0.788690476190476,0.758268824771288,0.806637806637807,0.836405529953917,0.744897959183674;19;19
Valaite Indre;EOC 2012 Middle Distance - FINAL-Women A-final;Lithuania;2767;0.77464;258,57,235,98,95,253,39,81,109,429,42,277,179,116,103,233,93,32,38;0.853543743078627,0.794486215538847,0.791793313069909,0.799562682215743,0.818796992481203,0.743365330321852,0.8003663003663,0.692239858906526,0.787024901703801,0.717449217449217,0.870748299319728,0.838060856111398,0.778930566640064,0.83743842364532,0.735090152565881,0.660637645616186,0.858678955453149,0.810267857142857,0.68609022556391;19;19
Bjørgul Ida Marie Næss;EOC 2012 Middle Distance - FINAL-Women A-final;Norway;2780;0.77102;408,48,255,120,95,216,35,67,97,467,41,256,154,110,91,178,88,27,27;0.539740896358543,0.943452380952381,0.7296918767507,0.65297619047619,0.818796992481203,0.870701058201058,0.891836734693878,0.836886993603411,0.88438880706922,0.659070052003671,0.89198606271777,0.906808035714286,0.905380333951762,0.883116883116883,0.832025117739403,0.864767255216693,0.907467532467533,0.96031746031746,0.965608465608466;19;19
Rebane Kirti;EOC 2012 Middle Distance - FINAL-Women A-final;Estonia;2859;0.74971;290,63,297,113,92,224,39,97,114,418,47,275,164,112,105,196,145,31,37;0.75935960591133,0.718820861678005,0.626503126503127,0.693426042983565,0.845496894409938,0.839604591836735,0.8003663003663,0.578055964653903,0.75250626566416,0.736329460013671,0.778115501519757,0.844155844155844,0.850174216027874,0.86734693877551,0.72108843537415,0.785349854227405,0.550738916256158,0.836405529953917,0.704633204633205;19;19
Sluta Olga;EOC 2012 Middle Distance - FINAL-Women A-final;Ukraine;2863;0.74867;276,55,312,102,107,244,39,136,124,387,45,281,187,111,116,178,97,31,35;0.79787784679089,0.823376623376623,0.596382783882784,0.768207282913165,0.726969292389853,0.770784543325527,0.8003663003663,0.412289915966387,0.691820276497696,0.7953119232189,0.812698412698413,0.826131164209456,0.745607333842628,0.875160875160875,0.652709359605911,0.864767255216693,0.823269513991164,0.836405529953917,0.744897959183674;19;19
D`Harreville Karine;EOC 2012 Middle Distance - FINAL-Women A-final;France;3019;0.70998;260,57,240,94,117,227,41,240,106,369,44,334,182,135,196,197,107,33,40;0.846978021978022,0.794486215538847,0.775297619047619,0.833586626139818,0.664835164835165,0.828508495909377,0.761324041811847,0.233630952380952,0.809299191374663,0.834107626790554,0.831168831168831,0.695038494439692,0.766091051805337,0.71957671957672,0.386297376093294,0.781363306744017,0.746328437917223,0.785714285714286,0.651785714285714;19;19
Vercellotti Léa;EOC 2012 Middle Distance - FINAL-Women B-final;France;2494;1.01254;282,111,111,78,211,198,84,214,169,367,47,181,85,195,94,31,36;1.07446808510638,0.931788931788932,1.02187902187902,1.09157509157509,0.988490182802979,1.05772005772006,1.02210884353742,0.962616822429907,0.995773457311919,0.976255352277151,0.966565349544073,1.01657458563536,1.08571428571429,1.06593406593407,0.986322188449848,0.967741935483871,0.876984126984127;17;17
Kadan Ursula;EOC 2012 Middle Distance - FINAL-Women B-final;Austria;2630;0.96018;339,102,109,135,204,183,91,283,161,350,43,176,91,216,89,30,28;0.893805309734513,1.0140056022409,1.04062909567497,0.630687830687831,1.02240896358543,1.14441842310695,0.943485086342229,0.72791519434629,1.0452528837622,1.02367346938776,1.05647840531561,1.04545454545455,1.01412872841444,0.962301587301587,1.04173354735152,1,1.12755102040816;17;17
Shandurkova Iliana;EOC 2012 Middle Distance - FINAL-Women B-final;Bulgaria;2707;0.93287;320,114,117,82,214,219,111,222,176,369,49,195,99,244,105,34,37;0.946875,0.907268170426065,0.969474969474969,1.0383275261324,0.974632843791722,0.956294846705806,0.773487773487774,0.927927927927928,0.956168831168831,0.970963995354239,0.927113702623907,0.943589743589744,0.932178932178932,0.851873536299766,0.882993197278911,0.882352941176471,0.853281853281853;17;17
Kundisch Sieglinde;EOC 2012 Middle Distance - FINAL-Women B-final;Germany;2714;0.93047;287,98,111,77,189,265,84,191,279,432,69,176,89,204,97,31,35;1.05574912891986,1.05539358600583,1.02187902187902,1.10575139146568,1.10355253212396,0.790296495956873,1.02210884353742,1.07853403141361,0.603174603174603,0.829365079365079,0.658385093167702,1.04545454545455,1.03691813804173,1.01890756302521,0.955817378497791,0.967741935483871,0.902040816326531;17;17
Brandi Adrienne;EOC 2012 Middle Distance - FINAL-Women B-final;Italy;2773;0.91067;354,126,115,91,221,206,85,203,198,375,48,216,104,257,107,33,34;0.855932203389831,0.820861678004535,0.986335403726708,0.93563579277865,0.943762120232709,1.01664355062413,1.01008403361345,1.01477832512315,0.84992784992785,0.955428571428571,0.946428571428572,0.851851851851852,0.887362637362637,0.808782657031684,0.86648865153538,0.909090909090909,0.928571428571429;17;17
Arbter Anja;EOC 2012 Middle Distance - FINAL-Women B-final;Austria;2776;0.90969;291,109,121,109,257,227,94,249,171,367,51,207,99,256,101,36,31;1.04123711340206,0.948885976408912,0.937426210153483,0.781127129750983,0.811561978877154,0.922592825676526,0.913373860182371,0.827309236947791,0.984126984126984,0.976255352277151,0.890756302521008,0.888888888888889,0.932178932178932,0.811941964285714,0.917963224893918,0.833333333333333,1.0184331797235;17;17
Saeger Samantha;EOC 2012 Middle Distance - FINAL-Women B-final;United States;2797;0.90286;317,149,127,119,231,218,86,220,269,375,46,188,96,197,95,30,34;0.95583596214511,0.694151486097795,0.893138357705287,0.715486194477791,0.902906617192332,0.960681520314548,0.998338870431894,0.936363636363636,0.625597450876261,0.955428571428571,0.987577639751553,0.978723404255319,0.961309523809524,1.05511240029007,0.97593984962406,1,0.928571428571429;17;17
Elstner Elisa;EOC 2012 Middle Distance - FINAL-Women B-final;Austria;2809;0.89900;368,103,113,154,226,239,101,223,175,383,53,204,90,216,95,33,33;0.823369565217391,1.00416088765603,1.00379266750948,0.552875695732839,0.922882427307206,0.876270173341303,0.85007072135785,0.923766816143498,0.961632653061224,0.935471838866095,0.857142857142857,0.901960784313726,1.02539682539683,0.962301587301587,0.97593984962406,0.909090909090909,0.956709956709957;17;17
Butt Lucy;EOC 2012 Middle Distance - FINAL-Women B-final;Great Britain;2856;0.88420;339,106,125,132,272,219,131,214,162,375,46,202,103,254,105,34,37;0.893805309734513,0.975741239892183,0.907428571428571,0.645021645021645,0.766806722689076,0.956294846705806,0.655398037077426,0.962616822429907,1.03880070546737,0.955428571428571,0.987577639751553,0.910891089108911,0.895977808599168,0.818335208098988,0.882993197278911,0.882352941176471,0.853281853281853;17;17
Rieznychenko Olga;EOC 2012 Middle Distance - FINAL-Women B-final;Ukraine;2863;0.88204;362,106,126,99,230,254,93,232,186,373,51,205,113,238,103,50,42;0.837016574585635,0.975741239892183,0.900226757369615,0.86002886002886,0.906832298136646,0.824521934758155,0.923195084485407,0.887931034482759,0.904761904761905,0.960551512830333,0.890756302521008,0.897560975609756,0.816687737041719,0.873349339735894,0.900138696255201,0.6,0.751700680272109;17;17
Tröße Christiane;EOC 2012 Middle Distance - FINAL-Women B-final;Germany;2864;0.88173;319,124,121,142,239,234,106,302,173,369,49,210,97,216,100,31,32;0.949843260188088,0.834101382488479,0.937426210153483,0.599597585513078,0.872683801554095,0.894993894993895,0.809973045822102,0.682119205298013,0.972749793559042,0.970963995354239,0.927113702623907,0.876190476190476,0.95139911634757,0.962301587301587,0.927142857142857,0.967741935483871,0.986607142857143;17;17
Fenyvesi Laura;EOC 2012 Middle Distance - FINAL-Women B-final;Hungary;2869;0.88020;321,128,132,137,229,251,92,283,169,355,42,210,102,248,103,34,33;0.94392523364486,0.808035714285714,0.859307359307359,0.62148070907195,0.910792264504055,0.834376778599886,0.933229813664596,0.72791519434629,0.995773457311919,1.0092555331992,1.08163265306122,0.876190476190476,0.904761904761905,0.838133640552995,0.900138696255201,0.882352941176471,0.956709956709957;17;17
Scalet Carlotta;EOC 2012 Middle Distance - FINAL-Women B-final;Italy;2886;0.87501;388,104,118,85,195,255,89,194,278,434,67,181,113,220,97,33,35;0.780927835051546,0.994505494505495,0.961259079903148,1.00168067226891,1.06959706959707,0.821288515406162,0.964686998394864,1.06185567010309,0.605344295991778,0.825543120473996,0.678038379530917,1.01657458563536,0.816687737041719,0.944805194805195,0.955817378497791,0.909090909090909,0.902040816326531;17;17
Danylova Anastasiia;EOC 2012 Middle Distance - FINAL-Women B-final;Ukraine;2890;0.87380;305,105,219,245,245,223,92,210,183,331,49,191,103,211,105,34,39;0.99344262295082,0.985034013605442,0.517938682322244,0.347521865889213,0.85131195335277,0.939141575912876,0.933229813664596,0.980952380952381,0.919594067135051,1.08243418213207,0.927113702623907,0.963350785340314,0.895977808599168,0.985104942450914,0.882993197278911,0.882352941176471,0.80952380952381;17;17
Klopovskaya Anastasia;EOC 2012 Middle Distance - FINAL-Women B-final;Belarus;2897;0.87169;327,118,129,164,249,253,85,216,196,388,46,236,100,219,105,32,34;0.926605504587156,0.876513317191283,0.879291251384275,0.519163763066202,0.837636259323006,0.827780914737436,1.01008403361345,0.953703703703704,0.858600583090379,0.923416789396171,0.987577639751553,0.779661016949153,0.922857142857143,0.949119373776908,0.882993197278911,0.9375,0.928571428571429;17;17
O´boyle Niamh;EOC 2012 Middle Distance - FINAL-Women B-final;Ireland;2900;0.87079;400,121,125,91,227,225,104,233,194,387,50,243,108,223,102,33,34;0.7575,0.854781582054309,0.907428571428571,0.93563579277865,0.91881686595343,0.930793650793651,0.825549450549451,0.88412017167382,0.867452135493373,0.925802879291251,0.908571428571429,0.757201646090535,0.854497354497355,0.932094811018578,0.908963585434174,0.909090909090909,0.928571428571429;17;17
Bridle Helen;EOC 2012 Middle Distance - FINAL-Women B-final;Great Britain;2930;0.86187;344,113,128,128,235,276,118,237,192,383,53,206,98,234,108,34,43;0.880813953488372,0.915297092288243,0.886160714285714,0.665178571428571,0.887537993920973,0.75879917184265,0.727602905569007,0.869198312236287,0.876488095238095,0.935471838866095,0.857142857142857,0.893203883495146,0.941690962099125,0.888278388278388,0.858465608465608,0.882352941176471,0.73421926910299;17;17
Ramstein Laura;EOC 2012 Middle Distance - FINAL-Women B-final;Austria;2931;0.86158;333,121,122,95,244,297,163,233,190,373,55,215,104,223,98,32,33;0.90990990990991,0.854781582054309,0.929742388758782,0.896240601503759,0.85480093676815,0.705146705146705,0.526730937773883,0.88412017167382,0.885714285714286,0.960551512830333,0.825974025974026,0.855813953488372,0.887362637362637,0.932094811018578,0.946064139941691,0.9375,0.956709956709957;17;17
Potapenko Anastasia;EOC 2012 Middle Distance - FINAL-Women B-final;Russia;3047;0.82878;333,136,149,92,261,278,109,306,225,401,59,209,123,222,83,30,31;0.90990990990991,0.760504201680672,0.761265580057526,0.925465838509317,0.79912424740011,0.753340184994861,0.787680209698558,0.673202614379085,0.747936507936508,0.893480584253652,0.76997578692494,0.880382775119617,0.750290360046458,0.936293436293436,1.1170395869191,1,1.0184331797235;17;17
Gardner Heather;EOC 2012 Middle Distance - FINAL-Women B-final;Great Britain;3064;0.82418;487,117,133,96,245,285,97,254,179,388,55,225,102,221,100,37,43;0.62217659137577,0.884004884004884,0.852846401718582,0.886904761904762,0.85131195335277,0.73483709273183,0.885125184094256,0.811023622047244,0.940143655227454,0.923416789396171,0.825974025974026,0.817777777777778,0.904761904761905,0.940530058177117,0.927142857142857,0.810810810810811,0.73421926910299;17;17
Tomash Daryna;EOC 2012 Middle Distance - FINAL-Women B-final;Ukraine;3252;0.77653;361,131,128,95,242,543,88,242,173,379,49,216,111,315,107,34,38;0.839335180055402,0.789531079607416,0.886160714285714,0.896240601503759,0.861865407319953,0.385687976848198,0.975649350649351,0.851239669421488,0.972749793559042,0.945344892574444,0.927113702623907,0.851851851851852,0.831402831402831,0.659863945578231,0.86648865153538,0.882352941176471,0.830827067669173;17;17
Hussey Rosalind;EOC 2012 Middle Distance - FINAL-Women B-final;Ireland;3384;0.74624;370,122,131,187,366,327,131,261,209,491,99,195,114,221,96,31,33;0.818918918918919,0.847775175644028,0.865866957470011,0.455309396485867,0.569867291178767,0.640454346876365,0.655398037077426,0.789272030651341,0.805194805194805,0.729706139074775,0.458874458874459,0.943589743589744,0.80952380952381,0.940530058177117,0.965773809523809,0.967741935483871,0.956709956709957;17;17
Günaydin Selvihan;EOC 2012 Middle Distance - FINAL-Women B-final;Turkey;3567;0.70796;520,131,145,105,292,378,168,256,201,433,66,267,123,285,118,38,41;0.582692307692308,0.789531079607416,0.782266009852217,0.810884353741497,0.714285714285714,0.554043839758125,0.511054421768708,0.8046875,0.837242359630419,0.827449686572088,0.688311688311688,0.689138576779026,0.750290360046458,0.729323308270677,0.785714285714286,0.789473684210526,0.770034843205575;17;17
Ruul Sigrid;EOC 2012 Middle Distance - FINAL-Women B-final;Estonia;3574;0.70657;394,137,164,231,291,278,157,336,265,420,55,253,116,291,103,34,49;0.769035532994924,0.754953076120959,0.691637630662021,0.368583797155226,0.71674030436917,0.753340184994861,0.546860782529572,0.613095238095238,0.635040431266846,0.853061224489796,0.825974025974026,0.727272727272727,0.795566502463054,0.714285714285714,0.900138696255201,0.882352941176471,0.644314868804665;17;17
Cin Tugba;EOC 2012 Middle Distance - FINAL-Women B-final;Turkey;3595;0.70244;647,131,263,95,427,250,103,246,196,386,51,217,110,302,104,32,35;0.468315301391036,0.789531079607416,0.431287343834872,0.896240601503759,0.488457678153229,0.837714285714286,0.833564493758669,0.83739837398374,0.858600583090379,0.92820133234641,0.890756302521008,0.847926267281106,0.838961038961039,0.688268684957427,0.891483516483516,0.9375,0.902040816326531;17;17
Bertóti Regina;EOC 2012 Middle Distance - FINAL-Women B-final;Hungary;3614;0.69875;377,126,137,105,232,809,89,252,317,374,48,215,103,246,123,27,34;0.803713527851459,0.820861678004535,0.827945776850886,0.810884353741497,0.899014778325123,0.258873388663253,0.964686998394864,0.817460317460317,0.530869761153673,0.957983193277311,0.946428571428572,0.855813953488372,0.895977808599168,0.844947735191638,0.753774680603949,1.11111111111111,0.928571428571429;17;17
Üzen Sengül;EOC 2012 Middle Distance - FINAL-Women B-final;Turkey;3975;0.63529;452,141,171,134,449,411,131,317,285,494,70,252,147,321,116,44,40;0.670353982300885,0.733535967578521,0.663324979114453,0.635394456289979,0.464524339802736,0.509558567952728,0.655398037077426,0.649842271293375,0.59047619047619,0.725274725274725,0.648979591836735,0.73015873015873,0.62779397473275,0.647530040053405,0.799261083743842,0.681818181818182,0.789285714285714;17;17
