Lundanes Olav;EOC 2012 Long Distance - FINAL-Men A-final;Norway;5263;0.98887;145,48,376,61,470,362,101,372,58,216,94,100,80,94,73,60,42,59,436,147,49,490,234,84,186,106,152,79,58,106,62,64,181,18;1.04597701149425,1.00520833333333,0.992686170212766,1.05737704918033,1.01507092198582,1.02831491712707,0.99009900990099,1.02710573476702,1.02298850574713,1.03202160493827,0.970744680851064,0.580833333333333,0.513541666666667,0.690602836879433,1.06278538812785,0.970833333333333,0.994047619047619,1.06073446327684,0.955275229357798,1.02891156462585,1.05612244897959,0.98078231292517,0.998931623931624,1.02083333333333,0.982974910394265,1.0062893081761,1.04276315789474,1.03481012658228,1.11637931034483,1.0377358490566,0.93010752688172,0.981770833333333,1.05939226519337,1.18055555555556;34;34
Merz Matthias;EOC 2012 Long Distance - FINAL-Men A-final;Switzerland;5328;0.97680;151,49,381,66,474,413,97,391,61,214,88,102,85,103,81,55,45,67,410,152,50,466,234,84,185,103,153,81,65,105,57,61,178,21;1.00441501103753,0.98469387755102,0.979658792650919,0.977272727272727,1.00650492264416,0.901331719128329,1.03092783505155,0.977195225916453,0.972677595628415,1.04166666666667,1.03693181818182,0.569444444444444,0.483333333333333,0.630258899676375,0.957818930041152,1.05909090909091,0.927777777777778,0.93407960199005,1.01585365853659,0.995065789473684,1.035,1.03129470672389,0.998931623931624,1.02083333333333,0.988288288288288,1.03559870550162,1.0359477124183,1.00925925925926,0.996153846153846,1.04761904761905,1.01169590643275,1.03005464480874,1.07724719101124,1.01190476190476;34;34
Novikov Valentin;EOC 2012 Long Distance - FINAL-Men A-final;Russia;5353;0.97224;159,49,384,64,456,371,96,367,62,217,94,101,87,104,80,55,40,61,416,152,53,505,230,86,178,109,170,87,73,111,55,61,200,20;0.953878406708595,0.98469387755102,0.972005208333333,1.0078125,1.04623538011696,1.0033692722372,1.04166666666667,1.04109900090827,0.956989247311828,1.02726574500768,0.970744680851064,0.575082508250825,0.472222222222222,0.624198717948718,0.969791666666667,1.05909090909091,1.04375,1.02595628415301,1.00120192307692,0.995065789473684,0.976415094339623,0.951650165016502,1.01630434782609,0.997093023255814,1.02715355805243,0.978593272171254,0.932352941176471,0.939655172413793,0.886986301369863,0.990990990990991,1.04848484848485,1.03005464480874,0.95875,1.0625;34;34
Nordberg Anders;EOC 2012 Long Distance - FINAL-Men A-final;Norway;5409;0.96218;154,49,389,66,469,366,130,395,58,229,94,103,89,100,71,53,40,66,413,159,56,488,225,86,188,113,160,77,68,117,55,61,195,27;0.984848484848485,0.98469387755102,0.959511568123393,0.977272727272727,1.01723525230988,1.01707650273224,0.769230769230769,0.967299578059072,1.02298850574713,0.973435225618632,0.970744680851064,0.563915857605178,0.461610486891386,0.649166666666667,1.09272300469484,1.09905660377358,1.04375,0.948232323232323,1.00847457627119,0.95125786163522,0.924107142857143,0.984801912568306,1.03888888888889,0.997093023255814,0.972517730496454,0.943952802359882,0.990625,1.06168831168831,0.952205882352941,0.94017094017094,1.04848484848485,1.03005464480874,0.983333333333333,0.787037037037037;34;34
Lauenstein Marc;EOC 2012 Long Distance - FINAL-Men A-final;Switzerland;5452;0.95459;182,49,409,66,479,388,129,411,63,239,93,114,82,101,75,57,38,61,408,158,50,471,235,83,178,107,151,81,62,103,54,67,185,23;0.833333333333333,0.98469387755102,0.912591687041565,0.977272727272727,0.995998608211552,0.959407216494845,0.775193798449612,0.929643146796431,0.941798941798942,0.932705718270572,0.981182795698925,0.509502923976608,0.501016260162602,0.642739273927393,1.03444444444444,1.0219298245614,1.09868421052632,1.02595628415301,1.02083333333333,0.957278481012658,1.035,1.02034677990092,0.99468085106383,1.03313253012048,1.02715355805243,0.996884735202492,1.04966887417219,1.00925925925926,1.04435483870968,1.06796116504854,1.0679012345679,0.937810945273632,1.03648648648649,0.923913043478261;34;34
Kratov Oleksandr;EOC 2012 Long Distance - FINAL-Men A-final;Ukraine;5561;0.93588;154,51,393,65,477,381,138,415,63,226,88,56,42,64,94,108,79,111,418,154,57,497,236,88,194,111,163,90,76,111,63,66,209,23;0.984848484848485,0.946078431372549,0.949745547073791,0.992307692307692,1.00017470300489,0.977034120734908,0.72463768115942,0.920682730923695,0.941798941798942,0.986356932153392,1.03693181818182,1.03720238095238,0.978174603174603,1.01432291666667,0.825354609929078,0.539351851851852,0.528481012658228,0.563813813813814,0.996411483253589,0.982142857142857,0.907894736842105,0.966968477531858,0.990466101694915,0.974431818181818,0.942439862542955,0.960960960960961,0.97239263803681,0.908333333333333,0.851973684210526,0.990990990990991,0.915343915343915,0.952020202020202,0.917464114832536,0.923913043478261;34;34
Adamski Philippe;EOC 2012 Long Distance - FINAL-Men A-final;France;5577;0.93319;163,49,415,67,502,390,100,373,70,237,101,121,94,111,77,65,47,65,413,158,52,501,241,91,177,107,152,87,75,118,59,72,205,22;0.930470347648262,0.98469387755102,0.899397590361446,0.962686567164179,0.950365205843293,0.95448717948718,1,1.02435210008937,0.847619047619048,0.940576652601969,0.903465346534653,0.480027548209366,0.437056737588652,0.584834834834835,1.00757575757576,0.896153846153846,0.888297872340426,0.962820512820513,1.00847457627119,0.957278481012658,0.995192307692308,0.959248170326015,0.969917012448133,0.942307692307692,1.03295668549906,0.996884735202492,1.04276315789474,0.939655172413793,0.863333333333333,0.932203389830508,0.977401129943503,0.872685185185185,0.935365853658537,0.965909090909091;34;34
Tsvetkov Dmitry;EOC 2012 Long Distance - FINAL-Men A-final;Russia;5579;0.93286;157,48,398,65,490,380,148,457,74,228,89,71,40,60,87,90,71,119,444,155,63,485,226,87,186,110,154,83,66,124,55,59,188,22;0.966029723991507,1.00520833333333,0.937814070351759,0.992307692307692,0.973639455782313,0.979605263157895,0.675675675675676,0.836068563092633,0.801801801801802,0.977704678362573,1.0252808988764,0.818075117370892,1.02708333333333,1.08194444444444,0.89176245210728,0.647222222222222,0.588028169014085,0.525910364145658,0.938063063063063,0.975806451612903,0.821428571428571,0.990893470790378,1.03429203539823,0.985632183908046,0.982974910394265,0.96969696969697,1.02922077922078,0.984939759036145,0.981060606060606,0.887096774193548,1.04848484848485,1.06497175141243,1.01994680851064,0.965909090909091;34;34
Omdal Hans Gunnar;EOC 2012 Long Distance - FINAL-Men A-final;Norway;5601;0.92919;164,53,396,64,487,376,141,385,63,231,96,112,92,110,78,66,45,69,413,160,57,469,260,88,194,116,178,83,68,115,60,79,206,27;0.92479674796748,0.910377358490566,0.942550505050505,1.0078125,0.979637234770705,0.990026595744681,0.709219858156028,0.992424242424242,0.941798941798942,0.965007215007215,0.950520833333333,0.51860119047619,0.446557971014493,0.590151515151515,0.99465811965812,0.882575757575758,0.927777777777778,0.907004830917874,1.00847457627119,0.9453125,0.907894736842105,1.02469793887704,0.899038461538462,0.974431818181818,0.942439862542955,0.919540229885057,0.890449438202247,0.984939759036145,0.952205882352941,0.956521739130435,0.961111111111111,0.79535864978903,0.930825242718447,0.787037037037037;34;34
Tranchand Frédéric;EOC 2012 Long Distance - FINAL-Men A-final;France;5622;0.92572;195,51,374,72,532,372,109,383,64,234,97,122,82,108,82,53,41,55,466,173,52,473,254,86,196,106,174,87,62,113,64,68,199,23;0.777777777777778,0.946078431372549,0.997994652406417,0.895833333333333,0.896773182957393,1.00067204301075,0.917431192660551,0.997606614447345,0.927083333333333,0.952635327635328,0.940721649484536,0.476092896174863,0.501016260162602,0.60108024691358,0.946138211382114,1.09905660377358,1.01829268292683,1.13787878787879,0.893776824034335,0.874277456647399,0.995192307692308,1.01603241719521,0.920275590551181,0.997093023255814,0.932823129251701,1.0062893081761,0.910919540229885,0.939655172413793,1.04435483870968,0.973451327433628,0.901041666666667,0.924019607843137,0.96356783919598,0.923913043478261;34;34
Sirmais Martins;EOC 2012 Long Distance - FINAL-Men A-final;Latvia;5639;0.92293;166,53,384,69,484,382,118,398,59,224,89,103,95,105,80,64,43,70,480,162,53,467,274,91,178,109,164,88,74,138,66,75,213,21;0.913654618473896,0.910377358490566,0.972005208333333,0.934782608695652,0.985709366391185,0.974476439790576,0.847457627118644,0.96000837520938,1.00564971751412,0.99516369047619,1.0252808988764,0.563915857605178,0.432456140350877,0.618253968253968,0.969791666666667,0.91015625,0.970930232558139,0.894047619047619,0.867708333333333,0.933641975308642,0.976415094339623,1.0290863668808,0.853102189781022,0.942307692307692,1.02715355805243,0.978593272171254,0.966463414634146,0.928977272727273,0.875,0.797101449275362,0.873737373737374,0.837777777777778,0.900234741784038,1.01190476190476;34;34
Sedivy Jan;EOC 2012 Long Distance - FINAL-Men A-final;Czech republic;5646;0.92179;248,54,391,69,495,401,103,388,70,218,99,75,41,70,88,102,78,97,440,156,83,482,238,97,187,108,170,79,62,122,65,60,185,25;0.611559139784946,0.893518518518518,0.95460358056266,0.934782608695652,0.963804713804714,0.928304239401496,0.970873786407767,0.984750859106529,0.847619047619048,1.02255351681957,0.921717171717172,0.774444444444444,1.0020325203252,0.927380952380952,0.881628787878788,0.571078431372549,0.53525641025641,0.645189003436426,0.946590909090909,0.969551282051282,0.623493975903614,0.997060857538036,0.982142857142857,0.884020618556701,0.977718360071301,0.987654320987654,0.932352941176471,1.03481012658228,1.04435483870968,0.901639344262295,0.887179487179487,1.04722222222222,1.03648648648649,0.85;34;34
Lakanen Jani;EOC 2012 Long Distance - FINAL-Men A-final;Finland;5651;0.92097;159,53,411,69,490,376,143,393,61,234,100,116,94,116,80,57,40,61,427,167,61,488,253,88,202,120,169,83,71,109,70,65,201,24;0.953878406708595,0.910377358490566,0.908150851581509,0.934782608695652,0.973639455782313,0.990026595744681,0.699300699300699,0.972222222222222,0.972677595628415,0.952635327635328,0.9125,0.500718390804598,0.437056737588652,0.559626436781609,0.969791666666667,1.0219298245614,1.04375,1.02595628415301,0.975409836065574,0.905688622754491,0.848360655737705,0.984801912568306,0.923913043478261,0.974431818181818,0.905115511551155,0.888888888888889,0.937869822485207,0.984939759036145,0.911971830985915,1.00917431192661,0.823809523809524,0.966666666666667,0.953980099502488,0.885416666666667;34;34
Kerschbaumer Gernot;EOC 2012 Long Distance - FINAL-Men A-final;Austria;5653;0.92065;157,54,381,69,492,393,107,415,61,248,100,64,44,64,96,104,80,112,493,154,56,491,237,88,189,106,167,89,73,113,58,68,207,23;0.966029723991507,0.893518518518518,0.979658792650919,0.934782608695652,0.969681571815718,0.947201017811705,0.934579439252336,0.920682730923695,0.972677595628415,0.89885752688172,0.9125,0.907552083333333,0.933712121212121,1.01432291666667,0.808159722222222,0.560096153846154,0.521875,0.558779761904762,0.844827586206897,0.982142857142857,0.924107142857143,0.978784792939579,0.986286919831224,0.974431818181818,0.967372134038801,1.0062893081761,0.949101796407186,0.918539325842697,0.886986301369863,0.973451327433628,0.994252873563218,0.924019607843137,0.926328502415459,0.923913043478261;34;34
Ushkvarok Pavlo;EOC 2012 Long Distance - FINAL-Men A-final;Ukraine;5662;0.91918;151,51,419,74,488,396,100,398,60,221,100,59,46,65,94,102,87,120,422,146,52,507,277,90,195,108,166,94,74,117,60,80,220,23;1.00441501103753,0.946078431372549,0.890811455847255,0.871621621621622,0.977629781420765,0.940025252525252,1,0.96000837520938,0.988888888888889,1.00867269984917,0.9125,0.984463276836158,0.893115942028986,0.998717948717949,0.825354609929078,0.571078431372549,0.479885057471264,0.521527777777778,0.98696682464455,1.03595890410959,0.995192307692308,0.947896120973044,0.843862815884477,0.952777777777778,0.937606837606838,0.987654320987654,0.954819277108434,0.86968085106383,0.875,0.94017094017094,0.961111111111111,0.785416666666667,0.871590909090909,0.923913043478261;34;34
Müller Matthias;EOC 2012 Long Distance - FINAL-Men A-final;Switzerland;5684;0.91563;156,47,391,69,530,400,122,399,57,235,105,111,94,97,86,66,46,64,445,158,53,511,242,92,183,109,185,83,69,113,61,73,208,24;0.972222222222222,1.02659574468085,0.95460358056266,0.934782608695652,0.900157232704403,0.930625,0.819672131147541,0.957602339181286,1.04093567251462,0.948581560283688,0.869047619047619,0.523273273273273,0.437056737588652,0.669243986254296,0.902131782945736,0.882575757575758,0.907608695652174,0.977864583333333,0.935955056179775,0.957278481012658,0.976415094339623,0.94047619047619,0.965909090909091,0.932065217391304,0.999089253187614,0.978593272171254,0.856756756756757,0.984939759036145,0.938405797101449,0.973451327433628,0.945355191256831,0.860730593607306,0.921875,0.885416666666667;34;34
Kyburz Matthias;EOC 2012 Long Distance - FINAL-Men A-final;Switzerland;5690;0.91466;153,54,416,68,501,371,116,404,62,239,99,124,96,106,82,57,46,76,422,152,52,513,244,97,195,115,168,91,74,131,67,71,206,22;0.991285403050109,0.893518518518518,0.897235576923077,0.948529411764706,0.952262142381903,1.0033692722372,0.862068965517241,0.945750825082508,0.956989247311828,0.932705718270572,0.921717171717172,0.468413978494624,0.427951388888889,0.612421383647799,0.946138211382114,1.0219298245614,0.907608695652174,0.823464912280702,0.98696682464455,0.995065789473684,0.995192307692308,0.936809616634178,0.957991803278688,0.884020618556701,0.937606837606838,0.927536231884058,0.943452380952381,0.898351648351648,0.875,0.83969465648855,0.860696517412935,0.884976525821596,0.930825242718447,0.965909090909091;34;34
Runesson Johan;EOC 2012 Long Distance - FINAL-Men A-final;Sweden;5691;0.91450;166,49,402,71,474,418,102,375,59,235,101,57,42,64,95,105,78,118,465,160,61,499,245,108,203,122,157,93,71,119,67,73,214,23;0.913654618473896,0.98469387755102,0.928482587064677,0.908450704225352,1.00650492264416,0.89055023923445,0.980392156862745,1.01888888888889,1.00564971751412,0.948581560283688,0.903465346534653,1.01900584795322,0.978174603174603,1.01432291666667,0.816666666666667,0.554761904761905,0.53525641025641,0.530367231638418,0.895698924731183,0.9453125,0.848360655737705,0.963092852371409,0.954081632653061,0.793981481481482,0.900656814449918,0.87431693989071,1.00955414012739,0.879032258064516,0.911971830985915,0.92436974789916,0.860696517412935,0.860730593607306,0.896028037383178,0.923913043478261;34;34
Mamleev Mikhail;EOC 2012 Long Distance - FINAL-Men A-final;Italy;5711;0.91130;150,51,374,69,516,394,128,431,68,239,99,57,42,66,96,105,80,111,440,164,59,517,248,93,193,108,174,91,70,121,61,64,207,25;1.01111111111111,0.946078431372549,0.997994652406417,0.934782608695652,0.924580103359173,0.944796954314721,0.78125,0.886504253673627,0.872549019607843,0.932705718270572,0.921717171717172,1.01900584795322,0.978174603174603,0.983585858585859,0.808159722222222,0.554761904761905,0.521875,0.563813813813814,0.946590909090909,0.922256097560976,0.877118644067797,0.929561573178594,0.942540322580645,0.922043010752688,0.947322970639033,0.987654320987654,0.910919540229885,0.898351648351648,0.925,0.909090909090909,0.945355191256831,0.981770833333333,0.926328502415459,0.85;34;34
Taivainen Olli-Markus;EOC 2012 Long Distance - FINAL-Men A-final;Finland;5714;0.91082;162,49,396,61,554,390,117,378,64,239,98,66,39,65,96,105,93,106,432,201,53,514,241,89,191,108,166,86,67,126,63,69,205,25;0.936213991769547,0.98469387755102,0.942550505050505,1.05737704918033,0.861161251504212,0.95448717948718,0.854700854700855,1.0108024691358,0.927083333333333,0.932705718270572,0.931122448979592,0.880050505050505,1.0534188034188,0.998717948717949,0.808159722222222,0.554761904761905,0.448924731182796,0.590408805031447,0.96412037037037,0.752487562189055,0.976415094339623,0.934987029831388,0.969917012448133,0.963483146067416,0.957242582897033,0.987654320987654,0.954819277108434,0.950581395348837,0.966417910447761,0.873015873015873,0.915343915343915,0.910628019323672,0.935365853658537,0.85;34;34
Holmberg Anders;EOC 2012 Long Distance - FINAL-Men A-final;Sweden;5719;0.91002;176,51,392,70,509,381,104,404,62,233,110,63,41,72,98,109,76,101,440,150,59,528,269,92,184,115,171,85,70,116,64,73,228,23;0.861742424242424,0.946078431372549,0.952168367346939,0.921428571428571,0.937295350360183,0.977034120734908,0.961538461538462,0.945750825082508,0.956989247311828,0.956723891273247,0.829545454545455,0.921957671957672,1.0020325203252,0.90162037037037,0.791666666666667,0.534403669724771,0.549342105263158,0.61963696369637,0.946590909090909,1.00833333333333,0.877118644067797,0.910195707070707,0.868959107806691,0.932065217391304,0.993659420289855,0.927536231884058,0.926900584795322,0.961764705882353,0.925,0.948275862068966,0.901041666666667,0.860730593607306,0.841008771929825,0.923913043478261;34;34
Johansson Fredrik;EOC 2012 Long Distance - FINAL-Men A-final;Sweden;5726;0.90891;190,52,358,66,487,405,109,420,65,250,94,61,41,70,89,102,79,112,462,156,55,504,238,84,199,112,222,88,68,130,65,72,199,22;0.798245614035088,0.927884615384615,1.04259776536313,0.977272727272727,0.979637234770705,0.919135802469136,0.917431192660551,0.909722222222222,0.912820512820513,0.891666666666667,0.970744680851064,0.952185792349727,1.0020325203252,0.927380952380952,0.871722846441948,0.571078431372549,0.528481012658228,0.558779761904762,0.901515151515151,0.969551282051282,0.940909090909091,0.95353835978836,0.982142857142857,1.02083333333333,0.918760469011725,0.952380952380952,0.713963963963964,0.928977272727273,0.952205882352941,0.846153846153846,0.887179487179487,0.872685185185185,0.96356783919598,0.965909090909091;34;34
Bertuks Edgars;EOC 2012 Long Distance - FINAL-Men A-final;Latvia;5773;0.90151;162,54,373,64,517,387,124,435,66,228,107,56,45,63,110,101,80,129,469,152,55,542,237,85,203,113,165,93,72,129,60,63,211,23;0.936213991769547,0.893518518518518,1.00067024128686,1.0078125,0.922791747259832,0.961886304909561,0.806451612903226,0.878352490421456,0.898989898989899,0.977704678362573,0.852803738317757,1.03720238095238,0.912962962962963,1.03042328042328,0.70530303030303,0.576732673267327,0.521875,0.485142118863049,0.888059701492537,0.995065789473684,0.940909090909091,0.886685116851168,0.986286919831224,1.00882352941176,0.900656814449918,0.943952802359882,0.960606060606061,0.879032258064516,0.899305555555556,0.852713178294574,0.961111111111111,0.997354497354497,0.908767772511848,0.923913043478261;34;34
Weltzien Audun Hultgreen;EOC 2012 Long Distance - FINAL-Men A-final;Norway;5792;0.89855;231,77,370,67,521,405,147,385,62,230,93,59,45,73,95,107,81,112,418,161,60,500,246,89,195,117,180,95,78,115,61,73,221,23;0.656565656565657,0.626623376623377,1.00878378378378,0.962686567164179,0.915706973768394,0.919135802469136,0.680272108843537,0.992424242424242,0.956989247311828,0.969202898550725,0.981182795698925,0.984463276836158,0.912962962962963,0.889269406392694,0.816666666666667,0.544392523364486,0.515432098765432,0.558779761904762,0.996411483253589,0.93944099378882,0.8625,0.961166666666667,0.95020325203252,0.963483146067416,0.937606837606838,0.911680911680912,0.880555555555556,0.860526315789474,0.830128205128205,0.956521739130435,0.945355191256831,0.860730593607306,0.867647058823529,0.923913043478261;34;34
Alekseyonok Aleksei;EOC 2012 Long Distance - FINAL-Men A-final;Belarus;5795;0.89809;156,47,434,69,555,390,121,440,65,242,105,77,39,62,101,106,77,108,437,154,55,516,239,91,184,123,168,95,69,121,60,64,202,23;0.972222222222222,1.02659574468085,0.860023041474654,0.934782608695652,0.85960960960961,0.95448717948718,0.826446280991736,0.868371212121212,0.912820512820513,0.921143250688705,0.869047619047619,0.754329004329004,1.0534188034188,1.04704301075269,0.768151815181518,0.549528301886792,0.542207792207792,0.579475308641975,0.953089244851259,0.982142857142857,0.940909090909091,0.931363049095607,0.978033472803347,0.942307692307692,0.993659420289855,0.867208672086721,0.943452380952381,0.860526315789474,0.938405797101449,0.909090909090909,0.961111111111111,0.981770833333333,0.949257425742574,0.923913043478261;34;34
Tambasov Yuryj;EOC 2012 Long Distance - FINAL-Men A-final;Belarus;5795;0.89809;168,57,417,74,517,394,179,436,76,247,100,66,46,67,89,97,84,112,430,166,59,499,235,97,191,106,170,84,63,122,66,69,188,24;0.902777777777778,0.846491228070175,0.895083932853717,0.871621621621622,0.922791747259832,0.944796954314721,0.558659217877095,0.876337920489297,0.780701754385965,0.902496626180837,0.9125,0.880050505050505,0.893115942028986,0.968905472636816,0.871722846441948,0.600515463917526,0.49702380952381,0.558779761904762,0.968604651162791,0.911144578313253,0.877118644067797,0.963092852371409,0.99468085106383,0.884020618556701,0.957242582897033,1.0062893081761,0.932352941176471,0.973214285714286,1.02777777777778,0.901639344262295,0.873737373737374,0.910628019323672,1.01994680851064,0.885416666666667;34;34
Bergman Gustav;EOC 2012 Long Distance - FINAL-Men A-final;Sweden;5820;0.89423;149,51,430,68,507,371,95,431,63,234,114,192,108,107,80,64,44,74,418,147,55,504,256,93,192,111,169,103,70,125,66,83,227,19;1.01789709172259,0.946078431372549,0.868023255813953,0.948529411764706,0.940992767915845,1.0033692722372,1.05263157894737,0.886504253673627,0.941798941798942,0.952635327635328,0.800438596491228,0.302517361111111,0.380401234567901,0.606697819314642,0.969791666666667,0.91015625,0.948863636363636,0.845720720720721,0.996411483253589,1.02891156462585,0.940909090909091,0.95353835978836,0.9130859375,0.922043010752688,0.952256944444445,0.960960960960961,0.937869822485207,0.793689320388349,0.925,0.88,0.873737373737374,0.757028112449799,0.844713656387665,1.11842105263158;34;34
Zinca Ionut Alin;EOC 2012 Long Distance - FINAL-Men A-final;Romania;5847;0.89010;166,65,356,69,569,404,105,405,82,254,111,61,42,76,88,99,82,105,457,155,64,546,267,97,196,121,165,83,68,111,76,66,212,24;0.913654618473896,0.742307692307692,1.04845505617978,0.934782608695652,0.838459285295841,0.921410891089109,0.952380952380952,0.943415637860082,0.723577235772358,0.87762467191601,0.822072072072072,0.952185792349727,0.978174603174603,0.854166666666667,0.881628787878788,0.588383838383838,0.509146341463415,0.596031746031746,0.911378555798687,0.975806451612903,0.80859375,0.880189255189255,0.875468164794007,0.884020618556701,0.932823129251701,0.881542699724518,0.960606060606061,0.984939759036145,0.952205882352941,0.990990990990991,0.758771929824561,0.952020202020202,0.904481132075472,0.885416666666667;34;34
Fraser Scott;EOC 2012 Long Distance - FINAL-Men A-final;Great Britain;5861;0.88797;171,49,387,66,528,370,97,476,57,232,102,54,44,77,98,96,79,125,466,179,55,501,248,88,245,117,166,100,71,119,64,79,229,26;0.886939571150097,0.98469387755102,0.964470284237726,0.977272727272727,0.903566919191919,1.00608108108108,1.03092783505155,0.802696078431372,1.04093567251462,0.960847701149425,0.894607843137255,1.07561728395062,0.933712121212121,0.843073593073593,0.791666666666667,0.606770833333333,0.528481012658228,0.500666666666667,0.893776824034335,0.844972067039106,0.940909090909091,0.959248170326015,0.942540322580645,0.974431818181818,0.746258503401361,0.911680911680912,0.954819277108434,0.8175,0.911971830985915,0.92436974789916,0.901041666666667,0.79535864978903,0.837336244541485,0.817307692307692;34;34
Airila Hannu;EOC 2012 Long Distance - FINAL-Men A-final;Finland;5872;0.88631;172,51,432,71,505,407,115,395,68,250,101,110,92,110,88,65,44,63,461,173,59,525,253,89,202,115,177,102,71,119,63,77,220,27;0.881782945736434,0.946078431372549,0.86400462962963,0.908450704225352,0.944719471947195,0.914619164619165,0.869565217391304,0.967299578059072,0.872549019607843,0.891666666666667,0.903465346534653,0.528030303030303,0.446557971014493,0.590151515151515,0.881628787878788,0.896153846153846,0.948863636363636,0.993386243386243,0.903470715835141,0.874277456647399,0.877118644067797,0.915396825396825,0.923913043478261,0.963483146067416,0.905115511551155,0.927536231884058,0.895480225988701,0.801470588235294,0.911971830985915,0.92436974789916,0.915343915343915,0.816017316017316,0.871590909090909,0.787037037037037;34;34
Prochazka Jan;EOC 2012 Long Distance - FINAL-Men A-final;Czech republic;5873;0.88616;171,55,374,71,564,423,101,415,59,258,99,145,90,101,78,84,39,64,432,188,63,515,244,90,193,108,209,86,69,112,59,80,209,25;0.886939571150097,0.877272727272727,0.997994652406417,0.908450704225352,0.84589243498818,0.880023640661938,0.99009900990099,0.920682730923695,1.00564971751412,0.864018087855297,0.921717171717172,0.400574712643678,0.456481481481481,0.642739273927393,0.99465811965812,0.693452380952381,1.07051282051282,0.977864583333333,0.96412037037037,0.804521276595745,0.821428571428571,0.933171521035599,0.957991803278688,0.952777777777778,0.947322970639033,0.987654320987654,0.758373205741627,0.950581395348837,0.938405797101449,0.982142857142857,0.977401129943503,0.785416666666667,0.917464114832536,0.85;34;34
Kärner Olle;EOC 2012 Long Distance - FINAL-Men A-final;Estonia;5926;0.87823;172,57,391,72,480,401,104,479,86,248,138,134,94,105,90,61,46,65,478,157,53,519,260,93,202,116,175,86,72,122,63,72,211,24;0.881782945736434,0.846491228070175,0.95460358056266,0.895833333333333,0.993923611111111,0.928304239401496,0.961538461538462,0.797668754349339,0.689922480620155,0.89885752688172,0.661231884057971,0.433457711442786,0.437056737588652,0.618253968253968,0.862037037037037,0.954918032786885,0.907608695652174,0.962820512820513,0.871338912133891,0.963375796178344,0.976415094339623,0.925979447655748,0.899038461538462,0.922043010752688,0.905115511551155,0.919540229885057,0.905714285714286,0.950581395348837,0.899305555555556,0.901639344262295,0.915343915343915,0.872685185185185,0.908767772511848,0.885416666666667;34;34
Sild Lauri;EOC 2012 Long Distance - FINAL-Men A-final;Estonia;5944;0.87557;145,46,413,67,501,401,111,425,75,230,86,59,44,72,102,110,81,112,549,166,67,512,268,92,210,113,177,105,74,130,63,78,235,25;1.04597701149425,1.04891304347826,0.903753026634383,0.962686567164179,0.952262142381903,0.928304239401496,0.900900900900901,0.899019607843137,0.791111111111111,0.969202898550725,1.06104651162791,0.984463276836158,0.933712121212121,0.90162037037037,0.76062091503268,0.529545454545455,0.515432098765432,0.558779761904762,0.758652094717668,0.911144578313253,0.772388059701492,0.938639322916667,0.872201492537313,0.932065217391304,0.870634920634921,0.943952802359882,0.895480225988701,0.778571428571429,0.875,0.846153846153846,0.915343915343915,0.805555555555556,0.815957446808511,0.85;34;34
Østerbø Øystein Kvaal;EOC 2012 Long Distance - FINAL-Men A-final;Norway;5979;0.87045;160,58,411,74,523,428,140,413,72,256,98,118,94,107,92,63,45,76,469,171,55,523,261,96,205,124,177,91,73,120,74,77,211,24;0.947916666666667,0.831896551724138,0.908150851581509,0.871621621621622,0.912205226258764,0.869742990654206,0.714285714285714,0.925141242937853,0.824074074074074,0.870768229166667,0.931122448979592,0.492231638418079,0.437056737588652,0.606697819314642,0.843297101449275,0.924603174603175,0.927777777777778,0.823464912280702,0.888059701492537,0.884502923976608,0.940909090909091,0.918897386870618,0.895593869731801,0.893229166666667,0.891869918699187,0.860215053763441,0.895480225988701,0.898351648351648,0.886986301369863,0.916666666666667,0.779279279279279,0.816017316017316,0.908767772511848,0.885416666666667;34;34
Anjala Topi;EOC 2012 Long Distance - FINAL-Men A-final;Finland;6001;0.86726;156,50,418,67,520,371,142,416,82,234,100,64,42,72,103,103,97,122,560,177,56,511,260,93,189,122,186,110,74,128,63,72,214,27;0.972222222222222,0.965,0.892942583732057,0.962686567164179,0.917467948717949,1.0033692722372,0.704225352112676,0.918469551282051,0.723577235772358,0.952635327635328,0.9125,0.907552083333333,0.978174603174603,0.90162037037037,0.753236245954693,0.565533980582524,0.430412371134021,0.512978142076503,0.74375,0.854519774011299,0.924107142857143,0.94047619047619,0.899038461538462,0.922043010752688,0.967372134038801,0.87431693989071,0.852150537634409,0.743181818181818,0.875,0.859375,0.915343915343915,0.872685185185185,0.896028037383178,0.787037037037037;34;34
Kodeda Stepan;EOC 2012 Long Distance - FINAL-Men A-final;Czech republic;6075;0.85669;165,57,437,71,599,405,126,432,74,238,101,64,42,70,100,194,82,114,463,165,62,501,279,90,193,118,183,87,72,120,67,74,207,23;0.919191919191919,0.846491228070175,0.854118993135011,0.908450704225352,0.79646633277685,0.919135802469136,0.793650793650794,0.884452160493827,0.801801801801802,0.936624649859944,0.903465346534653,0.907552083333333,0.978174603174603,0.927380952380952,0.775833333333333,0.300257731958763,0.509146341463415,0.548976608187135,0.899568034557235,0.916666666666667,0.834677419354839,0.959248170326015,0.837813620071685,0.952777777777778,0.947322970639033,0.903954802259887,0.866120218579235,0.939655172413793,0.899305555555556,0.916666666666667,0.860696517412935,0.849099099099099,0.926328502415459,0.923913043478261;34;34
Nykodym Milos;EOC 2012 Long Distance - FINAL-Men A-final;Czech republic;6097;0.85360;163,59,378,88,554,428,227,406,73,254,98,58,44,70,98,136,90,145,454,161,58,518,262,102,210,119,166,97,74,123,60,78,222,24;0.930470347648262,0.817796610169492,0.987433862433862,0.732954545454545,0.861161251504212,0.869742990654206,0.440528634361233,0.941091954022989,0.812785388127854,0.87762467191601,0.931122448979592,1.0014367816092,0.933712121212121,0.927380952380952,0.791666666666667,0.428308823529412,0.463888888888889,0.431609195402299,0.917400881057269,0.93944099378882,0.892241379310345,0.927767052767053,0.892175572519084,0.840686274509804,0.870634920634921,0.896358543417367,0.954819277108434,0.842783505154639,0.875,0.894308943089431,0.961111111111111,0.805555555555556,0.863738738738739,0.885416666666667;34;34
Chromy Adam;EOC 2012 Long Distance - FINAL-Men A-final;Czech republic;6200;0.83942;170,53,412,77,549,444,216,419,72,256,105,60,45,69,103,113,83,126,509,168,58,556,263,96,208,121,179,93,70,126,63,75,219,24;0.892156862745098,0.910377358490566,0.905946601941748,0.837662337662338,0.869004250151791,0.838400900900901,0.462962962962963,0.911893396976929,0.824074074074074,0.870768229166667,0.869047619047619,0.968055555555556,0.912962962962963,0.940821256038647,0.753236245954693,0.515486725663717,0.503012048192771,0.496693121693122,0.818271119842829,0.900297619047619,0.892241379310345,0.864358513189448,0.888783269961977,0.893229166666667,0.87900641025641,0.881542699724518,0.885474860335196,0.879032258064516,0.925,0.873015873015873,0.915343915343915,0.837777777777778,0.875570776255708,0.885416666666667;34;34
Pihl Peeter;EOC 2012 Long Distance - FINAL-Men A-final;Estonia;6247;0.83311;159,55,464,74,576,451,119,452,65,262,117,117,105,107,83,76,47,71,485,181,107,531,263,100,208,113,171,97,75,121,63,83,223,26;0.953878406708595,0.877272727272727,0.804418103448276,0.871621621621622,0.828269675925926,0.825388026607539,0.840336134453782,0.845317109144543,0.912820512820513,0.850826972010178,0.77991452991453,0.496438746438746,0.391269841269841,0.606697819314642,0.934738955823293,0.766447368421053,0.888297872340426,0.881455399061033,0.858762886597938,0.835635359116022,0.483644859813084,0.905053358443189,0.888783269961977,0.8575,0.87900641025641,0.943952802359882,0.926900584795322,0.842783505154639,0.863333333333333,0.909090909090909,0.915343915343915,0.757028112449799,0.859865470852018,0.817307692307692;34;34
Kivikas Kenny;EOC 2012 Long Distance - FINAL-Men A-final;Estonia;6317;0.82387;158,65,464,73,522,413,132,463,127,281,104,68,43,71,105,125,86,116,507,192,69,558,265,94,213,108,175,100,71,146,67,80,232,24;0.959915611814346,0.742307692307692,0.804418103448276,0.883561643835616,0.913952745849298,0.901331719128329,0.757575757575758,0.825233981281497,0.467191601049869,0.793297746144721,0.877403846153846,0.854166666666667,0.955426356589147,0.914319248826291,0.738888888888889,0.466,0.48546511627907,0.539511494252874,0.821499013806706,0.787760416666667,0.75,0.861260454002389,0.882075471698113,0.912234042553192,0.858372456964006,0.987654320987654,0.905714285714286,0.8175,0.911971830985915,0.753424657534247,0.860696517412935,0.785416666666667,0.826508620689655,0.885416666666667;34;34
Ekeberg Bjørn;EOC 2012 Long Distance - FINAL-Men A-final;Norway;6371;0.81689;161,57,388,72,616,422,104,470,68,250,116,69,49,84,108,126,93,138,593,182,59,545,275,97,207,124,174,98,77,135,70,86,235,23;0.942028985507246,0.846491228070175,0.961984536082474,0.895833333333333,0.774485930735931,0.882109004739337,0.961538461538462,0.812943262411348,0.872549019607843,0.891666666666667,0.786637931034483,0.841787439613527,0.83843537414966,0.77281746031746,0.718364197530864,0.462301587301587,0.448924731182796,0.453502415458937,0.702360876897133,0.831043956043956,0.877118644067797,0.881804281345566,0.85,0.884020618556701,0.883252818035427,0.860215053763441,0.910919540229885,0.834183673469388,0.840909090909091,0.814814814814815,0.823809523809524,0.73062015503876,0.815957446808511,0.923913043478261;34;34
Sherbakov Denys;EOC 2012 Long Distance - FINAL-Men A-final;Ukraine;6382;0.81548;175,63,472,76,810,413,111,476,72,254,111,64,47,80,104,117,86,137,483,170,52,509,275,91,195,107,167,95,76,113,61,80,216,24;0.866666666666667,0.765873015873016,0.790783898305085,0.848684210526316,0.588991769547325,0.901331719128329,0.900900900900901,0.802696078431372,0.824074074074074,0.87762467191601,0.822072072072072,0.907552083333333,0.874113475177305,0.811458333333333,0.74599358974359,0.497863247863248,0.48546511627907,0.456812652068127,0.86231884057971,0.889705882352941,0.995192307692308,0.944171578258022,0.85,0.942307692307692,0.937606837606838,0.996884735202492,0.949101796407186,0.860526315789474,0.851973684210526,0.973451327433628,0.945355191256831,0.785416666666667,0.887731481481482,0.885416666666667;34;34
Rüedlinger Andreas;EOC 2012 Long Distance - FINAL-Men A-final;Switzerland;6421;0.81053;167,54,433,76,521,417,142,499,63,224,93,174,97,113,78,67,47,80,500,399,59,522,261,105,213,123,179,101,80,132,65,79,233,25;0.908183632734531,0.893518518518518,0.862009237875289,0.848684210526316,0.915706973768394,0.892685851318945,0.704225352112676,0.765698062792251,0.941798941798942,0.99516369047619,0.981182795698925,0.333812260536399,0.423539518900344,0.574483775811209,0.99465811965812,0.869402985074627,0.888297872340426,0.782291666666667,0.833,0.379072681704261,0.877118644067797,0.920657726692209,0.895593869731801,0.816666666666667,0.858372456964006,0.867208672086721,0.885474860335196,0.809405940594059,0.809375,0.833333333333333,0.887179487179487,0.79535864978903,0.822961373390558,0.85;34;34
Dlabaja Tomas;EOC 2012 Long Distance - FINAL-Men A-final;Czech republic;6424;0.81015;177,60,418,78,697,477,115,495,71,276,104,73,48,76,113,115,99,134,503,185,61,524,255,101,203,118,171,92,71,118,63,80,225,28;0.856873822975518,0.804166666666667,0.892942583732057,0.826923076923077,0.684481109516977,0.780398322851153,0.869565217391304,0.771885521885522,0.835680751173709,0.807669082125604,0.877403846153846,0.795662100456621,0.855902777777778,0.854166666666667,0.686578171091445,0.506521739130435,0.421717171717172,0.467039800995025,0.828031809145129,0.817567567567568,0.848360655737705,0.917143765903308,0.916666666666667,0.849009900990099,0.900656814449918,0.903954802259887,0.926900584795322,0.888586956521739,0.911971830985915,0.932203389830508,0.915343915343915,0.785416666666667,0.852222222222222,0.758928571428571;34;34
Nixon Mark;EOC 2012 Long Distance - FINAL-Men A-final;Great Britain;6449;0.80701;173,57,500,71,583,517,154,463,71,270,107,137,100,119,89,66,57,73,459,177,62,531,293,103,205,120,183,98,71,131,77,83,227,22;0.876685934489403,0.846491228070175,0.7465,0.908450704225352,0.818324757004002,0.720019342359768,0.649350649350649,0.825233981281497,0.835680751173709,0.825617283950617,0.852803738317757,0.423965936739659,0.410833333333333,0.545518207282913,0.871722846441948,0.882575757575758,0.732456140350877,0.857305936073059,0.907407407407407,0.854519774011299,0.834677419354839,0.905053358443189,0.79778156996587,0.83252427184466,0.891869918699187,0.888888888888889,0.866120218579235,0.834183673469388,0.911971830985915,0.83969465648855,0.748917748917749,0.757028112449799,0.844713656387665,0.965909090909091;34;34
Brandt Christoph;EOC 2012 Long Distance - FINAL-Men A-final;Germany;7806;0.66672;200,68,418,86,728,456,151,733,109,303,142,161,97,300,99,73,54,83,509,211,72,602,352,120,243,139,277,137,99,183,106,121,345,29;0.758333333333333,0.709558823529412,0.892942583732057,0.75,0.655334249084249,0.816337719298246,0.662251655629139,0.521259663483401,0.54434250764526,0.735698569856986,0.642605633802817,0.360766045548654,0.423539518900344,0.216388888888889,0.783670033670034,0.797945205479452,0.773148148148148,0.754016064257028,0.818271119842829,0.716824644549763,0.71875,0.798311184939092,0.6640625,0.714583333333333,0.752400548696845,0.767386091127098,0.572202166064982,0.596715328467153,0.654040404040404,0.601092896174863,0.544025157232704,0.519283746556474,0.555797101449275,0.732758620689655;34;34
Martner Ola;EOC 2012 Long Distance - FINAL-Men B-final;Sweden;4646;0.94043;160,63,187,96,200,46,544,198,74,44,49,324,141,104,114,182,491,124,52,563,252,34,180,89,258,53,24;1.06041666666667,1,0.968508615567439,0.908564814814815,0.846666666666667,0.859903381642512,0.991217320261438,1.00224466891134,0.876876876876877,1.23737373737374,1.17687074829932,0.678326474622771,0.448384554767533,0.512820512820513,0.507797270955166,1.1019536019536,1.00181036433582,1.07437275985663,1.08333333333333,0.985987763962897,1.00837742504409,1.06209150326797,1.03518518518519,1.07740324594257,1.0176571920758,1.0104821802935,1.03240740740741;27;27
Mihailovs Kalvis;EOC 2012 Long Distance - FINAL-Men B-final;Latvia;4707;0.92824;161,57,178,91,157,37,553,186,152,114,104,214,67,45,60,339,500,133,66,558,261,32,186,93,280,56,27;1.05383022774327,1.10526315789474,1.01747815230961,0.958485958485959,1.07855626326964,1.06906906906907,0.975085392806912,1.06690561529271,0.426900584795322,0.477582846003899,0.55448717948718,1.0269989615784,0.943615257048093,1.18518518518519,0.964814814814815,0.591609308423468,0.983777777777778,1.00167084377611,0.853535353535354,0.994822779769016,0.973605789697744,1.12847222222222,1.00179211469534,1.0310633213859,0.937698412698413,0.956349206349206,0.917695473251029;27;27
Nakonechnyy Dmitry;EOC 2012 Long Distance - FINAL-Men B-final;Russia;4813;0.90780;170,99,176,111,176,50,529,193,224,102,101,217,73,52,62,371,482,154,54,528,247,33,179,98,252,53,27;0.998039215686274,0.636363636363636,1.0290404040404,0.785785785785786,0.962121212121212,0.791111111111111,1.01932367149758,1.02820955670697,0.28968253968254,0.533769063180828,0.570957095709571,1.01280081925243,0.866057838660578,1.02564102564103,0.933691756272401,0.540581012279125,1.0205163669894,0.865079365079365,1.04320987654321,1.0513468013468,1.02878992352677,1.09427609427609,1.04096834264432,0.978458049886621,1.04188712522046,1.0104821802935,0.917695473251029;27;27
Sild Timo;EOC 2012 Long Distance - FINAL-Men B-final;Estonia;4817;0.90704;161,59,180,88,160,38,553,210,53,70,49,382,148,104,116,190,524,132,57,599,254,38,200,97,275,53,27;1.05383022774327,1.06779661016949,1.00617283950617,0.991161616161616,1.05833333333333,1.04093567251462,0.975085392806912,0.944973544973545,1.22431865828092,0.777777777777778,1.17687074829932,0.575334496800465,0.427177177177177,0.512820512820513,0.49904214559387,1.05555555555556,0.93871925360475,1.00925925925926,0.988304093567251,0.92672973474309,1.00043744531934,0.950292397660819,0.931666666666667,0.988545246277205,0.954747474747475,1.0104821802935,0.917695473251029;27;27
Stulgys Donatas;EOC 2012 Long Distance - FINAL-Men B-final;Lithuania;4885;0.89442;183,76,184,104,193,43,561,215,60,66,55,357,185,102,114,186,497,139,61,549,260,40,192,99,279,56,29;0.927140255009107,0.828947368421053,0.984299516908213,0.838675213675214,0.877374784110535,0.919896640826873,0.961180431768667,0.922997416020672,1.08148148148148,0.824915824915825,1.04848484848485,0.615624027388733,0.341741741741742,0.522875816993464,0.507797270955166,1.07825567502987,0.989716074223117,0.958433253397282,0.923497267759563,1.01113134992916,0.977350427350427,0.902777777777778,0.970486111111111,0.968574635241302,0.941059338908801,0.956349206349206,0.854406130268199;27;27
Haines Hector;EOC 2012 Long Distance - FINAL-Men B-final;Great Britain;4912;0.88950;182,65,221,79,179,44,558,209,170,122,115,225,60,74,55,343,508,164,57,558,252,38,192,99,260,58,25;0.932234432234432,0.969230769230769,0.819507290095525,1.10407876230661,0.945996275605214,0.898989898989899,0.966348068498606,0.94949494949495,0.381699346405229,0.446265938069217,0.501449275362319,0.97679012345679,1.0537037037037,0.720720720720721,1.05252525252525,0.584710074505993,0.968285214348206,0.812330623306233,0.988304093567251,0.994822779769016,1.00837742504409,0.950292397660819,0.970486111111111,0.968574635241302,1.00982905982906,0.923371647509579,0.991111111111111;27;27
Mihalkin Dmitry;EOC 2012 Long Distance - FINAL-Men B-final;Belarus;4955;0.88178;182,71,188,99,174,41,511,222,89,128,79,371,150,119,107,210,503,128,56,569,281,38,189,97,265,60,28;0.932234432234432,0.887323943661972,0.963356973995272,0.881032547699214,0.973180076628353,0.964769647696477,1.05522939769515,0.893893893893894,0.729088639200999,0.425347222222222,0.729957805907173,0.592392932015574,0.421481481481481,0.448179271708683,0.541017653167186,0.955026455026455,0.977910315882483,1.04079861111111,1.00595238095238,0.975590704940441,0.904310003954132,0.950292397660819,0.985890652557319,0.988545246277205,0.990775681341719,0.892592592592593,0.884920634920635;27;27
Djurhuus Rasmus;EOC 2012 Long Distance - FINAL-Men B-final;Denmark;4985;0.87647;175,64,177,106,242,45,590,196,150,179,108,208,75,66,53,379,480,145,69,533,256,38,197,99,281,50,24;0.969523809523809,0.984375,1.02322661644696,0.822851153039832,0.699724517906336,0.879012345679012,0.913935969868173,1.0124716553288,0.432592592592593,0.304158907510863,0.533950617283951,1.05662393162393,0.842962962962963,0.808080808080808,1.09224318658281,0.529170331281149,1.02476851851852,0.918773946360153,0.816425120772947,1.04148426099646,0.992621527777778,0.950292397660819,0.94585448392555,0.968574635241302,0.934361407671016,1.07111111111111,1.03240740740741;27;27
Tarasovs Anatolijs;EOC 2012 Long Distance - FINAL-Men B-final;Latvia;4998;0.87419;168,66,184,98,167,38,587,221,158,108,104,215,110,65,53,359,519,146,62,572,251,37,262,96,262,61,29;1.00992063492063,0.954545454545455,0.984299516908213,0.890022675736961,1.01397205588822,1.04093567251462,0.918606852167329,0.897938662644545,0.410689170182841,0.504115226337449,0.55448717948718,1.02222222222222,0.574747474747475,0.820512820512821,1.09224318658281,0.558650572578149,0.947762791693428,0.91248097412481,0.908602150537634,0.97047397047397,1.01239486498451,0.975975975975976,0.711195928753181,0.998842592592593,1.00212044105174,0.877959927140255,0.854406130268199;27;27
Siegert Wolfgang;EOC 2012 Long Distance - FINAL-Men B-final;Austria;5123;0.85286;186,65,209,84,193,43,547,187,201,117,106,229,63,76,65,399,540,167,61,595,269,44,201,110,279,62,25;0.912186379928315,0.969230769230769,0.866560340244551,1.03835978835979,0.877374784110535,0.919896640826873,0.98578102782856,1.06120023767083,0.322830292979547,0.465337132003799,0.544025157232704,0.959728287239204,1.00352733686067,0.701754385964912,0.890598290598291,0.502645502645503,0.910905349794239,0.797737857618097,0.923497267759563,0.932959850606909,0.944650970673276,0.820707070707071,0.927031509121061,0.871717171717172,0.941059338908801,0.863799283154122,0.991111111111111;27;27
Bondarenko Roman;EOC 2012 Long Distance - FINAL-Men B-final;Russia;5128;0.85203;244,69,233,114,195,44,569,250,69,55,61,377,166,108,110,237,481,143,58,588,254,42,191,108,277,59,26;0.695355191256831,0.91304347826087,0.777300906056271,0.765107212475634,0.868376068376068,0.898989898989899,0.947666471392306,0.793777777777778,0.940418679549114,0.98989898989899,0.945355191256831,0.582964927792514,0.380856760374833,0.493827160493827,0.526262626262626,0.846225972808251,1.02263802263802,0.931623931623932,0.971264367816092,0.944066515495087,1.00043744531934,0.85978835978836,0.975567190226876,0.887860082304527,0.947853991175291,0.907721280602637,0.952991452991453;27;27
McCarthy Ewan;EOC 2012 Long Distance - FINAL-Men B-final;Great Britain;5133;0.85120;178,72,211,111,188,48,607,211,167,142,112,250,80,49,64,357,496,149,64,620,275,41,195,96,265,57,28;0.953183520599251,0.875,0.858346498156925,0.785785785785786,0.900709219858156,0.824074074074074,0.888339740069559,0.940494997367035,0.38855622089155,0.383411580594679,0.514880952380952,0.879111111111111,0.790277777777778,1.08843537414966,0.904513888888889,0.561780267662621,0.99171146953405,0.894108873974646,0.880208333333333,0.895340501792115,0.924040404040404,0.880758807588076,0.955555555555556,0.998842592592593,0.990775681341719,0.939571150097466,0.884920634920635;27;27
Sabaliauskas Giedrius;EOC 2012 Long Distance - FINAL-Men B-final;Lithuania;5149;0.84856;177,80,187,85,223,46,647,216,158,106,106,224,63,66,59,409,502,192,57,586,279,41,191,98,271,53,27;0.958568738229755,0.7875,0.968508615567439,1.02614379084967,0.759342301943199,0.859903381642512,0.833419199725227,0.918724279835391,0.410689170182841,0.513626834381551,0.544025157232704,0.981150793650794,1.00352733686067,0.808080808080808,0.981167608286252,0.490355881553926,0.979858344400177,0.693865740740741,0.988304093567251,0.947288585513841,0.910792512943051,0.880758807588076,0.975567190226876,0.978458049886621,0.968839688396884,1.0104821802935,0.917695473251029;27;27
Lösch Sören;EOC 2012 Long Distance - FINAL-Men B-final;Germany;5230;0.83542;192,90,193,120,238,54,572,261,75,58,58,402,180,111,100,220,512,150,56,591,306,38,195,112,260,59,27;0.883680555555555,0.7,0.938399539435809,0.726851851851852,0.711484593837535,0.732510288065844,0.942696192696193,0.760323541932737,0.865185185185185,0.938697318007663,0.994252873563218,0.546710889994472,0.351234567901235,0.48048048048048,0.578888888888889,0.911616161616162,0.960720486111111,0.888148148148148,1.00595238095238,0.939274299680391,0.83042846768337,0.950292397660819,0.955555555555556,0.856150793650794,1.00982905982906,0.907721280602637,0.917695473251029;27;27
Friedrichs Bjarne;EOC 2012 Long Distance - FINAL-Men B-final;Germany;5232;0.83510;204,73,194,95,194,44,678,229,60,55,65,376,164,142,109,211,562,160,72,590,271,38,188,105,271,58,24;0.831699346405229,0.863013698630137,0.933562428407789,0.91812865497076,0.872852233676976,0.898989898989899,0.795313012127171,0.866569626394954,1.08148148148148,0.98989898989899,0.887179487179487,0.58451536643026,0.38550135501355,0.375586854460094,0.531090723751274,0.950500263296472,0.875247133254251,0.832638888888889,0.782407407407407,0.940866290018832,0.937679376793768,0.950292397660819,0.99113475177305,0.913227513227513,0.968839688396884,0.923371647509579,1.03240740740741;27;27
Dallavalle Roberto;EOC 2012 Long Distance - FINAL-Men B-final;Italy;5241;0.83366;380,71,191,108,211,36,517,219,86,129,81,370,150,110,110,208,518,124,60,566,279,37,191,105,296,60,28;0.446491228070175,0.887323943661972,0.948225712623618,0.80761316872428,0.802527646129542,1.09876543209877,1.04298302170643,0.906139015728057,0.754521963824289,0.422049956933678,0.711934156378601,0.593993993993994,0.421481481481481,0.484848484848485,0.526262626262626,0.964209401709402,0.94959244959245,1.07437275985663,0.938888888888889,0.980761680408323,0.910792512943051,0.975975975975976,0.975567190226876,0.913227513227513,0.887012012012012,0.892592592592593,0.884920634920635;27;27
Anthony Squire;EOC 2012 Long Distance - FINAL-Men B-final;Great Britain;5254;0.83160;209,75,215,108,215,51,689,223,173,121,116,243,70,56,58,398,498,132,61,584,271,39,182,104,276,59,28;0.811802232854864,0.84,0.842377260981912,0.80761316872428,0.787596899224806,0.775599128540305,0.782615707144009,0.889885401096163,0.375080282594733,0.449954086317723,0.497126436781609,0.904435299497028,0.903174603174603,0.952380952380952,0.998084291187739,0.503908431044109,0.98772869254797,1.00925925925926,0.923497267759563,0.950532724505327,0.937679376793768,0.925925925925926,1.02380952380952,0.922008547008547,0.951288244766506,0.907721280602637,0.884920634920635;27;27
Sørensen Søren Schwartz;EOC 2012 Long Distance - FINAL-Men B-final;Denmark;5272;0.82876;177,66,187,86,172,43,550,205,164,172,103,220,64,54,60,399,607,167,62,635,298,48,214,112,316,64,27;0.958568738229755,0.954545454545455,0.968508615567439,1.01421188630491,0.984496124031008,0.919896640826873,0.98040404040404,0.968021680216802,0.395663956639566,0.316537467700258,0.559870550161812,0.998989898989899,0.987847222222222,0.987654320987654,0.964814814814815,0.502645502645503,0.810360607724693,0.797737857618097,0.908602150537634,0.87419072615923,0.852721849366145,0.752314814814815,0.870716510903427,0.856150793650794,0.830872011251758,0.836805555555556,0.917695473251029;27;27
Sidorov Alexey;EOC 2012 Long Distance - FINAL-Men B-final;Russia;5414;0.80702;185,62,177,99,162,82,549,202,170,106,117,226,80,56,145,384,533,159,61,647,361,40,222,137,350,67,35;0.917117117117117,1.01612903225806,1.02322661644696,0.881032547699214,1.04526748971193,0.482384823848238,0.982189840113337,0.982398239823982,0.381699346405229,0.513626834381551,0.492877492877493,0.972468043264503,0.790277777777778,0.952380952380952,0.399233716475096,0.522280092592593,0.922868459453825,0.837875611460517,0.923497267759563,0.857976987806972,0.703908895044629,0.902777777777778,0.839339339339339,0.699918896999189,0.75015873015873,0.799336650082919,0.707936507936508;27;27
Negrello Manuel;EOC 2012 Long Distance - FINAL-Men B-final;Italy;5444;0.80258;182,75,206,100,207,39,694,224,180,152,111,269,60,58,62,388,552,177,73,607,307,40,198,119,282,56,26;0.932234432234432,0.84,0.879180151024811,0.872222222222222,0.818035426731079,1.01424501424501,0.776977265449888,0.885912698412698,0.360493827160494,0.358187134502924,0.519519519519519,0.817017761255679,1.0537037037037,0.919540229885057,0.933691756272401,0.516895761741123,0.891103059581321,0.752667922159448,0.771689497716895,0.914515833790957,0.827723488961274,0.902777777777778,0.941077441077441,0.805788982259571,0.931048069345942,0.956349206349206,0.952991452991453;27;27
Bilevicius Liutauras;EOC 2012 Long Distance - FINAL-Men B-final;Lithuania;5500;0.79440;204,81,249,92,183,76,599,224,76,50,60,419,183,121,123,248,585,187,103,611,309,42,207,114,270,55,29;0.831699346405229,0.777777777777778,0.72735385988398,0.948067632850242,0.925318761384335,0.52046783625731,0.900204043776665,0.885912698412698,0.853801169590643,1.08888888888889,0.961111111111111,0.524529302572262,0.345476624165149,0.440771349862259,0.470641373080397,0.808691756272401,0.840835707502374,0.712418300653595,0.546925566343042,0.90852882342244,0.822366055375764,0.85978835978836,0.900161030595813,0.841130604288499,0.972427983539095,0.973737373737374,0.854406130268199;27;27
Nilsson-Simkovics Erik;EOC 2012 Long Distance - FINAL-Men B-final;Austria;5516;0.79210;213,79,221,152,200,59,617,226,83,51,61,398,166,138,119,207,522,189,74,704,284,50,209,105,306,56,27;0.796557120500782,0.79746835443038,0.819507290095525,0.573830409356725,0.846666666666667,0.670433145009416,0.87394201332613,0.878072763028515,0.781793842034806,1.06753812636166,0.945355191256831,0.552205471803462,0.380856760374833,0.386473429951691,0.486461251167134,0.96886741814278,0.942315879097488,0.70487948265726,0.761261261261261,0.788510101010101,0.894757433489828,0.722222222222222,0.891547049441786,0.913227513227513,0.858024691358025,0.956349206349206,0.917695473251029;27;27
Kundisch Wieland;EOC 2012 Long Distance - FINAL-Men B-final;Germany;5613;0.77841;192,97,205,113,177,41,654,227,102,51,62,434,207,176,115,199,570,151,139,627,348,41,217,105,281,56,26;0.883680555555555,0.649484536082474,0.883468834688347,0.771878072763029,0.956685499058381,0.964769647696477,0.824498810737343,0.874204601076848,0.636165577342048,1.06753812636166,0.93010752688172,0.506400409626216,0.305421363392378,0.303030303030303,0.503381642512077,1.00781686208822,0.862962962962963,0.882266372332598,0.405275779376499,0.885344674818359,0.730204342273308,0.880758807588076,0.858678955453149,0.913227513227513,0.934361407671016,0.956349206349206,0.952991452991453;27;27
Anderson Robbie;EOC 2012 Long Distance - FINAL-Men B-final;Canada;5765;0.75789;187,78,206,105,193,46,664,233,221,139,120,263,64,59,66,437,617,224,67,666,321,46,237,127,290,61,28;0.907308377896613,0.807692307692308,0.879180151024811,0.830687830687831,0.877374784110535,0.859903381642512,0.812081659973226,0.85169289461135,0.293614881850176,0.391686650679456,0.480555555555556,0.835656949725391,0.987847222222222,0.903954802259887,0.877104377104377,0.458937198067633,0.797226724293175,0.594742063492063,0.840796019900498,0.8335001668335,0.791623399100035,0.785024154589372,0.786216596343179,0.755030621172353,0.905363984674329,0.877959927140255,0.884920634920635;27;27
Wartbichler Christian;EOC 2012 Long Distance - FINAL-Men B-final;Austria;5815;0.75137;208,77,215,137,199,71,756,253,130,80,72,400,183,123,133,258,613,156,63,643,277,44,221,117,297,61,28;0.815705128205128,0.818181818181818,0.842377260981912,0.636658556366586,0.850921273031826,0.557120500782473,0.713256907701352,0.784365393061045,0.499145299145299,0.680555555555556,0.800925925925926,0.549444444444444,0.345476624165149,0.43360433604336,0.435254803675856,0.777347114556417,0.802428856262462,0.853988603988604,0.894179894179894,0.863314325211681,0.917368632170076,0.820707070707071,0.843137254901961,0.819563152896486,0.884025439580995,0.877959927140255,0.884920634920635;27;27
Smith Ross;EOC 2012 Long Distance - FINAL-Men B-final;United States;5885;0.74243;196,82,296,115,220,49,682,295,61,60,67,437,178,134,116,215,577,159,73,761,330,51,216,131,302,59,23;0.865646258503401,0.768292682926829,0.611861861861862,0.758454106280193,0.76969696969697,0.807256235827664,0.790648419680678,0.672693032015066,1.06375227686703,0.907407407407407,0.860696517412935,0.502923976608187,0.35518102372035,0.398009950248756,0.49904214559387,0.9328165374677,0.852493741575197,0.837875611460517,0.771689497716895,0.729449554679515,0.77003367003367,0.708061002178649,0.862654320987654,0.73197625106022,0.869389256806475,0.907721280602637,1.07729468599034;27;27
Iliev Lachezar;EOC 2012 Long Distance - FINAL-Men B-final;Bulgaria;5937;0.73593;283,70,230,190,179,44,643,241,197,120,120,279,139,51,74,454,577,188,66,682,304,41,224,116,329,67,29;0.599528857479387,0.9,0.78743961352657,0.45906432748538,0.945996275605214,0.898989898989899,0.838603767064109,0.823420931304749,0.329385222786238,0.453703703703704,0.480555555555556,0.787733970529669,0.454836131095124,1.04575163398693,0.782282282282282,0.441752325012237,0.852493741575197,0.708628841607565,0.853535353535354,0.813945910720104,0.835891812865497,0.880758807588076,0.831845238095238,0.826628352490421,0.798041202296521,0.799336650082919,0.854406130268199;27;27
Kacmaz Ahmet;EOC 2012 Long Distance - FINAL-Men B-final;Turkey;6221;0.70233;227,83,207,119,203,45,667,325,74,80,69,475,200,284,116,253,623,221,80,695,375,46,258,115,300,54,27;0.747430249632893,0.759036144578313,0.874932903918411,0.732959850606909,0.834154351395731,0.879012345679012,0.808429118773946,0.610598290598291,0.876876876876877,0.680555555555556,0.835748792270531,0.462690058479532,0.316111111111111,0.187793427230047,0.49904214559387,0.792709705753184,0.789548778312823,0.602815485168426,0.704166666666667,0.798721023181455,0.67762962962963,0.785024154589372,0.722222222222222,0.833816425120773,0.875185185185185,0.991769547325103,0.917695473251029;27;27
Kretzschmar Matthias;EOC 2012 Long Distance - FINAL-Men B-final;Germany;6228;0.70154;264,68,216,103,218,45,656,323,183,175,145,408,171,119,123,212,691,144,64,664,519,38,191,105,291,63,29;0.642676767676768,0.926470588235294,0.838477366255144,0.846817691477886,0.776758409785933,0.879012345679012,0.821985094850948,0.61437908496732,0.35458409228901,0.311111111111111,0.397701149425287,0.538671023965142,0.369720597790773,0.448179271708683,0.470641373080397,0.94601677148847,0.711850779868146,0.925154320987654,0.880208333333333,0.836010709504685,0.489616784414472,0.950292397660819,0.975567190226876,0.913227513227513,0.90225276823215,0.850088183421517,0.854406130268199;27;27
Erdogan Musa;EOC 2012 Long Distance - FINAL-Men B-final;Turkey;6474;0.67489;408,112,219,129,212,48,673,318,74,79,70,468,215,265,128,254,625,205,81,707,365,49,265,107,313,55,30;0.415849673202614,0.5625,0.82699137493658,0.676141257536606,0.79874213836478,0.824074074074074,0.801221726927522,0.624039133473096,0.876876876876877,0.689170182841069,0.823809523809524,0.469610636277303,0.29405684754522,0.20125786163522,0.452256944444444,0.789588801399825,0.787022222222222,0.649864498644987,0.695473251028807,0.785164230708785,0.696194824961948,0.736961451247166,0.70314465408805,0.896157840083074,0.838835640752574,0.973737373737374,0.825925925925926;27;27
Franco Paulo;EOC 2012 Long Distance - FINAL-Men B-final;Portugal;6482;0.67405;236,90,220,85,201,46,764,222,221,129,107,468,58,64,61,437,698,183,142,845,398,56,237,113,300,68,33;0.718926553672316,0.7,0.823232323232323,1.02614379084967,0.842454394693201,0.859903381642512,0.705788248981966,0.893893893893894,0.293614881850176,0.422049956933678,0.538940809968847,0.469610636277303,1.09003831417625,0.833333333333333,0.948998178506375,0.458937198067633,0.704711875198981,0.727990285367335,0.396713615023474,0.656936226166995,0.638470128419877,0.64484126984127,0.786216596343179,0.848574237954769,0.875185185185185,0.787581699346405,0.750841750841751;27;27
Cashell Hugh;EOC 2012 Long Distance - FINAL-Men B-final;Ireland;6605;0.66150;240,102,259,119,234,49,779,278,59,70,64,406,207,362,117,297,642,179,80,747,453,48,301,111,308,64,30;0.706944444444444,0.617647058823529,0.699270699270699,0.732959850606909,0.723646723646724,0.807256235827664,0.692197974611325,0.71382893685052,1.09981167608286,0.777777777777778,0.901041666666667,0.541324575807334,0.305421363392378,0.147329650092081,0.494776828110161,0.675271230826786,0.766182069920388,0.744258224705152,0.704166666666667,0.743120630670831,0.560951680156978,0.752314814814815,0.619047619047619,0.863863863863864,0.852453102453102,0.836805555555556,0.825925925925926;27;27
Bezdiga Andrei;EOC 2012 Long Distance - FINAL-Men B-final;Moldova;6849;0.63794;220,85,229,111,321,47,745,292,74,90,179,548,215,283,125,277,654,226,67,813,376,55,241,139,338,68,31;0.771212121212121,0.741176470588235,0.790878214459001,0.785785785785786,0.527518172377985,0.84160756501182,0.723788217747949,0.679604261796043,0.876876876876877,0.604938271604938,0.322160148975791,0.401054339010543,0.29405684754522,0.188457008244994,0.463111111111111,0.724027276373847,0.752123683316344,0.589478859390364,0.840796019900498,0.682793494601613,0.675827423167849,0.656565656565657,0.773167358229599,0.689848121502798,0.776791584483892,0.787581699346405,0.799283154121864;27;27
Ri Kyongsa;EOC 2012 Long Distance - FINAL-Men B-final;DPR Korea;8149;0.53617;305,140,323,218,289,177,879,354,230,284,157,369,82,71,86,548,875,385,73,854,429,58,298,166,383,84,32;0.556284153005464,0.45,0.560715514275886,0.400101936799185,0.585928489042676,0.223477715003139,0.613449627101504,0.560577526679222,0.282125603864734,0.19170579029734,0.367303609341826,0.595603733815116,0.7710027100271,0.751173708920188,0.67312661498708,0.365977291159773,0.56215873015873,0.346031746031746,0.771689497716895,0.650013010668748,0.592333592333592,0.622605363984674,0.625279642058166,0.57764390896921,0.685523643748187,0.637566137566138,0.774305555555556;27;27
Niggli Simone;EOC 2012 Long Distance - FINAL-Women A-final;Switzerland;3694;1.09040;167,122,225,61,400,58,86,352,97,479,87,80,411,123,53,127,116,157,104,70,98,32,77,81,31;1.13956701980654,1.03783102143758,1.12717948717949,1.04665825977301,1.08923076923077,1.05835543766578,1.05992844364937,1.15253496503496,1.1157811260904,1.04175365344468,1.08134394341291,1.11538461538462,1.12914093206064,1.06816760475297,1.17561683599419,1.10236220472441,1.0736074270557,1.0999510044096,1.09763313609467,1.1043956043956,1.08869701726845,1.04326923076923,0.98001998001998,1.01899335232669,0.791563275434243;25;25
Ryabkina Tatiana;EOC 2012 Long Distance - FINAL-Women A-final;Russia;3934;1.02387;189,136,251,66,413,60,89,391,111,480,91,87,435,130,56,126,114,177,115,81,109,35,74,88,30;1.00691900691901,0.930995475113122,1.01041985902544,0.967365967365967,1.05494505494505,1.02307692307692,1.02420051858254,1.03757623450718,0.975051975051975,1.03958333333333,1.03381234150465,1.02564102564103,1.06684350132626,1.01065088757396,1.11263736263736,1.11111111111111,1.09244264507422,0.975662755323772,0.992642140468228,0.954415954415954,0.978828510938603,0.953846153846154,1.01975051975052,0.937937062937063,0.817948717948718;25;25
Kauppi Minna;EOC 2012 Long Distance - FINAL-Women A-final;Finland;3968;1.01510;181,146,244,58,433,57,106,407,102,496,95,86,454,127,55,137,120,165,114,74,106,32,72,74,27;1.05142371440714,0.86722866174921,1.03940731399748,1.10079575596817,1.00621780067508,1.07692307692308,0.859941944847605,0.996786996786997,1.06108597285068,1.00604838709677,0.990283400809717,1.03756708407871,1.0221958658082,1.03452453058752,1.13286713286713,1.02189781021898,1.03782051282051,1.04662004662005,1.00134952766532,1.04469854469854,1.00653120464441,1.04326923076923,1.04807692307692,1.11538461538462,0.908831908831909;25;25
Alexandersson Tove;EOC 2012 Long Distance - FINAL-Women A-final;Sweden;4041;0.99676;196,133,246,60,437,66,89,407,97,482,100,142,457,131,70,145,122,162,113,75,105,39,73,72,22;0.970957613814757,0.951995373048005,1.03095684803002,1.06410256410256,0.997007569089949,0.93006993006993,1.02420051858254,0.996786996786997,1.1157811260904,1.03526970954357,0.940769230769231,0.628385698808234,1.01548560848342,1.00293599530241,0.89010989010989,0.96551724137931,1.02080706179067,1.06600189933523,1.01021102791014,1.03076923076923,1.01611721611722,0.856015779092702,1.03371970495258,1.14636752136752,1.11538461538462;25;25
Billstam Annika;EOC 2012 Long Distance - FINAL-Women A-final;Sweden;4150;0.97058;200,129,262,69,479,66,85,415,104,507,93,90,460,146,65,144,126,165,115,86,110,37,77,92,28;0.951538461538462,0.981514609421586,0.967997651203758,0.92530657748049,0.909587281194797,0.93006993006993,1.07239819004525,0.977571825764597,1.04068047337278,0.98422090729783,1.01157981803143,0.991452991452991,1.00886287625418,0.899894625922023,0.958579881656805,0.972222222222222,0.988400488400488,1.04662004662005,0.992642140468228,0.898926654740608,0.96993006993007,0.902286902286902,0.98001998001998,0.897157190635451,0.876373626373626;25;25
Wigemyr Tone;EOC 2012 Long Distance - FINAL-Women A-final;Norway;4218;0.95494;199,132,259,80,445,97,96,432,147,480,92,86,458,128,67,157,140,183,124,81,114,32,75,88,26;0.9563200618477,0.959207459207459,0.979209979209979,0.798076923076923,0.979083837510804,0.632831086439334,0.949519230769231,0.939102564102564,0.736263736263736,1.03958333333333,1.02257525083612,1.03756708407871,1.01326839099765,1.02644230769231,0.929965556831229,0.89171974522293,0.88956043956044,0.943673812526271,0.920595533498759,0.954415954415954,0.935897435897436,1.04326923076923,1.00615384615385,0.937937062937063,0.943786982248521;25;25
Fasting Mari;EOC 2012 Long Distance - FINAL-Women A-final;Norway;4241;0.94976;206,126,280,68,460,92,92,434,109,491,103,89,465,154,69,149,132,188,120,76,108,34,78,93,25;0.923823749066468,1.004884004884,0.905769230769231,0.938914027149321,0.947157190635451,0.667224080267559,0.990802675585284,0.934774902516838,0.992942836979534,1.0162932790224,0.913368185212845,1.00259291270527,0.998014888337469,0.853146853146853,0.903010033444816,0.939597315436242,0.943473193473193,0.918576104746317,0.951282051282051,1.01720647773279,0.987891737891738,0.981900452488688,0.967455621301775,0.887510339123242,0.981538461538462;25;25
Strand Lina;EOC 2012 Long Distance - FINAL-Women A-final;Sweden;4249;0.94797;215,151,286,63,460,59,97,395,122,538,100,95,473,133,65,146,133,186,119,80,111,35,79,82,26;0.885152057245081,0.838512480896587,0.886767079074771,1.01343101343101,0.947157190635451,1.04041720990874,0.939730372720064,1.02706913339825,0.887137452711223,0.927509293680297,0.940769230769231,0.939271255060729,0.981135143925842,0.987854251012146,0.958579881656805,0.958904109589041,0.936379410063621,0.928453267162945,0.959276018099548,0.966346153846154,0.961191961191961,0.953846153846154,0.955209347614411,1.00656660412758,0.943786982248521;25;25
Rantanen Merja;EOC 2012 Long Distance - FINAL-Women A-final;Finland;4307;0.93520;197,133,250,109,432,63,100,448,113,506,108,109,487,135,93,149,136,174,124,92,110,34,86,94,25;0.966028894962905,0.951995373048005,1.01446153846154,0.585744530698659,1.00854700854701,0.974358974358974,0.911538461538462,0.905563186813187,0.957794417971409,0.986166007905138,0.871082621082621,0.81863091037403,0.952930026851998,0.973219373219373,0.669975186104218,0.939597315436242,0.915723981900452,0.992484526967286,0.920595533498759,0.840301003344482,0.96993006993007,0.981900452488688,0.877459749552773,0.878068739770867,0.981538461538462;25;25
Dambe Inga;EOC 2012 Long Distance - FINAL-Women A-final;Latvia;4333;0.92959;202,165,276,65,532,62,95,403,112,523,95,91,477,132,67,146,136,184,126,89,113,41,81,93,27;0.942117288651942,0.767365967365967,0.918896321070234,0.982248520710059,0.818970503181029,0.990074441687345,0.959514170040486,1.0066806642489,0.966346153846154,0.954110898661568,0.990283400809717,0.980557903634827,0.972907595549105,0.995337995337995,0.929965556831229,0.958904109589041,0.915723981900452,0.938545150501672,0.905982905982906,0.868625756266206,0.944179714091218,0.814258911819888,0.931623931623932,0.887510339123242,0.908831908831909;25;25
Lüscher Sara;EOC 2012 Long Distance - FINAL-Women A-final;Switzerland;4368;0.92214;265,126,288,73,491,63,91,415,118,523,116,93,514,137,67,152,138,167,117,83,106,29,76,93,27;0.718142235123367,1.004884004884,0.880608974358974,0.874604847207587,0.887357042143193,0.974358974358974,1.00169061707523,0.977571825764597,0.917209908735332,0.954110898661568,0.811007957559682,0.959470636889992,0.902873391200239,0.959011791128579,0.929965556831229,0.921052631578947,0.902452619843924,1.03408567480424,0.975673898750822,0.931417979610751,1.00653120464441,1.15119363395225,0.992914979757085,0.887510339123242,0.908831908831909;25;25
Bobach Ida;EOC 2012 Long Distance - FINAL-Women A-final;Denmark;4386;0.91836;190,118,264,64,456,65,97,422,107,611,119,94,491,151,87,147,140,204,119,79,126,42,81,86,26;1.00161943319838,1.07301173402868,0.960664335664336,0.997596153846154,0.955465587044534,0.944378698224852,0.939730372720064,0.961356179365658,1.01150251617541,0.816693944353519,0.790562378797673,0.949263502454992,0.945166849443835,0.870096790626592,0.716180371352785,0.952380952380952,0.88956043956044,0.846530920060332,0.959276018099548,0.978578383641675,0.846764346764347,0.794871794871795,0.931623931623932,0.959749552772808,0.943786982248521;25;25
Haajanen Sofia;EOC 2012 Long Distance - FINAL-Women A-final;Finland;4391;0.91731;209,178,310,68,447,66,102,419,131,539,95,106,498,137,64,146,133,185,125,88,119,37,76,84,29;0.910563121089437,0.711322385479689,0.818114143920596,0.938914027149321,0.974703149199794,0.93006993006993,0.893665158371041,0.96823939783367,0.826189078097475,0.925788497217069,0.990283400809717,0.841799709724238,0.931881371640408,0.959011791128579,0.973557692307692,0.958904109589041,0.936379410063621,0.933471933471933,0.913230769230769,0.878496503496503,0.896574014221073,0.902286902286902,0.992914979757085,0.982600732600733,0.846153846153846;25;25
Mironova Svetlana;EOC 2012 Long Distance - FINAL-Women A-final;Russia;4415;0.91233;212,206,256,63,430,84,102,415,138,542,123,103,555,160,65,142,126,181,111,78,104,39,74,80,26;0.897677793904209,0.614637789395071,0.990685096153846,1.01343101343101,1.01323792486583,0.730769230769231,0.893665158371041,0.977571825764597,0.784280936454849,0.920664206642066,0.764853033145716,0.866318147871546,0.836174636174636,0.821153846153846,0.958579881656805,0.985915492957746,0.988400488400488,0.954101147471313,1.02841302841303,0.99112426035503,1.0258875739645,0.856015779092702,1.01975051975052,1.03173076923077,0.943786982248521;25;25
Efimova Natalia;EOC 2012 Long Distance - FINAL-Women A-final;Russia;4439;0.90739;206,144,282,92,468,68,93,446,112,535,101,95,506,153,94,144,143,179,120,88,117,48,83,94,28;0.923823749066468,0.879273504273504,0.899345335515548,0.693979933110368,0.930966469428008,0.902714932126697,0.98014888337469,0.909624008278717,0.966346153846154,0.932710280373832,0.931454683929931,0.939271255060729,0.917148069321982,0.858722976370035,0.662847790507365,0.972222222222222,0.870898332436794,0.964761495487752,0.951282051282051,0.878496503496503,0.91190006574622,0.695512820512821,0.90917516218721,0.878068739770867,0.876373626373626;25;25
Duchova Iveta;EOC 2012 Long Distance - FINAL-Women A-final;Czech republic;4458;0.90353;208,126,262,77,462,63,100,439,161,557,102,128,519,143,109,146,127,183,121,85,108,33,82,92,25;0.914940828402367,1.004884004884,0.967997651203758,0.829170829170829,0.943056943056943,0.974358974358974,0.911538461538462,0.924128263536008,0.672240802675585,0.895870736086176,0.922322775263952,0.697115384615385,0.894175188972877,0.91877353415815,0.571630204657728,0.958904109589041,0.980617807389461,0.943673812526271,0.943420216147489,0.909502262443439,0.987891737891738,1.01165501165501,0.920262664165103,0.897157190635451,0.981538461538462;25;25
Ptaekaite Rasa;EOC 2012 Long Distance - FINAL-Women A-final;Lithuania;4461;0.90292;206,145,271,69,491,68,100,440,120,496,108,97,535,162,74,155,140,185,118,87,123,42,106,94,29;0.923823749066468,0.873209549071618,0.935850127732047,0.92530657748049,0.887357042143193,0.902714932126697,0.911538461538462,0.922027972027972,0.901923076923077,1.00604838709677,0.871082621082621,0.919904837430611,0.867433501078361,0.811016144349478,0.841995841995842,0.903225806451613,0.88956043956044,0.933471933471933,0.967405475880052,0.888594164456233,0.867417135709819,0.794871794871795,0.711901306240929,0.878068739770867,0.846153846153846;25;25
Jahren Silje Ekroll;EOC 2012 Long Distance - FINAL-Women A-final;Norway;4463;0.90251;197,121,250,69,581,69,106,414,124,538,111,92,534,162,69,149,163,191,114,79,111,37,77,79,26;0.966028894962905,1.04640813731723,1.01446153846154,0.92530657748049,0.749900701707931,0.889632107023411,0.859941944847605,0.979933110367893,0.872828784119107,0.927509293680297,0.847539847539848,0.969899665551839,0.869057908383751,0.811016144349478,0.903010033444816,0.939597315436242,0.764039641340255,0.904148207813129,1.00134952766532,0.978578383641675,0.961191961191961,0.902286902286902,0.98001998001998,1.04479065238559,0.943786982248521;25;25
Kinni Saila;EOC 2012 Long Distance - FINAL-Women A-final;Finland;4472;0.90070;200,147,281,75,466,80,99,426,125,566,111,99,529,146,70,145,138,190,121,93,123,37,81,96,28;0.951538461538462,0.861329147043433,0.902545852723789,0.851282051282051,0.93496203367448,0.767307692307692,0.920745920745921,0.952329360780065,0.865846153846154,0.881625441696113,0.847539847539848,0.901320901320901,0.877272066307983,0.899894625922023,0.89010989010989,0.96551724137931,0.902452619843924,0.908906882591093,0.943420216147489,0.831265508684863,0.867417135709819,0.902286902286902,0.931623931623932,0.859775641025641,0.876373626373626;25;25
Forsberg Anna;EOC 2012 Long Distance - FINAL-Women A-final;Sweden;4490;0.89709;209,145,265,72,475,63,97,474,116,571,95,108,517,137,92,153,137,193,121,86,124,37,89,89,25;0.910563121089437,0.873209549071618,0.957039187227867,0.886752136752137,0.917246963562753,0.974358974358974,0.939730372720064,0.855890944498539,0.933023872679045,0.873905429071804,0.990283400809717,0.826210826210826,0.897634280613004,0.959011791128579,0.677257525083612,0.915032679738562,0.909039865244245,0.8947787963332,0.943420216147489,0.898926654740608,0.860421836228288,0.902286902286902,0.847882454624028,0.927398444252377,0.981538461538462;25;25
Ward Claire;EOC 2012 Long Distance - FINAL-Women A-final;Great Britain;4514;0.89232;215,151,316,72,544,64,105,437,120,521,93,123,489,180,63,142,126,202,116,87,111,38,78,91,30;0.885152057245081,0.838512480896587,0.802580331061344,0.886752136752137,0.800904977375566,0.959134615384615,0.868131868131868,0.928357683506425,0.901923076923077,0.957773512476008,1.01157981803143,0.725453408380238,0.949032562529495,0.72991452991453,0.989010989010989,0.985915492957746,0.988400488400488,0.854912414318355,0.984084880636605,0.888594164456233,0.961191961191961,0.878542510121458,0.967455621301775,0.907016060862215,0.817948717948718;25;25
Safka Brozkova Dana;EOC 2012 Long Distance - FINAL-Women A-final;Czech republic;4557;0.88390;220,136,317,88,476,107,105,471,144,515,115,101,493,151,72,162,129,189,126,85,115,36,82,92,30;0.865034965034965,0.930995475113122,0.800048531909731,0.725524475524476,0.915319974143504,0.573687994248742,0.868131868131868,0.861342479176874,0.751602564102564,0.968932038834951,0.818060200668896,0.883472962680883,0.941332501170229,0.870096790626592,0.865384615384615,0.864197530864197,0.96541443053071,0.913715913715914,0.905982905982906,0.909502262443439,0.927759197324415,0.927350427350427,0.920262664165103,0.897157190635451,0.817948717948718;25;25
Gustafsson Annica;EOC 2012 Long Distance - FINAL-Women A-final;Sweden;4563;0.88274;184,129,263,124,457,71,104,451,112,529,109,120,542,141,64,146,136,197,132,85,127,114,94,98,34;1.03428093645485,0.981514609421586,0.964317051769523,0.514888337468983,0.953374852718398,0.864572047670639,0.876479289940828,0.899539484905339,0.966346153846154,0.943289224952741,0.863091037402964,0.743589743589744,0.856230485381777,0.931805782869613,0.973557692307692,0.958904109589041,0.915723981900452,0.876610698945724,0.864801864801865,0.909502262443439,0.840096910963053,0.292847503373819,0.80278232405892,0.842229199372056,0.721719457013575;25;25
Eliasson Lena;EOC 2012 Long Distance - FINAL-Women A-final;Sweden;4570;0.88138;184,138,274,169,562,59,86,459,116,518,110,93,486,224,72,141,129,187,144,84,108,35,74,90,28;1.03428093645485,0.917502787068004,0.925603593486805,0.377787892580792,0.775253216534355,1.04041720990874,1.05992844364937,0.883861236802413,0.933023872679045,0.963320463320463,0.855244755244755,0.959470636889992,0.954890788224122,0.586538461538462,0.865384615384615,0.99290780141844,0.96541443053071,0.923488276429453,0.792735042735043,0.92032967032967,0.987891737891738,0.953846153846154,1.01975051975052,0.917094017094017,0.876373626373626;25;25
Volynska Nadiya;EOC 2012 Long Distance - FINAL-Women A-final;Ukraine;4621;0.87166;214,140,279,65,531,76,99,456,120,591,106,96,582,145,72,145,139,195,127,92,117,37,83,89,25;0.889288281811646,0.904395604395604,0.909015715467328,0.982248520710059,0.82051282051282,0.807692307692308,0.920745920745921,0.889676113360324,0.901923076923077,0.844331641285956,0.887518142235123,0.929487179487179,0.797383029341792,0.906100795755968,0.865384615384615,0.96551724137931,0.895960154952961,0.88560157790927,0.898849182313749,0.840301003344482,0.91190006574622,0.902286902286902,0.90917516218721,0.927398444252377,0.981538461538462;25;25
Feer Isabelle;EOC 2012 Long Distance - FINAL-Women A-final;Switzerland;4624;0.87109;209,134,293,76,562,167,122,462,117,555,111,113,491,130,74,141,135,191,119,78,115,33,80,91,25;0.910563121089437,0.944890929965557,0.865581517458651,0.840080971659919,0.775253216534355,0.367572547213266,0.747162673392182,0.878121878121878,0.925049309664694,0.899099099099099,0.847539847539848,0.789652825051055,0.945166849443835,1.01065088757396,0.841995841995842,0.99290780141844,0.922507122507122,0.904148207813129,0.959276018099548,0.99112426035503,0.927759197324415,1.01165501165501,0.943269230769231,0.907016060862215,0.981538461538462;25;25
Klechova Vendula;EOC 2012 Long Distance - FINAL-Women A-final;Czech republic;4640;0.86809;220,145,270,70,627,120,103,426,131,532,107,93,501,147,66,153,134,189,128,87,141,38,85,95,32;0.865034965034965,0.873209549071618,0.939316239316239,0.912087912087912,0.694884063305116,0.511538461538462,0.884988797610157,0.952329360780065,0.826189078097475,0.93796992481203,0.87922358015816,0.959470636889992,0.926301243666513,0.893772893772894,0.944055944055944,0.915032679738562,0.92939150401837,0.913715913715914,0.891826923076923,0.888594164456233,0.756683033278778,0.878542510121458,0.887782805429864,0.868825910931174,0.766826923076923;25;25
Sundberg Karoliina;EOC 2012 Long Distance - FINAL-Women A-final;Finland;4647;0.86678;191,132,298,80,430,64,101,465,146,621,114,97,549,148,86,159,143,205,129,88,135,41,96,99,30;0.996375352396295,0.959207459207459,0.851058337635519,0.798076923076923,1.01323792486583,0.959134615384615,0.902513328255903,0.872456575682382,0.741306638566912,0.803542673107891,0.825236167341431,0.919904837430611,0.845313156788567,0.887733887733888,0.724508050089445,0.880503144654088,0.870898332436794,0.842401500938086,0.884913536076327,0.878496503496503,0.79031339031339,0.814258911819888,0.786057692307692,0.833721833721834,0.817948717948718;25;25
Tikhonova Anastasia;EOC 2012 Long Distance - FINAL-Women A-final;Russia;4656;0.86510;199,150,279,78,459,63,94,436,124,583,104,205,554,158,74,144,158,222,125,80,131,38,85,88,25;0.9563200618477,0.844102564102564,0.909015715467328,0.818540433925049,0.949220713926596,0.974358974358974,0.969721767594108,0.930486944248412,0.872828784119107,0.855917667238422,0.904585798816568,0.435272045028143,0.837683976673146,0.831548198636806,0.841995841995842,0.972222222222222,0.788218111002921,0.777893277893278,0.913230769230769,0.966346153846154,0.814445096887845,0.878542510121458,0.887782805429864,0.937937062937063,0.981538461538462;25;25
Knapova Jana;EOC 2012 Long Distance - FINAL-Women A-final;Czech republic;4701;0.85682;256,120,271,74,554,75,112,514,119,516,119,109,542,147,74,154,140,205,130,91,133,36,83,103,24;0.743389423076923,1.05512820512821,0.935850127732047,0.862785862785863,0.78644820883088,0.818461538461538,0.813873626373626,0.789284645315774,0.909502262443439,0.967054263565892,0.790562378797673,0.81863091037403,0.856230485381777,0.893772893772894,0.841995841995842,0.909090909090909,0.88956043956044,0.842401500938086,0.87810650887574,0.849535080304311,0.802197802197802,0.927350427350427,0.90917516218721,0.80134428678118,1.0224358974359;25;25
Kazlauskaité Inga;EOC 2012 Long Distance - FINAL-Women A-final;Lithuania;4725;0.85247;214,136,278,71,530,119,98,440,124,550,110,94,542,208,70,149,151,221,134,95,120,42,98,102,29;0.889288281811646,0.930995475113122,0.912285556170448,0.899241603466956,0.822060957910014,0.515837104072398,0.930141287284144,0.922027972027972,0.872828784119107,0.907272727272727,0.855244755244755,0.949263502454992,0.856230485381777,0.631656804733728,0.89010989010989,0.939597315436242,0.82475802343352,0.781413156978768,0.851894374282434,0.813765182186235,0.889102564102564,0.794871794871795,0.770015698587127,0.80920060331825,0.846153846153846;25;25
Aebi Bettina;EOC 2012 Long Distance - FINAL-Women A-final;Switzerland;4734;0.85085;201,142,266,245,466,68,93,464,115,563,114,97,624,155,66,152,157,184,117,80,130,39,81,88,27;0.946804439341753,0.891657638136511,0.953441295546559,0.260596546310832,0.93496203367448,0.902714932126697,0.98014888337469,0.874336870026525,0.941137123745819,0.886323268206039,0.825236167341431,0.919904837430611,0.743713017751479,0.847642679900744,0.944055944055944,0.921052631578947,0.793238608525233,0.938545150501672,0.975673898750822,0.966346153846154,0.820710059171598,0.856015779092702,0.931623931623932,0.937937062937063,0.908831908831909;25;25
Dodin Céline;EOC 2012 Long Distance - FINAL-Women A-final;France;4763;0.84567;244,137,303,122,437,71,97,461,130,647,94,89,624,160,84,154,130,197,144,80,116,36,81,94,31;0.779949558638083,0.924199887703537,0.837014470677837,0.523329129886507,0.997007569089949,0.864572047670639,0.939730372720064,0.880026697814116,0.832544378698225,0.771251931993818,1.00081833060556,1.00259291270527,0.743713017751479,0.821153846153846,0.741758241758242,0.909090909090909,0.957988165680473,0.876610698945724,0.792735042735043,0.966346153846154,0.919761273209549,0.927350427350427,0.931623931623932,0.878068739770867,0.791563275434243;25;25
Gross Julia;EOC 2012 Long Distance - FINAL-Women A-final;Switzerland;4799;0.83933;218,142,317,91,493,92,110,547,134,624,105,94,549,182,66,169,147,190,118,77,110,39,78,83,24;0.872971065631616,0.891657638136511,0.800048531909731,0.701606086221471,0.883757216414417,0.667224080267559,0.828671328671329,0.741667838559977,0.807692307692308,0.799679487179487,0.895970695970696,0.949263502454992,0.845313156788567,0.72189349112426,0.944055944055944,0.828402366863905,0.84720041862899,0.908906882591093,0.967405475880052,1.003996003996,0.96993006993007,0.856015779092702,0.967455621301775,0.994439295644115,1.0224358974359;25;25
Stalder Seline;EOC 2012 Long Distance - FINAL-Women A-final;Switzerland;4799;0.83933;220,224,331,60,653,72,101,446,124,688,99,109,481,144,71,146,122,168,115,81,105,39,81,90,29;0.865034965034965,0.565247252747253,0.766209621194515,1.06410256410256,0.66721639769113,0.852564102564103,0.902513328255903,0.909624008278717,0.872828784119107,0.725290697674419,0.95027195027195,0.81863091037403,0.964816887893811,0.912393162393162,0.877573131094258,0.958904109589041,1.02080706179067,1.0279304029304,0.992642140468228,0.954415954415954,1.01611721611722,0.856015779092702,0.931623931623932,0.917094017094017,0.846153846153846;25;25
Sund Gøril Rønning;EOC 2012 Long Distance - FINAL-Women A-final;Norway;4830;0.83394;258,157,314,80,500,131,116,526,136,530,108,121,560,135,67,149,138,185,136,95,131,38,92,98,29;0.7376267143709,0.806467417932386,0.807692307692308,0.798076923076923,0.871384615384615,0.46858485026424,0.785809018567639,0.771278151506288,0.795814479638009,0.941509433962264,0.871082621082621,0.73744437380801,0.828708791208791,0.973219373219373,0.929965556831229,0.939597315436242,0.902452619843924,0.933471933471933,0.839366515837104,0.813765182186235,0.814445096887845,0.878542510121458,0.820234113712375,0.842229199372056,0.846153846153846;25;25
Popovich Ekaterina;EOC 2012 Long Distance - FINAL-Women A-final;Russia;4850;0.83050;360,225,347,69,580,70,99,419,126,545,102,93,534,162,67,149,158,199,115,81,111,35,82,89,33;0.528632478632479,0.562735042735043,0.730880070937708,0.92530657748049,0.751193633952255,0.876923076923077,0.920745920745921,0.96823939783367,0.858974358974359,0.915596330275229,0.922322775263952,0.959470636889992,0.869057908383751,0.811016144349478,0.929965556831229,0.939597315436242,0.788218111002921,0.867800541167375,0.992642140468228,0.954415954415954,0.961191961191961,0.953846153846154,0.920262664165103,0.927398444252377,0.743589743589744;25;25
Gomzyk Omova Michaela;EOC 2012 Long Distance - FINAL-Women A-final;Czech republic;4854;0.82982;226,132,323,121,533,68,96,553,116,626,94,91,515,187,65,152,138,243,127,86,123,35,86,89,29;0.842069434989789,0.959207459207459,0.785186949273637,0.5276541640178,0.8174339731563,0.902714932126697,0.949519230769231,0.733620809570177,0.933023872679045,0.797124600638978,1.00081833060556,0.980557903634827,0.901120238984317,0.702591526120938,0.958579881656805,0.921052631578947,0.902452619843924,0.710667932890155,0.898849182313749,0.898926654740608,0.867417135709819,0.953846153846154,0.877459749552773,0.927398444252377,0.846153846153846;25;25
Rothman Rachael;EOC 2012 Long Distance - FINAL-Women A-final;Great Britain;4866;0.82777;215,139,299,80,499,69,112,484,135,608,129,103,595,150,72,166,152,219,146,96,126,39,95,108,30;0.885152057245081,0.910902047592695,0.848211988680216,0.798076923076923,0.873130877138893,0.889632107023411,0.813873626373626,0.838207247298156,0.801709401709402,0.820723684210526,0.72927847346452,0.866318147871546,0.779961215255333,0.875897435897436,0.865384615384615,0.843373493975904,0.819331983805668,0.788549350193186,0.781875658587987,0.805288461538462,0.846764346764347,0.856015779092702,0.794331983805668,0.764245014245014,0.817948717948718;25;25
Valaite Indre;EOC 2012 Long Distance - FINAL-Women A-final;Lithuania;4898;0.82236;245,139,314,77,500,67,116,524,121,627,128,109,572,159,80,159,132,213,127,92,132,42,84,108,31;0.776766091051805,0.910902047592695,0.807692307692308,0.829170829170829,0.871384615384615,0.916188289322618,0.785809018567639,0.774221961244862,0.89446916719644,0.79585326953748,0.734975961538462,0.81863091037403,0.811323292092523,0.826318335752298,0.778846153846154,0.880503144654088,0.943473193473193,0.810762007945106,0.898849182313749,0.840301003344482,0.808275058275058,0.794871794871795,0.898351648351648,0.764245014245014,0.791563275434243;25;25
Gyurkó Fanni;EOC 2012 Long Distance - FINAL-Women A-final;Hungary;4931;0.81686;261,153,340,147,555,106,186,464,122,543,116,107,496,130,74,142,133,196,121,96,140,50,112,111,30;0.729148246389626,0.827551533433886,0.745927601809955,0.43432757718472,0.785031185031185,0.579100145137881,0.490074441687345,0.874336870026525,0.887137452711223,0.918968692449355,0.811007957559682,0.833932422717469,0.935638957816377,1.01065088757396,0.841995841995842,0.985915492957746,0.936379410063621,0.881083202511774,0.943420216147489,0.805288461538462,0.762087912087912,0.667692307692308,0.673763736263736,0.743589743589744,0.817948717948718;25;25
Klinting Signe;EOC 2012 Long Distance - FINAL-Women A-final;Denmark;4932;0.81669;238,137,315,72,558,70,107,516,127,614,133,105,559,153,69,156,141,205,141,101,131,48,94,111,31;0.799612152553329,0.924199887703537,0.805128205128205,0.886752136752137,0.7808105872622,0.876923076923077,0.851905104241553,0.786225402504472,0.85221078134464,0.812703583061889,0.707345286292655,0.84981684981685,0.830191275629558,0.858722976370035,0.903010033444816,0.897435897435897,0.883251500272777,0.842401500938086,0.809601745771959,0.765422696115765,0.814445096887845,0.695512820512821,0.80278232405892,0.743589743589744,0.791563275434243;25;25
Rybakovaité Kristina;EOC 2012 Long Distance - FINAL-Women A-final;Lithuania;4933;0.81653;224,342,283,129,447,68,96,543,120,537,100,98,567,182,86,154,156,219,151,79,119,40,80,89,24;0.849587912087912,0.370220422852002,0.896167436803479,0.494931425163983,0.974703149199794,0.902714932126697,0.949519230769231,0.747131321716957,0.901923076923077,0.929236499068901,0.940769230769231,0.910518053375196,0.818477818477819,0.72189349112426,0.724508050089445,0.909090909090909,0.798323471400394,0.788549350193186,0.755985736118187,0.978578383641675,0.896574014221073,0.834615384615385,0.943269230769231,0.927398444252377,1.0224358974359;25;25
Bridle Helen;EOC 2012 Long Distance - FINAL-Women A-final;Great Britain;4965;0.81126;289,161,289,75,487,77,112,464,144,659,124,101,551,167,83,169,147,227,142,110,126,36,90,107,28;0.658504125632153,0.786430960344004,0.8775618844823,0.851282051282051,0.89464539567209,0.797202797202797,0.813873626373626,0.874336870026525,0.751602564102564,0.757207890743551,0.758684863523573,0.883472962680883,0.8422448694681,0.786734223859972,0.750695088044486,0.828402366863905,0.84720041862899,0.760759064723822,0.803900325027086,0.702797202797203,0.846764346764347,0.927350427350427,0.838461538461538,0.771387491013659,0.876373626373626;25;25
Ojanen Outi;EOC 2012 Long Distance - FINAL-Women A-final;Finland;5000;0.80558;210,142,275,461,495,79,100,454,121,624,109,99,550,147,70,149,135,187,134,94,118,35,84,96,32;0.906227106227106,0.891657638136511,0.922237762237762,0.138494910729184,0.88018648018648,0.777020447906524,0.911538461538462,0.893595391392748,0.89446916719644,0.799679487179487,0.863091037402964,0.901320901320901,0.843776223776224,0.893772893772894,0.89010989010989,0.939597315436242,0.922507122507122,0.923488276429453,0.851894374282434,0.822422258592471,0.904172099087353,0.953846153846154,0.898351648351648,0.859775641025641,0.766826923076923;25;25
Elstner Elisa;EOC 2012 Long Distance - FINAL-Women A-final;Austria;5098;0.79010;259,154,340,90,564,78,122,623,137,564,102,93,556,204,63,155,143,215,141,94,120,43,99,108,31;0.734778734778735,0.822177822177822,0.745927601809955,0.709401709401709,0.772504091653028,0.78698224852071,0.747162673392182,0.651191505124089,0.790005614823133,0.884751773049645,0.922322775263952,0.959470636889992,0.834670724958495,0.644042232277526,0.989010989010989,0.903225806451613,0.870898332436794,0.803220035778175,0.809601745771959,0.822422258592471,0.889102564102564,0.776386404293381,0.762237762237762,0.764245014245014,0.791563275434243;25;25
Taylor Catherine;EOC 2012 Long Distance - FINAL-Women A-final;Great Britain;5132;0.78486;294,192,274,166,570,113,96,522,134,599,106,97,549,142,73,151,157,236,142,97,157,40,91,106,28;0.647305075876505,0.659455128205128,0.925603593486805,0.384615384615385,0.764372469635628,0.543226684819605,0.949519230769231,0.777188328912467,0.807692307692308,0.8330550918197,0.887518142235123,0.919904837430611,0.845313156788567,0.925243770314193,0.853530031612223,0.927152317880795,0.793238608525233,0.731747066492829,0.803900325027086,0.796986518636003,0.679568838804508,0.834615384615385,0.829247675401522,0.77866473149492,0.876373626373626;25;25
Gardner Heather;EOC 2012 Long Distance - FINAL-Women A-final;Great Britain;5146;0.78273;261,141,298,88,594,80,126,543,139,632,118,110,609,161,72,194,148,208,132,95,137,39,99,98,24;0.729148246389626,0.89798145117294,0.851058337635519,0.725524475524476,0.733488733488733,0.767307692307692,0.723443223443224,0.747131321716957,0.778638627559491,0.789556962025316,0.797262059973924,0.811188811188811,0.7620310723759,0.816053511705686,0.865384615384615,0.721649484536082,0.841476091476091,0.830251479289941,0.864801864801865,0.813765182186235,0.77877596855699,0.856015779092702,0.762237762237762,0.842229199372056,1.0224358974359;25;25
Fershalova Karina;EOC 2012 Long Distance - FINAL-Women A-final;Russia;5200;0.77460;267,145,326,343,511,72,115,484,130,641,112,106,552,158,77,158,147,212,143,90,152,41,92,96,30;0.712762892538173,0.873209549071618,0.77796130250118,0.186140390222023,0.852626825229565,0.852564102564103,0.792642140468227,0.838207247298156,0.832544378698225,0.778471138845554,0.839972527472527,0.841799709724238,0.840719063545151,0.831548198636806,0.809190809190809,0.886075949367089,0.84720041862899,0.814586357039187,0.798278644432491,0.858974358974359,0.701923076923077,0.814258911819888,0.820234113712375,0.859775641025641,0.817948717948718;25;25
Johanson Liis;EOC 2012 Long Distance - FINAL-Women A-final;Estonia;5204;0.77401;282,152,270,76,909,76,106,579,123,573,108,99,546,147,68,149,135,198,137,96,131,35,87,95,27;0.674849972722313,0.832995951417004,0.939316239316239,0.840080971659919,0.479309469408479,0.807692307692308,0.859941944847605,0.700677560781188,0.879924953095685,0.870855148342059,0.871082621082621,0.901320901320901,0.849957734573119,0.893772893772894,0.916289592760181,0.939597315436242,0.922507122507122,0.872183372183372,0.833239752947782,0.805288461538462,0.814445096887845,0.953846153846154,0.86737400530504,0.868825910931174,0.908831908831909;25;25
Pauaite Sandra;EOC 2012 Long Distance - FINAL-Women A-final;Lithuania;5417;0.74357;446,154,323,334,516,76,111,485,135,598,123,108,565,164,79,166,152,214,160,101,135,36,98,105,33;0.42669886167644,0.822177822177822,0.785186949273637,0.191156149239982,0.844364937388193,0.807692307692308,0.821205821205821,0.836478984932593,0.801709401709402,0.834448160535117,0.764853033145716,0.826210826210826,0.821375085091899,0.801125703564728,0.788704965920156,0.843373493975904,0.819331983805668,0.806973400431344,0.713461538461538,0.765422696115765,0.79031339031339,0.927350427350427,0.770015698587127,0.786080586080586,0.743589743589744;25;25
Kirchlechner Christine;EOC 2012 Long Distance - FINAL-Women B-final;Italy;4606;1.01136;252,90,340,847,172,121,733,112,62,619,356,326,124,340,77,35;1.02116402116402,0.903703703703704,1.13137254901961,1.00157418339237,1.12209302325581,1.13498622589532,0.877671668940427,1.02083333333333,1.01075268817204,1.0446957458266,1.07771535580524,0.997955010224949,1.01344086021505,1.02745098039216,0.956709956709957,0.904761904761905;16;16
Klopovskaya Anastasia;EOC 2012 Long Distance - FINAL-Women B-final;Belarus;4790;0.97251;250,94,414,809,250,147,617,107,65,711,410,314,128,363,77,34;1.02933333333333,0.865248226950355,0.92914653784219,1.04861969509683,0.772,0.934240362811791,1.04267963263101,1.06853582554517,0.964102564102564,0.909517112048758,0.935772357723577,1.03609341825902,0.981770833333333,0.962350780532599,0.956709956709957,0.931372549019608;16;16
Tomash Daryna;EOC 2012 Long Distance - FINAL-Women B-final;Ukraine;5417;0.85995;348,98,400,1055,238,151,717,124,134,665,481,336,131,391,84,64;0.739463601532567,0.829931972789116,0.961666666666667,0.804107424960506,0.810924369747899,0.909492273730684,0.897257089725709,0.922043010752688,0.467661691542289,0.972431077694236,0.797643797643798,0.968253968253968,0.959287531806616,0.893435635123615,0.876984126984127,0.494791666666667;16;16
Cin Tugba;EOC 2012 Long Distance - FINAL-Women B-final;Turkey;5686;0.81926;270,107,473,889,275,144,668,153,218,729,688,390,132,437,80,33;0.953086419753086,0.7601246105919,0.813248766737139,0.954255718035246,0.701818181818182,0.953703703703704,0.963073852295409,0.747276688453159,0.287461773700306,0.887059899405578,0.55765503875969,0.834188034188034,0.952020202020202,0.799389778794813,0.920833333333333,0.95959595959596;16;16
Bertóti Regina;EOC 2012 Long Distance - FINAL-Women B-final;Hungary;5729;0.81311;390,90,855,947,236,156,645,143,68,656,616,360,125,345,69,28;0.65982905982906,0.903703703703704,0.44990253411306,0.895811334037311,0.817796610169492,0.88034188034188,0.997416020671835,0.7995337995338,0.92156862745098,0.985772357723577,0.622835497835498,0.903703703703704,1.00533333333333,1.01256038647343,1.06763285024155,1.13095238095238;16;16
Brandi Adrienne;EOC 2012 Long Distance - FINAL-Women B-final;Italy;5809;0.80192;297,109,657,903,179,191,703,126,95,849,508,476,146,453,83,34;0.866442199775533,0.746177370030581,0.585489599188229,0.939461055740126,1.07821229050279,0.719022687609075,0.915125651967757,0.907407407407407,0.659649122807017,0.761680408323518,0.755249343832021,0.683473389355742,0.860730593607306,0.771155261221486,0.887550200803213,0.931372549019608;16;16
Fenyvesi Laura;EOC 2012 Long Distance - FINAL-Women B-final;Hungary;6091;0.76479;517,64,527,978,270,158,1268,134,61,723,385,346,130,419,75,36;0.497743391360413,1.27083333333333,0.729917773561037,0.867416496250852,0.714814814814815,0.869198312236287,0.507360672975815,0.853233830845771,1.02732240437158,0.894421392346703,0.996536796536797,0.940269749518304,0.966666666666667,0.833731105807478,0.982222222222222,0.87962962962963;16;16
Günaydin Selvihan;EOC 2012 Long Distance - FINAL-Women B-final;Turkey;6433;0.72413;320,117,497,1055,246,189,1032,216,119,836,577,423,167,515,88,36;0.804166666666667,0.695156695156695,0.773977196512408,0.804107424960506,0.784552845528455,0.72663139329806,0.623385012919897,0.529320987654321,0.526610644257703,0.773524720893142,0.664933564413634,0.769109535066982,0.75249500998004,0.67831715210356,0.837121212121212,0.87962962962963;16;16
Üzen Sengül;EOC 2012 Long Distance - FINAL-Women B-final;Turkey;6847;0.68035;330,115,767,1159,228,193,1080,166,103,883,563,411,167,545,100,37;0.77979797979798,0.707246376811594,0.501521077792264,0.731952832901927,0.846491228070175,0.711571675302245,0.595679012345679,0.688755020080321,0.608414239482201,0.732351830879577,0.681468324452339,0.791565287915653,0.75249500998004,0.640978593272171,0.736666666666667,0.855855855855856;16;16
