 Thierry Gueorgiou;WOC 2004 Middle Distance Final-Men Final;France;1965;1.00990;192,51,94,54,145,56,131,178,45,172,138,70,40,179,145,129,65,46,35;1.04403409090909,1.03565062388592,1.05125725338491,1.03030303030303,1.04326018808777,1.00974025974026,1.04510756419153,1.01685393258427,1.00808080808081,0.981501057082452,0.989459815546772,0.990909090909091,1.01363636363636,0.95733875063484,1.0025078369906,0.976039464411557,0.991608391608392,1.0197628458498,1.03896103896104;19;19
 Valentin Novikov;WOC 2004 Middle Distance Final-Men Final;Russia;1987;0.99872;207,49,104,58,144,54,130,191,52,166,138,69,39,165,147,120,68,47,39;0.968379446640316,1.07792207792208,0.950174825174825,0.959247648902821,1.05050505050505,1.04713804713805,1.05314685314685,0.947643979057592,0.872377622377622,1.01697699890471,0.989459815546772,1.00527009222661,1.03962703962704,1.03856749311295,0.98886827458256,1.04924242424242,0.947860962566845,0.998065764023211,0.932400932400932;19;19
 Anders Nordberg;WOC 2004 Middle Distance Final-Men Final;Norway;1992;0.99621;207,56,99,57,146,58,140,187,49,162,135,69,40,174,143,125,63,45,37;0.968379446640316,0.943181818181818,0.998163452708907,0.976076555023923,1.03611457036115,0.974921630094044,0.977922077922078,0.967914438502674,0.925788497217069,1.04208754208754,1.01144781144781,1.00527009222661,1.01363636363636,0.984848484848485,1.01652892561983,1.00727272727273,1.02308802308802,1.04242424242424,0.982800982800983;19;19
 Emil Wingstedt;WOC 2004 Middle Distance Final-Men Final;Sweden;1994;0.99521;199,53,104,59,151,64,134,175,44,172,132,67,40,176,147,130,65,47,35;1.00730927364093,0.996569468267582,0.950174825174825,0.942989214175655,1.00180614087899,0.883522727272727,1.02170963364993,1.03428571428571,1.03099173553719,0.981501057082452,1.03443526170799,1.03527815468114,1.01363636363636,0.973657024793388,0.98886827458256,0.968531468531469,0.991608391608392,0.998065764023211,1.03896103896104;19;19
 Johan Näsman;WOC 2004 Middle Distance Final-Men Final;Sweden;2049;0.96850;191,53,98,59,146,55,142,188,50,169,144,70,43,176,184,121,66,53,41;1.04950023798191,0.996569468267582,1.00834879406308,0.942989214175655,1.03611457036115,1.02809917355372,0.964148527528809,0.962765957446808,0.907272727272727,0.998924152770307,0.948232323232323,0.990909090909091,0.94291754756871,0.973657024793388,0.79001976284585,1.04057099924869,0.976584022038567,0.885077186963979,0.886917960088692;19;19
 Holger Hott Johansen;WOC 2004 Middle Distance Final-Men Final;Norway;2056;0.96520;213,51,101,57,153,61,173,177,43,164,143,71,45,160,140,148,70,48,38;0.941101152368758,1.03565062388592,0.978397839783978,0.976076555023923,0.988710635769459,0.926974664679583,0.791382028376248,1.0225988700565,1.05496828752643,1.02937915742794,0.954863318499682,0.976952624839949,0.901010101010101,1.07102272727273,1.03831168831169,0.850737100737101,0.920779220779221,0.977272727272727,0.956937799043062;19;19
 Jörgen Olsson;WOC 2004 Middle Distance Final-Men Final;Sweden;2103;0.94363;195,75,96,58,179,58,159,195,44,185,134,73,42,178,152,128,65,51,36;1.02797202797203,0.704242424242424,1.02935606060606,0.959247648902821,0.845099035043169,0.974921630094044,0.86106346483705,0.928205128205128,1.03099173553719,0.912530712530712,1.01899592944369,0.950186799501868,0.965367965367965,0.962717058222676,0.95633971291866,0.983664772727273,0.991608391608392,0.919786096256684,1.01010101010101;19;19
 Matthias Merz;WOC 2004 Middle Distance Final-Men Final;Switzerland;2131;0.93123;204,55,107,58,161,57,137,199,48,172,145,74,42,217,167,137,64,50,37;0.982620320855615,0.960330578512397,0.923534409515718,0.959247648902821,0.939582156973461,0.992025518341308,0.999336429993364,0.909547738693467,0.945075757575758,0.981501057082452,0.941692789968652,0.937346437346437,0.965367965367965,0.789694176790951,0.8704409363092,0.919044459190445,1.00710227272727,0.938181818181818,0.982800982800983;19;19
 Pasi Ikonen;WOC 2004 Middle Distance Final-Men Final;Finland;2152;0.92214;216,55,106,62,218,68,131,191,42,168,141,68,49,178,150,155,62,53,39;0.928030303030303,0.960330578512397,0.932246998284734,0.897360703812317,0.693911592994162,0.831550802139037,1.04510756419153,0.947643979057592,1.08008658008658,1.00487012987013,0.968407479045777,1.02005347593583,0.827458256029685,0.962717058222676,0.969090909090909,0.812316715542522,1.03958944281525,0.885077186963979,0.932400932400932;19;19
 Øystein Kristiansen;WOC 2004 Middle Distance Final-Men Final;Norway;2158;0.91958;217,62,110,63,158,67,147,183,64,185,142,77,45,178,171,135,69,48,37;0.92375366568915,0.851906158357771,0.898347107438016,0.883116883116883,0.957422324510932,0.843962008141113,0.931354359925789,0.989071038251366,0.708806818181818,0.912530712530712,0.961587708066581,0.900826446280992,0.901010101010101,0.962717058222676,0.850079744816587,0.932659932659933,0.934123847167325,0.977272727272727,0.982800982800983;19;19
 Jarkko Huovila;WOC 2004 Middle Distance Final-Men Final;Finland;2166;0.91618;212,53,169,51,160,53,151,187,52,172,142,73,43,176,165,142,73,55,37;0.945540308747856,0.996569468267582,0.584722969338354,1.09090909090909,0.945454545454546,1.06689536878216,0.906682721252258,0.967914438502674,0.872377622377622,0.981501057082452,0.961587708066581,0.950186799501868,0.94291754756871,0.973657024793388,0.88099173553719,0.886683738796415,0.88293897882939,0.852892561983471,0.982800982800983;19;19
 Pavlo Ushkvarok;WOC 2004 Middle Distance Final-Men Final;Ukraine;2183;0.90905;214,61,110,59,162,64,172,189,53,179,156,73,44,178,167,136,71,55,40;0.936703483432455,0.865871833084948,0.898347107438016,0.942989214175655,0.933782267115601,0.883522727272727,0.795983086680761,0.957671957671958,0.855917667238422,0.943118334179787,0.875291375291375,0.950186799501868,0.921487603305785,0.962717058222676,0.8704409363092,0.925802139037433,0.907810499359795,0.852892561983471,0.909090909090909;19;19
 Leonid Novikov;WOC 2004 Middle Distance Final-Men Final;Russia;2190;0.90614;209,54,97,61,148,60,151,186,70,182,176,72,62,185,172,144,65,57,39;0.959112657677251,0.978114478114478,1.01874414245548,0.912071535022355,1.02211302211302,0.942424242424242,0.906682721252258,0.973118279569892,0.648051948051948,0.927572427572428,0.775826446280992,0.963383838383838,0.653958944281525,0.926289926289926,0.845137420718816,0.874368686868687,0.991608391608392,0.822966507177033,0.932400932400932;19;19
 Damien Renard;WOC 2004 Middle Distance Final-Men Final;France;2196;0.90367;215,59,115,61,162,64,148,190,50,191,169,86,44,186,141,142,83,54,36;0.932346723044397,0.89522342064715,0.859288537549407,0.912071535022355,0.933782267115601,0.883522727272727,0.925061425061425,0.952631578947368,0.907272727272727,0.883864826273203,0.807961269499731,0.806553911205074,0.921487603305785,0.921309872922776,1.03094777562863,0.886683738796415,0.776560788608981,0.868686868686869,1.01010101010101;19;19
 Mats Haldin;WOC 2004 Middle Distance Final-Men Final;Finland;2205;0.89998;212,51,102,58,158,193,148,184,67,170,146,70,38,162,160,139,65,46,36;0.945540308747856,1.03565062388592,0.968805704099822,0.959247648902821,0.957422324510932,0.292981629769195,0.925061425061425,0.983695652173913,0.677069199457259,0.993048128342246,0.935242839352428,0.990909090909091,1.06698564593301,1.05780022446689,0.908522727272727,0.905820797907129,0.991608391608392,1.0197628458498,1.01010101010101;19;19
 Edgaras Voveris;WOC 2004 Middle Distance Final-Men Final;Lithuania;2220;0.89390;209,58,103,57,234,79,135,207,64,186,156,76,46,172,155,130,65,49,39;0.959112657677251,0.910658307210031,0.959399823477493,0.976076555023923,0.646464646464647,0.715765247410817,1.01414141414141,0.8743961352657,0.708806818181818,0.907624633431085,0.875291375291375,0.912679425837321,0.881422924901186,0.99630021141649,0.93782991202346,0.968531468531469,0.991608391608392,0.957328385899814,0.932400932400932;19;19
 Grant Bluett;WOC 2004 Middle Distance Final-Men Final;Australia;2225;0.89189;253,68,134,57,203,63,159,197,50,173,140,72,42,185,144,126,69,52,38;0.792310456342077,0.776737967914438,0.737449118046133,0.976076555023923,0.745185848634125,0.897546897546898,0.86106346483705,0.918781725888325,0.907272727272727,0.975827640567525,0.975324675324675,0.963383838383838,0.965367965367965,0.926289926289926,1.0094696969697,0.999278499278499,0.934123847167325,0.902097902097902,0.956937799043062;19;19
 Martins Sirmais;WOC 2004 Middle Distance Final-Men Final;Latvia;2230;0.88989;214,78,94,57,167,58,164,175,47,235,137,68,43,175,178,178,69,51,42;0.936703483432455,0.677156177156177,1.05125725338491,0.976076555023923,0.905824714207948,0.974921630094044,0.834811529933481,1.03428571428571,0.965183752417795,0.718375241779497,0.996682149966821,1.02005347593583,0.94291754756871,0.979220779220779,0.816649642492339,0.707354443309499,0.934123847167325,0.919786096256684,0.865800865800866;19;19
 Marius Mazulis;WOC 2004 Middle Distance Final-Men Final;Lithuania;2233;0.88869;206,62,107,58,166,57,261,192,53,186,152,78,43,173,152,125,69,51,42;0.973080317740512,0.851906158357771,0.923534409515718,0.959247648902821,0.911281489594743,0.992025518341308,0.524555903866249,0.942708333333333,0.855917667238422,0.907624633431085,0.898325358851675,0.889277389277389,0.94291754756871,0.990541250656858,0.95633971291866,1.00727272727273,0.934123847167325,0.919786096256684,0.865800865800866;19;19
 Yuri Omeltchenko;WOC 2004 Middle Distance Final-Men Final;Ukraine;2234;0.88830;194,69,119,53,194,57,161,200,47,188,168,72,41,190,195,134,68,46,38;1.03327085285848,0.765480895915679,0.830404889228419,1.04974271012007,0.779756326148079,0.992025518341308,0.850367024280068,0.905,0.965183752417795,0.897969052224371,0.812770562770563,0.963383838383838,0.988913525498891,0.901913875598086,0.745454545454545,0.939620081411126,0.947860962566845,1.0197628458498,0.956937799043062;19;19
 Misha Mamleev;WOC 2004 Middle Distance Final-Men Final;Russia;2247;0.88316;201,81,99,66,194,66,139,254,46,170,142,75,51,217,162,133,64,50,37;0.997286295793758,0.652076318742985,0.998163452708907,0.84297520661157,0.779756326148079,0.856749311294766,0.984957488554611,0.71259842519685,0.986166007905138,0.993048128342246,0.961587708066581,0.924848484848485,0.795008912655972,0.789694176790951,0.897306397306397,0.946684894053315,1.00710227272727,0.938181818181818,0.982800982800983;19;19
 Oli Johnson;WOC 2004 Middle Distance Final-Men Final;Great Britain;2251;0.88159;227,65,112,73,170,64,144,199,49,193,154,82,45,202,169,136,74,52,41;0.883059671605927,0.812587412587413,0.882305194805195,0.76214196762142,0.889839572192513,0.883522727272727,0.950757575757576,0.909547738693467,0.925788497217069,0.874705605275553,0.886658795749705,0.84589800443459,0.901010101010101,0.848334833483348,0.86013986013986,0.925802139037433,0.871007371007371,0.902097902097902,0.886917960088692;19;19
 Olle Kärner;WOC 2004 Middle Distance Final-Men Final;Estonia;2281;0.86999;228,60,110,74,163,72,241,182,72,180,140,77,42,179,178,129,68,47,39;0.879186602870813,0.88030303030303,0.898347107438016,0.751842751842752,0.928053541550474,0.785353535353535,0.568087514145605,0.994505494505495,0.630050505050505,0.937878787878788,0.975324675324675,0.900826446280992,0.965367965367965,0.95733875063484,0.816649642492339,0.976039464411557,0.947860962566845,0.998065764023211,0.932400932400932;19;19
 David Shepherd;WOC 2004 Middle Distance Final-Men Final;Australia;2283;0.86923;231,63,109,62,162,62,148,196,52,209,181,75,58,193,195,133,68,48,38;0.867768595041322,0.838383838383838,0.906588824020017,0.897360703812317,0.933782267115601,0.912023460410557,0.925061425061425,0.923469387755102,0.872377622377622,0.807742496737712,0.754394776494224,0.924848484848485,0.699059561128527,0.887894488930758,0.745454545454545,0.946684894053315,0.947860962566845,0.977272727272727,0.956937799043062;19;19
 Marian Davidik;WOC 2004 Middle Distance Final-Men Final;Slovakia;2299;0.86318;214,126,112,67,167,82,164,200,57,193,144,73,43,176,166,143,73,59,40;0.936703483432455,0.419191919191919,0.882305194805195,0.830393487109905,0.905824714207948,0.689578713968958,0.834811529933481,0.905,0.79585326953748,0.874705605275553,0.948232323232323,0.950186799501868,0.94291754756871,0.973657024793388,0.875684556407448,0.880483153210426,0.88293897882939,0.795069337442219,0.909090909090909;19;19
 Carsten Jørgensen;WOC 2004 Middle Distance Final-Men Final;Denmark;2299;0.86318;210,58,120,57,237,63,158,179,55,197,141,78,75,219,147,141,73,53,38;0.954545454545455,0.910658307210031,0.823484848484848,0.976076555023923,0.638281549673955,0.897546897546898,0.866513233601841,1.01117318435754,0.824793388429752,0.856945085371481,0.968407479045777,0.889277389277389,0.540606060606061,0.782482357824824,0.98886827458256,0.892972275950999,0.88293897882939,0.885077186963979,0.956937799043062;19;19
 Simonas Krepsta;WOC 2004 Middle Distance Final-Men Final;Lithuania;2308;0.85982;213,59,120,62,199,64,185,218,55,209,146,72,42,197,168,143,70,48,38;0.941101152368758,0.89522342064715,0.823484848484848,0.897360703812317,0.760164458656921,0.883522727272727,0.74004914004914,0.830275229357798,0.824793388429752,0.807742496737712,0.935242839352428,0.963383838383838,0.965367965367965,0.869866174434702,0.86525974025974,0.880483153210426,0.920779220779221,0.977272727272727,0.956937799043062;19;19
 Matthias Gilgien;WOC 2004 Middle Distance Final-Men Final;Switzerland;2318;0.85611;221,64,124,65,166,72,143,199,56,220,159,74,45,199,196,138,81,55,41;0.90703414232826,0.825284090909091,0.796920821114369,0.855944055944056,0.911281489594743,0.785353535353535,0.957406230133503,0.909547738693467,0.810064935064935,0.767355371900826,0.858776443682104,0.937346437346437,0.901010101010101,0.861123800822293,0.74165120593692,0.912384716732543,0.795735129068462,0.852892561983471,0.886917960088692;19;19
 Fabien Pasquasy;WOC 2004 Middle Distance Final-Men Final;Belgium;2353;0.84337;265,69,208,58,174,79,156,246,45,185,133,71,42,182,148,126,70,53,43;0.756432246998285,0.765480895915679,0.475087412587413,0.959247648902821,0.869383490073145,0.715765247410817,0.877622377622378,0.735772357723577,1.00808080808081,0.912530712530712,1.02665755297334,0.976952624839949,0.965367965367965,0.941558441558442,0.982186732186732,0.999278499278499,0.920779220779221,0.885077186963979,0.845665961945032;19;19
 Christian Nielsen;WOC 2004 Middle Distance Final-Men Final;Denmark;2371;0.83697;213,60,104,61,164,69,175,209,62,207,170,82,70,201,178,181,74,51,40;0.941101152368758,0.88030303030303,0.950174825174825,0.912071535022355,0.92239467849224,0.819499341238472,0.782337662337662,0.866028708133971,0.731671554252199,0.815546772068511,0.803208556149733,0.84589800443459,0.579220779220779,0.852555404794211,0.816649642492339,0.695630336514314,0.871007371007371,0.919786096256684,0.909090909090909;19;19
 Michal Smola;WOC 2004 Middle Distance Final-Men Final;Czech Republic;2404;0.82548;215,58,119,118,155,75,174,185,64,246,148,78,46,214,179,171,68,54,37;0.932346723044397,0.910658307210031,0.830404889228419,0.471494607087827,0.975953079178886,0.753939393939394,0.786833855799373,0.978378378378378,0.708806818181818,0.686252771618625,0.922604422604423,0.889277389277389,0.881422924901186,0.800764655904843,0.812087353986795,0.736310473152578,0.947860962566845,0.868686868686869,0.982800982800983;19;19
 Maciej Grabowski;WOC 2004 Middle Distance Final-Men Final;Poland;2420;0.82002;225,64,111,70,178,61,157,212,50,208,165,83,43,209,263,141,77,64,39;0.890909090909091,0.825284090909091,0.89025389025389,0.794805194805195,0.849846782431052,0.926974664679583,0.872032426172553,0.85377358490566,0.907272727272727,0.811625874125874,0.827548209366391,0.835706462212486,0.94291754756871,0.819921705089169,0.552713446249568,0.892972275950999,0.837072018890201,0.732954545454545,0.932400932400932;19;19
 Klaus Schgaguler;WOC 2004 Middle Distance Final-Men Final;Italy;2446;0.81131;232,101,152,57,214,59,158,198,48,190,163,70,41,202,262,134,73,54,38;0.864028213166144,0.522952295229523,0.65011961722488,0.976076555023923,0.706881903143585,0.958397534668721,0.866513233601841,0.914141414141414,0.945075757575758,0.888516746411483,0.837702175125488,0.990909090909091,0.988913525498891,0.848334833483348,0.554823039555864,0.939620081411126,0.88293897882939,0.868686868686869,0.956937799043062;19;19
 Marek Nömm;WOC 2004 Middle Distance Final-Men Final;Estonia;2453;0.80899;264,68,111,57,200,62,162,193,55,247,187,78,45,213,174,167,78,53,39;0.759297520661157,0.776737967914438,0.89025389025389,0.976076555023923,0.756363636363636,0.912023460410557,0.845117845117845,0.937823834196891,0.824793388429752,0.683474420316526,0.730189596499757,0.889277389277389,0.901010101010101,0.804524114383269,0.835423197492163,0.753946652150245,0.826340326340326,0.885077186963979,0.932400932400932;19;19
 Vit Pospisil;WOC 2004 Middle Distance Final-Men Final;Slovakia;2454;0.80866;239,65,116,72,181,68,190,205,51,205,149,77,109,202,198,159,72,54,42;0.838721947508558,0.812587412587413,0.851880877742947,0.772727272727273,0.835760924158714,0.831550802139037,0.720574162679426,0.882926829268293,0.889483065953654,0.82350332594235,0.916412446613789,0.900826446280992,0.371976647206005,0.848334833483348,0.734159779614325,0.791881074899943,0.89520202020202,0.868686868686869,0.865800865800866;19;19
 Remi Gueorgiou;WOC 2004 Middle Distance Final-Men Final;France;2466;0.80473;237,96,121,67,173,64,156,206,51,209,162,88,82,216,197,159,82,60,40;0.845799769850403,0.550189393939394,0.816679188580015,0.830393487109905,0.874408828166054,0.883522727272727,0.877622377622378,0.878640776699029,0.889483065953654,0.807742496737712,0.842873176206509,0.788223140495868,0.494456762749446,0.793350168350168,0.73788647900323,0.791881074899943,0.786031042128603,0.781818181818182,0.909090909090909;19;19
 Lukas Bartak;WOC 2004 Middle Distance Final-Men Final;Slovakia;2469;0.80375;228,151,110,55,373,68,156,189,51,214,149,75,41,176,147,126,72,49,39;0.879186602870813,0.349789283564118,0.898347107438016,1.01157024793388,0.405556909578357,0.831550802139037,0.877622377622378,0.957671957671958,0.889483065953654,0.788870008496177,0.916412446613789,0.924848484848485,0.988913525498891,0.973657024793388,0.98886827458256,0.999278499278499,0.89520202020202,0.957328385899814,0.932400932400932;19;19
 Jamie Stevenson;WOC 2004 Middle Distance Final-Men Final;Great Britain;2487;0.79793;219,79,109,68,172,61,195,192,65,345,157,78,46,211,190,138,69,49,44;0.915317559153176,0.668584579976985,0.906588824020017,0.818181818181818,0.879492600422833,0.926974664679583,0.702097902097902,0.942708333333333,0.697902097902098,0.489328063241107,0.869716270990156,0.889277389277389,0.881422924901186,0.812149935372684,0.765071770334928,0.912384716732543,0.934123847167325,0.957328385899814,0.826446280991736;19;19
 Kristaps Jaudzems;WOC 2004 Middle Distance Final-Men Final;Latvia;2499;0.79410;227,75,135,62,262,60,161,199,60,229,134,73,70,270,175,138,72,54,43;0.883059671605927,0.704242424242424,0.731986531986532,0.897360703812317,0.577376821651631,0.942424242424242,0.850367024280068,0.909547738693467,0.756060606060606,0.737197300516078,1.01899592944369,0.950186799501868,0.579220779220779,0.634680134680135,0.830649350649351,0.912384716732543,0.89520202020202,0.868686868686869,0.845665961945032;19;19
 Norbert Helminger;WOC 2004 Middle Distance Final-Men Final;Austria;2530;0.78437;219,57,112,65,184,82,190,220,57,225,170,87,47,241,195,198,81,59,41;0.915317559153176,0.926634768740032,0.882305194805195,0.855944055944056,0.822134387351779,0.689578713968958,0.720574162679426,0.822727272727273,0.79585326953748,0.75030303030303,0.803208556149733,0.797283176593521,0.862669245647969,0.711052433044134,0.745454545454545,0.635904499540863,0.795735129068462,0.795069337442219,0.886917960088692;19;19
 Troy De Haas;WOC 2004 Middle Distance Final-Men Final;Australia;2557;0.77609;234,95,114,61,175,108,151,217,67,190,154,87,44,236,273,177,80,54,40;0.856643356643357,0.555980861244019,0.866826156299841,0.912071535022355,0.864415584415584,0.523569023569024,0.906682721252258,0.834101382488479,0.677069199457259,0.888516746411483,0.886658795749705,0.797283176593521,0.921487603305785,0.726117103235747,0.532467532467533,0.711350796096559,0.805681818181818,0.868686868686869,0.909090909090909;19;19
 Aleksander Bernaciak;WOC 2004 Middle Distance Final-Men Final;Poland;2570;0.77216;220,163,217,109,164,60,154,211,59,206,196,83,51,198,168,139,76,55,41;0.911157024793388,0.324037925264919,0.455383326351068,0.510425354462052,0.92239467849224,0.942424242424242,0.889020070838253,0.85781990521327,0.768875192604006,0.819505736981465,0.696660482374768,0.835706462212486,0.795008912655972,0.865472910927456,0.86525974025974,0.905820797907129,0.848086124401914,0.852892561983471,0.886917960088692;19;19
 Tilo Pompe;WOC 2004 Middle Distance Final-Men Final;Germany;2739;0.72452;273,73,136,58,172,84,172,198,67,530,184,83,44,189,160,149,72,53,42;0.734265734265734,0.723536737235367,0.726604278074866,0.959247648902821,0.879492600422833,0.673160173160173,0.795983086680761,0.914141414141414,0.677069199457259,0.31852487135506,0.742094861660079,0.835706462212486,0.921487603305785,0.906685906685907,0.908522727272727,0.845027455765711,0.89520202020202,0.885077186963979,0.865800865800866;19;19
 Alessio Tenani;WOC 2004 Middle Distance Final-Men Final;Italy;2982;0.66548;313,115,119,73,183,65,396,222,54,245,213,87,147,227,190,161,78,53,41;0.640429857682254,0.459288537549407,0.830404889228419,0.76214196762142,0.826626924987581,0.86993006993007,0.345730027548209,0.815315315315315,0.84006734006734,0.689053803339518,0.641058472044387,0.797283176593521,0.275819418676562,0.754905887064477,0.765071770334928,0.782044042913608,0.826340326340326,0.885077186963979,0.886917960088692;19;19
 Hanne Staff;WOC 2004 Middle Distance Final-Women Final;Norway;1983;1.00412;259,54,91,193,64,124,78,183,168,79,47,176,176,118,75,55,43;0.949485199485199,1.0462962962963,1.08150183150183,0.977979274611399,0.815104166666667,1.00806451612903,0.588675213675214,1.04826958105647,1.01537698412698,1.05590717299578,1.02127659574468,1.0686553030303,1.01846590909091,1.21751412429379,0.986666666666667,1.02575757575758,1.00581395348837;17;17
 Tanya Ryabkina;WOC 2004 Middle Distance Final-Women Final;Russia;1994;0.99858;225,53,89,184,72,130,45,187,180,87,46,179,210,135,78,53,41;1.09296296296296,1.06603773584906,1.10580524344569,1.0258152173913,0.724537037037037,0.961538461538462,1.02037037037037,1.02584670231729,0.947685185185185,0.958812260536399,1.04347826086957,1.05074487895717,0.853571428571429,1.0641975308642,0.948717948717949,1.06446540880503,1.05487804878049;17;17
 Heli Jukkola;WOC 2004 Middle Distance Final-Women Final;Finland;2010;0.99063;239,58,141,188,54,122,48,187,185,84,48,171,166,144,77,56,42;1.028940027894,0.974137931034483,0.697990543735225,1.00398936170213,0.966049382716049,1.02459016393443,0.956597222222222,1.02584670231729,0.922072072072072,0.993055555555556,1,1.09990253411306,1.07981927710843,0.997685185185185,0.961038961038961,1.00744047619048,1.0297619047619;17;17
 Jenny Johansson;WOC 2004 Middle Distance Final-Women Final;Sweden;2025;0.98329;242,57,97,191,71,126,48,195,170,81,49,192,169,159,66,64,48;1.01618457300275,0.991228070175439,1.01460481099656,0.988219895287958,0.734741784037559,0.992063492063492,0.956597222222222,0.983760683760684,1.00343137254902,1.0298353909465,0.979591836734694,0.979600694444445,1.06065088757396,0.90356394129979,1.12121212121212,0.881510416666667,0.901041666666667;17;17
 Minna Kauppi;WOC 2004 Middle Distance Final-Women Final;Finland;2038;0.97702;249,71,100,185,46,123,45,186,184,83,50,193,193,152,77,55,46;0.987617135207497,0.795774647887324,0.984166666666667,1.02027027027027,1.13405797101449,1.01626016260163,1.02037037037037,1.03136200716846,0.927083333333333,1.00502008032129,0.96,0.974525043177893,0.928756476683938,0.945175438596491,0.961038961038961,1.02575757575758,0.940217391304348;17;17
 Simone Niggli-Luder;WOC 2004 Middle Distance Final-Women Final;Switzerland;2059;0.96706;230,100,192,182,45,109,48,170,172,76,56,179,201,127,74,54,44;1.06920289855072,0.565,0.512586805555556,1.03708791208791,1.15925925925926,1.14678899082569,0.956597222222222,1.12843137254902,0.991763565891473,1.09758771929825,0.857142857142857,1.05074487895717,0.891791044776119,1.13123359580052,1,1.04475308641975,0.982954545454545;17;17
 Vroni König-Salmi;WOC 2004 Middle Distance Final-Women Final;Switzerland;2119;0.93967;246,84,95,180,75,130,44,203,187,89,58,246,176,123,76,60,47;0.999661246612466,0.672619047619048,1.0359649122807,1.04861111111111,0.695555555555555,0.961538461538462,1.04356060606061,0.944991789819376,0.912210338680927,0.937265917602996,0.827586206896552,0.764566395663957,1.01846590909091,1.1680216802168,0.973684210526316,0.940277777777778,0.920212765957447;17;17
 Marika Mikkola;WOC 2004 Middle Distance Final-Women Final;Finland;2164;0.92013;252,66,105,208,56,145,53,296,151,81,47,189,188,149,79,57,42;0.975859788359788,0.856060606060606,0.937301587301587,0.907451923076923,0.931547619047619,0.862068965517241,0.866352201257862,0.648085585585586,1.12969094922737,1.0298353909465,1.02127659574468,0.995149911816579,0.953457446808511,0.96420581655481,0.936708860759494,0.989766081871345,1.0297619047619;17;17
 Heather Monro;WOC 2004 Middle Distance Final-Women Final;Great Britain;2180;0.91338;263,58,115,226,62,139,52,207,198,89,47,195,188,170,75,54,42;0.935044359949303,0.974137931034483,0.855797101449275,0.835176991150443,0.841397849462366,0.899280575539568,0.88301282051282,0.926731078904992,0.861531986531987,0.937265917602996,1.02127659574468,0.964529914529915,0.953457446808511,0.845098039215686,0.986666666666667,1.04475308641975,1.0297619047619;17;17
 Lina Bäckström;WOC 2004 Middle Distance Final-Women Final;Sweden;2239;0.88931;255,56,99,184,51,188,54,201,193,86,50,227,177,231,76,60,51;0.96437908496732,1.00892857142857,0.994107744107744,1.0258152173913,1.02287581699346,0.664893617021277,0.850308641975309,0.954394693200663,0.883851468048359,0.969961240310078,0.96,0.82856093979442,1.01271186440678,0.621933621933622,0.973684210526316,0.940277777777778,0.848039215686274;17;17
 Karin Schmalfeld;WOC 2004 Middle Distance Final-Women Final;Germany;2247;0.88614;342,57,117,187,74,176,59,190,172,84,53,216,179,164,73,59,45;0.719054580896686,0.991228070175439,0.841168091168091,1.00935828877005,0.704954954954955,0.710227272727273,0.778248587570621,1.00964912280702,0.991763565891473,0.993055555555556,0.905660377358491,0.870756172839506,1.00139664804469,0.876016260162602,1.01369863013699,0.956214689265537,0.961111111111111;17;17
 Käthi Widler;WOC 2004 Middle Distance Final-Women Final;Switzerland;2288;0.87027;271,58,105,217,57,178,79,207,192,99,51,209,192,178,87,67,41;0.907441574415744,0.974137931034483,0.937301587301587,0.869815668202765,0.915204678362573,0.702247191011236,0.581223628691983,0.926731078904992,0.888454861111111,0.842592592592593,0.941176470588235,0.899920255183413,0.93359375,0.807116104868914,0.850574712643678,0.842039800995025,1.05487804878049;17;17
 Marianne Andersen;WOC 2004 Middle Distance Final-Women Final;Norway;2289;0.86988;253,54,106,330,70,136,70,205,171,88,51,200,191,168,85,63,48;0.972002635046113,1.0462962962963,0.928459119496855,0.571969696969697,0.745238095238095,0.919117647058823,0.655952380952381,0.935772357723577,0.997563352826511,0.947916666666667,0.941176470588235,0.940416666666667,0.93848167539267,0.85515873015873,0.870588235294118,0.895502645502645,0.901041666666667;17;17
 Monika Depta;WOC 2004 Middle Distance Final-Women Final;Poland;2297;0.86686;262,94,103,362,48,125,46,209,195,88,48,193,188,159,74,57,46;0.938613231552163,0.601063829787234,0.955501618122977,0.521408839779006,1.08680555555556,1,0.998188405797101,0.91786283891547,0.874786324786325,0.947916666666667,1,0.974525043177893,0.953457446808511,0.90356394129979,1,0.989766081871345,0.940217391304348;17;17
 Helene Hausner;WOC 2004 Middle Distance Final-Women Final;Denmark;2332;0.85385;296,62,126,216,129,141,49,221,172,90,62,209,176,189,79,68,47;0.830799549549549,0.911290322580645,0.781084656084656,0.873842592592593,0.404392764857881,0.886524822695035,0.937074829931973,0.868024132730015,0.991763565891473,0.926851851851852,0.774193548387097,0.899920255183413,1.01846590909091,0.760141093474427,0.936708860759494,0.829656862745098,0.920212765957447;17;17
 Anna Garin;WOC 2004 Middle Distance Final-Women Final;Spain;2372;0.83945;264,57,98,225,90,181,70,220,220,102,53,231,224,157,73,59,48;0.931502525252525,0.991228070175439,1.00425170068027,0.838888888888889,0.57962962962963,0.69060773480663,0.655952380952381,0.871969696969697,0.775378787878788,0.81781045751634,0.905660377358491,0.814213564213564,0.800223214285714,0.915074309978768,1.01369863013699,0.956214689265537,0.901041666666667;17;17
 Natasha Key;WOC 2004 Middle Distance Final-Women Final;Australia;2382;0.83592;336,78,132,205,61,145,51,226,179,99,48,216,211,190,94,64,47;0.731894841269841,0.724358974358974,0.745580808080808,0.920731707317073,0.855191256830601,0.862068965517241,0.900326797385621,0.84882005899705,0.952979515828678,0.842592592592593,1,0.870756172839506,0.849526066350711,0.756140350877193,0.787234042553192,0.881510416666667,0.920212765957447;17;17
 Sara Gemperle;WOC 2004 Middle Distance Final-Women Final;Switzerland;2400;0.82965;264,135,114,224,102,149,59,250,180,93,51,233,196,161,80,64,45;0.931502525252525,0.418518518518519,0.863304093567251,0.842633928571429,0.511437908496732,0.838926174496644,0.778248587570621,0.767333333333333,0.947685185185185,0.896953405017921,0.941176470588235,0.80722460658083,0.914540816326531,0.892339544513458,0.925,0.881510416666667,0.961111111111111;17;17
 Zsuzsa Fey;WOC 2004 Middle Distance Final-Women Final;Romania;2401;0.82931;282,70,173,212,64,158,65,221,186,98,53,232,199,175,101,66,46;0.872044917257683,0.807142857142857,0.56888246628131,0.890330188679245,0.815104166666667,0.791139240506329,0.706410256410256,0.868024132730015,0.917114695340502,0.851190476190476,0.905660377358491,0.810704022988506,0.900753768844221,0.820952380952381,0.732673267326733,0.85479797979798,0.940217391304348;17;17
 Natalya Potopalska;WOC 2004 Middle Distance Final-Women Final;Ukraine;2415;0.82450;312,155,110,354,55,129,46,205,196,88,47,194,190,153,78,58,45;0.788194444444444,0.364516129032258,0.89469696969697,0.53319209039548,0.948484848484848,0.968992248062015,0.998188405797101,0.935772357723577,0.870323129251701,0.947916666666667,1.02127659574468,0.969501718213058,0.943421052631579,0.938997821350762,0.948717948717949,0.972701149425287,0.961111111111111;17;17
 Vendula Klechova;WOC 2004 Middle Distance Final-Women Final;Czech Republic;2448;0.81339;285,89,96,210,90,196,50,215,232,87,54,258,217,175,85,64,45;0.862865497076023,0.634831460674157,1.02517361111111,0.898809523809524,0.57962962962963,0.637755102040816,0.918333333333333,0.892248062015504,0.735272988505747,0.958812260536399,0.888888888888889,0.729005167958656,0.826036866359447,0.820952380952381,0.870588235294118,0.881510416666667,0.961111111111111;17;17
 Sarah Rollins;WOC 2004 Middle Distance Final-Women Final;Great Britain;2450;0.81272;298,65,123,213,143,205,64,216,195,96,51,216,190,180,88,62,45;0.825223713646532,0.869230769230769,0.800135501355014,0.886150234741784,0.364801864801865,0.609756097560976,0.717447916666667,0.888117283950617,0.874786324786325,0.868923611111111,0.941176470588235,0.870756172839506,0.943421052631579,0.798148148148148,0.840909090909091,0.90994623655914,0.961111111111111;17;17
 Ieva Sargautyte;WOC 2004 Middle Distance Final-Women Final;Lithuania;2451;0.81239;279,70,321,236,49,128,51,225,167,90,71,201,178,196,76,67,46;0.88142174432497,0.807142857142857,0.306593977154725,0.79978813559322,1.06462585034014,0.9765625,0.900326797385621,0.852592592592593,1.02145708582834,0.926851851851852,0.676056338028169,0.935737976782753,1.00702247191011,0.732993197278912,0.973684210526316,0.842039800995025,0.940217391304348;17;17
 Zuzana Stehnova;WOC 2004 Middle Distance Final-Women Final;Czech Republic;2493;0.79870;282,80,125,226,86,150,45,264,238,97,51,232,250,167,86,68,46;0.872044917257683,0.70625,0.787333333333333,0.835176991150443,0.606589147286822,0.833333333333333,1.02037037037037,0.726641414141414,0.716736694677871,0.859965635738832,0.941176470588235,0.810704022988506,0.717,0.860279441117764,0.86046511627907,0.829656862745098,0.940217391304348;17;17
 Inga Dambe;WOC 2004 Middle Distance Final-Women Final;Latvia;2494;0.79838;256,177,106,308,85,129,188,206,168,85,49,196,208,152,73,61,47;0.960611979166667,0.319209039548023,0.928459119496855,0.612824675324675,0.613725490196078,0.968992248062015,0.244237588652482,0.931229773462783,1.01537698412698,0.981372549019608,0.979591836734694,0.959608843537415,0.861778846153846,0.945175438596491,1.01369863013699,0.924863387978142,0.920212765957447;17;17
 Iva Navratilova;WOC 2004 Middle Distance Final-Women Final;Czech Republic;2530;0.78702;285,74,124,213,79,154,75,275,256,93,64,212,233,183,90,68,52;0.862865497076023,0.763513513513513,0.793682795698925,0.886150234741784,0.660337552742616,0.811688311688312,0.612222222222222,0.697575757575758,0.666341145833333,0.896953405017921,0.75,0.887185534591195,0.76931330472103,0.785063752276867,0.822222222222222,0.829656862745098,0.831730769230769;17;17
 Anke Xylander;WOC 2004 Middle Distance Final-Women Final;Germany;2564;0.77659;270,81,114,361,85,132,53,214,231,95,50,219,210,261,84,60,44;0.910802469135802,0.697530864197531,0.863304093567251,0.522853185595568,0.613725490196078,0.946969696969697,0.866352201257862,0.896417445482866,0.738455988455988,0.878070175438597,0.96,0.85882800608828,0.853571428571429,0.550446998722861,0.880952380952381,0.940277777777778,0.982954545454545;17;17
 Rachel Smith;WOC 2004 Middle Distance Final-Women Final;New Zealand;2565;0.77628;328,88,122,269,88,155,59,232,217,99,59,228,255,171,83,64,48;0.74974593495935,0.642045454545455,0.806693989071038,0.701672862453532,0.59280303030303,0.806451612903226,0.778248587570621,0.826867816091954,0.786098310291859,0.842592592592593,0.813559322033898,0.824926900584795,0.702941176470588,0.840155945419103,0.891566265060241,0.881510416666667,0.901041666666667;17;17
 Signe Søes;WOC 2004 Middle Distance Final-Women Final;Denmark;2568;0.77538;267,66,211,209,83,134,225,210,233,98,55,206,208,158,91,67,47;0.92103620474407,0.856060606060606,0.466429699842022,0.90311004784689,0.6285140562249,0.932835820895522,0.204074074074074,0.913492063492064,0.732117310443491,0.851190476190476,0.872727272727273,0.913025889967638,0.861778846153846,0.909282700421941,0.813186813186813,0.842039800995025,0.920212765957447;17;17
 Jo Allison;WOC 2004 Middle Distance Final-Women Final;Australia;2578;0.77237;295,78,117,242,56,165,52,256,232,106,59,310,211,187,90,72,50;0.833615819209039,0.724358974358974,0.841168091168091,0.77995867768595,0.931547619047619,0.757575757575758,0.88301282051282,0.749348958333333,0.735272988505747,0.786949685534591,0.813559322033898,0.606720430107527,0.849526066350711,0.768270944741533,0.822222222222222,0.783564814814815,0.865;17;17
 Kirti Rebane;WOC 2004 Middle Distance Final-Women Final;Estonia;2602;0.76524;276,71,132,259,80,145,64,241,277,91,70,241,224,206,111,64,50;0.891002415458937,0.795774647887324,0.745580808080808,0.728764478764479,0.652083333333333,0.862068965517241,0.717447916666667,0.795988934993084,0.615824308062575,0.916666666666667,0.685714285714286,0.780428769017981,0.800223214285714,0.697411003236246,0.666666666666667,0.881510416666667,0.865;17;17
 Yvonne Fjordside;WOC 2004 Middle Distance Final-Women Final;Denmark;2617;0.76086;326,68,258,240,87,147,60,272,181,93,53,222,246,160,87,69,48;0.754345603271984,0.830882352941177,0.381459948320413,0.786458333333333,0.599616858237548,0.850340136054422,0.765277777777778,0.705269607843137,0.942449355432781,0.896953405017921,0.905660377358491,0.847222222222222,0.728658536585366,0.897916666666667,0.850574712643678,0.817632850241546,0.901041666666667;17;17
 Olga Belozerova;WOC 2004 Middle Distance Final-Women Final;Russia;2620;0.75999;281,58,306,216,58,162,64,237,192,91,51,234,244,220,88,69,49;0.87514827995255,0.974137931034483,0.321623093681917,0.873842592592593,0.899425287356322,0.771604938271605,0.717447916666667,0.809423347398031,0.888454861111111,0.916666666666667,0.941176470588235,0.803774928774929,0.734631147540984,0.653030303030303,0.840909090909091,0.817632850241546,0.88265306122449;17;17
 Natasha Korzhova;WOC 2004 Middle Distance Final-Women Final;Russia;2643;0.75337;327,70,109,240,62,148,56,456,190,95,56,220,220,168,92,75,59;0.75203873598369,0.807142857142857,0.902905198776758,0.786458333333333,0.841397849462366,0.844594594594595,0.819940476190476,0.420687134502924,0.89780701754386,0.878070175438597,0.857142857142857,0.854924242424242,0.814772727272727,0.85515873015873,0.804347826086957,0.752222222222222,0.733050847457627;17;17
 Gunda Fischer;WOC 2004 Middle Distance Final-Women Final;Germany;2663;0.74772;313,90,117,260,85,157,66,293,177,107,61,292,250,182,90,71,52;0.785676251331203,0.627777777777778,0.841168091168091,0.725961538461538,0.613725490196078,0.796178343949045,0.695707070707071,0.654721274175199,0.963747645951036,0.779595015576324,0.786885245901639,0.64412100456621,0.717,0.789377289377289,0.822222222222222,0.794600938967136,0.831730769230769;17;17
 Martina Rakayova;WOC 2004 Middle Distance Final-Women Final;Slovakia;2674;0.74464;456,70,139,255,87,167,58,226,221,99,66,218,258,163,84,61,46;0.539290935672515,0.807142857142857,0.708033573141487,0.740196078431373,0.599616858237548,0.748502994011976,0.791666666666667,0.84882005899705,0.771870286576169,0.842592592592593,0.727272727272727,0.862767584097859,0.694767441860465,0.881390593047035,0.880952380952381,0.924863387978142,0.940217391304348;17;17
 Celine Dodin;WOC 2004 Middle Distance Final-Women Final;France;2734;0.72830;276,131,217,240,84,156,57,371,199,94,50,282,219,156,92,65,45;0.891002415458937,0.431297709923664,0.453533026113671,0.786458333333333,0.621031746031746,0.801282051282051,0.805555555555555,0.51707097933513,0.857202680067002,0.887411347517731,0.96,0.666962174940898,0.818493150684932,0.920940170940171,0.804347826086957,0.867948717948718,0.961111111111111;17;17
 Danielle Winslow;WOC 2004 Middle Distance Final-Women Final;Australia;2752;0.72353;357,63,140,284,85,161,62,282,233,94,58,228,249,229,111,63,53;0.688842203548086,0.896825396825397,0.702976190476191,0.664612676056338,0.613725490196078,0.77639751552795,0.740591397849462,0.680260047281324,0.732117310443491,0.887411347517731,0.827586206896552,0.824926900584795,0.719879518072289,0.627365356622999,0.666666666666667,0.895502645502645,0.816037735849057;17;17
 Anu Annus;WOC 2004 Middle Distance Final-Women Final;Estonia;2776;0.71728;319,71,172,188,53,125,47,190,194,107,57,551,251,244,78,74,55;0.770898641588297,0.795774647887324,0.57218992248062,1.00398936170213,0.984276729559748,1,0.976950354609929,1.00964912280702,0.879295532646048,0.779595015576324,0.842105263157895,0.34134906231095,0.714143426294821,0.58879781420765,0.948717948717949,0.762387387387387,0.786363636363636;17;17
 Mariya Spasyuk;WOC 2004 Middle Distance Final-Women Final;Ukraine;2836;0.70210;434,73,134,263,76,163,61,347,214,105,56,277,214,210,89,75,45;0.566628264208909,0.773972602739726,0.734452736318408,0.717680608365019,0.68640350877193,0.766871165644172,0.752732240437158,0.55283381364073,0.797118380062305,0.794444444444445,0.857142857142857,0.679001203369434,0.837616822429907,0.684126984126984,0.831460674157303,0.752222222222222,0.961111111111111;17;17
 Sandy Hott Johansen;WOC 2004 Middle Distance Final-Women Final;Canada;2845;0.69988;328,119,219,207,80,135,259,288,216,106,58,233,225,166,84,71,51;0.74974593495935,0.474789915966387,0.449391171993912,0.911835748792271,0.652083333333333,0.925925925925926,0.177284427284427,0.666087962962963,0.789737654320988,0.786949685534591,0.827586206896552,0.80722460658083,0.796666666666667,0.865461847389558,0.880952380952381,0.794600938967136,0.848039215686274;17;17
 Juliette Soulard;WOC 2004 Middle Distance Final-Women Final;France;2907;0.68496;514,58,103,201,59,373,52,273,184,94,54,262,289,181,90,67,53;0.478437094682231,0.974137931034483,0.955501618122977,0.939054726368159,0.884180790960452,0.335120643431635,0.88301282051282,0.702686202686203,0.927083333333333,0.887411347517731,0.888888888888889,0.717875318066158,0.620242214532872,0.793738489871087,0.822222222222222,0.842039800995025,0.816037735849057;17;17
 Victoriya Plokhenko;WOC 2004 Middle Distance Final-Women Final;Ukraine;2937;0.67796;392,96,124,259,80,156,61,450,206,102,63,258,262,195,101,78,54;0.62733843537415,0.588541666666667,0.793682795698925,0.728764478764479,0.652083333333333,0.801282051282051,0.752732240437158,0.426296296296296,0.828074433656958,0.81781045751634,0.761904761904762,0.729005167958656,0.684160305343511,0.736752136752137,0.732673267326733,0.723290598290598,0.800925925925926;17;17
 Marta Florkowska;WOC 2004 Middle Distance Final-Women Final;Poland;3168;0.62852;331,75,222,282,58,364,55,362,325,106,54,248,250,202,96,87,51;0.742950654582075,0.753333333333333,0.443318318318318,0.669326241134752,0.899425287356322,0.343406593406593,0.834848484848485,0.529926335174954,0.524871794871795,0.786949685534591,0.888888888888889,0.758400537634409,0.717,0.711221122112211,0.770833333333333,0.648467432950191,0.848039215686274;17;17
 Gunilla Svärd;WOC 2004 Middle Distance Final-Women Final;Sweden;4749;0.41928;245,59,217,202,56,136,40,2272,283,88,58,257,369,191,147,72,57;1.00374149659864,0.957627118644068,0.453533026113671,0.934405940594059,0.931547619047619,0.919117647058823,1.14791666666667,0.0844336854460094,0.602767962308598,0.947916666666667,0.827586206896552,0.731841763942931,0.485772357723577,0.7521815008726,0.503401360544218,0.783564814814815,0.758771929824561;17;17
