Leandersson Jonas;EOC 2012 Sprint - FINAL-Men A-final;Sweden;920;1.00962;23,27,53,48,15,44,68,25,21,33,65,29,139,62,21,91,48,33,33,22,20;0.996655518394649,1.02279202279202,1.0188679245283,0.96474358974359,1.07179487179487,1.0034965034965,0.981900452488688,0.975384615384615,1.05494505494505,1,1.00828402366864,1.0106100795756,1.05534034311013,1.02977667493797,0.970695970695971,1.01775147928994,0.943910256410256,1.01864801864802,1.03030303030303,0.937062937062937,0.976923076923077;21;21
Nikolov Kiril;EOC 2012 Sprint - FINAL-Men A-final;Bulgaria;925;1.00416;25,29,55,48,18,43,64,25,24,33,66,30,143,63,21,87,44,33,34,20,20;0.916923076923077,0.952254641909814,0.981818181818182,0.96474358974359,0.893162393162393,1.02683363148479,1.04326923076923,0.975384615384615,0.923076923076923,1,0.993006993006993,0.976923076923077,1.02582033351264,1.01343101343101,0.970695970695971,1.06454465075155,1.02972027972028,1.01864801864802,1,1.03076923076923,0.976923076923077;21;21
Lysell Jerker;EOC 2012 Sprint - FINAL-Men A-final;Sweden;927;1.00199;22,28,56,45,17,50,66,26,22,33,64,29,145,64,20,90,44,33,33,21,19;1.04195804195804,0.986263736263736,0.964285714285714,1.02905982905983,0.945701357466063,0.883076923076923,1.01165501165501,0.937869822485207,1.00699300699301,1,1.02403846153846,1.0106100795756,1.01167108753316,0.997596153846154,1.01923076923077,1.02905982905983,1.02972027972028,1.01864801864802,1.03030303030303,0.981684981684982,1.02834008097166;21;21
Hubmann Daniel;EOC 2012 Sprint - FINAL-Men A-final;Switzerland;927;1.00199;22,29,53,45,16,43,69,24,23,34,66,28,146,63,21,92,45,33,35,20,20;1.04195804195804,0.952254641909814,1.0188679245283,1.02905982905983,1.00480769230769,1.02683363148479,0.967670011148272,1.01602564102564,0.963210702341137,0.970588235294118,0.993006993006993,1.0467032967033,1.00474183350896,1.01343101343101,0.970695970695971,1.0066889632107,1.00683760683761,1.01864801864802,0.971428571428571,1.03076923076923,0.976923076923077;21;21
Fraser Scott;EOC 2012 Sprint - FINAL-Men A-final;Great Britain;934;0.99448;25,28,56,45,18,46,68,23,23,34,67,30,145,63,21,90,43,33,34,21,21;0.916923076923077,0.986263736263736,0.964285714285714,1.02905982905983,0.893162393162393,0.959866220735786,0.981900452488688,1.06020066889632,0.963210702341137,0.970588235294118,0.978185993111366,0.976923076923077,1.01167108753316,1.01343101343101,0.970695970695971,1.02905982905983,1.05366726296959,1.01864801864802,1,0.981684981684982,0.93040293040293;21;21
Kyburz Matthias;EOC 2012 Sprint - FINAL-Men A-final;Switzerland;946;0.98187;23,27,60,52,17,44,68,24,23,33,67,31,148,63,20,92,45,34,35,21,19;0.996655518394649,1.02279202279202,0.9,0.890532544378698,0.945701357466063,1.0034965034965,0.981900452488688,1.01602564102564,0.963210702341137,1,0.978185993111366,0.945409429280397,0.991164241164241,1.01343101343101,1.01923076923077,1.0066889632107,1.00683760683761,0.98868778280543,0.971428571428571,0.981684981684982,1.02834008097166;21;21
Müller Matthias;EOC 2012 Sprint - FINAL-Men A-final;Switzerland;955;0.97261;24,28,55,50,17,45,67,25,23,35,68,30,152,65,20,95,46,34,35,21,20;0.955128205128205,0.986263736263736,0.981818181818182,0.926153846153846,0.945701357466063,0.981196581196581,0.996555683122847,0.975384615384615,0.963210702341137,0.942857142857143,0.963800904977375,0.976923076923077,0.965080971659919,0.982248520710059,1.01923076923077,0.974898785425101,0.98494983277592,0.98868778280543,0.971428571428571,0.981684981684982,0.976923076923077;21;21
Gvildys Jonas Vytautas;EOC 2012 Sprint - FINAL-Men A-final;Lithuania;962;0.96554;29,31,55,46,16,45,65,24,26,33,68,31,152,69,23,94,45,35,36,20,19;0.790450928381963,0.890818858560794,0.981818181818182,1.0066889632107,1.00480769230769,0.981196581196581,1.02721893491124,1.01602564102564,0.85207100591716,1,0.963800904977375,0.945409429280397,0.965080971659919,0.92530657748049,0.88628762541806,0.985270049099836,1.00683760683761,0.96043956043956,0.944444444444444,1.03076923076923,1.02834008097166;21;21
Dæhli Magne;EOC 2012 Sprint - FINAL-Men A-final;Norway;965;0.96253;24,30,55,50,16,45,68,25,22,37,67,33,150,70,22,95,50,33,33,20,20;0.955128205128205,0.920512820512821,0.981818181818182,0.926153846153846,1.00480769230769,0.981196581196581,0.981900452488688,0.975384615384615,1.00699300699301,0.891891891891892,0.978185993111366,0.888111888111888,0.977948717948718,0.912087912087912,0.926573426573427,0.974898785425101,0.906153846153846,1.01864801864802,1.03030303030303,1.03076923076923,0.976923076923077;21;21
Karlsson Mattias;EOC 2012 Sprint - FINAL-Men A-final;Sweden;967;0.96054;23,29,56,53,18,45,69,26,23,35,67,30,152,67,21,95,47,35,34,21,21;0.996655518394649,0.952254641909814,0.964285714285714,0.873730043541364,0.893162393162393,0.981196581196581,0.967670011148272,0.937869822485207,0.963210702341137,0.942857142857143,0.978185993111366,0.976923076923077,0.965080971659919,0.95292766934558,0.970695970695971,0.974898785425101,0.963993453355155,0.96043956043956,1,0.981684981684982,0.93040293040293;21;21
Holmberg Anders;EOC 2012 Sprint - FINAL-Men A-final;Sweden;968;0.95955;24,27,57,50,19,44,68,28,22,34,67,30,158,64,22,95,46,35,35,22,21;0.955128205128205,1.02279202279202,0.947368421052632,0.926153846153846,0.846153846153846,1.0034965034965,0.981900452488688,0.870879120879121,1.00699300699301,0.970588235294118,0.978185993111366,0.976923076923077,0.928432327166504,0.997596153846154,0.926573426573427,0.974898785425101,0.98494983277592,0.96043956043956,0.971428571428571,0.937062937062937,0.93040293040293;21;21
Howald Severin;EOC 2012 Sprint - FINAL-Men A-final;Switzerland;968;0.95955;23,28,54,49,16,46,69,25,22,34,71,30,147,68,21,101,52,36,36,22,18;0.996655518394649,0.986263736263736,1,0.945054945054945,1.00480769230769,0.959866220735786,0.967670011148272,0.975384615384615,1.00699300699301,0.970588235294118,0.923076923076923,0.976923076923077,0.997906855049712,0.938914027149321,0.970695970695971,0.916984006092917,0.871301775147929,0.933760683760684,0.944444444444444,0.937062937062937,1.08547008547009;21;21
Rost Erik;EOC 2012 Sprint - FINAL-Men A-final;Sweden;969;0.95856;21,29,60,48,17,48,69,27,23,34,66,29,149,65,20,96,53,35,34,22,24;1.09157509157509,0.952254641909814,0.9,0.96474358974359,0.945701357466063,0.919871794871795,0.967670011148272,0.903133903133903,0.963210702341137,0.970588235294118,0.993006993006993,1.0106100795756,0.984512132163139,0.982248520710059,1.01923076923077,0.96474358974359,0.854862119013062,0.96043956043956,1,0.937062937062937,0.814102564102564;21;21
Liljekvist Erik;EOC 2012 Sprint - FINAL-Men A-final;Sweden;970;0.95757;23,28,56,49,18,47,69,25,23,34,69,32,147,66,21,97,48,37,38,22,21;0.996655518394649,0.986263736263736,0.964285714285714,0.945054945054945,0.893162393162393,0.939443535188216,0.967670011148272,0.975384615384615,0.963210702341137,0.970588235294118,0.949832775919732,0.915865384615385,0.997906855049712,0.967365967365967,0.970695970695971,0.954797779540048,0.943910256410256,0.908523908523909,0.894736842105263,0.937062937062937,0.93040293040293;21;21
Kaas Carl Waaler;EOC 2012 Sprint - FINAL-Men A-final;Norway;972;0.95560;27,31,57,46,16,50,69,26,22,34,67,31,151,64,21,95,52,34,36,23,20;0.849002849002849,0.890818858560794,0.947368421052632,1.0066889632107,1.00480769230769,0.883076923076923,0.967670011148272,0.937869822485207,1.00699300699301,0.970588235294118,0.978185993111366,0.945409429280397,0.971472236372899,0.997596153846154,0.970695970695971,0.974898785425101,0.871301775147929,0.98868778280543,0.944444444444444,0.896321070234114,0.976923076923077;21;21
Østerbø Øystein Kvaal;EOC 2012 Sprint - FINAL-Men A-final;Norway;973;0.95462;24,31,56,52,17,45,70,26,23,36,65,29,154,66,23,97,50,33,34,22,20;0.955128205128205,0.890818858560794,0.964285714285714,0.890532544378698,0.945701357466063,0.981196581196581,0.953846153846154,0.937869822485207,0.963210702341137,0.916666666666667,1.00828402366864,1.0106100795756,0.952547452547452,0.967365967365967,0.88628762541806,0.954797779540048,0.906153846153846,1.01864801864802,1,0.937062937062937,0.976923076923077;21;21
Skjeset Lars;EOC 2012 Sprint - FINAL-Men A-final;Norway;978;0.94974;25,30,58,50,18,46,68,25,22,34,65,30,153,68,23,98,48,38,36,21,22;0.916923076923077,0.920512820512821,0.931034482758621,0.926153846153846,0.893162393162393,0.959866220735786,0.981900452488688,0.975384615384615,1.00699300699301,0.970588235294118,1.00828402366864,0.976923076923077,0.9587732528909,0.938914027149321,0.88628762541806,0.945054945054945,0.943910256410256,0.884615384615385,0.944444444444444,0.981684981684982,0.888111888111888;21;21
Kral Vojtech;EOC 2012 Sprint - FINAL-Men A-final;Czech republic;979;0.94877;27,29,61,51,18,47,68,28,22,34,66,29,153,66,22,96,49,35,35,22,21;0.849002849002849,0.952254641909814,0.885245901639344,0.907993966817496,0.893162393162393,0.939443535188216,0.981900452488688,0.870879120879121,1.00699300699301,0.970588235294118,0.993006993006993,1.0106100795756,0.9587732528909,0.967365967365967,0.926573426573427,0.96474358974359,0.924646781789639,0.96043956043956,0.971428571428571,0.937062937062937,0.93040293040293;21;21
Hubmann Martin;EOC 2012 Sprint - FINAL-Men A-final;Switzerland;981;0.94684;43,27,55,48,18,44,70,26,22,34,67,29,151,74,20,96,46,35,36,20,20;0.53309481216458,1.02279202279202,0.981818181818182,0.96474358974359,0.893162393162393,1.0034965034965,0.953846153846154,0.937869822485207,1.00699300699301,0.970588235294118,0.978185993111366,1.0106100795756,0.971472236372899,0.862785862785863,1.01923076923077,0.96474358974359,0.98494983277592,0.96043956043956,0.944444444444444,1.03076923076923,0.976923076923077;21;21
Ryapolov Roman;EOC 2012 Sprint - FINAL-Men A-final;Russia;983;0.94491;25,29,52,49,22,46,67,26,25,35,65,32,159,67,21,95,55,36,36,22,19;0.916923076923077,0.952254641909814,1.03846153846154,0.945054945054945,0.730769230769231,0.959866220735786,0.996555683122847,0.937869822485207,0.886153846153846,0.942857142857143,1.00828402366864,0.915865384615385,0.9225931301403,0.95292766934558,0.970695970695971,0.974898785425101,0.823776223776224,0.933760683760684,0.944444444444444,0.937062937062937,1.02834008097166;21;21
Kyburz Andreas;EOC 2012 Sprint - FINAL-Men A-final;Switzerland;986;0.94203;25,29,61,46,17,45,69,28,24,33,67,39,149,68,23,97,51,38,34,22,21;0.916923076923077,0.952254641909814,0.885245901639344,1.0066889632107,0.945701357466063,0.981196581196581,0.967670011148272,0.870879120879121,0.923076923076923,1,0.978185993111366,0.751479289940828,0.984512132163139,0.938914027149321,0.88628762541806,0.954797779540048,0.888386123680241,0.884615384615385,1,0.937062937062937,0.93040293040293;21;21
Kerschbaumer Gernot;EOC 2012 Sprint - FINAL-Men A-final;Austria;987;0.94108;25,30,58,49,16,45,70,28,23,38,68,33,153,67,20,97,55,35,35,22,20;0.916923076923077,0.920512820512821,0.931034482758621,0.945054945054945,1.00480769230769,0.981196581196581,0.953846153846154,0.870879120879121,0.963210702341137,0.868421052631579,0.963800904977375,0.888111888111888,0.9587732528909,0.95292766934558,1.01923076923077,0.954797779540048,0.823776223776224,0.96043956043956,0.971428571428571,0.937062937062937,0.976923076923077;21;21
Basset Lucas;EOC 2012 Sprint - FINAL-Men A-final;France;987;0.94108;23,28,57,48,16,48,71,26,24,33,70,31,163,67,21,96,49,37,35,22,22;0.996655518394649,0.986263736263736,0.947368421052632,0.96474358974359,1.00480769230769,0.919871794871795,0.940411700975081,0.937869822485207,0.923076923076923,1,0.936263736263736,0.945409429280397,0.899952807928268,0.95292766934558,0.970695970695971,0.96474358974359,0.924646781789639,0.908523908523909,0.971428571428571,0.937062937062937,0.888111888111888;21;21
Sidorov Alexey;EOC 2012 Sprint - FINAL-Men A-final;Russia;989;0.93918;29,30,59,50,21,48,71,27,24,38,68,31,149,67,21,98,45,35,35,22,21;0.790450928381963,0.920512820512821,0.915254237288136,0.926153846153846,0.765567765567766,0.919871794871795,0.940411700975081,0.903133903133903,0.923076923076923,0.868421052631579,0.963800904977375,0.945409429280397,0.984512132163139,0.95292766934558,0.970695970695971,0.945054945054945,1.00683760683761,0.96043956043956,0.971428571428571,0.937062937062937,0.93040293040293;21;21
Tervo Tuomas;EOC 2012 Sprint - FINAL-Men A-final;Finland;991;0.93728;27,30,55,49,18,47,70,26,24,34,65,31,156,68,24,97,55,37,37,21,20;0.849002849002849,0.920512820512821,0.981818181818182,0.945054945054945,0.893162393162393,0.939443535188216,0.953846153846154,0.937869822485207,0.923076923076923,0.970588235294118,1.00828402366864,0.945409429280397,0.940335305719921,0.938914027149321,0.849358974358974,0.954797779540048,0.823776223776224,0.908523908523909,0.918918918918919,0.981684981684982,0.976923076923077;21;21
Hansen Rasmus Thrane;EOC 2012 Sprint - FINAL-Men A-final;Denmark;992;0.93634;23,27,56,61,16,44,67,25,23,33,66,32,152,68,24,110,49,35,35,24,22;0.996655518394649,1.02279202279202,0.964285714285714,0.759142496847415,1.00480769230769,1.0034965034965,0.996555683122847,0.975384615384615,0.963210702341137,1,0.993006993006993,0.915865384615385,0.965080971659919,0.938914027149321,0.849358974358974,0.841958041958042,0.924646781789639,0.96043956043956,0.971428571428571,0.858974358974359,0.888111888111888;21;21
Christensen Christian;EOC 2012 Sprint - FINAL-Men A-final;Denmark;993;0.93539;26,43,56,47,17,51,72,24,25,35,68,31,154,64,22,94,47,35,37,22,23;0.881656804733728,0.64221824686941,0.964285714285714,0.985270049099836,0.945701357466063,0.865761689291101,0.927350427350427,1.01602564102564,0.886153846153846,0.942857142857143,0.963800904977375,0.945409429280397,0.952547452547452,0.997596153846154,0.926573426573427,0.985270049099836,0.963993453355155,0.96043956043956,0.918918918918919,0.937062937062937,0.849498327759197;21;21
Olsen Rune;EOC 2012 Sprint - FINAL-Men A-final;Denmark;997;0.93164;26,30,59,55,18,50,68,28,24,46,67,31,150,67,21,96,46,35,35,23,22;0.881656804733728,0.920512820512821,0.915254237288136,0.841958041958042,0.893162393162393,0.883076923076923,0.981900452488688,0.870879120879121,0.923076923076923,0.717391304347826,0.978185993111366,0.945409429280397,0.977948717948718,0.95292766934558,0.970695970695971,0.96474358974359,0.98494983277592,0.96043956043956,0.971428571428571,0.896321070234114,0.888111888111888;21;21
Ekeberg Bjørn;EOC 2012 Sprint - FINAL-Men A-final;Norway;1005;0.92423;26,29,55,47,17,53,69,25,24,38,71,32,154,70,21,102,53,36,38,24,21;0.881656804733728,0.952254641909814,0.981818181818182,0.985270049099836,0.945701357466063,0.833091436865022,0.967670011148272,0.975384615384615,0.923076923076923,0.868421052631579,0.923076923076923,0.915865384615385,0.952547452547452,0.912087912087912,0.970695970695971,0.907993966817496,0.854862119013062,0.933760683760684,0.894736842105263,0.858974358974359,0.93040293040293;21;21
Mäkelä Tuomo;EOC 2012 Sprint - FINAL-Men A-final;Finland;1008;0.92147;28,28,53,50,17,54,70,24,22,37,71,32,156,67,22,97,62,37,36,23,22;0.818681318681319,0.986263736263736,1.0188679245283,0.926153846153846,0.945701357466063,0.817663817663818,0.953846153846154,1.01602564102564,1.00699300699301,0.891891891891892,0.923076923076923,0.915865384615385,0.940335305719921,0.95292766934558,0.926573426573427,0.954797779540048,0.730769230769231,0.908523908523909,0.944444444444444,0.896321070234114,0.888111888111888;21;21
Portin Fredric;EOC 2012 Sprint - FINAL-Men A-final;Finland;1010;0.91965;25,29,52,62,19,43,71,26,23,35,66,31,150,80,22,98,64,35,36,23,20;0.916923076923077,0.952254641909814,1.03846153846154,0.746898263027295,0.846153846153846,1.02683363148479,0.940411700975081,0.937869822485207,0.963210702341137,0.942857142857143,0.993006993006993,0.945409429280397,0.977948717948718,0.798076923076923,0.926573426573427,0.945054945054945,0.707932692307692,0.96043956043956,0.944444444444444,0.896321070234114,0.976923076923077;21;21
Coupat Vincent;EOC 2012 Sprint - FINAL-Men A-final;France;1013;0.91693;25,31,59,56,17,48,70,25,23,35,70,42,153,70,23,99,48,37,36,24,22;0.916923076923077,0.890818858560794,0.915254237288136,0.826923076923077,0.945701357466063,0.919871794871795,0.953846153846154,0.975384615384615,0.963210702341137,0.942857142857143,0.936263736263736,0.697802197802198,0.9587732528909,0.912087912087912,0.88628762541806,0.935508935508935,0.943910256410256,0.908523908523909,0.944444444444444,0.858974358974359,0.888111888111888;21;21
Krepšta Simonas;EOC 2012 Sprint - FINAL-Men A-final;Lithuania;1013;0.91693;25,29,59,49,18,45,70,27,25,40,70,30,170,68,21,101,48,36,37,24,21;0.916923076923077,0.952254641909814,0.915254237288136,0.945054945054945,0.893162393162393,0.981196581196581,0.953846153846154,0.903133903133903,0.886153846153846,0.825,0.936263736263736,0.976923076923077,0.86289592760181,0.938914027149321,0.970695970695971,0.916984006092917,0.943910256410256,0.933760683760684,0.918918918918919,0.858974358974359,0.93040293040293;21;21
Suna Jussi;EOC 2012 Sprint - FINAL-Men A-final;Finland;1015;0.91512;28,29,58,47,17,49,72,26,24,37,76,33,161,67,22,100,48,36,38,23,24;0.818681318681319,0.952254641909814,0.931034482758621,0.985270049099836,0.945701357466063,0.901098901098901,0.927350427350427,0.937869822485207,0.923076923076923,0.891891891891892,0.862348178137652,0.888111888111888,0.911132345914955,0.95292766934558,0.926573426573427,0.926153846153846,0.943910256410256,0.933760683760684,0.894736842105263,0.896321070234114,0.814102564102564;21;21
Kivikas Kenny;EOC 2012 Sprint - FINAL-Men A-final;Estonia;1018;0.91242;31,30,57,53,20,48,73,27,24,35,69,32,152,78,21,99,53,36,37,23,20;0.739454094292804,0.920512820512821,0.947368421052632,0.873730043541364,0.803846153846154,0.919871794871795,0.914646996838778,0.903133903133903,0.923076923076923,0.942857142857143,0.949832775919732,0.915865384615385,0.965080971659919,0.818540433925049,0.970695970695971,0.935508935508935,0.854862119013062,0.933760683760684,0.918918918918919,0.896321070234114,0.976923076923077;21;21
Merl Robert;EOC 2012 Sprint - FINAL-Men A-final;Austria;1018;0.91242;27,29,55,49,18,50,70,24,24,37,72,31,173,68,22,100,50,39,36,23,21;0.849002849002849,0.952254641909814,0.981818181818182,0.945054945054945,0.893162393162393,0.883076923076923,0.953846153846154,1.01602564102564,0.923076923076923,0.891891891891892,0.91025641025641,0.945409429280397,0.847932414406403,0.938914027149321,0.926573426573427,0.926153846153846,0.906153846153846,0.861932938856016,0.944444444444444,0.896321070234114,0.93040293040293;21;21
Schorah David;EOC 2012 Sprint - FINAL-Men A-final;Great Britain;1020;0.91063;27,31,57,49,16,48,72,25,30,34,72,31,156,69,25,104,55,37,37,24,21;0.849002849002849,0.890818858560794,0.947368421052632,0.945054945054945,1.00480769230769,0.919871794871795,0.927350427350427,0.975384615384615,0.738461538461538,0.970588235294118,0.91025641025641,0.945409429280397,0.940335305719921,0.92530657748049,0.815384615384615,0.890532544378698,0.823776223776224,0.908523908523909,0.918918918918919,0.858974358974359,0.93040293040293;21;21
Kamenarov Ivaylo;EOC 2012 Sprint - FINAL-Men A-final;Bulgaria;1020;0.91063;24,34,59,49,18,48,70,26,25,36,68,33,160,71,22,101,55,37,38,23,23;0.955128205128205,0.812217194570136,0.915254237288136,0.945054945054945,0.893162393162393,0.919871794871795,0.953846153846154,0.937869822485207,0.886153846153846,0.916666666666667,0.963800904977375,0.888111888111888,0.916826923076923,0.899241603466956,0.926573426573427,0.916984006092917,0.823776223776224,0.908523908523909,0.894736842105263,0.896321070234114,0.849498327759197;21;21
Simonin Nicolas;EOC 2012 Sprint - FINAL-Men A-final;Ireland;1020;0.91063;25,31,59,48,18,47,68,26,24,35,69,31,162,71,25,105,51,38,39,23,25;0.916923076923077,0.890818858560794,0.915254237288136,0.96474358974359,0.893162393162393,0.939443535188216,0.981900452488688,0.937869822485207,0.923076923076923,0.942857142857143,0.949832775919732,0.945409429280397,0.905508072174739,0.899241603466956,0.815384615384615,0.882051282051282,0.888386123680241,0.884615384615385,0.871794871794872,0.896321070234114,0.781538461538462;21;21
Schgaguler Klaus;EOC 2012 Sprint - FINAL-Men A-final;Italy;1021;0.90974;24,31,61,54,19,45,70,28,26,36,70,32,159,71,24,102,49,38,37,24,21;0.955128205128205,0.890818858560794,0.885245901639344,0.857549857549858,0.846153846153846,0.981196581196581,0.953846153846154,0.870879120879121,0.85207100591716,0.916666666666667,0.936263736263736,0.915865384615385,0.9225931301403,0.899241603466956,0.849358974358974,0.907993966817496,0.924646781789639,0.884615384615385,0.918918918918919,0.858974358974359,0.93040293040293;21;21
Tranchand Frédéric;EOC 2012 Sprint - FINAL-Men A-final;France;1021;0.90974;25,30,58,45,19,64,68,49,35,32,72,29,161,64,20,94,47,34,34,21,20;0.916923076923077,0.920512820512821,0.931034482758621,1.02905982905983,0.846153846153846,0.689903846153846,0.981900452488688,0.497645211930926,0.632967032967033,1.03125,0.91025641025641,1.0106100795756,0.911132345914955,0.997596153846154,1.01923076923077,0.985270049099836,0.963993453355155,0.98868778280543,1,0.981684981684982,0.976923076923077;21;21
Zinca Ionut Alin;EOC 2012 Sprint - FINAL-Men A-final;Romania;1022;0.90885;39,31,63,50,17,53,75,26,23,40,71,31,154,66,20,99,47,36,36,23,22;0.587771203155819,0.890818858560794,0.857142857142857,0.926153846153846,0.945701357466063,0.833091436865022,0.89025641025641,0.937869822485207,0.963210702341137,0.825,0.923076923076923,0.945409429280397,0.952547452547452,0.967365967365967,1.01923076923077,0.935508935508935,0.963993453355155,0.933760683760684,0.944444444444444,0.896321070234114,0.888111888111888;21;21
Lenkei Zsolt;EOC 2012 Sprint - FINAL-Men A-final;Hungary;1025;0.90619;27,30,58,50,17,49,75,27,25,37,70,31,162,71,22,104,50,38,38,22,22;0.849002849002849,0.920512820512821,0.931034482758621,0.926153846153846,0.945701357466063,0.901098901098901,0.89025641025641,0.903133903133903,0.886153846153846,0.891891891891892,0.936263736263736,0.945409429280397,0.905508072174739,0.899241603466956,0.926573426573427,0.890532544378698,0.906153846153846,0.884615384615385,0.894736842105263,0.937062937062937,0.888111888111888;21;21
Panchenko Artem;EOC 2012 Sprint - FINAL-Men A-final;Ukraine;1028;0.90355;25,28,67,50,18,46,72,26,24,35,77,32,163,67,22,104,51,39,36,24,22;0.916923076923077,0.986263736263736,0.805970149253731,0.926153846153846,0.893162393162393,0.959866220735786,0.927350427350427,0.937869822485207,0.923076923076923,0.942857142857143,0.851148851148851,0.915865384615385,0.899952807928268,0.95292766934558,0.926573426573427,0.890532544378698,0.888386123680241,0.861932938856016,0.944444444444444,0.858974358974359,0.888111888111888;21;21
Robinson Richard;EOC 2012 Sprint - FINAL-Men A-final;Great Britain;1040;0.89312;29,32,62,52,20,49,72,28,26,39,71,33,157,71,22,102,55,37,37,24,22;0.790450928381963,0.862980769230769,0.870967741935484,0.890532544378698,0.803846153846154,0.901098901098901,0.927350427350427,0.870879120879121,0.85207100591716,0.846153846153846,0.923076923076923,0.888111888111888,0.934345908868202,0.899241603466956,0.926573426573427,0.907993966817496,0.823776223776224,0.908523908523909,0.918918918918919,0.858974358974359,0.888111888111888;21;21
Detkov Sergey;EOC 2012 Sprint - FINAL-Men A-final;Russia;1044;0.88970;27,28,57,47,16,68,74,26,24,49,72,30,166,69,23,104,48,37,36,21,22;0.849002849002849,0.986263736263736,0.947368421052632,0.985270049099836,1.00480769230769,0.649321266968326,0.902286902286902,0.937869822485207,0.923076923076923,0.673469387755102,0.91025641025641,0.976923076923077,0.88368860055607,0.92530657748049,0.88628762541806,0.890532544378698,0.943910256410256,0.908523908523909,0.944444444444444,0.981684981684982,0.888111888111888;21;21
Bobach Christian;EOC 2012 Sprint - FINAL-Men A-final;Denmark;1057;0.87876;33,31,59,51,17,49,71,28,25,33,69,31,165,79,29,108,53,40,40,23,23;0.694638694638695,0.890818858560794,0.915254237288136,0.907993966817496,0.945701357466063,0.901098901098901,0.940411700975081,0.870879120879121,0.886153846153846,1,0.949832775919732,0.945409429280397,0.889044289044289,0.808179162609542,0.702917771883289,0.857549857549858,0.854862119013062,0.840384615384615,0.85,0.896321070234114,0.849498327759197;21;21
Salin Andrey;EOC 2012 Sprint - FINAL-Men A-final;Belarus;1104;0.84135;26,28,60,57,19,112,64,27,33,32,70,31,166,76,25,105,52,36,37,27,21;0.881656804733728,0.986263736263736,0.9,0.812415654520918,0.846153846153846,0.394230769230769,1.04326923076923,0.903133903133903,0.671328671328671,1.03125,0.936263736263736,0.945409429280397,0.88368860055607,0.840080971659919,0.815384615384615,0.882051282051282,0.871301775147929,0.933760683760684,0.918918918918919,0.763532763532764,0.93040293040293;21;21
Smithard Christopher;EOC 2012 Sprint - FINAL-Men A-final;Great Britain;1124;0.82638;26,30,59,48,17,46,69,26,23,97,87,32,169,77,26,110,54,39,40,26,23;0.881656804733728,0.920512820512821,0.915254237288136,0.96474358974359,0.945701357466063,0.959866220735786,0.967670011148272,0.937869822485207,0.963210702341137,0.34020618556701,0.753315649867374,0.915865384615385,0.868001820664542,0.829170829170829,0.784023668639053,0.841958041958042,0.839031339031339,0.861932938856016,0.85,0.792899408284024,0.849498327759197;21;21
Bloch Claus Hallingdal;EOC 2012 Sprint - FINAL-Men B-final;Denmark;983;1.01414;25,30,56,55,17,46,66,25,27,34,65,30,147,68,21,98,51,39,37,24,22;1.056,1.00333333333333,1.05714285714286,0.898181818181818,1,1.02173913043478,1.07575757575758,1.024,0.903703703703704,1.04705882352941,1.06,1.03666666666667,1.06666666666667,1.01029411764706,1.03809523809524,1.00816326530612,0.972549019607843,0.928205128205128,0.975675675675676,0.929166666666667,0.95;21;21
Gremmel Helmut;EOC 2012 Sprint - FINAL-Men B-final;Austria;1001;0.99590;26,30,60,51,16,47,72,26,23,34,70,33,156,68,23,97,50,36,37,24,22;1.01538461538462,1.00333333333333,0.986666666666667,0.968627450980392,1.0625,1,0.986111111111111,0.984615384615385,1.06086956521739,1.04705882352941,0.984285714285714,0.942424242424242,1.00512820512821,1.01029411764706,0.947826086956522,1.01855670103093,0.992,1.00555555555556,0.975675675675676,0.929166666666667,0.95;21;21
Paulins Arturs;EOC 2012 Sprint - FINAL-Men B-final;Latvia;1005;0.97114;29,32,59,58,16,46,100,25,36,69,30,155,69,22,99,48,37,35,19,21;0.910344827586207,0.940625,1.00338983050847,0.851724137931034,1.0625,1.02173913043478,0.71,1.024,0.677777777777778,0.515942028985507,2.29666666666667,0.200645161290323,2.27246376811594,3.12272727272727,0.22020202020202,2.05833333333333,1.34054054054054,1.03428571428571,1.9,1.06190476190476;20;20
Boesen Andreas Hougaad;EOC 2012 Sprint - FINAL-Men B-final;Denmark;1026;0.97164;26,29,60,48,17,47,71,27,26,37,71,33,160,74,23,103,54,38,38,22,22;1.01538461538462,1.03793103448276,0.986666666666667,1.02916666666667,1,1,1,0.948148148148148,0.938461538461538,0.962162162162162,0.970422535211268,0.942424242424242,0.98,0.928378378378378,0.947826086956522,0.959223300970874,0.918518518518519,0.952631578947368,0.95,1.01363636363636,0.95;21;21
Rocke John;EOC 2012 Sprint - FINAL-Men B-final;Great Britain;1026;0.97164;31,31,65,56,18,49,73,25,25,37,67,32,154,72,24,98,49,36,38,23,23;0.851612903225806,0.970967741935484,0.910769230769231,0.882142857142857,0.944444444444444,0.959183673469388,0.972602739726027,1.024,0.976,0.962162162162162,1.02835820895522,0.971875,1.01818181818182,0.954166666666667,0.908333333333333,1.00816326530612,1.01224489795918,1.00555555555556,0.95,0.969565217391304,0.908695652173913;21;21
Sirakov Ivan;EOC 2012 Sprint - FINAL-Men B-final;Bulgaria;1030;0.96786;28,30,56,53,18,46,75,26,25,36,78,33,160,68,22,105,53,37,35,23,23;0.942857142857143,1.00333333333333,1.05714285714286,0.932075471698113,0.944444444444444,1.02173913043478,0.946666666666667,0.984615384615385,0.976,0.988888888888889,0.883333333333333,0.942424242424242,0.98,1.01029411764706,0.990909090909091,0.940952380952381,0.935849056603774,0.978378378378378,1.03142857142857,0.969565217391304,0.908695652173913;21;21
Silva Miguel;EOC 2012 Sprint - FINAL-Men B-final;Portugal;1030;0.96786;29,33,62,49,19,47,71,29,24,37,85,31,160,68,23,96,50,36,36,24,21;0.910344827586207,0.912121212121212,0.954838709677419,1.00816326530612,0.894736842105263,1,1,0.882758620689655,1.01666666666667,0.962162162162162,0.810588235294118,1.00322580645161,0.98,1.01029411764706,0.947826086956522,1.02916666666667,0.992,1.00555555555556,1.00277777777778,0.929166666666667,0.995238095238095;21;21
Wartbichler Christian;EOC 2012 Sprint - FINAL-Men B-final;Austria;1041;0.95764;26,33,62,48,18,47,73,28,25,38,83,31,163,72,22,103,52,36,39,23,19;1.01538461538462,0.912121212121212,0.954838709677419,1.02916666666667,0.944444444444444,1,0.972602739726027,0.914285714285714,0.976,0.936842105263158,0.830120481927711,1.00322580645161,0.961963190184049,0.954166666666667,0.990909090909091,0.959223300970874,0.953846153846154,1.00555555555556,0.925641025641026,0.969565217391304,1.1;21;21
Horta Manuel;EOC 2012 Sprint - FINAL-Men B-final;Portugal;1047;0.95215;30,32,62,54,20,50,75,25,26,40,69,32,161,70,23,103,52,37,37,25,24;0.88,0.940625,0.954838709677419,0.914814814814815,0.85,0.94,0.946666666666667,1.024,0.938461538461538,0.89,0.998550724637681,0.971875,0.973913043478261,0.981428571428571,0.947826086956522,0.959223300970874,0.953846153846154,0.978378378378378,0.975675675675676,0.892,0.870833333333333;21;21
Morrison Ross;EOC 2012 Sprint - FINAL-Men B-final;New Zealand;1054;0.94583;36,33,64,54,19,51,74,25,24,36,75,32,160,74,22,103,50,38,37,24,23;0.733333333333333,0.912121212121212,0.925,0.914814814814815,0.894736842105263,0.92156862745098,0.959459459459459,1.024,1.01666666666667,0.988888888888889,0.918666666666667,0.971875,0.98,0.928378378378378,0.990909090909091,0.959223300970874,0.992,0.952631578947368,0.975675675675676,0.929166666666667,0.908695652173913;21;21
Seppi Marco;EOC 2012 Sprint - FINAL-Men B-final;Italy;1058;0.94225;31,30,60,52,18,49,73,27,27,36,72,33,176,72,23,100,50,39,39,26,25;0.851612903225806,1.00333333333333,0.986666666666667,0.95,0.944444444444444,0.959183673469388,0.972602739726027,0.948148148148148,0.903703703703704,0.988888888888889,0.956944444444444,0.942424242424242,0.890909090909091,0.954166666666667,0.947826086956522,0.988,0.992,0.928205128205128,0.925641025641026,0.857692307692308,0.836;21;21
Leal Tiago;EOC 2012 Sprint - FINAL-Men B-final;Portugal;1064;0.93694;28,35,64,53,17,62,77,26,28,36,83,31,161,69,24,99,49,36,38,24,24;0.942857142857143,0.86,0.925,0.932075471698113,1,0.758064516129032,0.922077922077922,0.984615384615385,0.871428571428571,0.988888888888889,0.830120481927711,1.00322580645161,0.973913043478261,0.995652173913044,0.908333333333333,0.997979797979798,1.01224489795918,1.00555555555556,0.95,0.929166666666667,0.870833333333333;21;21
Binder Martin;EOC 2012 Sprint - FINAL-Men B-final;Austria;1065;0.93606;29,52,65,48,17,49,72,27,27,36,71,33,164,78,24,103,52,37,35,26,20;0.910344827586207,0.578846153846154,0.910769230769231,1.02916666666667,1,0.959183673469388,0.986111111111111,0.948148148148148,0.903703703703704,0.988888888888889,0.970422535211268,0.942424242424242,0.95609756097561,0.880769230769231,0.908333333333333,0.959223300970874,0.953846153846154,0.978378378378378,1.03142857142857,0.857692307692308,1.045;21;21
Siegert Wolfgang;EOC 2012 Sprint - FINAL-Men B-final;Austria;1067;0.93430;45,32,69,51,19,48,72,27,28,36,71,34,157,84,22,101,50,37,37,24,23;0.586666666666667,0.940625,0.857971014492754,0.968627450980392,0.894736842105263,0.979166666666667,0.986111111111111,0.948148148148148,0.871428571428571,0.988888888888889,0.970422535211268,0.914705882352941,0.998726114649682,0.817857142857143,0.990909090909091,0.978217821782178,0.992,0.978378378378378,0.975675675675676,0.929166666666667,0.908695652173913;21;21
Zarevenko Pavel;EOC 2012 Sprint - FINAL-Men B-final;Russia;1071;0.93081;36,32,67,54,22,52,75,26,27,45,72,33,160,73,24,103,51,37,38,22,22;0.733333333333333,0.940625,0.883582089552239,0.914814814814815,0.772727272727273,0.903846153846154,0.946666666666667,0.984615384615385,0.903703703703704,0.791111111111111,0.956944444444444,0.942424242424242,0.98,0.941095890410959,0.908333333333333,0.959223300970874,0.972549019607843,0.978378378378378,0.95,1.01363636363636,0.95;21;21
Negrello Manuel;EOC 2012 Sprint - FINAL-Men B-final;Italy;1080;0.92306;26,30,67,58,17,48,72,31,57,36,75,32,163,68,24,102,49,35,48,22,20;1.01538461538462,1.00333333333333,0.883582089552239,0.851724137931034,1,0.979166666666667,0.986111111111111,0.825806451612903,0.428070175438596,0.988888888888889,0.918666666666667,0.971875,0.961963190184049,1.01029411764706,0.908333333333333,0.968627450980392,1.01224489795918,1.03428571428571,0.752083333333333,1.01363636363636,1.045;21;21
Smith Ross;EOC 2012 Sprint - FINAL-Men B-final;United States;1081;0.92220;28,35,71,52,18,51,77,28,28,41,70,34,174,71,23,105,54,37,39,23,22;0.942857142857143,0.86,0.833802816901408,0.95,0.944444444444444,0.92156862745098,0.922077922077922,0.914285714285714,0.871428571428571,0.868292682926829,0.984285714285714,0.914705882352941,0.901149425287356,0.967605633802817,0.947826086956522,0.940952380952381,0.918518518518519,0.978378378378378,0.925641025641026,0.969565217391304,0.95;21;21
Asmolov Oleksii;EOC 2012 Sprint - FINAL-Men B-final;Ukraine;1082;0.92135;27,32,63,52,21,54,74,27,29,40,74,32,159,80,24,105,53,39,46,28,23;0.977777777777778,0.940625,0.93968253968254,0.95,0.80952380952381,0.87037037037037,0.959459459459459,0.948148148148148,0.841379310344827,0.89,0.931081081081081,0.971875,0.986163522012579,0.85875,0.908333333333333,0.940952380952381,0.935849056603774,0.928205128205128,0.784782608695652,0.796428571428571,0.908695652173913;21;21
Beliunas Vytautas;EOC 2012 Sprint - FINAL-Men B-final;Lithuania;1084;0.91965;27,29,65,51,19,50,72,27,25,36,75,78,163,71,21,106,51,37,36,23,22;0.977777777777778,1.03793103448276,0.910769230769231,0.968627450980392,0.894736842105263,0.94,0.986111111111111,0.948148148148148,0.976,0.988888888888889,0.918666666666667,0.398717948717949,0.961963190184049,0.967605633802817,1.03809523809524,0.932075471698113,0.972549019607843,0.978378378378378,1.00277777777778,0.969565217391304,0.95;21;21
Kamenarov Zlatko;EOC 2012 Sprint - FINAL-Men B-final;Bulgaria;1085;0.91880;30,36,69,50,19,51,73,30,39,39,68,31,164,82,24,103,54,38,37,25,23;0.88,0.836111111111111,0.857971014492754,0.988,0.894736842105263,0.92156862745098,0.972602739726027,0.853333333333333,0.625641025641026,0.912820512820513,1.01323529411765,1.00322580645161,0.95609756097561,0.837804878048781,0.908333333333333,0.959223300970874,0.918518518518519,0.952631578947368,0.975675675675676,0.892,0.908695652173913;21;21
Aires Tiago;EOC 2012 Sprint - FINAL-Men B-final;Portugal;1087;0.91711;28,32,60,56,18,50,74,28,26,39,69,34,191,73,25,105,52,38,40,25,24;0.942857142857143,0.940625,0.986666666666667,0.882142857142857,0.944444444444444,0.94,0.959459459459459,0.914285714285714,0.938461538461538,0.912820512820513,0.998550724637681,0.914705882352941,0.820942408376963,0.941095890410959,0.872,0.940952380952381,0.953846153846154,0.952631578947368,0.9025,0.892,0.870833333333333;21;21
Kerényi Máté;EOC 2012 Sprint - FINAL-Men B-final;Hungary;1092;0.91291;27,30,62,48,17,52,70,26,28,38,77,35,178,82,25,110,53,41,43,25,25;0.977777777777778,1.00333333333333,0.954838709677419,1.02916666666667,1,0.903846153846154,1.01428571428571,0.984615384615385,0.871428571428571,0.936842105263158,0.894805194805195,0.888571428571429,0.880898876404494,0.837804878048781,0.872,0.898181818181818,0.935849056603774,0.882926829268293,0.83953488372093,0.892,0.836;21;21
Genar Jeremy;EOC 2012 Sprint - FINAL-Men B-final;Belgium;1092;0.91291;27,32,66,54,18,54,77,27,25,36,73,33,169,84,24,108,56,39,39,27,24;0.977777777777778,0.940625,0.896969696969697,0.914814814814815,0.944444444444444,0.87037037037037,0.922077922077922,0.948148148148148,0.976,0.988888888888889,0.943835616438356,0.942424242424242,0.927810650887574,0.817857142857143,0.908333333333333,0.914814814814815,0.885714285714286,0.928205128205128,0.925641025641026,0.825925925925926,0.870833333333333;21;21
Anderson Robbie;EOC 2012 Sprint - FINAL-Men B-final;Canada;1093;0.91208;30,32,61,53,18,51,75,27,26,38,75,37,176,74,24,112,53,40,40,25,26;0.88,0.940625,0.970491803278689,0.932075471698113,0.944444444444444,0.92156862745098,0.946666666666667,0.948148148148148,0.938461538461538,0.936842105263158,0.918666666666667,0.840540540540541,0.890909090909091,0.928378378378378,0.908333333333333,0.882142857142857,0.935849056603774,0.905,0.9025,0.892,0.803846153846154;21;21
Healy David;EOC 2012 Sprint - FINAL-Men B-final;Ireland;1094;0.91124;28,32,63,55,18,50,75,30,24,38,72,32,175,78,24,118,54,40,42,25,21;0.942857142857143,0.940625,0.93968253968254,0.898181818181818,0.944444444444444,0.94,0.946666666666667,0.853333333333333,1.01666666666667,0.936842105263158,0.956944444444444,0.971875,0.896,0.880769230769231,0.908333333333333,0.83728813559322,0.918518518518519,0.905,0.85952380952381,0.892,0.995238095238095;21;21
Novikov Leonid;EOC 2012 Sprint - FINAL-Men B-final;Russia;1095;0.91041;30,33,59,51,20,54,79,48,29,36,75,40,168,73,24,101,51,38,38,24,24;0.88,0.912121212121212,1.00338983050847,0.968627450980392,0.85,0.87037037037037,0.89873417721519,0.533333333333333,0.841379310344827,0.988888888888889,0.918666666666667,0.7775,0.933333333333333,0.941095890410959,0.908333333333333,0.978217821782178,0.972549019607843,0.952631578947368,0.95,0.929166666666667,0.870833333333333;21;21
Goubau Johan;EOC 2012 Sprint - FINAL-Men B-final;Belgium;1100;0.90627;29,32,63,54,22,60,73,26,24,36,74,32,178,76,24,111,54,40,40,27,25;0.910344827586207,0.940625,0.93968253968254,0.914814814814815,0.772727272727273,0.783333333333333,0.972602739726027,0.984615384615385,1.01666666666667,0.988888888888889,0.931081081081081,0.971875,0.880898876404494,0.903947368421053,0.908333333333333,0.89009009009009,0.918518518518519,0.905,0.9025,0.825925925925926,0.836;21;21
Delobel Bart;EOC 2012 Sprint - FINAL-Men B-final;Belgium;1101;0.90545;30,34,72,51,19,51,80,26,32,45,78,38,174,73,23,99,56,36,37,24,23;0.88,0.885294117647059,0.822222222222222,0.968627450980392,0.894736842105263,0.92156862745098,0.8875,0.984615384615385,0.7625,0.791111111111111,0.883333333333333,0.818421052631579,0.901149425287356,0.941095890410959,0.947826086956522,0.997979797979798,0.885714285714286,1.00555555555556,0.975675675675676,0.929166666666667,0.908695652173913;21;21
Lützkendorf Paul;EOC 2012 Sprint - FINAL-Men B-final;Germany;1107;0.90054;27,32,61,62,21,50,79,26,32,49,79,35,170,76,24,108,52,39,38,23,24;0.977777777777778,0.940625,0.970491803278689,0.796774193548387,0.80952380952381,0.94,0.89873417721519,0.984615384615385,0.7625,0.726530612244898,0.872151898734177,0.888571428571429,0.922352941176471,0.903947368421053,0.908333333333333,0.914814814814815,0.953846153846154,0.928205128205128,0.95,0.969565217391304,0.870833333333333;21;21
Kacmaz Ahmet;EOC 2012 Sprint - FINAL-Men B-final;Turkey;1113;0.89569;33,35,73,54,21,76,72,33,33,46,76,31,160,68,21,109,52,40,36,23,21;0.8,0.86,0.810958904109589,0.914814814814815,0.80952380952381,0.618421052631579,0.986111111111111,0.775757575757576,0.739393939393939,0.773913043478261,0.906578947368421,1.00322580645161,0.98,1.01029411764706,1.03809523809524,0.906422018348624,0.953846153846154,0.905,1.00277777777778,0.969565217391304,0.995238095238095;21;21
Kundisch Wieland;EOC 2012 Sprint - FINAL-Men B-final;Germany;1119;0.89088;32,34,67,61,23,55,83,28,27,41,77,34,168,74,22,115,51,39,40,24,24;0.825,0.885294117647059,0.883582089552239,0.80983606557377,0.739130434782609,0.854545454545454,0.855421686746988,0.914285714285714,0.903703703703704,0.868292682926829,0.894805194805195,0.914705882352941,0.933333333333333,0.928378378378378,0.990909090909091,0.859130434782609,0.972549019607843,0.928205128205128,0.9025,0.929166666666667,0.870833333333333;21;21
Dallavalle Roberto;EOC 2012 Sprint - FINAL-Men B-final;Italy;1120;0.89009;28,34,65,55,19,57,72,29,26,38,74,33,211,73,24,102,53,38,41,25,23;0.942857142857143,0.885294117647059,0.910769230769231,0.898181818181818,0.894736842105263,0.824561403508772,0.986111111111111,0.882758620689655,0.938461538461538,0.936842105263158,0.931081081081081,0.942424242424242,0.743127962085308,0.941095890410959,0.908333333333333,0.968627450980392,0.935849056603774,0.952631578947368,0.880487804878049,0.892,0.908695652173913;21;21
Bezdiga Andrei;EOC 2012 Sprint - FINAL-Men B-final;Moldova;1136;0.87755;29,37,70,54,20,54,77,34,28,40,79,33,178,75,30,109,55,42,43,26,23;0.910344827586207,0.813513513513514,0.845714285714286,0.914814814814815,0.85,0.87037037037037,0.922077922077922,0.752941176470588,0.871428571428571,0.89,0.872151898734177,0.942424242424242,0.880898876404494,0.916,0.726666666666667,0.906422018348624,0.901818181818182,0.861904761904762,0.83953488372093,0.857692307692308,0.908695652173913;21;21
Iliev Lachezar;EOC 2012 Sprint - FINAL-Men B-final;Bulgaria;1137;0.87678;42,32,63,55,20,52,82,28,28,41,77,35,172,81,24,113,58,42,42,25,25;0.628571428571429,0.940625,0.93968253968254,0.898181818181818,0.85,0.903846153846154,0.865853658536585,0.914285714285714,0.871428571428571,0.868292682926829,0.894805194805195,0.888571428571429,0.911627906976744,0.848148148148148,0.908333333333333,0.874336283185841,0.855172413793103,0.861904761904762,0.85952380952381,0.892,0.836;21;21
Foppen Niels-Peter;EOC 2012 Sprint - FINAL-Men B-final;Netherlands;1159;0.86014;33,35,69,58,29,52,75,28,28,41,77,46,182,78,27,110,58,41,42,26,24;0.8,0.86,0.857971014492754,0.851724137931034,0.586206896551724,0.903846153846154,0.946666666666667,0.914285714285714,0.871428571428571,0.868292682926829,0.894805194805195,0.676086956521739,0.861538461538462,0.880769230769231,0.807407407407407,0.898181818181818,0.855172413793103,0.882926829268293,0.85952380952381,0.857692307692308,0.870833333333333;21;21
Popovic Dejan;EOC 2012 Sprint - FINAL-Men B-final;Serbia;1190;0.83773;30,34,70,66,21,48,77,29,41,40,81,35,211,71,24,106,54,42,39,47,24;0.88,0.885294117647059,0.845714285714286,0.748484848484848,0.80952380952381,0.979166666666667,0.922077922077922,0.882758620689655,0.595121951219512,0.89,0.850617283950617,0.888571428571429,0.743127962085308,0.967605633802817,0.908333333333333,0.932075471698113,0.918518518518519,0.861904761904762,0.925641025641026,0.474468085106383,0.870833333333333;21;21
UÇAR Ali;EOC 2012 Sprint - FINAL-Men B-final;Turkey;1198;0.83214;38,34,64,50,22,53,90,33,32,42,78,63,193,78,26,113,56,41,42,28,22;0.694736842105263,0.885294117647059,0.925,0.988,0.772727272727273,0.886792452830189,0.788888888888889,0.775757575757576,0.7625,0.847619047619048,0.883333333333333,0.493650793650794,0.812435233160622,0.880769230769231,0.838461538461538,0.874336283185841,0.885714285714286,0.882926829268293,0.85952380952381,0.796428571428571,0.95;21;21
Erdogan Musa;EOC 2012 Sprint - FINAL-Men B-final;Turkey;1208;0.82525;38,37,77,54,21,59,87,29,44,43,110,38,180,77,29,104,53,43,39,24,22;0.694736842105263,0.813513513513514,0.768831168831169,0.914814814814815,0.80952380952381,0.796610169491525,0.816091954022989,0.882758620689655,0.554545454545455,0.827906976744186,0.626363636363636,0.818421052631579,0.871111111111111,0.892207792207792,0.751724137931035,0.95,0.935849056603774,0.841860465116279,0.925641025641026,0.929166666666667,0.95;21;21
Ri Kyongsa;EOC 2012 Sprint - FINAL-Men B-final;DPR Korea;1343;0.74229;34,39,76,60,22,62,102,37,31,51,84,42,225,93,28,127,65,47,46,41,31;0.776470588235294,0.771794871794872,0.778947368421053,0.823333333333333,0.772727272727273,0.758064516129032,0.696078431372549,0.691891891891892,0.787096774193548,0.698039215686275,0.820238095238095,0.740476190476191,0.696888888888889,0.738709677419355,0.778571428571429,0.777952755905512,0.763076923076923,0.770212765957447,0.784782608695652,0.54390243902439,0.674193548387097;21;21
Niggli Simone;EOC 2012 Sprint - FINAL-Women A-final;Switzerland;898;1.05842;31,28,68,49,32,58,27,74,34,32,162,69,25,100,59,25,25;0.942928039702233,1.10164835164835,1.09276018099548,1.08791208791209,1.10096153846154,1.05702917771883,1.04273504273504,1.02806652806653,1.08371040723982,1.0625,1.0664767331434,1.08361204013378,0.96,1.09307692307692,1.05475880052151,0.996923076923077,0.926153846153846;17;17
Eliasson Lena;EOC 2012 Sprint - FINAL-Women A-final;Sweden;930;1.02200;28,31,75,56,33,60,27,70,36,34,167,73,22,107,61,26,24;1.04395604395604,0.995037220843673,0.990769230769231,0.951923076923077,1.06759906759907,1.02179487179487,1.04273504273504,1.08681318681319,1.02350427350427,1,1.03454629203132,1.02423603793467,1.09090909090909,1.0215672178289,1.02017654476671,0.958579881656805,0.96474358974359;17;17
Alm Maja Møller;EOC 2012 Sprint - FINAL-Women A-final;Denmark;949;1.00154;30,33,75,55,44,62,27,78,37,33,166,72,25,103,61,24,24;0.974358974358974,0.934731934731935,0.990769230769231,0.969230769230769,0.800699300699301,0.988833746898263,1.04273504273504,0.97534516765286,0.995841995841996,1.03030303030303,1.04077849860982,1.03846153846154,0.96,1.06123973114264,1.02017654476671,1.03846153846154,0.96474358974359;17;17
Wyder Judith;EOC 2012 Sprint - FINAL-Women A-final;Switzerland;958;0.99213;30,31,75,53,37,59,29,73,37,35,171,75,26,112,65,26,24;0.974358974358974,0.995037220843673,0.990769230769231,1.00580551523948,0.952182952182952,1.03911342894394,0.970822281167109,1.04214963119073,0.995841995841996,0.971428571428571,1.01034637876743,0.996923076923077,0.923076923076923,0.975961538461538,0.957396449704142,0.958579881656805,0.96474358974359;17;17
Friederich Rahel;EOC 2012 Sprint - FINAL-Women A-final;Switzerland;976;0.97383;34,32,74,53,37,64,32,76,38,36,175,76,23,112,64,25,25;0.85972850678733,0.963942307692308,1.004158004158,1.00580551523948,0.952182952182952,0.957932692307692,0.879807692307692,1.00101214574899,0.969635627530364,0.944444444444444,0.987252747252747,0.983805668016194,1.04347826086957,0.975961538461538,0.972355769230769,0.996923076923077,0.926153846153846;17;17
Klingenberg Emma;EOC 2012 Sprint - FINAL-Women A-final;Denmark;983;0.96690;31,32,74,57,36,60,27,75,36,32,184,89,25,113,60,26,26;0.942928039702233,0.963942307692308,1.004158004158,0.935222672064777,0.978632478632479,1.02179487179487,1.04273504273504,1.01435897435897,1.02350427350427,1.0625,0.938963210702341,0.840103716508211,0.96,0.967324710687543,1.03717948717949,0.958579881656805,0.890532544378698;17;17
Mironova Svetlana;EOC 2012 Sprint - FINAL-Women A-final;Russia;985;0.96494;31,34,76,62,39,59,30,74,37,39,187,74,23,109,61,27,23;0.942928039702233,0.907239819004525,0.977732793522267,0.859801488833747,0.903353057199211,1.03911342894394,0.938461538461538,1.02806652806653,0.995841995841996,0.871794871794872,0.923899629781983,1.01039501039501,1.04347826086957,1.00282286520819,1.02017654476671,0.923076923076923,1.0066889632107;17;17
Teini Marika;EOC 2012 Sprint - FINAL-Women A-final;Finland;989;0.96103;28,32,77,48,38,65,30,79,40,39,175,79,24,118,65,27,25;1.04395604395604,0.963942307692308,0.965034965034965,1.11057692307692,0.927125506072875,0.943195266272189,0.938461538461538,0.962999026290166,0.921153846153846,0.871794871794872,0.987252747252747,0.946445959104187,1,0.926336375488918,0.957396449704142,0.923076923076923,0.926153846153846;17;17
Gross Julia;EOC 2012 Sprint - FINAL-Women A-final;Switzerland;990;0.96006;30,35,79,57,40,67,36,81,38,34,170,77,24,108,68,23,23;0.974358974358974,0.881318681318681,0.940603700097371,0.935222672064777,0.880769230769231,0.9150401836969,0.782051282051282,0.939221272554606,0.969635627530364,1,1.01628959276018,0.971028971028971,1,1.01210826210826,0.915158371040724,1.08361204013378,1.0066889632107;17;17
Niemi Venla;EOC 2012 Sprint - FINAL-Women A-final;Finland;993;0.95716;32,31,76,54,34,66,28,85,38,35,187,78,26,111,64,24,24;0.913461538461538,0.995037220843673,0.977732793522267,0.987179487179487,1.03619909502262,0.928904428904429,1.00549450549451,0.895022624434389,0.969635627530364,0.971428571428571,0.923899629781983,0.958579881656805,0.923076923076923,0.984753984753985,0.972355769230769,1.03846153846154,0.96474358974359;17;17
Ward Claire;EOC 2012 Sprint - FINAL-Women A-final;Great Britain;999;0.95141;45,32,75,54,39,66,29,81,37,37,175,75,24,112,64,27,27;0.64957264957265,0.963942307692308,0.990769230769231,0.987179487179487,0.903353057199211,0.928904428904429,0.970822281167109,0.939221272554606,0.995841995841996,0.918918918918919,0.987252747252747,0.996923076923077,1,0.975961538461538,0.972355769230769,0.923076923076923,0.857549857549858;17;17
Forsgren Lilian;EOC 2012 Sprint - FINAL-Women A-final;Sweden;1000;0.95046;31,33,78,55,36,63,32,81,39,34,177,82,26,116,65,26,26;0.942928039702233,0.934731934731935,0.952662721893491,0.969230769230769,0.978632478632479,0.973137973137973,0.879807692307692,0.939221272554606,0.944773175542406,1,0.976097348978705,0.911819887429644,0.923076923076923,0.942307692307692,0.957396449704142,0.958579881656805,0.890532544378698;17;17
Jahren Silje Ekroll;EOC 2012 Sprint - FINAL-Women A-final;Norway;1002;0.94856;35,36,79,57,39,70,29,81,37,35,178,80,29,111,61,24,21;0.835164835164835,0.856837606837607,0.940603700097371,0.935222672064777,0.903353057199211,0.875824175824176,0.970822281167109,0.939221272554606,0.995841995841996,0.971428571428571,0.970613656006914,0.934615384615385,0.827586206896552,0.984753984753985,1.02017654476671,1.03846153846154,1.1025641025641;17;17
Brodmann Ines;EOC 2012 Sprint - FINAL-Women A-final;Switzerland;1002;0.94856;31,34,76,56,41,66,32,77,38,34,177,75,24,128,63,26,24;0.942928039702233,0.907239819004525,0.977732793522267,0.951923076923077,0.859287054409006,0.928904428904429,0.879807692307692,0.988011988011988,0.969635627530364,1,0.976097348978705,0.996923076923077,1,0.853966346153846,0.987789987789988,0.958579881656805,0.96474358974359;17;17
Bagstevold Heidi Østlid;EOC 2012 Sprint - FINAL-Women A-final;Norway;1009;0.94198;30,32,75,54,35,63,30,80,39,37,184,80,30,118,68,27,27;0.974358974358974,0.963942307692308,0.990769230769231,0.987179487179487,1.00659340659341,0.973137973137973,0.938461538461538,0.950961538461539,0.944773175542406,0.918918918918919,0.938963210702341,0.934615384615385,0.8,0.926336375488918,0.915158371040724,0.923076923076923,0.857549857549858;17;17
Kadan Ursula;EOC 2012 Sprint - FINAL-Women A-final;Austria;1011;0.94012;32,32,75,57,40,64,30,87,40,37,188,76,25,115,63,25,25;0.913461538461538,0.963942307692308,0.990769230769231,0.935222672064777,0.880769230769231,0.957932692307692,0.938461538461538,0.874447391688771,0.921153846153846,0.918918918918919,0.9189852700491,0.983805668016194,0.96,0.950501672240803,0.987789987789988,0.996923076923077,0.926153846153846;17;17
Chataing Amélie;EOC 2012 Sprint - FINAL-Women A-final;France;1012;0.93919;32,32,79,56,38,68,30,80,41,38,186,76,24,115,68,26,23;0.913461538461538,0.963942307692308,0.940603700097371,0.951923076923077,0.927125506072875,0.90158371040724,0.938461538461538,0.950961538461539,0.898686679174484,0.894736842105263,0.928866832092639,0.983805668016194,1,0.950501672240803,0.915158371040724,0.958579881656805,1.0066889632107;17;17
Jenzer Sarina;EOC 2012 Sprint - FINAL-Women A-final;Switzerland;1012;0.93919;33,34,75,61,40,67,30,85,41,36,178,78,27,112,65,25,25;0.885780885780886,0.907239819004525,0.990769230769231,0.873896595208071,0.880769230769231,0.9150401836969,0.938461538461538,0.895022624434389,0.898686679174484,0.944444444444444,0.970613656006914,0.958579881656805,0.888888888888889,0.975961538461538,0.957396449704142,0.996923076923077,0.926153846153846;17;17
Tikhonova Anastasia;EOC 2012 Sprint - FINAL-Women A-final;Russia;1014;0.93734;27,32,75,53,36,62,28,82,37,35,185,84,27,130,69,26,26;1.08262108262108,0.963942307692308,0.990769230769231,1.00580551523948,0.978632478632479,0.988833746898263,1.00549450549451,0.927767354596623,0.995841995841996,0.971428571428571,0.933887733887734,0.89010989010989,0.888888888888889,0.840828402366864,0.901895206243032,0.958579881656805,0.890532544378698;17;17
Gustafsson Annica;EOC 2012 Sprint - FINAL-Women A-final;Sweden;1016;0.93549;30,32,86,58,45,63,31,75,37,36,175,79,26,118,68,29,28;0.974358974358974,0.963942307692308,0.864042933810376,0.919098143236074,0.782905982905983,0.973137973137973,0.90818858560794,1.01435897435897,0.995841995841996,0.944444444444444,0.987252747252747,0.946445959104187,0.923076923076923,0.926336375488918,0.915158371040724,0.859416445623342,0.826923076923077;17;17
Popovich Ekaterina;EOC 2012 Sprint - FINAL-Women A-final;Russia;1016;0.93549;33,34,81,58,39,65,30,86,38,36,184,80,25,112,64,26,25;0.885780885780886,0.907239819004525,0.917378917378917,0.919098143236074,0.903353057199211,0.943195266272189,0.938461538461538,0.884615384615385,0.969635627530364,0.944444444444444,0.938963210702341,0.934615384615385,0.96,0.975961538461538,0.972355769230769,0.958579881656805,0.926153846153846;17;17
Taylor Catherine;EOC 2012 Sprint - FINAL-Women A-final;Great Britain;1025;0.92728;29,33,78,61,39,64,33,79,39,43,185,79,26,116,68,28,25;1.0079575596817,0.934731934731935,0.952662721893491,0.873896595208071,0.903353057199211,0.957932692307692,0.853146853146853,0.962999026290166,0.944773175542406,0.790697674418605,0.933887733887734,0.946445959104187,0.923076923076923,0.942307692307692,0.915158371040724,0.89010989010989,0.926153846153846;17;17
Rollins Sarah;EOC 2012 Sprint - FINAL-Women A-final;Great Britain;1033;0.92010;32,35,81,60,39,66,32,81,40,37,199,76,24,114,64,26,27;0.913461538461538,0.881318681318681,0.917378917378917,0.888461538461538,0.903353057199211,0.928904428904429,0.879807692307692,0.939221272554606,0.921153846153846,0.918918918918919,0.868187089292617,0.983805668016194,1,0.958839406207827,0.972355769230769,0.958579881656805,0.857549857549858;17;17
Steiwer Kine Hallan;EOC 2012 Sprint - FINAL-Women A-final;Norway;1035;0.91832;35,36,90,59,37,63,32,85,39,36,179,80,26,113,74,27,24;0.835164835164835,0.856837606837607,0.825641025641026,0.903520208604954,0.952182952182952,0.973137973137973,0.879807692307692,0.895022624434389,0.944773175542406,0.944444444444444,0.965191233347658,0.934615384615385,0.923076923076923,0.967324710687543,0.840956340956341,0.923076923076923,0.96474358974359;17;17
Vercellotti Léa;EOC 2012 Sprint - FINAL-Women A-final;France;1037;0.91655;30,31,79,59,42,68,31,83,41,38,188,83,27,119,67,26,25;0.974358974358974,0.995037220843673,0.940603700097371,0.903520208604954,0.838827838827839,0.90158371040724,0.90818858560794,0.916589434661724,0.898686679174484,0.894736842105263,0.9189852700491,0.900834105653383,0.888888888888889,0.918552036199095,0.928817451205511,0.958579881656805,0.926153846153846;17;17
Sund Gøril Rønning;EOC 2012 Sprint - FINAL-Women A-final;Norway;1042;0.91215;36,34,81,55,37,71,31,85,40,36,189,81,27,122,66,26,25;0.811965811965812,0.907239819004525,0.917378917378917,0.969230769230769,0.952182952182952,0.863488624052004,0.90818858560794,0.895022624434389,0.921153846153846,0.944444444444444,0.914122914122914,0.923076923076923,0.888888888888889,0.895964691046658,0.942890442890443,0.958579881656805,0.926153846153846;17;17
Ojanen Outi;EOC 2012 Sprint - FINAL-Women A-final;Finland;1050;0.90520;39,35,79,63,40,72,29,80,40,37,182,88,27,116,72,27,24;0.749506903353057,0.881318681318681,0.940603700097371,0.846153846153846,0.880769230769231,0.851495726495726,0.970822281167109,0.950961538461539,0.921153846153846,0.918918918918919,0.949281487743026,0.84965034965035,0.888888888888889,0.942307692307692,0.864316239316239,0.923076923076923,0.96474358974359;17;17
Forsberg Anna;EOC 2012 Sprint - FINAL-Women A-final;Sweden;1051;0.90434;36,33,76,60,38,65,31,85,41,36,194,80,26,131,68,27,24;0.811965811965812,0.934731934731935,0.977732793522267,0.888461538461538,0.927125506072875,0.943195266272189,0.90818858560794,0.895022624434389,0.898686679174484,0.944444444444444,0.890563045202221,0.934615384615385,0.923076923076923,0.834409864944216,0.915158371040724,0.923076923076923,0.96474358974359;17;17
Shandurkova Iliana;EOC 2012 Sprint - FINAL-Women A-final;Bulgaria;1051;0.90434;32,32,78,56,37,64,29,79,40,37,189,87,37,126,74,27,27;0.913461538461538,0.963942307692308,0.952662721893491,0.951923076923077,0.952182952182952,0.957932692307692,0.970822281167109,0.962999026290166,0.921153846153846,0.918918918918919,0.914122914122914,0.859416445623342,0.648648648648649,0.867521367521368,0.840956340956341,0.923076923076923,0.857549857549858;17;17
Potapenko Anastasia;EOC 2012 Sprint - FINAL-Women A-final;Russia;1054;0.90177;34,36,92,62,39,71,34,81,41,35,184,84,26,116,65,30,24;0.85972850678733,0.856837606837607,0.807692307692308,0.859801488833747,0.903353057199211,0.863488624052004,0.828054298642534,0.939221272554606,0.898686679174484,0.971428571428571,0.938963210702341,0.89010989010989,0.923076923076923,0.942307692307692,0.957396449704142,0.830769230769231,0.96474358974359;17;17
Lindeqvist Katri;EOC 2012 Sprint - FINAL-Women A-final;Finland;1055;0.90091;30,31,102,54,36,67,28,82,39,37,190,87,28,119,70,28,27;0.974358974358974,0.995037220843673,0.728506787330317,0.987179487179487,0.978632478632479,0.9150401836969,1.00549450549451,0.927767354596623,0.944773175542406,0.918918918918919,0.909311740890688,0.859416445623342,0.857142857142857,0.918552036199095,0.889010989010989,0.89010989010989,0.857549857549858;17;17
Kutkaite Aušriné;EOC 2012 Sprint - FINAL-Women A-final;Lithuania;1055;0.90091;35,40,83,66,38,69,29,83,39,37,198,81,28,112,67,26,24;0.835164835164835,0.771153846153846,0.895273401297498,0.807692307692308,0.927125506072875,0.888517279821628,0.970822281167109,0.916589434661724,0.944773175542406,0.918918918918919,0.872571872571873,0.923076923076923,0.857142857142857,0.975961538461538,0.928817451205511,0.958579881656805,0.96474358974359;17;17
Bochenkova Ivana;EOC 2012 Sprint - FINAL-Women A-final;Czech republic;1061;0.89582;29,32,80,62,36,65,32,91,39,38,192,87,30,124,69,27,28;1.0079575596817,0.963942307692308,0.928846153846154,0.859801488833747,0.978632478632479,0.943195266272189,0.879807692307692,0.836010143702451,0.944773175542406,0.894736842105263,0.899839743589744,0.859416445623342,0.8,0.88151364764268,0.901895206243032,0.923076923076923,0.826923076923077;17;17
Danylova Anastasiia;EOC 2012 Sprint - FINAL-Women A-final;Ukraine;1071;0.88745;33,34,81,58,42,68,35,88,40,39,196,88,26,121,71,27,24;0.885780885780886,0.907239819004525,0.917378917378917,0.919098143236074,0.838827838827839,0.90158371040724,0.804395604395604,0.86451048951049,0.921153846153846,0.871794871794872,0.881475667189953,0.84965034965035,0.923076923076923,0.903369357914812,0.876489707475623,0.923076923076923,0.96474358974359;17;17
Bridle Helen;EOC 2012 Sprint - FINAL-Women A-final;Great Britain;1074;0.88497;44,35,77,56,43,69,31,90,41,38,184,97,26,118,69,29,27;0.664335664335664,0.881318681318681,0.965034965034965,0.951923076923077,0.819320214669052,0.888517279821628,0.90818858560794,0.845299145299145,0.898686679174484,0.894736842105263,0.938963210702341,0.770816812053925,0.923076923076923,0.926336375488918,0.901895206243032,0.859416445623342,0.857549857549858;17;17
Hallquist Michaela;EOC 2012 Sprint - FINAL-Women A-final;Sweden;1076;0.88333;29,28,76,70,34,73,30,84,40,39,199,88,27,126,75,31,27;1.0079575596817,1.10164835164835,0.977732793522267,0.761538461538461,1.03619909502262,0.839831401475237,0.938461538461538,0.905677655677656,0.921153846153846,0.871794871794872,0.868187089292617,0.84965034965035,0.888888888888889,0.867521367521368,0.82974358974359,0.803970223325062,0.857549857549858;17;17
Temyakova Nina;EOC 2012 Sprint - FINAL-Women A-final;Russia;1083;0.87762;39,35,77,67,51,68,30,86,41,37,199,82,31,116,72,29,23;0.749506903353057,0.881318681318681,0.965034965034965,0.795637198622273,0.69079939668175,0.90158371040724,0.938461538461538,0.884615384615385,0.898686679174484,0.918918918918919,0.868187089292617,0.911819887429644,0.774193548387097,0.942307692307692,0.864316239316239,0.859416445623342,1.0066889632107;17;17
Rybakovaité Kristina;EOC 2012 Sprint - FINAL-Women A-final;Lithuania;1083;0.87762;32,33,102,59,41,70,29,94,41,45,193,82,26,118,70,26,22;0.913461538461538,0.934731934731935,0.728506787330317,0.903520208604954,0.859287054409006,0.875824175824176,0.970822281167109,0.809328968903437,0.898686679174484,0.755555555555556,0.895177361498605,0.911819887429644,0.923076923076923,0.926336375488918,0.889010989010989,0.958579881656805,1.05244755244755;17;17
Saeger Samantha;EOC 2012 Sprint - FINAL-Women A-final;United States;1085;0.87600;32,34,83,61,41,70,33,82,41,40,199,93,27,125,70,29,25;0.913461538461538,0.907239819004525,0.895273401297498,0.873896595208071,0.859287054409006,0.875824175824176,0.853146853146853,0.927767354596623,0.898686679174484,0.85,0.868187089292617,0.803970223325062,0.888888888888889,0.874461538461538,0.889010989010989,0.859416445623342,0.926153846153846;17;17
Rieznychenko Olga;EOC 2012 Sprint - FINAL-Women A-final;Ukraine;1086;0.87519;34,36,89,58,41,68,48,98,40,34,188,91,27,116,66,25,27;0.85972850678733,0.856837606837607,0.834917891097666,0.919098143236074,0.859287054409006,0.90158371040724,0.586538461538462,0.776295133437991,0.921153846153846,1,0.9189852700491,0.821639898562975,0.888888888888889,0.942307692307692,0.942890442890443,0.996923076923077,0.857549857549858;17;17
Johanson Liis;EOC 2012 Sprint - FINAL-Women A-final;Estonia;1090;0.87198;31,30,127,58,39,64,29,84,47,37,192,85,28,117,72,27,23;0.942928039702233,1.02820512820513,0.585099939430648,0.919098143236074,0.903353057199211,0.957932692307692,0.970822281167109,0.905677655677656,0.783960720130933,0.918918918918919,0.899839743589744,0.879638009049774,0.857142857142857,0.934253780407627,0.864316239316239,0.923076923076923,1.0066889632107;17;17
Månsson Elin;EOC 2012 Sprint - FINAL-Women A-final;Sweden;1095;0.86800;30,35,85,56,36,61,39,81,43,37,188,84,28,121,121,27,23;0.974358974358974,0.881318681318681,0.87420814479638,0.951923076923077,0.978632478632479,1.00504413619168,0.72189349112426,0.939221272554606,0.856887298747764,0.918918918918919,0.9189852700491,0.89010989010989,0.857142857142857,0.903369357914812,0.514303877940242,0.923076923076923,1.0066889632107;17;17
Knapova Jana;EOC 2012 Sprint - FINAL-Women A-final;Czech republic;1101;0.86327;35,37,83,59,42,66,35,84,42,51,195,85,26,123,85,29,24;0.835164835164835,0.833679833679834,0.895273401297498,0.903520208604954,0.838827838827839,0.928904428904429,0.804395604395604,0.905677655677656,0.877289377289377,0.666666666666667,0.885996055226824,0.879638009049774,0.923076923076923,0.888680425265791,0.732126696832579,0.859416445623342,0.96474358974359;17;17
Sluta Olga;EOC 2012 Sprint - FINAL-Women A-final;Ukraine;1105;0.86015;31,38,86,64,41,69,34,87,42,37,200,84,29,128,77,28,30;0.942928039702233,0.811740890688259,0.864042933810376,0.832932692307692,0.859287054409006,0.888517279821628,0.828054298642534,0.874447391688771,0.877289377289377,0.918918918918919,0.863846153846154,0.89010989010989,0.827586206896552,0.853966346153846,0.808191808191808,0.89010989010989,0.771794871794872;17;17
Scalet Carlotta;EOC 2012 Sprint - FINAL-Women A-final;Italy;1122;0.84711;33,37,89,60,44,68,32,83,40,41,202,89,31,132,81,30,30;0.885780885780886,0.833679833679834,0.834917891097666,0.888461538461538,0.800699300699301,0.90158371040724,0.879807692307692,0.916589434661724,0.921153846153846,0.829268292682927,0.855293221629855,0.840103716508211,0.774193548387097,0.828088578088578,0.768281101614435,0.830769230769231,0.771794871794872;17;17
Ramstein Laura;EOC 2012 Sprint - FINAL-Women A-final;Austria;1124;0.84561;36,39,89,63,43,72,35,92,43,40,194,90,27,132,74,29,26;0.811965811965812,0.790927021696253,0.834917891097666,0.846153846153846,0.819320214669052,0.851495726495726,0.804395604395604,0.826923076923077,0.856887298747764,0.85,0.890563045202221,0.830769230769231,0.888888888888889,0.828088578088578,0.840956340956341,0.859416445623342,0.890532544378698;17;17
Johansson Emma Matilda;EOC 2012 Sprint - FINAL-Women A-final;Norway;1129;0.84186;32,35,74,67,37,66,34,127,38,42,196,83,34,122,73,43,26;0.913461538461538,0.881318681318681,1.004158004158,0.795637198622273,0.952182952182952,0.928904428904429,0.828054298642534,0.599030890369473,0.969635627530364,0.80952380952381,0.881475667189953,0.900834105653383,0.705882352941177,0.895964691046658,0.852476290832455,0.579606440071556,0.890532544378698;17;17
Gyurkó Fanni;EOC 2012 Sprint - FINAL-Women A-final;Hungary;1130;0.84112;35,36,86,70,45,78,42,87,42,41,203,82,28,121,78,29,27;0.835164835164835,0.856837606837607,0.864042933810376,0.761538461538461,0.782905982905983,0.785996055226824,0.67032967032967,0.874447391688771,0.877289377289377,0.829268292682927,0.85107995452823,0.911819887429644,0.857142857142857,0.903369357914812,0.797830374753452,0.859416445623342,0.857549857549858;17;17
Hussey Rosalind;EOC 2012 Sprint - FINAL-Women A-final;Ireland;1178;0.80684;34,38,87,69,49,73,37,100,42,41,208,102,30,135,75,30,28;0.85972850678733,0.811740890688259,0.854111405835544,0.77257525083612,0.718995290423862,0.839831401475237,0.760914760914761,0.760769230769231,0.877289377289377,0.829268292682927,0.830621301775148,0.733031674208145,0.8,0.80968660968661,0.82974358974359,0.830769230769231,0.826923076923077;17;17
Denisova Anastasia;EOC 2012 Sprint - FINAL-Women B-final;Belarus;1081;0.98289;33,36,91,62,43,67,30,85,39,36,196,81,29,135,66,26,26;0.96969696969697,0.916666666666667,0.895604395604396,0.991935483870968,1,1.01492537313433,1.03333333333333,1.02352941176471,1.02564102564103,1.01388888888889,1.01020408163265,1.01234567901235,0.948275862068966,0.907407407407407,1.03030303030303,1,0.961538461538462;17;17
Somova Inna;EOC 2012 Sprint - FINAL-Women B-final;Russia;1140;0.93202;38,54,80,62,44,74,32,93,43,37,229,83,28,122,70,26,25;0.842105263157895,0.611111111111111,1.01875,0.991935483870968,0.977272727272727,0.918918918918919,0.96875,0.935483870967742,0.930232558139535,0.986486486486487,0.864628820960699,0.987951807228916,0.982142857142857,1.00409836065574,0.971428571428571,1,1;17;17
Rebane Kirti;EOC 2012 Sprint - FINAL-Women B-final;Estonia;1143;0.92957;31,32,96,95,44,69,35,89,41,39,200,86,27,123,74,30,32;1.03225806451613,1.03125,0.848958333333333,0.647368421052632,0.977272727272727,0.985507246376812,0.885714285714286,0.97752808988764,0.975609756097561,0.935897435897436,0.99,0.953488372093023,1.01851851851852,0.995934959349594,0.918918918918919,0.866666666666667,0.78125;17;17
Kundisch Sieglinde;EOC 2012 Sprint - FINAL-Women B-final;Germany;1148;0.92552;35,34,83,61,43,72,35,92,44,61,209,87,29,127,80,28,28;0.914285714285714,0.970588235294118,0.981927710843373,1.00819672131148,1,0.944444444444444,0.885714285714286,0.945652173913043,0.909090909090909,0.598360655737705,0.947368421052632,0.942528735632184,0.948275862068966,0.964566929133858,0.85,0.928571428571429,0.892857142857143;17;17
Ruul Sigrid;EOC 2012 Sprint - FINAL-Women B-final;Estonia;1191;0.89211;34,37,94,62,44,72,35,102,44,45,218,93,34,143,77,31,26;0.941176470588235,0.891891891891892,0.867021276595745,0.991935483870968,0.977272727272727,0.944444444444444,0.885714285714286,0.852941176470588,0.909090909090909,0.811111111111111,0.908256880733945,0.881720430107527,0.808823529411765,0.856643356643357,0.883116883116883,0.838709677419355,0.961538461538462;17;17
Cin Tugba;EOC 2012 Sprint - FINAL-Women B-final;Turkey;1312;0.80983;36,44,93,83,44,74,36,138,42,42,213,92,100,143,78,29,25;0.888888888888889,0.75,0.876344086021505,0.740963855421687,0.977272727272727,0.918918918918919,0.861111111111111,0.630434782608696,0.952380952380952,0.869047619047619,0.929577464788732,0.891304347826087,0.275,0.856643356643357,0.871794871794872,0.896551724137931,1;17;17
Günaydin Selvihan;EOC 2012 Sprint - FINAL-Women B-final;Turkey;1362;0.78010;57,39,103,83,52,84,47,115,49,47,237,107,34,148,94,36,30;0.56140350877193,0.846153846153846,0.79126213592233,0.740963855421687,0.826923076923077,0.80952380952381,0.659574468085106,0.756521739130435,0.816326530612245,0.776595744680851,0.835443037974684,0.766355140186916,0.808823529411765,0.827702702702703,0.723404255319149,0.722222222222222,0.833333333333333;17;17
Üzen Sengül;EOC 2012 Sprint - FINAL-Women B-final;Turkey;1476;0.71985;42,54,124,105,54,91,43,117,56,53,265,110,37,157,93,35,40;0.761904761904762,0.611111111111111,0.657258064516129,0.585714285714286,0.796296296296296,0.747252747252747,0.720930232558139,0.743589743589744,0.714285714285714,0.688679245283019,0.747169811320755,0.745454545454545,0.743243243243243,0.780254777070064,0.731182795698925,0.742857142857143,0.625;17;17
