Lundanes Olav;WOC Long Final-Men (MEN);Norway;5682;1.02554;215,71,108,189,119,353,417,156,665,116,48,250,76,408,285,57,505,79,86,176,415,42,48,57,76,123,67,156,85,46,124,64;1.04093023255814,1.06619718309859,0.963888888888889,1.03015873015873,1.06386554621849,0.991784702549575,1.03597122302158,0.96025641025641,1.0596992481203,1.07672413793103,1.02916666666667,0.9884,1.00131578947368,1.07156862745098,1.00315789473684,0.46140350877193,1.04732673267327,0.824050632911392,1.07674418604651,1.05795454545455,1.03421686746988,1.03333333333333,1.05625,1.11228070175439,1.08815789473684,1.00569105691057,1.04776119402985,1.09038461538462,0.863529411764706,1.02173913043478,1.01612903225806,1.0328125;32;32
Merz Matthias;WOC Long Final-Men (MEN);Switzerland;5854;0.99540;251,78,103,191,125,366,405,141,691,133,56,273,88,461,275,28,519,68,86,180,415,44,51,60,84,121,71,181,73,48,119,69;0.891633466135458,0.970512820512821,1.01067961165049,1.01937172774869,1.0128,0.95655737704918,1.06666666666667,1.06241134751773,1.01982633863965,0.939097744360902,0.882142857142857,0.905128205128205,0.864772727272727,0.948373101952278,1.03963636363636,0.939285714285714,1.01907514450867,0.957352941176471,1.07674418604651,1.03444444444444,1.03421686746988,0.986363636363636,0.994117647058824,1.05666666666667,0.98452380952381,1.02231404958678,0.988732394366197,0.939779005524862,1.00547945205479,0.979166666666667,1.05882352941176,0.957971014492754;32;32
Bertuks Edgars;WOC Long Final-Men (MEN);Latvia;5953;0.97885;218,84,101,219,144,344,471,151,728,133,52,294,82,440,290,28,532,61,91,173,422,44,49,70,80,120,71,173,71,42,113,62;1.02660550458716,0.901190476190476,1.03069306930693,0.889041095890411,0.879166666666667,1.01773255813953,0.917197452229299,0.99205298013245,0.967994505494506,0.939097744360902,0.95,0.84047619047619,0.928048780487805,0.993636363636364,0.985862068965517,0.939285714285714,0.994172932330827,1.0672131147541,1.01758241758242,1.07630057803468,1.01706161137441,0.986363636363636,1.03469387755102,0.905714285714286,1.03375,1.03083333333333,0.988732394366197,0.983236994219653,1.03380281690141,1.11904761904762,1.11504424778761,1.06612903225806;32;32
Adamski Philippe;WOC Long Final-Men (MEN);France;6019;0.96812;231,82,107,198,143,384,455,161,731,123,49,250,81,456,275,34,511,61,109,185,430,48,51,69,88,133,74,170,81,48,133,68;0.968831168831169,0.923170731707317,0.972897196261682,0.983333333333333,0.885314685314685,0.91171875,0.949450549450549,0.930434782608696,0.964021887824898,1.01544715447154,1.00816326530612,0.9884,0.939506172839506,0.958771929824561,1.03963636363636,0.773529411764706,1.03502935420744,1.0672131147541,0.84954128440367,1.00648648648649,0.998139534883721,0.904166666666667,0.994117647058824,0.918840579710145,0.939772727272727,0.930075187969925,0.948648648648649,1.00058823529412,0.906172839506173,0.979166666666667,0.947368421052632,0.972058823529412;32;32
Holmberg Anders;WOC Long Final-Men (MEN);Sweden;6106;0.95432;219,69,112,185,123,354,428,156,729,134,50,271,75,442,284,46,554,98,95,198,448,43,68,141,85,131,74,174,71,48,134,67;1.02191780821918,1.09710144927536,0.929464285714286,1.05243243243243,1.02926829268293,0.988983050847458,1.00934579439252,0.96025641025641,0.966666666666667,0.932089552238806,0.988,0.911808118081181,1.01466666666667,0.989140271493213,1.00669014084507,0.571739130434783,0.954693140794224,0.664285714285714,0.974736842105263,0.94040404040404,0.958035714285714,1.0093023255814,0.745588235294118,0.449645390070922,0.972941176470588,0.944274809160305,0.948648648648649,0.977586206896552,1.03380281690141,0.979166666666667,0.940298507462687,0.986567164179104;32;32
Nikolov Kiril;WOC Long Final-Men (MEN);Bulgaria;6108;0.95401;225,83,104,260,149,354,422,158,722,129,50,248,140,429,303,42,547,77,102,199,445,43,53,64,84,122,68,176,74,46,125,65;0.994666666666667,0.912048192771084,1.00096153846154,0.748846153846154,0.849664429530201,0.988983050847458,1.02369668246445,0.948101265822785,0.976038781163435,0.968217054263566,0.988,0.996370967741935,0.543571428571428,1.01911421911422,0.943564356435644,0.626190476190476,0.96691042047532,0.845454545454545,0.907843137254902,0.935678391959799,0.964494382022472,1.0093023255814,0.956603773584906,0.990625,0.98452380952381,1.01393442622951,1.03235294117647,0.966477272727273,0.991891891891892,1.02173913043478,1.008,1.01692307692308;32;32
Tsvetkov Dmitriy;WOC Long Final-Men (MEN);Russia;6200;0.93985;243,76,120,222,190,338,551,144,762,182,49,252,71,436,273,30,517,60,111,185,428,47,52,68,89,134,74,168,81,47,133,67;0.920987654320988,0.996052631578947,0.8675,0.877027027027027,0.666315789473684,1.03579881656805,0.784029038112523,1.04027777777778,0.924803149606299,0.686263736263736,1.00816326530612,0.980555555555556,1.07183098591549,1.00275229357798,1.04725274725275,0.876666666666667,1.02301740812379,1.085,0.834234234234234,1.00648648648649,1.00280373831776,0.923404255319149,0.975,0.932352941176471,0.929213483146067,0.923134328358209,0.948648648648649,1.0125,0.906172839506173,1,0.947368421052632,0.986567164179104;32;32
Tranchand Frederic;WOC Long Final-Men (MEN);France;6235;0.93458;272,85,117,200,134,353,502,147,669,127,51,276,71,456,322,29,528,98,112,230,450,59,51,79,82,120,71,166,103,53,154,68;0.822794117647059,0.890588235294118,0.88974358974359,0.9735,0.944776119402985,0.991784702549575,0.860557768924303,1.01904761904762,1.05336322869955,0.983464566929134,0.968627450980392,0.895289855072464,1.07183098591549,0.958771929824561,0.887888198757764,0.906896551724138,1.00170454545455,0.664285714285714,0.826785714285714,0.809565217391304,0.953777777777778,0.735593220338983,0.994117647058824,0.80253164556962,1.00853658536585,1.03083333333333,0.988732394366197,1.02469879518072,0.712621359223301,0.886792452830189,0.818181818181818,0.972058823529412;32;32
Lassen Tue;WOC Long Final-Men (MEN);Denmark;6286;0.92700;323,81,106,232,146,355,414,184,715,127,52,272,79,480,288,27,566,69,91,192,448,43,74,66,90,127,74,221,73,61,141,69;0.692879256965944,0.934567901234568,0.982075471698113,0.839224137931034,0.867123287671233,0.986197183098592,1.04347826086957,0.814130434782609,0.985594405594406,0.983464566929134,0.95,0.908455882352941,0.963291139240506,0.910833333333333,0.992708333333333,0.974074074074074,0.934452296819788,0.943478260869565,1.01758241758242,0.969791666666667,0.958035714285714,1.0093023255814,0.685135135135135,0.960606060606061,0.918888888888889,0.974015748031496,0.948648648648649,0.769683257918552,1.00547945205479,0.770491803278688,0.893617021276596,0.957971014492754;32;32
Nordberg Anders;WOC Long Final-Men (MEN);Norway;6291;0.92626;220,90,107,205,135,371,446,166,689,138,54,259,92,491,302,27,560,73,121,203,477,47,63,68,99,143,80,203,81,52,146,83;1.01727272727273,0.841111111111111,0.972897196261682,0.949756097560976,0.937777777777778,0.94366576819407,0.968609865470852,0.902409638554217,1.02278664731495,0.905072463768116,0.914814814814815,0.954054054054054,0.827173913043478,0.890427698574338,0.946688741721854,0.974074074074074,0.944464285714286,0.891780821917808,0.765289256198347,0.917241379310345,0.89979035639413,0.923404255319149,0.804761904761905,0.932352941176471,0.835353535353535,0.865034965034965,0.8775,0.837931034482759,0.906172839506173,0.903846153846154,0.863013698630137,0.796385542168675;32;32
Tambasov Yury;WOC Long Final-Men (MEN);Belorussia;6297;0.92538;242,81,120,234,137,362,443,149,744,139,49,257,88,455,284,27,552,66,132,197,499,45,53,67,92,161,78,188,83,53,150,70;0.924793388429752,0.934567901234568,0.8675,0.832051282051282,0.924087591240876,0.967127071823204,0.975169300225734,1.00536912751678,0.947177419354839,0.898561151079137,1.00816326530612,0.96147859922179,0.864772727272727,0.960879120879121,1.00669014084507,0.974074074074074,0.958152173913043,0.986363636363636,0.701515151515151,0.945177664974619,0.860120240480962,0.964444444444444,0.956603773584906,0.946268656716418,0.898913043478261,0.76832298136646,0.9,0.904787234042553,0.88433734939759,0.886792452830189,0.84,0.944285714285714;32;32
Šedivý Jan;WOC Long Final-Men (MEN);Czech Republic;6308;0.92376;262,89,104,191,132,362,452,154,721,123,50,250,75,452,326,31,627,82,96,206,512,44,51,60,84,133,81,204,87,55,136,76;0.854198473282443,0.850561797752809,1.00096153846154,1.01937172774869,0.959090909090909,0.967127071823204,0.955752212389381,0.972727272727273,0.977392510402219,1.01544715447154,0.988,0.9884,1.01466666666667,0.967256637168142,0.876993865030675,0.848387096774194,0.843540669856459,0.79390243902439,0.964583333333333,0.903883495145631,0.83828125,0.986363636363636,0.994117647058824,1.05666666666667,0.98452380952381,0.930075187969925,0.866666666666667,0.833823529411765,0.84367816091954,0.854545454545454,0.926470588235294,0.869736842105263;32;32
Mamleev Mikhail;WOC Long Final-Men (MEN);Italy;6311;0.92332;248,93,103,202,209,355,442,155,738,126,52,245,102,466,326,27,570,72,108,203,457,45,55,66,85,131,76,206,81,56,137,74;0.90241935483871,0.813978494623656,1.01067961165049,0.963861386138614,0.605741626794258,0.986197183098592,0.97737556561086,0.966451612903226,0.954878048780488,0.991269841269841,0.95,1.00857142857143,0.746078431372549,0.938197424892704,0.876993865030675,0.974074074074074,0.927894736842105,0.904166666666667,0.857407407407407,0.917241379310345,0.939168490153173,0.964444444444444,0.921818181818182,0.960606060606061,0.972941176470588,0.944274809160305,0.923684210526316,0.825728155339806,0.906172839506173,0.839285714285714,0.91970802919708,0.893243243243243;32;32
Portin Fredric;WOC Long Final-Men (MEN);Finland;6323;0.92157;233,77,112,221,146,375,461,182,759,140,53,253,114,461,345,26,542,72,110,189,443,46,64,68,93,130,71,185,78,52,151,71;0.960515021459228,0.983116883116883,0.929464285714286,0.880995475113122,0.867123287671233,0.9336,0.937093275488069,0.823076923076923,0.928458498023715,0.892142857142857,0.932075471698113,0.976679841897233,0.667543859649123,0.948373101952278,0.828695652173913,1.01153846153846,0.975830258302583,0.904166666666667,0.841818181818182,0.985185185185185,0.968848758465011,0.943478260869565,0.7921875,0.932352941176471,0.889247311827957,0.951538461538462,0.988732394366197,0.919459459459459,0.941025641025641,0.903846153846154,0.834437086092715,0.930985915492958;32;32
Kerschbaumer Gernot;WOC Long Final-Men (MEN);Austria;6339;0.91925;230,88,117,205,129,380,455,167,768,140,54,295,89,499,310,29,576,71,96,198,465,73,49,65,83,132,75,188,75,49,121,68;0.97304347826087,0.860227272727273,0.88974358974359,0.949756097560976,0.981395348837209,0.921315789473684,0.949450549450549,0.897005988023952,0.917578125,0.892142857142857,0.914814814814815,0.837627118644068,0.855056179775281,0.876152304609218,0.922258064516129,0.906896551724138,0.918229166666667,0.916901408450704,0.964583333333333,0.94040404040404,0.923010752688172,0.594520547945205,1.03469387755102,0.975384615384615,0.996385542168675,0.937121212121212,0.936,0.904787234042553,0.978666666666667,0.959183673469388,1.04132231404959,0.972058823529412;32;32
Mihailovs Kalvis;WOC Long Final-Men (MEN);Latvia;6392;0.91162;222,88,107,221,128,355,451,155,751,138,52,261,118,466,327,27,536,65,97,213,461,44,63,67,84,155,73,239,151,64,144,69;1.00810810810811,0.860227272727273,0.972897196261682,0.880995475113122,0.9890625,0.986197183098592,0.957871396895787,0.966451612903226,0.938348868175766,0.905072463768116,0.95,0.946743295019157,0.644915254237288,0.938197424892704,0.874311926605504,0.974074074074074,0.986753731343284,1.00153846153846,0.954639175257732,0.874178403755869,0.931019522776573,0.986363636363636,0.804761904761905,0.946268656716418,0.98452380952381,0.798064516129032,0.961643835616438,0.711715481171548,0.486092715231788,0.734375,0.875,0.957971014492754;32;32
Omdal Hans Gunnar;WOC Long Final-Men (MEN);Norway;6438;0.90511;233,75,103,231,128,363,467,157,718,135,56,293,110,478,322,35,572,84,101,197,455,51,64,131,90,130,77,238,82,57,133,72;0.960515021459228,1.00933333333333,1.01067961165049,0.842857142857143,0.9890625,0.964462809917355,0.925053533190578,0.954140127388535,0.981476323119777,0.925185185185185,0.882142857142857,0.843344709897611,0.691818181818182,0.914644351464435,0.887888198757764,0.751428571428571,0.92465034965035,0.775,0.916831683168317,0.945177664974619,0.943296703296703,0.850980392156863,0.7921875,0.483969465648855,0.918888888888889,0.951538461538462,0.911688311688312,0.714705882352941,0.895121951219512,0.824561403508772,0.947368421052632,0.918055555555556;32;32
Dlabaja Tomáš;WOC Long Final-Men (MEN);Czech Republic;6444;0.90427;242,89,111,225,128,359,498,153,767,127,55,258,80,437,303,34,554,96,94,401,433,45,57,68,88,130,75,186,78,51,146,76;0.924793388429752,0.850561797752809,0.937837837837838,0.865333333333333,0.9890625,0.975208913649025,0.867469879518072,0.979084967320262,0.91877444589309,0.983464566929134,0.898181818181818,0.957751937984496,0.95125,1.00045766590389,0.943564356435644,0.773529411764706,0.954693140794224,0.678125,0.985106382978723,0.464339152119701,0.991224018475751,0.964444444444444,0.889473684210526,0.932352941176471,0.939772727272727,0.951538461538462,0.936,0.914516129032258,0.941025641025641,0.92156862745098,0.863013698630137,0.869736842105263;32;32
Kyburz Matthias;WOC Long Final-Men (MEN);Switzerland;6448;0.90371;228,77,105,200,136,396,475,162,745,137,67,268,109,461,327,51,560,81,95,206,459,44,55,83,103,129,71,283,78,51,138,68;0.981578947368421,0.983116883116883,0.991428571428571,0.9735,0.930882352941176,0.884090909090909,0.909473684210526,0.924691358024691,0.945906040268456,0.911678832116788,0.737313432835821,0.922014925373134,0.698165137614679,0.948373101952278,0.874311926605504,0.515686274509804,0.944464285714286,0.803703703703704,0.974736842105263,0.903883495145631,0.935076252723312,0.986363636363636,0.921818181818182,0.763855421686747,0.802912621359223,0.958914728682171,0.988732394366197,0.601060070671378,0.941025641025641,0.92156862745098,0.91304347826087,0.972058823529412;32;32
Fraser Scott;WOC Long Final-Men (MEN);Great Britain;6511;0.89496;268,93,113,243,126,350,489,150,746,145,52,290,95,478,404,28,616,70,112,188,437,50,65,69,91,132,73,181,78,51,154,74;0.835074626865672,0.813978494623656,0.921238938053097,0.801234567901234,1.0047619047619,1.00028571428571,0.883435582822086,0.998666666666667,0.944638069705094,0.861379310344828,0.95,0.852068965517241,0.801052631578947,0.914644351464435,0.707673267326733,0.939285714285714,0.858603896103896,0.93,0.826785714285714,0.990425531914894,0.982151029748284,0.868,0.78,0.918840579710145,0.908791208791209,0.937121212121212,0.961643835616438,0.939779005524862,0.941025641025641,0.92156862745098,0.818181818181818,0.893243243243243;32;32
Beliunas Vytautas;WOC Long Final-Men (MEN);Lithuania;6539;0.89113;254,88,120,239,138,377,464,155,754,153,58,252,87,482,373,28,641,74,96,206,475,47,77,68,91,152,74,191,74,48,136,67;0.881102362204724,0.860227272727273,0.8675,0.814644351464435,0.917391304347826,0.928647214854112,0.931034482758621,0.966451612903226,0.934615384615385,0.816339869281046,0.851724137931034,0.980555555555556,0.874712643678161,0.907053941908714,0.766487935656836,0.939285714285714,0.825117004680187,0.87972972972973,0.964583333333333,0.903883495145631,0.903578947368421,0.923404255319149,0.658441558441558,0.932352941176471,0.908791208791209,0.813815789473684,0.948648648648649,0.890575916230366,0.991891891891892,0.979166666666667,0.926470588235294,0.986567164179104;32;32
Kovacs Adam;WOC Long Final-Men (MEN);Hungary;6562;0.88801;244,87,108,192,131,345,463,167,745,138,49,239,78,446,405,27,609,85,98,212,468,68,59,66,96,136,77,386,83,50,135,70;0.917213114754098,0.870114942528736,0.963888888888889,1.0140625,0.966412213740458,1.01478260869565,0.93304535637149,0.897005988023952,0.945906040268456,0.905072463768116,1.00816326530612,1.03389121338912,0.975641025641026,0.980269058295964,0.705925925925926,0.974074074074074,0.868472906403941,0.765882352941176,0.944897959183673,0.878301886792453,0.917094017094017,0.638235294117647,0.859322033898305,0.960606060606061,0.861458333333333,0.909558823529412,0.911688311688312,0.440673575129534,0.88433734939759,0.94,0.933333333333333,0.944285714285714;32;32
Djurhuus Rasmus;WOC Long Final-Men (MEN);Denmark;6606;0.88209;265,89,129,255,138,373,478,158,823,155,56,244,85,495,327,27,567,76,99,206,473,45,52,65,87,133,80,281,83,53,134,75;0.844528301886793,0.850561797752809,0.806976744186046,0.763529411764706,0.917391304347826,0.938605898123325,0.903765690376569,0.948101265822785,0.856257594167679,0.805806451612903,0.882142857142857,1.01270491803279,0.895294117647059,0.883232323232323,0.874311926605504,0.974074074074074,0.932804232804233,0.856578947368421,0.935353535353535,0.903883495145631,0.907399577167019,0.964444444444444,0.975,0.975384615384615,0.950574712643678,0.930075187969925,0.8775,0.605338078291815,0.88433734939759,0.886792452830189,0.940298507462687,0.881333333333333;32;32
Zinca Ionut;WOC Long Final-Men (MEN);Romania;6637;0.87797;234,91,108,199,370,355,470,161,755,141,51,258,75,427,323,44,803,72,150,207,424,43,59,65,86,124,70,156,70,49,130,67;0.956410256410256,0.831868131868132,0.963888888888889,0.978391959798995,0.342162162162162,0.986197183098592,0.919148936170213,0.930434782608696,0.933377483443709,0.885815602836879,0.968627450980392,0.957751937984496,1.01466666666667,1.02388758782201,0.885139318885449,0.597727272727273,0.65865504358655,0.904166666666667,0.617333333333333,0.89951690821256,1.0122641509434,1.0093023255814,0.859322033898305,0.975384615384615,0.961627906976744,0.99758064516129,1.00285714285714,1.09038461538462,1.04857142857143,0.959183673469388,0.969230769230769,0.986567164179104;32;32
Aleliunas Vilius;WOC Long Final-Men (MEN);Lithuania;6696;0.87024;244,91,140,301,158,403,546,177,775,141,49,249,86,463,432,25,563,79,96,212,464,46,53,67,85,121,69,230,76,54,135,66;0.917213114754098,0.831868131868132,0.743571428571429,0.646843853820598,0.80126582278481,0.868734491315137,0.791208791208791,0.846327683615819,0.909290322580645,0.885815602836879,1.00816326530612,0.992369477911647,0.884883720930232,0.944276457883369,0.661805555555556,1.052,0.93943161634103,0.824050632911392,0.964583333333333,0.878301886792453,0.925,0.943478260869565,0.956603773584906,0.946268656716418,0.972941176470588,1.02231404958678,1.01739130434783,0.739565217391304,0.965789473684211,0.87037037037037,0.933333333333333,1.00151515151515;32;32
Pawlak Bartosz;WOC Long Final-Men (MEN);Poland;6722;0.86687;236,101,118,217,276,379,536,154,755,151,58,252,83,486,381,23,638,73,97,201,482,45,74,71,92,135,78,200,78,48,135,69;0.948305084745763,0.74950495049505,0.882203389830508,0.897235023041475,0.458695652173913,0.923746701846966,0.805970149253731,0.972727272727273,0.933377483443709,0.827152317880795,0.851724137931034,0.980555555555556,0.916867469879518,0.899588477366255,0.750393700787402,1.14347826086957,0.828996865203762,0.891780821917808,0.954639175257732,0.92636815920398,0.89045643153527,0.964444444444444,0.685135135135135,0.892957746478873,0.898913043478261,0.916296296296296,0.9,0.8505,0.941025641025641,0.979166666666667,0.933333333333333,0.957971014492754;32;32
Ushkvarok Pavlo;WOC Long Final-Men (MEN);Ukraine;6724;0.86661;247,88,163,222,129,377,492,164,744,140,55,296,166,499,319,33,598,75,120,215,510,49,56,76,93,143,86,207,86,63,138,75;0.906072874493927,0.860227272727273,0.638650306748466,0.877027027027027,0.981395348837209,0.928647214854112,0.878048780487805,0.913414634146341,0.947177419354839,0.892142857142857,0.898181818181818,0.834797297297297,0.458433734939759,0.876152304609218,0.896238244514106,0.796969696969697,0.884448160535117,0.868,0.771666666666667,0.866046511627907,0.84156862745098,0.885714285714286,0.905357142857143,0.834210526315789,0.889247311827957,0.865034965034965,0.816279069767442,0.821739130434783,0.853488372093023,0.746031746031746,0.91304347826087,0.881333333333333;32;32
Rost Erik;WOC Long Final-Men (MEN);Sweden;6742;0.86430;365,77,120,209,141,370,469,165,780,134,54,257,87,483,348,40,640,84,99,214,515,46,58,77,89,137,78,276,79,49,130,72;0.613150684931507,0.983116883116883,0.8675,0.931578947368421,0.897872340425532,0.946216216216216,0.921108742004264,0.907878787878788,0.903461538461539,0.932089552238806,0.914814814814815,0.96147859922179,0.874712643678161,0.905175983436853,0.821551724137931,0.6575,0.82640625,0.775,0.935353535353535,0.870093457943925,0.833398058252427,0.943478260869565,0.874137931034483,0.823376623376623,0.929213483146067,0.902919708029197,0.9,0.616304347826087,0.929113924050633,0.959183673469388,0.969230769230769,0.918055555555556;32;32
Hansen Rasmus Thrane;WOC Long Final-Men (MEN);Denmark;6772;0.86047;242,79,112,246,143,385,486,182,794,138,60,245,121,511,338,30,603,73,106,215,470,55,87,67,105,140,76,226,104,61,200,72;0.924793388429752,0.958227848101266,0.929464285714286,0.791463414634146,0.885314685314685,0.909350649350649,0.888888888888889,0.823076923076923,0.887531486146096,0.905072463768116,0.823333333333333,1.00857142857143,0.628925619834711,0.855577299412916,0.84585798816568,0.876666666666667,0.877114427860696,0.891780821917808,0.873584905660377,0.866046511627907,0.913191489361702,0.789090909090909,0.582758620689655,0.946268656716418,0.787619047619048,0.883571428571429,0.923684210526316,0.752654867256637,0.705769230769231,0.770491803278688,0.63,0.918055555555556;32;32
Dent Julian;WOC Long Final-Men (MEN);Australia;6858;0.84968;249,89,115,209,149,450,476,171,809,132,66,300,96,521,316,28,581,77,191,207,499,50,77,71,111,164,80,222,85,51,140,76;0.898795180722892,0.850561797752809,0.905217391304348,0.931578947368421,0.849664429530201,0.778,0.907563025210084,0.876023391812866,0.871075401730532,0.946212121212121,0.748484848484848,0.823666666666667,0.792708333333333,0.83915547024952,0.904746835443038,0.939285714285714,0.910327022375215,0.845454545454545,0.484816753926702,0.89951690821256,0.860120240480962,0.868,0.658441558441558,0.892957746478873,0.745045045045045,0.754268292682927,0.8775,0.766216216216216,0.863529411764706,0.92156862745098,0.9,0.869736842105263;32;32
Tervo Tuomas;WOC Long Final-Men (MEN);Finland;6882;0.84672;230,78,112,209,142,363,468,182,788,144,53,251,160,509,350,41,657,111,105,210,503,51,57,154,90,146,83,295,80,55,132,73;0.97304347826087,0.970512820512821,0.929464285714286,0.931578947368421,0.891549295774648,0.964462809917355,0.923076923076923,0.823076923076923,0.894289340101523,0.867361111111111,0.932075471698113,0.984462151394422,0.475625,0.858939096267191,0.816857142857143,0.641463414634146,0.805022831050228,0.586486486486486,0.881904761904762,0.886666666666667,0.853280318091451,0.850980392156863,0.889473684210526,0.411688311688312,0.918888888888889,0.847260273972603,0.84578313253012,0.576610169491525,0.9175,0.854545454545454,0.954545454545455,0.905479452054794;32;32
Kodeda Štepán;WOC Long Final-Men (MEN);Czech Republic;6921;0.84194;260,91,115,232,193,377,482,166,786,157,60,298,93,498,418,32,595,70,120,224,495,47,72,74,93,142,84,270,87,57,152,81;0.860769230769231,0.831868131868132,0.905217391304348,0.839224137931034,0.655958549222798,0.928647214854112,0.896265560165975,0.902409638554217,0.896564885496183,0.795541401273885,0.823333333333333,0.829194630872483,0.818279569892473,0.877911646586345,0.683971291866029,0.821875,0.88890756302521,0.93,0.771666666666667,0.83125,0.867070707070707,0.923404255319149,0.704166666666667,0.856756756756757,0.889247311827957,0.87112676056338,0.835714285714286,0.63,0.84367816091954,0.824561403508772,0.828947368421053,0.816049382716049;32;32
Miguel Diogo;WOC Long Final-Men (MEN);Portugal;6924;0.84158;261,103,121,221,133,418,465,162,760,165,54,349,86,479,342,28,638,67,120,225,497,60,68,89,108,138,80,295,99,61,154,78;0.857471264367816,0.73495145631068,0.860330578512397,0.880995475113122,0.95187969924812,0.83755980861244,0.929032258064516,0.924691358024691,0.927236842105263,0.756969696969697,0.914814814814815,0.708022922636103,0.884883720930232,0.912734864300626,0.835964912280702,0.939285714285714,0.828996865203762,0.971641791044776,0.771666666666667,0.827555555555555,0.863581488933602,0.723333333333333,0.745588235294118,0.712359550561798,0.765740740740741,0.896376811594203,0.8775,0.576610169491525,0.741414141414142,0.770491803278688,0.818181818181818,0.847435897435897;32;32
Tenani Alessio;WOC Long Final-Men (MEN);Italy;6948;0.83867;261,102,115,243,164,418,495,172,807,125,53,270,116,476,326,41,611,89,110,207,481,45,61,129,111,163,76,242,148,66,150,75;0.857471264367816,0.742156862745098,0.905217391304348,0.801234567901234,0.771951219512195,0.83755980861244,0.872727272727273,0.87093023255814,0.873234200743494,0.9992,0.932075471698113,0.915185185185185,0.656034482758621,0.918487394957983,0.876993865030675,0.641463414634146,0.865630114566285,0.731460674157303,0.841818181818182,0.89951690821256,0.892307692307692,0.964444444444444,0.831147540983607,0.491472868217054,0.745045045045045,0.758895705521472,0.923684210526316,0.702892561983471,0.495945945945946,0.712121212121212,0.84,0.881333333333333;32;32
Alekseyonok Aleksei;WOC Long Final-Men (MEN);Belorussia;7002;0.83221;247,90,105,209,135,392,603,164,852,126,55,254,91,455,340,68,662,96,103,205,550,54,133,85,102,144,83,197,88,90,148,76;0.906072874493927,0.841111111111111,0.991428571428571,0.931578947368421,0.937777777777778,0.893112244897959,0.716417910447761,0.913414634146341,0.827112676056338,0.991269841269841,0.898181818181818,0.972834645669291,0.836263736263736,0.960879120879121,0.840882352941176,0.386764705882353,0.798942598187311,0.678125,0.899029126213592,0.908292682926829,0.780363636363636,0.803703703703704,0.381203007518797,0.745882352941176,0.81078431372549,0.859027777777778,0.84578313253012,0.863451776649746,0.834090909090909,0.522222222222222,0.851351351351351,0.869736842105263;32;32
Michiels Yannick;WOC Long Final-Men (MEN);Belgium;7041;0.82760;275,112,126,221,141,382,613,159,802,131,54,253,126,503,491,30,593,99,105,294,491,51,60,67,95,134,82,201,79,53,142,76;0.813818181818182,0.675892857142857,0.826190476190476,0.880995475113122,0.897872340425532,0.916492146596859,0.704730831973899,0.942138364779874,0.878678304239402,0.953435114503817,0.914814814814815,0.976679841897233,0.603968253968254,0.869184890656064,0.582281059063136,0.876666666666667,0.891905564924115,0.657575757575757,0.881904761904762,0.633333333333333,0.874134419551935,0.850980392156863,0.845,0.946268656716418,0.870526315789474,0.923134328358209,0.85609756097561,0.846268656716418,0.929113924050633,0.886792452830189,0.887323943661972,0.869736842105263;32;32
Panchenko Artem;WOC Long Final-Men (MEN);Ukraine;7063;0.82502;236,130,156,222,269,399,513,164,818,137,54,277,90,520,339,31,675,64,104,227,513,48,55,70,94,137,79,305,77,50,138,72;0.948305084745763,0.582307692307692,0.667307692307692,0.877027027027027,0.470631970260223,0.877443609022556,0.842105263157895,0.913414634146341,0.861491442542787,0.911678832116788,0.914814814814815,0.892057761732852,0.845555555555556,0.840769230769231,0.843362831858407,0.848387096774194,0.783555555555556,1.0171875,0.890384615384615,0.820264317180617,0.836647173489279,0.904166666666667,0.921818181818182,0.905714285714286,0.879787234042553,0.902919708029197,0.888607594936709,0.557704918032787,0.953246753246753,0.94,0.91304347826087,0.918055555555556;32;32
Pihl Peeter;WOC Long Final-Men (MEN);Estonia;7070;0.82420;268,88,110,231,153,389,464,284,821,162,56,297,94,514,379,43,643,83,110,230,530,53,66,79,103,172,81,208,86,57,141,75;0.835074626865672,0.860227272727273,0.946363636363636,0.842857142857143,0.827450980392157,0.9,0.931034482758621,0.527464788732394,0.858343483556638,0.770987654320988,0.882142857142857,0.831986531986532,0.809574468085106,0.850583657587549,0.754353562005277,0.611627906976744,0.822550544323484,0.78433734939759,0.841818181818182,0.809565217391304,0.809811320754717,0.818867924528302,0.768181818181818,0.80253164556962,0.802912621359223,0.719186046511628,0.866666666666667,0.817788461538462,0.853488372093023,0.824561403508772,0.893617021276596,0.881333333333333;32;32
Simonin Nicolas;WOC Long Final-Men (MEN);Ireland;7134;0.81681;242,93,121,273,153,436,527,166,881,137,58,271,100,520,353,39,615,90,108,209,498,49,67,100,114,175,85,217,127,59,177,74;0.924793388429752,0.813978494623656,0.860330578512397,0.713186813186813,0.827450980392157,0.802981651376147,0.819734345351044,0.902409638554217,0.79988649262202,0.911678832116788,0.851724137931034,0.911808118081181,0.761,0.840769230769231,0.809915014164306,0.674358974358974,0.86,0.723333333333333,0.857407407407407,0.890909090909091,0.861847389558233,0.885714285714286,0.756716417910448,0.634,0.725438596491228,0.706857142857143,0.825882352941177,0.783870967741935,0.577952755905512,0.796610169491525,0.711864406779661,0.893243243243243;32;32
Niggli-Luder Simone;WOC Long Final-Women (WOMEN);Switzerland;4507;1.03665;209,104,274,515,199,698,141,126,409,77,232,68,91,355,47,75,99,136,81,155,120,83,134,79;1.131361461505,1.10751748251748,1.07133377571334,1.04677846425419,1.06943809958885,1.06994008856473,0.998065764023211,0.488455988455988,1.08157368304068,1.13223140495868,1.01293103448276,1.10026737967914,0.994005994005994,1.07989756722151,1.06189555125725,1.03878787878788,0.993572084481175,1.05147058823529,1.00112233445567,1.17067448680352,0.953787878787879,0.868565169769989,0.879240162822252,0.971231300345224;24;24
Kauppi Minna;WOC Long Final-Women (WOMEN);Finland;4598;1.01613;233,110,297,543,223,710,133,56,438,78,213,65,122,354,48,78,108,145,81,166,109,64,151,73;1.0148263753414,1.04710743801653,0.988368533823079,0.992800937552319,0.954341622503057,1.05185659411012,1.0580997949419,1.09902597402597,1.00996264009963,1.11771561771562,1.10328638497653,1.15104895104895,0.741430700447094,1.08294812532101,1.03977272727273,0.998834498834499,0.910774410774411,0.986206896551724,1.00112233445567,1.09309967141292,1.05004170141785,1.12642045454545,0.780252859723058,1.05105853051059;24;24
Billstam Annika;WOC Long Final-Women (WOMEN);Sweden;4633;1.00846;234,118,275,517,201,718,135,63,440,91,235,81,89,388,51,81,116,146,83,194,115,69,114,79;1.01048951048951,0.976117103235747,1.06743801652893,1.04272903112362,1.05879692446857,1.04013674347936,1.04242424242424,0.976911976911977,1.00537190082645,0.958041958041958,1,0.92368125701459,1.01634320735444,0.98805060918463,0.978609625668449,0.961840628507295,0.847962382445141,0.979452054794521,0.976998904709748,0.935332708528585,0.995256916996047,1.04479578392622,1.03349282296651,0.971231300345224;24;24
Riabkina Tatyana;WOC Long Final-Women (WOMEN);Russia;4757;0.98217;234,111,303,520,220,735,135,59,441,87,258,84,95,393,52,77,97,140,87,202,125,90,128,84;1.01048951048951,1.03767403767404,0.968796879687969,1.03671328671329,0.967355371900826,1.0160791589363,1.04242424242424,1.04314329738059,1.00309214594929,1.00208986415883,0.910852713178295,0.890692640692641,0.952153110047847,0.975479990747166,0.95979020979021,1.01180637544274,1.01405810684161,1.02142857142857,0.932079414838036,0.898289828982898,0.915636363636364,0.801010101010101,0.920454545454545,0.913419913419913;24;24
Hausken Nordberg Anne Margrethe;WOC Long Final-Women (WOMEN);Norway;4805;0.97236;253,128,317,570,218,757,137,62,442,89,231,79,88,392,53,84,114,142,81,201,109,68,114,76;0.934602946460654,0.899857954545455,0.92601089761973,0.945773524720893,0.976230191826522,0.986549777831152,1.02720637027206,0.99266862170088,1.00082270670506,0.979570990806946,1.01731601731602,0.947065592635213,1.02789256198347,0.977968460111317,0.941680960548885,0.927489177489177,0.862838915470494,1.00704225352113,1.00112233445567,0.902758932609679,1.05004170141785,1.06016042780749,1.03349282296651,1.00956937799043;24;24
Jureníková Eva;WOC Long Final-Women (WOMEN);Czech Republic;4870;0.95938;236,125,308,525,211,818,141,64,446,95,262,82,104,395,54,77,98,146,83,194,130,72,121,83;1.00192604006163,0.921454545454546,0.953069657615112,1.02683982683983,1.00861697544162,0.912980662369415,0.998065764023211,0.961647727272727,0.991846718304117,0.917703349282297,0.896946564885496,0.912416851441242,0.869755244755245,0.97054085155351,0.924242424242424,1.01180637544274,1.00371057513915,0.979452054794521,0.976998904709748,0.935332708528585,0.88041958041958,1.00126262626263,0.973703981968445,0.924424972617744;24;24
Rantanen Merja;WOC Long Final-Women (WOMEN);Finland;4971;0.93989;254,120,292,531,256,819,153,62,469,98,245,76,110,401,48,81,114,146,80,185,121,106,132,72;0.93092340730136,0.959848484848485,1.00529265255293,1.01523711693203,0.831321022727273,0.911865911865912,0.919786096256684,0.99266862170088,0.94320604768366,0.88961038961039,0.959183673469388,0.98444976076555,0.822314049586777,0.956019043300839,1.03977272727273,0.961840628507295,0.862838915470494,0.979452054794521,1.01363636363636,0.980835380835381,0.945905334335086,0.680102915951973,0.892561983471074,1.06565656565657;24;24
Bobach Ida;WOC Long Final-Women (WOMEN);Denmark;5002;0.93406;243,141,318,535,209,809,190,60,456,90,249,87,115,407,51,94,107,153,90,181,131,85,118,83;0.973063973063973,0.816892327530625,0.923098913664951,1.00764655904843,1.01826881252719,0.923137431172042,0.74066985645933,1.02575757575758,0.970095693779904,0.968686868686869,0.943775100401606,0.859979101358412,0.786561264822134,0.941925396470851,0.978609625668449,0.828820116054159,0.91928632115548,0.934640522875817,0.901010101010101,1.00251130085384,0.873698820263706,0.848128342245989,0.998459167950693,0.924424972617744;24;24
Brodmann Ines;WOC Long Final-Women (WOMEN);Switzerland;5003;0.93388;240,118,295,614,227,880,164,81,440,96,235,82,82,396,52,77,117,146,84,192,113,72,116,84;0.985227272727273,0.976117103235747,0.995069337442219,0.877998223275096,0.937525030036043,0.848657024793388,0.858093126385809,0.759820426487093,1.00537190082645,0.908143939393939,1,0.912416851441242,1.10310421286031,0.968089990817264,0.95979020979021,1.01180637544274,0.840714840714841,0.979452054794521,0.965367965367965,0.945075757575758,1.01287208366854,1.00126262626263,1.01567398119122,0.913419913419913;24;24
Niemi Venla;WOC Long Final-Women (WOMEN);Finland;5015;0.93164;262,182,308,562,223,749,180,78,466,87,242,92,93,389,55,88,95,201,86,185,117,77,120,78;0.902498265093685,0.632867132867133,0.953069657615112,0.959236493044322,0.954341622503057,0.997087025124408,0.781818181818182,0.789044289044289,0.949278189621537,1.00208986415883,0.971074380165289,0.813241106719368,0.972629521016618,0.985510633325543,0.907438016528926,0.885330578512397,1.03540669856459,0.711442786069652,0.94291754756871,0.980835380835381,0.978243978243978,0.936245572609209,0.981818181818182,0.983682983682984;24;24
Lüscher Sara;WOC Long Final-Women (WOMEN);Switzerland;5044;0.92629;256,127,299,606,259,800,144,109,460,93,260,83,93,402,51,79,98,146,82,194,127,75,120,81;0.923650568181818,0.906943450250537,0.981757373061721,0.88958895889589,0.821691821691822,0.933522727272727,0.977272727272727,0.564637197664721,0.961660079051383,0.937438905180841,0.903846153846154,0.901423877327492,0.972629521016618,0.953640886476707,0.978609625668449,0.986191024165708,1.00371057513915,0.979452054794521,0.988913525498891,0.935332708528585,0.901216893342878,0.961212121212121,0.981818181818182,0.947250280583614;24;24
Strand Lina;WOC Long Final-Women (WOMEN);Sweden;5115;0.91343;260,115,305,602,220,829,154,68,463,124,264,127,92,434,46,93,110,151,80,176,126,73,123,80;0.909440559440559,1.00158102766798,0.962444113263785,0.895499848988221,0.967355371900826,0.900866323061739,0.913813459268005,0.905080213903743,0.955429020223837,0.703079178885631,0.890151515151515,0.589119541875447,0.983201581027668,0.883326351068287,1.08498023715415,0.837732160312805,0.894214876033058,0.947019867549669,1.01363636363636,1.03099173553719,0.908369408369408,0.987546699875467,0.957871396895787,0.959090909090909;24;24
Mironova Svetlana;WOC Long Final-Women (WOMEN);Russia;5138;0.90934;248,126,311,616,224,792,173,65,476,104,241,94,108,397,60,98,110,144,81,213,115,148,122,72;0.953445747800587,0.914141414141414,0.943876059631687,0.875147579693034,0.950081168831169,0.942952249770432,0.813452443510247,0.946853146853147,0.929335370511841,0.838286713286713,0.975103734439834,0.795938104448743,0.837542087542087,0.96565147698649,0.831818181818182,0.794990723562152,0.894214876033058,0.993055555555556,1.00112233445567,0.851899274434486,0.995256916996047,0.487100737100737,0.965722801788376,1.06565656565657;24;24
Fasting Mari;WOC Long Final-Women (WOMEN);Norway;5170;0.90371;235,131,289,580,213,724,152,65,437,229,237,93,160,404,220,77,141,136,82,196,109,68,113,79;1.00618955512573,0.879250520471895,1.01572821642026,0.929467084639498,0.999146393512591,1.03151682571572,0.925837320574163,0.946853146853147,1.01227376742251,0.380706629614927,0.991561181434599,0.804496578690127,0.565340909090909,0.948919891989199,0.226859504132231,1.01180637544274,0.697614442295293,1.05147058823529,0.988913525498891,0.925788497217069,1.05004170141785,1.06016042780749,1.04263877715205,0.971231300345224;24;24
Gyurko Fanni;WOC Long Final-Women (WOMEN);Hungary;5198;0.89884;264,176,380,651,248,748,180,73,475,87,241,91,97,385,55,89,92,200,86,188,116,78,118,80;0.895661157024793,0.654442148760331,0.772488038277512,0.828096634548247,0.858137829912023,0.998420029168692,0.781818181818182,0.843088418430884,0.931291866028708,1.00208986415883,0.975103734439834,0.822177822177822,0.932521087160262,0.995749704840614,0.907438016528926,0.87538304392237,1.06916996047431,0.715,0.94291754756871,0.965183752417795,0.986677115987461,0.924242424242424,0.998459167950693,0.959090909090909;24;24
Dodin Celine;WOC Long Final-Women (WOMEN);France;5251;0.88977;252,131,318,559,222,921,157,62,500,89,256,84,95,440,54,98,107,152,90,203,133,94,140,94;0.938311688311688,0.879250520471895,0.923098913664951,0.964384452756546,0.958640458640459,0.81087750468858,0.896352055587724,0.99266862170088,0.884727272727273,0.979570990806946,0.91796875,0.890692640692641,0.952153110047847,0.871280991735537,0.924242424242424,0.794990723562152,0.91928632115548,0.940789473684211,0.901010101010101,0.893864755933721,0.86056049213944,0.766924564796905,0.841558441558442,0.816247582205029;24;24
Klechová Vendula;WOC Long Final-Women (WOMEN);Czech Republic;5320;0.87823;261,123,324,564,216,886,168,74,493,96,253,101,168,429,57,101,113,152,84,195,119,138,127,78;0.905956112852665,0.936437546193644,0.906004489337823,0.955834945196647,0.98526936026936,0.84290991175867,0.837662337662338,0.831695331695332,0.897289323252812,0.908143939393939,0.928853754940711,0.740774077407741,0.538419913419913,0.893621529985166,0.875598086124402,0.771377137713771,0.870474658085278,0.940789473684211,0.965367965367965,0.930536130536131,0.961802902979374,0.522397891963109,0.927702219040802,0.983682983682984;24;24
Wigemyr Tone;WOC Long Final-Women (WOMEN);Norway;5332;0.87625;256,148,294,646,247,804,188,74,504,101,253,83,111,415,55,94,105,180,85,253,120,85,147,84;0.923650568181818,0.778255528255528,0.998453927025356,0.834506051224318,0.861612072138388,0.928878335594754,0.748549323017408,0.831695331695332,0.877705627705628,0.863186318631863,0.928853754940711,0.901423877327492,0.814905814905815,0.923767798466594,0.907438016528926,0.828820116054159,0.936796536796537,0.794444444444444,0.954010695187166,0.717211642112828,0.953787878787879,0.848128342245989,0.801484230055659,0.913419913419913;24;24
Šafka Brožková Dana;WOC Long Final-Women (WOMEN);Czech Republic;5343;0.87445;255,117,308,596,220,834,162,66,485,92,272,116,107,427,60,90,108,179,95,220,154,173,120,87;0.927272727272727,0.984459984459985,0.953069657615112,0.904514948139109,0.967355371900826,0.895465445825158,0.868686868686869,0.932506887052342,0.912089971883786,0.947628458498024,0.863970588235294,0.644984326018809,0.845369583687341,0.897807110921865,0.831818181818182,0.865656565656566,0.910774410774411,0.798882681564246,0.853588516746412,0.824793388429752,0.743211334120425,0.416710457172885,0.981818181818182,0.881922675026123;24;24
Klinting Signe;WOC Long Final-Women (WOMEN);Denmark;5366;0.87070;257,118,317,624,257,845,184,65,500,109,267,111,89,420,52,97,105,174,93,205,145,81,163,88;0.920056597099399,0.976117103235747,0.92601089761973,0.863927738927739,0.828086310576583,0.883808499193115,0.764822134387352,0.946853146853147,0.884727272727273,0.799833194328607,0.880149812734082,0.674037674037674,1.01634320735444,0.912770562770563,0.95979020979021,0.803186504217432,0.936796536796537,0.82183908045977,0.871945259042033,0.885144124168515,0.789341692789969,0.890011223344557,0.722810931399888,0.871900826446281;24;24
Dambe Inga;WOC Long Final-Women (WOMEN);Latvia;5370;0.87005;319,117,307,559,232,813,166,66,501,96,255,125,124,423,54,147,116,187,88,202,146,97,143,87;0.741236819606726,0.984459984459985,0.956174119040569,0.964384452756546,0.917319749216301,0.91859554959186,0.847754654983571,0.932506887052342,0.882961350027218,0.908143939393939,0.92156862745098,0.598545454545454,0.729472140762463,0.906297012679991,0.924242424242424,0.529993815708101,0.847962382445141,0.764705882352941,0.921487603305785,0.898289828982898,0.783935242839352,0.743205248359888,0.823903369357915,0.881922675026123;24;24
Kadan Ursula;WOC Long Final-Women (WOMEN);Austria;5383;0.86795;259,142,328,575,256,944,153,74,501,104,260,83,96,399,54,78,98,157,89,186,196,98,170,83;0.912951912951913,0.811139564660691,0.894955654101996,0.937549407114625,0.831321022727273,0.791120955315871,0.919786096256684,0.831695331695332,0.882961350027218,0.838286713286713,0.903846153846154,0.901423877327492,0.942234848484849,0.960811118705856,0.924242424242424,0.998834498834499,1.00371057513915,0.910828025477707,0.911133810010215,0.975562072336266,0.583951762523191,0.735621521335807,0.693048128342246,0.924424972617744;24;24
Lajn Daria;WOC Long Final-Women (WOMEN);Poland;5496;0.85011;280,148,352,635,239,831,189,68,492,97,270,87,120,406,56,87,135,185,90,224,143,94,186,82;0.844480519480519,0.778255528255528,0.833935950413223,0.848962061560487,0.890452643590719,0.898698173066404,0.744588744588745,0.905080213903743,0.899113082039911,0.898781630740394,0.87037037037037,0.859979101358412,0.753787878787879,0.944245409762651,0.891233766233766,0.895506792058516,0.728619528619529,0.772972972972973,0.901010101010101,0.810064935064935,0.800381436745073,0.766924564796905,0.633431085043988,0.93569844789357;24;24
Rihma Annika;WOC Long Final-Women (WOMEN);Estonia;5524;0.84580;237,195,412,743,295,784,138,62,478,107,233,62,302,374,57,92,99,153,83,196,120,99,124,79;0.997698504027618,0.590675990675991,0.712488967343336,0.725559769974306,0.721417565485362,0.952574211502783,1.0197628458498,0.99266862170088,0.925446937999239,0.814783347493628,1.00858369098712,1.20674486803519,0.29951836243227,1.02503646086534,0.875598086124402,0.846837944664032,0.993572084481175,0.934640522875817,0.976998904709748,0.925788497217069,0.953787878787879,0.728191000918274,0.950146627565982,0.971231300345224;24;24
Ward Claire;WOC Long Final-Women (WOMEN);Great Britain;5537;0.84381;254,131,321,603,247,842,181,81,457,154,251,92,119,396,73,104,102,155,89,338,251,77,129,90;0.93092340730136,0.879250520471895,0.914471821013877,0.89401477461179,0.861612072138388,0.886957460591665,0.777498744349573,0.759820426487093,0.967972946091108,0.566115702479339,0.936254980079681,0.813241106719368,0.760122230710466,0.968089990817264,0.683686176836862,0.749125874125874,0.964349376114082,0.92258064516129,0.911133810010215,0.536847767616998,0.455994204998189,0.936245572609209,0.913319238900634,0.852525252525253;24;24
Tikhonova Anastasiya;WOC Long Final-Women (WOMEN);Russia;5539;0.84351;274,137,306,587,227,816,152,64,470,105,265,89,489,443,51,77,102,181,86,191,134,86,128,79;0.862972793629728,0.840743198407432,0.959298871063577,0.918383150069692,0.937525030036043,0.915218360071301,0.925837320574163,0.961647727272727,0.941199226305609,0.83030303030303,0.886792452830189,0.840653728294178,0.184978620561443,0.865380668992407,0.978609625668449,1.01180637544274,0.964349376114082,0.790055248618785,0.94291754756871,0.950023798191338,0.854138398914518,0.838266384778013,0.920454545454545,0.971231300345224;24;24
Kutkaite Ausrine;WOC Long Final-Women (WOMEN);Lithuania;5561;0.84017;262,131,309,583,287,848,168,69,481,126,381,73,94,415,63,94,113,148,78,191,130,183,253,81;0.902498265093685,0.879250520471895,0.949985289791115,0.924684235147357,0.74152676591701,0.880681818181818,0.837662337662338,0.891963109354414,0.91967491967492,0.691919191919192,0.616797900262467,1.02490660024907,0.962282398452611,0.923767798466594,0.792207792207792,0.828820116054159,0.870474658085278,0.966216216216216,1.03962703962704,0.950023798191338,0.88041958041958,0.393939393939394,0.465684513115343,0.947250280583614;24;24
Szerencsi Ildiko;WOC Long Final-Women (WOMEN);Hungary;5708;0.81853;285,119,331,577,251,1005,149,78,505,113,356,75,89,416,53,112,102,235,98,235,139,159,133,93;0.829665071770335,0.967914438502674,0.886844273551222,0.934299669135024,0.847881202462876,0.743102668475803,0.944478340451495,0.789044289044289,0.875967596759676,0.771520514883347,0.660112359550562,0.997575757575758,1.01634320735444,0.921547202797203,0.941680960548885,0.695616883116883,0.964349376114082,0.608510638297872,0.827458256029685,0.772147001934236,0.823413996075867,0.453401943967982,0.885850991114149,0.825024437927664;24;24
Volynska Nadiya;WOC Long Final-Women (WOMEN);Ukraine;5711;0.81810;296,124,333,648,242,878,147,70,511,92,291,96,151,431,56,155,127,156,90,199,129,146,252,91;0.798832923832924,0.928885630498534,0.881517881517882,0.831930415263749,0.879413974455297,0.850590184303168,0.957328385899814,0.879220779220779,0.865682262942537,0.947628458498024,0.807560137457045,0.779356060606061,0.599036724864539,0.889474794347184,0.891233766233766,0.502639296187683,0.774516821760916,0.916666666666667,0.901010101010101,0.911831886706259,0.887244538407329,0.493773349937734,0.467532467532468,0.843156843156843;24;24
Rybakovaite Kristina;WOC Long Final-Women (WOMEN);Lithuania;5721;0.81667;274,137,314,578,214,963,148,63,495,212,286,103,200,569,56,135,105,162,88,192,117,94,127,89;0.862972793629728,0.840743198407432,0.934858135495078,0.932683233721296,0.994477485131691,0.775512130652318,0.950859950859951,0.976911976911977,0.89366391184573,0.411234991423671,0.821678321678322,0.726390114739629,0.452272727272727,0.673749800287586,0.891233766233766,0.577104377104377,0.936796536796537,0.882716049382716,0.921487603305785,0.945075757575758,0.978243978243978,0.766924564796905,0.927702219040802,0.862104187946885;24;24
Sluta Olga;WOC Long Final-Women (WOMEN);Ukraine;5750;0.81255;255,155,370,610,227,981,160,77,509,110,308,128,108,444,61,109,118,210,101,205,164,87,160,93;0.927272727272727,0.743108504398827,0.793366093366093,0.883755588673621,0.937525030036043,0.761282550273376,0.879545454545455,0.799291617473436,0.869083764958028,0.792561983471074,0.762987012987013,0.584517045454545,0.837542087542087,0.863431613431613,0.818181818181818,0.714762301918265,0.833590138674884,0.680952380952381,0.802880288028803,0.885144124168515,0.697893569844789,0.828631138975967,0.736363636363636,0.825024437927664;24;24
Fabré Miek;WOC Long Final-Women (WOMEN);Belgium;5786;0.80750;252,157,360,572,229,921,152,66,521,122,347,99,327,440,57,118,107,165,96,216,138,89,143,92;0.938311688311688,0.73364215402432,0.81540404040404,0.942466624284806,0.929337038507344,0.81087750468858,0.925837320574163,0.932506887052342,0.849066480544408,0.714605067064084,0.677233429394813,0.755739210284665,0.276619405059772,0.871280991735537,0.875598086124402,0.660246533127889,0.91928632115548,0.866666666666667,0.84469696969697,0.84006734006734,0.829380764163373,0.810010214504597,0.823903369357915,0.83399209486166;24;24
Oram Louise;WOC Long Final-Women (WOMEN);Canada;5868;0.79621;316,156,407,664,283,925,161,80,533,116,292,118,127,452,56,92,119,171,92,194,142,119,165,88;0.748273878020714,0.738344988344988,0.721241903060085,0.811883899233297,0.752007709604883,0.807371007371007,0.874082439299831,0.769318181818182,0.82995053726761,0.751567398119122,0.804794520547945,0.634052388289676,0.712240515390122,0.848149637972647,0.891233766233766,0.846837944664032,0.826585179526356,0.83625730994152,0.881422924901186,0.935332708528585,0.806017925736236,0.605805958747135,0.714049586776859,0.871900826446281;24;24
Vercellotti Lea;WOC Long Final-Women (WOMEN);France;5918;0.78949;288,139,367,650,268,880,177,76,536,129,284,96,130,457,91,117,158,180,94,248,163,135,163,92;0.821022727272727,0.828646173969915,0.799851374783255,0.829370629370629,0.794097693351425,0.848657024793388,0.795069337442219,0.809808612440191,0.825305291723202,0.675828047921071,0.827464788732394,0.779356060606061,0.695804195804196,0.838870101452158,0.548451548451548,0.665889665889666,0.622554660529344,0.794444444444444,0.862669245647969,0.731671554252199,0.702175125488009,0.534006734006734,0.722810931399888,0.83399209486166;24;24
Prendergast Aislinn;WOC Long Final-Women (WOMEN);Australia;5998;0.77896;272,142,317,606,306,950,153,82,517,122,337,80,207,464,156,94,124,180,88,193,162,103,254,89;0.869318181818182,0.811139564660691,0.92601089761973,0.88958895889589,0.695484254307784,0.786124401913876,0.919786096256684,0.750554323725055,0.855635660277827,0.714605067064084,0.697329376854599,0.935227272727273,0.436978480456741,0.82621473354232,0.31993006993007,0.828820116054159,0.793255131964809,0.794444444444444,0.921487603305785,0.940178991992464,0.706509539842873,0.69991173874669,0.463851109520401,0.862104187946885;24;24
Bridle Helen;WOC Long Final-Women (WOMEN);Great Britain;6061;0.77086;261,132,346,579,272,981,158,151,551,119,322,99,145,476,59,99,122,214,99,245,161,187,186,97;0.905956112852665,0.872589531680441,0.848397267472412,0.931072381849584,0.782419786096257,0.761282550273376,0.890678941311853,0.407585791691752,0.80283781554199,0.732620320855615,0.729813664596273,0.755739210284665,0.623824451410658,0.805385790679908,0.845916795069337,0.786960514233241,0.806259314456036,0.668224299065421,0.819100091827365,0.740630797773655,0.71089779785432,0.385512882839086,0.633431085043988,0.791002811621368;24;24
Rollins Sarah;WOC Long Final-Women (WOMEN);Great Britain;6062;0.77073;261,144,351,624,266,1256,154,75,513,103,285,109,116,445,70,90,116,154,96,211,154,216,156,97;0.905956112852665,0.799873737373737,0.836311836311836,0.863927738927739,0.800068352699932,0.594600463231037,0.913813459268005,0.820606060606061,0.862307283359915,0.846425419240953,0.824561403508772,0.686405337781484,0.779780564263323,0.861491317671093,0.712987012987013,0.865656565656566,0.847962382445141,0.928571428571429,0.84469696969697,0.859974149073675,0.743211334120425,0.333754208754209,0.755244755244755,0.791002811621368;24;24
Kazlauskaite Inga;WOC Long Final-Women (WOMEN);Lithuania;6083;0.76807;267,206,326,849,310,918,190,81,512,122,333,106,155,459,59,88,116,162,94,209,137,141,155,88;0.885597548518897,0.559135039717564,0.900446179587284,0.634971624370918,0.686510263929619,0.81352743117449,0.74066985645933,0.759820426487093,0.863991477272727,0.714605067064084,0.705705705705706,0.705831903945111,0.583577712609971,0.835214894038424,0.845916795069337,0.885330578512397,0.847962382445141,0.882716049382716,0.862669245647969,0.86820356676816,0.835434638354346,0.511283043197937,0.760117302052786,0.871900826446281;24;24
Arqués Anna Serrallonga;WOC Long Final-Women (WOMEN);Spain;6092;0.76694;299,145,366,703,313,949,151,72,553,150,281,95,108,466,65,169,114,195,95,267,139,140,169,88;0.7908178777744,0.79435736677116,0.802036761053155,0.766843398422346,0.679930293348824,0.786952773254143,0.931968693558098,0.85479797979798,0.799934242972218,0.581212121212121,0.836298932384342,0.78755980861244,0.837542087542087,0.822668747561451,0.767832167832168,0.461000537923615,0.862838915470494,0.733333333333333,0.853588516746412,0.679605039155601,0.823413996075867,0.514935064935065,0.697149004841312,0.871900826446281;24;24
Saeger Samantha;WOC Long Final-Women (WOMEN);United States of America;6099;0.76606;329,175,359,705,316,1005,162,67,524,161,323,115,128,459,61,101,123,208,95,210,138,112,141,82;0.718706825089804,0.658181818181818,0.817675360850848,0.764667956157318,0.673475258918297,0.743102668475803,0.868686868686869,0.918588873812754,0.844205412907703,0.541501976284585,0.727554179566563,0.650592885375494,0.706676136363636,0.835214894038424,0.818181818181818,0.771377137713771,0.79970436067997,0.6875,0.853588516746412,0.864069264069264,0.829380764163373,0.643668831168831,0.835589941972921,0.93569844789357;24;24
Geypen Kim;WOC Long Final-Women (WOMEN);Belgium;6228;0.75019;335,176,871,748,237,880,157,64,489,98,271,88,122,401,57,90,132,186,90,229,143,91,190,83;0.705834464043419,0.654442148760331,0.337021187767456,0.720709771511911,0.897967011891063,0.848657024793388,0.896352055587724,0.961647727272727,0.90462911321807,0.88961038961039,0.867158671586716,0.850206611570248,0.741430700447094,0.956019043300839,0.875598086124402,0.865656565656566,0.745179063360881,0.768817204301075,0.901010101010101,0.792377927749107,0.800381436745073,0.792207792207792,0.620095693779904,0.924424972617744;24;24
Rebane Kirti;WOC Long Final-Women (WOMEN);Estonia;6518;0.71681;270,152,345,862,305,896,181,73,538,137,378,103,198,487,59,224,164,176,103,216,162,133,257,99;0.875757575757576,0.757775119617225,0.850856389986825,0.625395486184349,0.697764530551416,0.833502435064935,0.777498744349573,0.843088418430884,0.822237242311592,0.636363636363636,0.621693121693122,0.726390114739629,0.45684113865932,0.787194325182005,0.845916795069337,0.347808441558442,0.599778270509978,0.8125,0.787290379523389,0.84006734006734,0.706509539842873,0.542036910457963,0.458436505129112,0.775022956841139;24;24
Elstner Elisa;WOC Long Final-Women (WOMEN);Austria;6728;0.69444;261,143,436,643,258,1055,165,70,596,137,319,101,481,484,60,142,156,197,94,262,190,103,278,97;0.905956112852665,0.805467260012715,0.673269391159299,0.838399547575286,0.824876673713883,0.707884532529082,0.852892561983471,0.879220779220779,0.74222086638194,0.636363636363636,0.736677115987461,0.740774077407741,0.188055188055188,0.792073628850488,0.831818181818182,0.54865556978233,0.630536130536131,0.725888324873096,0.862669245647969,0.692574600971548,0.602392344497608,0.69991173874669,0.42380640941792,0.791002811621368;24;24
Grigorova-Burgova Antoniya;WOC Long Final-Women (WOMEN);Bulgaria;7012;0.66631;275,160,337,643,250,963,154,75,528,118,310,126,821,456,92,90,139,191,88,392,393,100,220,91;0.859834710743802,0.719886363636364,0.871054761262476,0.838399547575286,0.851272727272727,0.775512130652318,0.913813459268005,0.820606060606061,0.837809917355372,0.738828967642527,0.758064516129032,0.593795093795094,0.110176060236962,0.840709728867624,0.542490118577075,0.865656565656566,0.707652060170046,0.74869109947644,0.921487603305785,0.462894248608534,0.291232940087902,0.720909090909091,0.535537190082645,0.843156843156843;24;24
