Wingstedt Emil;SM medel final-H21 Final;Växjö OK;2168;0.99783;262,30,87,165,47,194,102,106,33,70,107,143,41,149,42,182,37,66,112,43,42,48,32,28;0.998854961832061,1.06,0.995402298850575,1.04848484848485,0.995744680851064,0.925773195876289,0.976470588235294,1.00094339622642,0.896969696969697,0.911428571428571,0.985981308411215,0.988111888111888,0.934146341463415,1.03758389261745,0.964285714285714,1.0021978021978,1.03513513513513,1.03939393939394,1.03214285714286,1.0046511627907,0.983333333333333,1.06666666666667,1.09375,1.03214285714286;24;24
Öberg Peter;SM medel final-H21 Final;OK Hällen;2190;0.98781;253,44,88,188,46,175,99,105,31,66,109,146,40,143,50,174,42,73,118,46,40,51,33,30;1.03438735177866,0.722727272727273,0.984090909090909,0.920212765957447,1.01739130434783,1.02628571428571,1.00606060606061,1.01047619047619,0.954838709677419,0.966666666666667,0.967889908256881,0.967808219178082,0.9575,1.08111888111888,0.81,1.04827586206897,0.911904761904762,0.93972602739726,0.979661016949153,0.939130434782609,1.0325,1.00392156862745,1.06060606060606,0.963333333333333;24;24
Olofsson Mikael;SM medel final-H21 Final;IFK Göteborg;2244;0.96404;262,34,93,173,48,188,101,110,36,68,113,144,41,164,44,189,40,73,118,42,42,53,38,30;0.998854961832061,0.935294117647059,0.931182795698925,1,0.975,0.95531914893617,0.986138613861386,0.964545454545454,0.822222222222222,0.938235294117647,0.933628318584071,0.98125,0.934146341463415,0.942682926829268,0.920454545454545,0.965079365079365,0.9575,0.93972602739726,0.979661016949153,1.02857142857143,0.983333333333333,0.966037735849057,0.921052631578947,0.963333333333333;24;24
Andersson Erik;SM medel final-H21 Final;OK Denseln;2248;0.96232;253,35,88,181,55,183,98,130,31,62,108,150,42,157,44,180,40,82,125,46,40,52,35,31;1.03438735177866,0.908571428571429,0.984090909090909,0.955801104972376,0.850909090909091,0.981420765027322,1.01632653061224,0.816153846153846,0.954838709677419,1.02903225806452,0.976851851851852,0.942,0.911904761904762,0.984713375796178,0.920454545454545,1.01333333333333,0.9575,0.836585365853659,0.9248,0.939130434782609,1.0325,0.984615384615385,1,0.932258064516129;24;24
Holmberg Anders;SM medel final-H21 Final;Järla IF OK;2249;0.96189;255,32,104,176,45,172,96,118,35,65,106,150,39,168,50,192,37,69,135,42,46,52,35,30;1.02627450980392,0.99375,0.832692307692308,0.982954545454545,1.04,1.04418604651163,1.0375,0.899152542372881,0.845714285714286,0.981538461538461,0.995283018867924,0.942,0.982051282051282,0.920238095238095,0.81,0.95,1.03513513513513,0.994202898550725,0.856296296296296,1.02857142857143,0.897826086956522,0.984615384615385,1,0.963333333333333;24;24
Millinger Mattias;SM medel final-H21 Final;OK Linné;2249;0.96189;281,33,85,168,50,204,99,126,30,67,107,136,35,169,45,176,42,69,121,47,42,52,34,31;0.931316725978648,0.963636363636364,1.01882352941176,1.0297619047619,0.936,0.880392156862745,1.00606060606061,0.842063492063492,0.986666666666667,0.952238805970149,0.985981308411215,1.03897058823529,1.09428571428571,0.914792899408284,0.9,1.03636363636364,0.911904761904762,0.994202898550725,0.955371900826446,0.919148936170213,0.983333333333333,0.984615384615385,1.02941176470588,0.932258064516129;24;24
Pilblad Jonas;SM medel final-H21 Final;OK Skogsfalken;2268;0.95384;279,32,90,171,56,195,105,111,30,63,101,157,41,167,56,187,39,72,113,44,41,49,37,32;0.937992831541219,0.99375,0.962222222222222,1.01169590643275,0.835714285714286,0.921025641025641,0.948571428571429,0.955855855855856,0.986666666666667,1.01269841269841,1.04455445544554,0.9,0.934146341463415,0.925748502994012,0.723214285714286,0.975401069518717,0.982051282051282,0.952777777777778,1.02300884955752,0.981818181818182,1.00731707317073,1.04489795918367,0.945945945945946,0.903125;24;24
Troeng Jan;SM medel final-H21 Final;OK Linné;2275;0.95090;264,33,87,185,47,185,107,114,29,70,103,162,41,172,41,193,42,70,122,49,42,53,37,27;0.991287878787879,0.963636363636364,0.995402298850575,0.935135135135135,0.995744680851064,0.970810810810811,0.930841121495327,0.930701754385965,1.02068965517241,0.911428571428571,1.02427184466019,0.872222222222222,0.934146341463415,0.898837209302326,0.98780487804878,0.945077720207254,0.911904761904762,0.98,0.947540983606557,0.881632653061225,0.983333333333333,0.966037735849057,0.945945945945946,1.07037037037037;24;24
Troeng Mats;SM medel final-H21 Final;OK Linné;2285;0.94674;302,36,87,193,52,180,100,104,38,59,103,144,42,164,40,223,36,65,113,44,43,52,37,28;0.866556291390728,0.883333333333333,0.995402298850575,0.896373056994819,0.9,0.997777777777778,0.996,1.02019230769231,0.778947368421053,1.08135593220339,1.02427184466019,0.98125,0.911904761904762,0.942682926829268,1.0125,0.817937219730942,1.06388888888889,1.05538461538462,1.02300884955752,0.981818181818182,0.96046511627907,0.984615384615385,0.945945945945946,1.03214285714286;24;24
Lind William;SM medel final-H21 Final;Sävedalens AIK;2302;0.93975;269,40,88,177,49,203,101,104,28,72,110,147,39,160,54,203,40,77,120,53,46,55,37,30;0.972862453531599,0.795,0.984090909090909,0.977401129943503,0.955102040816326,0.884729064039409,0.986138613861386,1.02019230769231,1.05714285714286,0.886111111111111,0.959090909090909,0.961224489795918,0.982051282051282,0.96625,0.75,0.898522167487685,0.9575,0.890909090909091,0.963333333333333,0.815094339622642,0.897826086956522,0.930909090909091,0.945945945945946,0.963333333333333;24;24
Noborn Tobias;SM medel final-H21 Final;IFK Göteborg;2322;0.93165;282,34,87,186,52,198,101,100,29,70,114,138,40,161,40,203,82,71,120,48,42,55,37,32;0.928014184397163,0.935294117647059,0.995402298850575,0.93010752688172,0.9,0.907070707070707,0.986138613861386,1.061,1.02068965517241,0.911428571428571,0.925438596491228,1.02391304347826,0.9575,0.960248447204969,1.0125,0.898522167487685,0.467073170731707,0.966197183098591,0.963333333333333,0.9,0.983333333333333,0.930909090909091,0.945945945945946,0.903125;24;24
Millegård Marcus;SM medel final-H21 Final;Sävedalens AIK;2331;0.92806;284,37,90,172,48,200,108,135,31,70,121,154,39,149,42,199,39,71,122,45,48,59,37,31;0.921478873239437,0.859459459459459,0.962222222222222,1.00581395348837,0.975,0.898,0.922222222222222,0.785925925925926,0.954838709677419,0.911428571428571,0.871900826446281,0.917532467532468,0.982051282051282,1.03758389261745,0.964285714285714,0.916582914572864,0.982051282051282,0.966197183098591,0.947540983606557,0.96,0.860416666666667,0.867796610169492,0.945945945945946,0.932258064516129;24;24
Öhlund Erik;SM medel final-H21 Final;Ulricehamns OK;2343;0.92330;290,27,81,171,54,176,99,100,29,103,166,160,38,177,38,186,39,69,114,53,52,52,36,33;0.902413793103448,1.17777777777778,1.06913580246914,1.01169590643275,0.866666666666667,1.02045454545455,1.00606060606061,1.061,1.02068965517241,0.619417475728155,0.635542168674699,0.883125,1.00789473684211,0.873446327683616,1.06578947368421,0.980645161290323,0.982051282051282,0.994202898550725,1.0140350877193,0.815094339622642,0.794230769230769,0.984615384615385,0.972222222222222,0.875757575757576;24;24
Löfås Henrik;SM medel final-H21 Final;Stora Tuna OK;2345;0.92252;290,41,93,179,52,221,117,114,41,63,114,157,43,154,41,190,38,77,115,43,45,51,35,31;0.902413793103448,0.775609756097561,0.931182795698925,0.966480446927374,0.9,0.812669683257919,0.851282051282051,0.930701754385965,0.721951219512195,1.01269841269841,0.925438596491228,0.9,0.890697674418605,1.0038961038961,0.98780487804878,0.96,1.00789473684211,0.890909090909091,1.00521739130435,1.0046511627907,0.917777777777778,1.00392156862745,1,0.932258064516129;24;24
Mazulis Marius;SM medel final-H21 Final;Malungs OK Skogsmårdarna;2353;0.91938;272,38,91,189,48,204,108,112,35,65,107,160,41,172,58,189,48,72,117,50,46,57,41,33;0.962132352941176,0.836842105263158,0.951648351648352,0.915343915343915,0.975,0.880392156862745,0.922222222222222,0.947321428571429,0.845714285714286,0.981538461538461,0.985981308411215,0.883125,0.934146341463415,0.898837209302326,0.698275862068966,0.965079365079365,0.797916666666667,0.952777777777778,0.988034188034188,0.864,0.897826086956522,0.898245614035088,0.853658536585366,0.875757575757576;24;24
Jansson Andreas;SM medel final-H21 Final;IK Hakarpspojkarna;2358;0.91743;260,34,89,204,50,185,105,146,30,68,126,160,43,179,42,197,38,68,122,44,45,53,38,32;1.00653846153846,0.935294117647059,0.973033707865169,0.848039215686274,0.936,0.970810810810811,0.948571428571429,0.726712328767123,0.986666666666667,0.938235294117647,0.837301587301587,0.883125,0.890697674418605,0.863687150837989,0.964285714285714,0.925888324873096,1.00789473684211,1.00882352941176,0.947540983606557,0.981818181818182,0.917777777777778,0.966037735849057,0.921052631578947,0.903125;24;24
Johansson Fredrik;SM medel final-H21 Final;IFK Lidingös Skid o OK;2361;0.91626;300,72,95,179,50,207,106,119,47,66,108,142,41,161,45,191,41,69,116,43,41,54,39,29;0.872333333333333,0.441666666666667,0.911578947368421,0.966480446927374,0.936,0.867632850241546,0.939622641509434,0.891596638655462,0.629787234042553,0.966666666666667,0.976851851851852,0.995070422535211,0.934146341463415,0.960248447204969,0.9,0.954973821989529,0.934146341463415,0.994202898550725,0.996551724137931,1.0046511627907,1.00731707317073,0.948148148148148,0.897435897435897,0.996551724137931;24;24
Jonasson Niclas;SM medel final-H21 Final;Leksands OK;2369;0.91317;274,40,94,239,46,184,102,113,37,70,109,145,39,172,41,185,46,79,121,47,57,55,40,34;0.955109489051095,0.795,0.921276595744681,0.723849372384937,1.01739130434783,0.976086956521739,0.976470588235294,0.938938053097345,0.8,0.911428571428571,0.967889908256881,0.97448275862069,0.982051282051282,0.898837209302326,0.98780487804878,0.985945945945946,0.832608695652174,0.868354430379747,0.955371900826446,0.919148936170213,0.724561403508772,0.930909090909091,0.875,0.85;24;24
Karlsson Mattias;SM medel final-H21 Final;Emmaboda Verda OK;2377;0.91010;278,32,90,248,48,178,102,109,34,83,124,143,38,201,45,183,41,72,120,45,43,53,37,30;0.94136690647482,0.99375,0.962222222222222,0.69758064516129,0.975,1.00898876404494,0.976470588235294,0.973394495412844,0.870588235294118,0.768674698795181,0.850806451612903,0.988111888111888,1.00789473684211,0.769154228855721,0.9,0.99672131147541,0.934146341463415,0.952777777777778,0.963333333333333,0.96,0.96046511627907,0.966037735849057,0.945945945945946,0.963333333333333;24;24
Stenström Tomas;SM medel final-H21 Final;OK Linné;2384;0.90742;290,33,91,225,51,222,103,124,31,68,111,146,44,160,41,182,41,77,130,42,42,54,42,34;0.902413793103448,0.963636363636364,0.951648351648352,0.768888888888889,0.917647058823529,0.809009009009009,0.966990291262136,0.855645161290323,0.954838709677419,0.938235294117647,0.95045045045045,0.967808219178082,0.870454545454545,0.96625,0.98780487804878,1.0021978021978,0.934146341463415,0.890909090909091,0.889230769230769,1.02857142857143,0.983333333333333,0.948148148148148,0.833333333333333,0.85;24;24
Håkansson Christian;SM medel final-H21 Final;Ronneby OK;2410;0.89763;307,35,99,184,52,214,109,128,36,65,117,150,43,157,45,195,43,75,126,48,47,61,40,34;0.852442996742671,0.908571428571429,0.874747474747475,0.940217391304348,0.9,0.839252336448598,0.913761467889908,0.82890625,0.822222222222222,0.981538461538461,0.901709401709402,0.942,0.890697674418605,0.984713375796178,0.9,0.935384615384615,0.890697674418605,0.914666666666667,0.917460317460317,0.9,0.878723404255319,0.839344262295082,0.875,0.85;24;24
Rost Erik;SM medel final-H21 Final;Malungs OK Skogsmårdarna;2411;0.89726;283,42,95,197,52,224,112,114,35,66,113,166,39,167,47,199,41,70,124,49,51,60,36,29;0.924734982332155,0.757142857142857,0.911578947368421,0.878172588832487,0.9,0.801785714285714,0.889285714285714,0.930701754385965,0.845714285714286,0.966666666666667,0.933628318584071,0.851204819277108,0.982051282051282,0.925748502994012,0.861702127659574,0.916582914572864,0.934146341463415,0.98,0.932258064516129,0.881632653061225,0.809803921568627,0.853333333333333,0.972222222222222,0.996551724137931;24;24
Palm Magnus;SM medel final-H21 Final;Göteborg-Majorna OK;2436;0.88805;295,43,105,181,54,187,109,114,34,73,135,159,43,171,59,204,41,77,128,47,46,59,39,33;0.887118644067797,0.73953488372093,0.824761904761905,0.955801104972376,0.866666666666667,0.960427807486631,0.913761467889908,0.930701754385965,0.870588235294118,0.873972602739726,0.781481481481481,0.888679245283019,0.890697674418605,0.904093567251462,0.686440677966102,0.894117647058824,0.934146341463415,0.890909090909091,0.903125,0.919148936170213,0.897826086956522,0.867796610169492,0.897435897435897,0.875757575757576;24;24
Modig Erik;SM medel final-H21 Final;OK Pan-Kristianstad;2454;0.88154;299,36,94,211,53,197,113,126,36,74,109,162,43,163,50,202,43,77,133,52,48,61,40,32;0.875250836120401,0.883333333333333,0.921276595744681,0.819905213270142,0.883018867924528,0.911675126903553,0.88141592920354,0.842063492063492,0.822222222222222,0.862162162162162,0.967889908256881,0.872222222222222,0.890697674418605,0.948466257668712,0.81,0.902970297029703,0.890697674418605,0.890909090909091,0.869172932330827,0.830769230769231,0.860416666666667,0.839344262295082,0.875,0.903125;24;24
Bergman Isak;SM medel final-H21 Final;Södertälje-Nykvarn OF;2460;0.87939;283,32,95,220,64,186,108,160,30,76,117,139,38,166,45,219,54,75,128,46,49,59,40,31;0.924734982332155,0.99375,0.911578947368421,0.786363636363636,0.73125,0.965591397849462,0.922222222222222,0.663125,0.986666666666667,0.839473684210526,0.901709401709402,1.01654676258993,1.00789473684211,0.931325301204819,0.9,0.832876712328767,0.709259259259259,0.914666666666667,0.903125,0.939130434782609,0.842857142857143,0.867796610169492,0.875,0.932258064516129;24;24
Axelsson Erik;SM medel final-H21 Final;Södertälje-Nykvarn OF;2466;0.87725;286,39,90,202,56,190,110,115,37,68,111,147,43,229,48,215,41,79,125,49,51,58,42,35;0.915034965034965,0.815384615384615,0.962222222222222,0.856435643564356,0.835714285714286,0.945263157894737,0.905454545454545,0.922608695652174,0.8,0.938235294117647,0.95045045045045,0.961224489795918,0.890697674418605,0.675109170305677,0.84375,0.848372093023256,0.934146341463415,0.868354430379747,0.9248,0.881632653061225,0.809803921568627,0.882758620689655,0.833333333333333,0.825714285714286;24;24
Eliasson Henrik;SM medel final-H21 Final;IFK Göteborg;2484;0.87089;269,41,92,187,52,190,113,119,37,85,125,166,42,184,40,245,52,82,137,46,46,67,38,29;0.972862453531599,0.775609756097561,0.941304347826087,0.925133689839572,0.9,0.945263157894737,0.88141592920354,0.891596638655462,0.8,0.750588235294118,0.844,0.851204819277108,0.911904761904762,0.840217391304348,1.0125,0.744489795918367,0.736538461538461,0.836585365853659,0.843795620437956,0.939130434782609,0.897826086956522,0.764179104477612,0.921052631578947,0.996551724137931;24;24
Lauri Emil;SM medel final-H21 Final;IFK Lidingös Skid o OK;2488;0.86949;304,54,88,182,58,178,117,144,30,71,121,152,41,179,89,201,40,74,140,47,47,59,38,34;0.860855263157895,0.588888888888889,0.984090909090909,0.950549450549451,0.806896551724138,1.00898876404494,0.851282051282051,0.736805555555555,0.986666666666667,0.898591549295775,0.871900826446281,0.929605263157895,0.934146341463415,0.863687150837989,0.455056179775281,0.907462686567164,0.9575,0.927027027027027,0.825714285714286,0.919148936170213,0.878723404255319,0.867796610169492,0.921052631578947,0.85;24;24
Kaisajuntti Linus;SM medel final-H21 Final;IFK Lidingös Skid o OK;2497;0.86636;288,35,98,202,56,215,116,116,37,73,118,159,43,214,45,202,44,80,136,47,46,59,39,29;0.908680555555555,0.908571428571429,0.883673469387755,0.856435643564356,0.835714285714286,0.835348837209302,0.858620689655172,0.914655172413793,0.8,0.873972602739726,0.894067796610169,0.888679245283019,0.890697674418605,0.722429906542056,0.9,0.902970297029703,0.870454545454545,0.8575,0.85,0.919148936170213,0.897826086956522,0.867796610169492,0.897435897435897,0.996551724137931;24;24
Johansson Andreas J;SM medel final-H21 Final;Göteborg-Majorna OK;2514;0.86050;290,43,93,178,53,199,115,171,36,70,114,148,42,183,57,207,46,85,126,56,74,55,39,34;0.902413793103448,0.73953488372093,0.931182795698925,0.971910112359551,0.883018867924528,0.90251256281407,0.866086956521739,0.62046783625731,0.822222222222222,0.911428571428571,0.925438596491228,0.95472972972973,0.911904761904762,0.844808743169399,0.710526315789474,0.881159420289855,0.832608695652174,0.807058823529412,0.917460317460317,0.771428571428571,0.558108108108108,0.930909090909091,0.897435897435897,0.85;24;24
Eriksson Håkan;SM medel final-H21 Final;Malungs OK Skogsmårdarna;2519;0.85879;305,38,100,312,49,212,110,116,35,67,122,152,42,161,44,190,42,74,126,46,47,58,38,33;0.858032786885246,0.836842105263158,0.866,0.55448717948718,0.955102040816326,0.847169811320755,0.905454545454545,0.914655172413793,0.845714285714286,0.952238805970149,0.864754098360656,0.929605263157895,0.911904761904762,0.960248447204969,0.920454545454545,0.96,0.911904761904762,0.927027027027027,0.917460317460317,0.939130434782609,0.878723404255319,0.882758620689655,0.921052631578947,0.875757575757576;24;24
Molin Jens;SM medel final-H21 Final;Södertälje-Nykvarn OF;2533;0.85405;294,38,101,201,51,214,127,120,38,78,105,146,42,234,41,233,41,74,127,56,43,57,38,34;0.890136054421769,0.836842105263158,0.857425742574257,0.860696517412935,0.917647058823529,0.839252336448598,0.784251968503937,0.884166666666667,0.778947368421053,0.817948717948718,1.0047619047619,0.967808219178082,0.911904761904762,0.660683760683761,0.98780487804878,0.782832618025751,0.934146341463415,0.927027027027027,0.910236220472441,0.771428571428571,0.96046511627907,0.898245614035088,0.921052631578947,0.85;24;24
Nygren Crister;SM medel final-H21 Final;Norbergs OK;2590;0.83525;311,44,100,188,51,230,126,116,33,105,147,139,39,176,82,215,41,74,135,49,51,58,41,39;0.841479099678457,0.722727272727273,0.866,0.920212765957447,0.917647058823529,0.780869565217391,0.79047619047619,0.914655172413793,0.896969696969697,0.607619047619048,0.717687074829932,1.01654676258993,0.982051282051282,0.878409090909091,0.49390243902439,0.848372093023256,0.934146341463415,0.927027027027027,0.856296296296296,0.881632653061225,0.809803921568627,0.882758620689655,0.853658536585366,0.741025641025641;24;24
Giding Casper;SM medel final-H21 Final;IFK Lidingös Skid o OK;2641;0.81912;270,38,93,281,45,228,109,124,58,72,122,174,42,267,42,206,46,75,126,59,41,55,38,30;0.969259259259259,0.836842105263158,0.931182795698925,0.615658362989324,1.04,0.787719298245614,0.913761467889908,0.855645161290323,0.510344827586207,0.886111111111111,0.864754098360656,0.812068965517241,0.911904761904762,0.579026217228464,0.964285714285714,0.885436893203884,0.832608695652174,0.914666666666667,0.917460317460317,0.732203389830508,1.00731707317073,0.930909090909091,0.921052631578947,0.963333333333333;24;24
Bejbom David;SM medel final-H21 Final;Vänersborgs SK;2655;0.81480;280,51,96,217,49,199,131,141,37,64,115,177,39,210,42,221,44,81,132,47,144,66,39,33;0.934642857142857,0.623529411764706,0.902083333333333,0.797235023041475,0.955102040816326,0.90251256281407,0.76030534351145,0.752482269503546,0.8,0.996875,0.917391304347826,0.798305084745763,0.982051282051282,0.736190476190476,0.964285714285714,0.825339366515837,0.870454545454545,0.846913580246914,0.875757575757576,0.919148936170213,0.286805555555556,0.775757575757576,0.897435897435897,0.875757575757576;24;24
Lindberg Tommy;SM medel final-H21 Final;OK Roslagen;2694;0.80301;291,39,100,204,57,205,132,130,46,71,117,170,50,298,115,198,42,74,127,45,45,59,43,36;0.899312714776632,0.815384615384615,0.866,0.848039215686274,0.821052631578947,0.87609756097561,0.754545454545455,0.816153846153846,0.643478260869565,0.898591549295775,0.901709401709402,0.831176470588235,0.766,0.518791946308725,0.352173913043478,0.921212121212121,0.911904761904762,0.927027027027027,0.910236220472441,0.96,0.917777777777778,0.867796610169492,0.813953488372093,0.802777777777778;24;24
Lööf Jakob;SM medel final-H21 Final;OK Pan-Kristianstad;2800;0.77261;323,41,138,208,58,190,117,136,36,105,118,184,43,329,47,234,42,77,128,54,46,62,46,38;0.810216718266254,0.775609756097561,0.627536231884058,0.831730769230769,0.806896551724138,0.945263157894737,0.851282051282051,0.780147058823529,0.822222222222222,0.607619047619048,0.894067796610169,0.767934782608696,0.890697674418605,0.469908814589666,0.861702127659574,0.779487179487179,0.911904761904762,0.890909090909091,0.903125,0.8,0.897826086956522,0.825806451612903,0.760869565217391,0.760526315789474;24;24
Eriksson Staffan;SM medel final-H21 Final;Stora Tuna OK;2916;0.74187;287,99,92,203,56,223,120,424,37,73,195,181,45,156,48,195,44,79,122,47,47,60,45,38;0.91184668989547,0.321212121212121,0.941304347826087,0.852216748768473,0.835714285714286,0.805381165919282,0.83,0.250235849056604,0.8,0.873972602739726,0.541025641025641,0.780662983425414,0.851111111111111,0.991025641025641,0.84375,0.935384615384615,0.870454545454545,0.868354430379747,0.947540983606557,0.919148936170213,0.878723404255319,0.853333333333333,0.777777777777778,0.760526315789474;24;24
Eliasson Lena;SM medel final-D21 Final;Stora Tuna OK;2104;1.01801;333,64,87,90,59,244,25,168,120,59,45,58,169,132,71,35,120,77,72,38,38;1.05572238905572,0.942708333333333,1.05236270753512,1.02962962962963,0.892655367231638,1.04826958105647,0.986666666666667,0.823412698412698,1.11203703703704,1.09792843691149,1.01481481481481,1.06513409961686,1.00657462195924,1.07912457912458,0.998435054773083,1.04126984126984,1.05092592592593,0.877344877344877,1.06635802469136,1.11111111111111,0.950292397660819;21;21
Billstam Annika;SM medel final-D21 Final;OK Linné;2170;0.98705;343,56,104,89,51,263,25,132,123,71,53,61,162,142,78,41,134,81,81,43,37;1.0249433106576,1.07738095238095,0.88034188034188,1.04119850187266,1.03267973856209,0.972539079002957,0.986666666666667,1.0479797979798,1.08491418247516,0.912363067292645,0.861635220125786,1.01275045537341,1.05006858710562,1.00312989045383,0.908831908831909,0.888888888888889,0.941127694859038,0.834019204389575,0.947873799725651,0.981912144702842,0.975975975975976;21;21
Persson Lina;SM medel final-D21 Final;OK Skogsfalken;2215;0.96699;357,80,92,103,53,256,25,141,145,66,49,65,175,147,70,38,131,66,78,43,35;0.984749455337691,0.754166666666667,0.995169082125604,0.899676375404531,0.993710691823899,0.999131944444444,0.986666666666667,0.981087470449173,0.920306513409962,0.981481481481481,0.931972789115646,0.95042735042735,0.972063492063492,0.969009826152683,1.01269841269841,0.95906432748538,0.962680237489398,1.02356902356902,0.984330484330484,0.981912144702842,1.03174603174603;21;21
Jansson Helena;SM medel final-D21 Final;IF Hagen;2227;0.96178;369,64,106,91,53,248,34,136,147,68,49,65,165,138,112,35,122,76,68,43,38;0.952725082806384,0.942708333333333,0.863731656184486,1.01831501831502,0.993710691823899,1.03136200716846,0.725490196078431,1.0171568627451,0.907785336356765,0.952614379084967,0.931972789115646,0.95042735042735,1.03097643097643,1.03220611916264,0.632936507936508,1.04126984126984,1.03369763205829,0.888888888888889,1.12908496732026,0.981912144702842,0.950292397660819;21;21
Borg Katarina;SM medel final-D21 Final;Södertälje-Nykvarn OF;2239;0.95663;360,72,92,95,54,261,51,134,149,63,49,59,177,149,72,37,131,66,87,44,37;0.976543209876543,0.837962962962963,0.995169082125604,0.975438596491228,0.975308641975309,0.979991485738612,0.483660130718954,1.03233830845771,0.895600298284862,1.02821869488536,0.931972789115646,1.04708097928437,0.961079723791588,0.956002982848621,0.984567901234568,0.984984984984985,0.962680237489398,1.02356902356902,0.88250319284802,0.95959595959596,0.975975975975976;21;21
Engstrand Emma;SM medel final-D21 Final;Stora Tuna OK;2240;0.95620;351,60,96,96,50,266,25,149,141,67,45,72,187,170,68,39,133,69,80,41,35;1.00158277936056,1.00555555555556,0.953703703703704,0.965277777777778,1.05333333333333,0.961570593149541,0.986666666666667,0.92841163310962,0.946414499605989,0.966832504145937,1.01481481481481,0.858024691358025,0.909685086155674,0.837908496732026,1.04248366013072,0.934472934472934,0.948203842940685,0.979066022544283,0.959722222222222,1.02981029810298,1.03174603174603;21;21
Svensson Carina;SM medel final-D21 Final;Bredaryds SOK;2298;0.93207;388,63,105,107,54,259,33,153,135,70,52,60,165,168,75,38,130,73,83,46,41;0.906071019473081,0.957671957671958,0.871957671957672,0.866043613707165,0.975308641975309,0.987558987558988,0.747474747474748,0.904139433551198,0.988477366255144,0.925396825396825,0.878205128205128,1.02962962962963,1.03097643097643,0.847883597883598,0.945185185185185,0.95906432748538,0.97008547008547,0.925418569254186,0.925033467202142,0.917874396135266,0.880758807588076;21;21
Hellqvist Åsa;SM medel final-D21 Final;OK Skogsfalken;2315;0.92522;351,76,156,102,53,252,26,144,150,66,53,68,187,148,72,41,129,69,81,49,42;1.00158277936056,0.793859649122807,0.586894586894587,0.908496732026144,0.993710691823899,1.01499118165785,0.948717948717949,0.960648148148148,0.88962962962963,0.981481481481481,0.861635220125786,0.908496732026144,0.909685086155674,0.962462462462463,0.984567901234568,0.888888888888889,0.977605512489233,0.979066022544283,0.947873799725651,0.861678004535147,0.85978835978836;21;21
Svärd Gunilla;SM medel final-D21 Final;IF Thor;2318;0.92402;369,62,104,94,56,263,23,149,155,65,50,74,175,159,79,39,149,83,87,45,38;0.952725082806384,0.973118279569892,0.88034188034188,0.98581560283688,0.94047619047619,0.972539079002957,1.07246376811594,0.92841163310962,0.860931899641577,0.996581196581196,0.913333333333333,0.834834834834835,0.972063492063492,0.895877009084556,0.89732770745429,0.934472934472934,0.846383296047726,0.813922356091031,0.88250319284802,0.938271604938272,0.950292397660819;21;21
Dahlstedt Tysk Elin;SM medel final-D21 Final;Leksands OK;2352;0.91067;404,62,103,96,56,301,25,168,151,69,47,69,184,148,72,38,135,68,81,41,34;0.87018701870187,0.973118279569892,0.888888888888889,0.965277777777778,0.94047619047619,0.849760059062385,0.986666666666667,0.823412698412698,0.88373804267844,0.938808373590982,0.971631205673759,0.895330112721417,0.92451690821256,0.962462462462463,0.984567901234568,0.95906432748538,0.934156378600823,0.993464052287582,0.947873799725651,1.02981029810298,1.06209150326797;21;21
Bratt Cecilia;SM medel final-D21 Final;OK Orion;2361;0.90720;352,93,151,96,58,259,29,151,153,79,45,69,187,150,68,38,137,80,84,44,38;0.998737373737374,0.648745519713262,0.606328182487123,0.965277777777778,0.908045977011494,0.987558987558988,0.850574712643678,0.916114790286976,0.872185911401598,0.819971870604782,1.01481481481481,0.895330112721417,0.909685086155674,0.94962962962963,1.04248366013072,0.95906432748538,0.920519059205191,0.844444444444444,0.914021164021164,0.95959595959596,0.950292397660819;21;21
Thomasson Petra;SM medel final-D21 Final;Leksands OK;2364;0.90604;358,125,92,90,84,262,35,137,164,71,48,61,204,131,118,34,121,71,75,43,40;0.981998758535071,0.482666666666667,0.995169082125604,1.02962962962963,0.626984126984127,0.976251060220526,0.704761904761905,1.00973236009732,0.813685636856369,0.912363067292645,0.951388888888889,1.01275045537341,0.833877995642701,1.08736217133164,0.60075329566855,1.0718954248366,1.04224058769513,0.951486697965571,1.0237037037037,0.981912144702842,0.902777777777778;21;21
Andersson Emma;SM medel final-D21 Final;Sävedalens AIK;2371;0.90337;383,60,90,102,61,277,27,147,172,68,48,96,175,159,78,37,132,79,86,55,39;0.917899622860458,1.00555555555556,1.01728395061728,0.908496732026144,0.863387978142076,0.923385479342158,0.91358024691358,0.941043083900227,0.775839793281654,0.952614379084967,0.951388888888889,0.643518518518518,0.972063492063492,0.895877009084556,0.908831908831909,0.984984984984985,0.955387205387205,0.855133614627286,0.892764857881137,0.767676767676768,0.925925925925926;21;21
Johansson Sofie;SM medel final-D21 Final;OK Linné;2377;0.90109;378,73,138,98,56,261,26,144,143,68,46,71,214,163,72,41,141,82,81,44,37;0.930041152263374,0.82648401826484,0.663446054750403,0.945578231292517,0.94047619047619,0.979991485738612,0.948717948717949,0.960648148148148,0.933177933177933,0.952614379084967,0.992753623188406,0.870109546165884,0.794911734164071,0.873892297205181,0.984567901234568,0.888888888888889,0.894405043341214,0.823848238482385,0.947873799725651,0.95959595959596,0.975975975975976;21;21
Magnusson Maria;SM medel final-D21 Final;FK Friskus Varberg;2399;0.89283;381,61,108,102,62,265,32,190,151,71,55,73,172,157,80,45,136,68,99,49,42;0.922717993584135,0.989071038251366,0.847736625514403,0.908496732026144,0.849462365591398,0.965199161425576,0.770833333333333,0.728070175438597,0.88373804267844,0.912363067292645,0.83030303030303,0.846270928462709,0.989018087855297,0.907289455060156,0.886111111111111,0.809876543209876,0.927287581699346,0.993464052287582,0.775533108866442,0.861678004535147,0.85978835978836;21;21
Jurenikova Eva;SM medel final-D21 Final;Domnarvets GOIF;2422;0.88435;360,136,114,103,61,276,27,163,148,68,49,64,198,157,75,41,138,70,89,47,38;0.976543209876543,0.443627450980392,0.803118908382066,0.899676375404531,0.863387978142076,0.926731078904992,0.91358024691358,0.848670756646217,0.901651651651652,0.952614379084967,0.931972789115646,0.965277777777778,0.859147025813693,0.907289455060156,0.945185185185185,0.888888888888889,0.913848631239936,0.965079365079365,0.862671660424469,0.898345153664303,0.950292397660819;21;21
Forsgren Sofia;SM medel final-D21 Final;OK Skogsfalken;2433;0.88035;429,62,106,102,61,289,30,146,143,77,53,70,202,176,76,40,136,68,80,51,36;0.819476819476819,0.973118279569892,0.863731656184486,0.908496732026144,0.863387978142076,0.885044213763937,0.822222222222222,0.947488584474886,0.933177933177933,0.841269841269841,0.861635220125786,0.882539682539683,0.842134213421342,0.809343434343434,0.932748538011696,0.911111111111111,0.927287581699346,0.993464052287582,0.959722222222222,0.827886710239651,1.00308641975309;21;21
Bagge Johansson Jenny;SM medel final-D21 Final;Halmstad OK;2445;0.87603;488,60,107,96,56,262,24,147,153,65,51,78,175,158,78,42,140,81,96,50,38;0.72040072859745,1.00555555555556,0.855659397715473,0.965277777777778,0.94047619047619,0.976251060220526,1.02777777777778,0.941043083900227,0.872185911401598,0.996581196581196,0.895424836601307,0.792022792022792,0.972063492063492,0.90154711673699,0.908831908831909,0.867724867724868,0.900793650793651,0.834019204389575,0.799768518518518,0.844444444444444,0.950292397660819;21;21
Röjgård Jenny;SM medel final-D21 Final;OK Kolmården;2459;0.87104;374,126,95,102,58,274,30,159,145,67,49,72,222,180,73,42,142,73,87,49,40;0.939988116458705,0.478835978835979,0.96374269005848,0.908496732026144,0.908045977011494,0.933495539334955,0.822222222222222,0.870020964360587,0.920306513409962,0.966832504145937,0.931972789115646,0.858024691358025,0.766266266266266,0.791358024691358,0.971080669710807,0.867724867724868,0.88810641627543,0.925418569254186,0.88250319284802,0.861678004535147,0.902777777777778;21;21
Bygdell Johanna;SM medel final-D21 Final;Halmstad OK;2473;0.86611;389,79,95,99,66,273,26,146,152,75,47,68,190,203,116,36,135,91,104,45,38;0.903741788060554,0.763713080168776,0.96374269005848,0.936026936026936,0.797979797979798,0.936914936914937,0.948717948717949,0.947488584474886,0.877923976608187,0.863703703703704,0.971631205673759,0.908496732026144,0.895321637426901,0.701696770662288,0.611111111111111,1.01234567901235,0.934156378600823,0.742368742368742,0.738247863247863,0.938271604938272,0.950292397660819;21;21
Bäckström Lina;SM medel final-D21 Final;OK Linné;2484;0.86227;509,60,142,100,53,271,30,141,159,72,47,65,199,147,92,39,126,71,76,46,39;0.690678891071818,1.00555555555556,0.644757433489828,0.926666666666667,0.993710691823899,0.943829438294383,0.822222222222222,0.981087470449173,0.839273235499651,0.899691358024691,0.971631205673759,0.95042735042735,0.854829704075935,0.969009826152683,0.770531400966184,0.934472934472934,1.00088183421517,0.951486697965571,1.01023391812865,0.917874396135266,0.925925925925926;21;21
Hansson Elisabeth;SM medel final-D21 Final;IFK Lidingös Skid o OK;2528;0.84727;396,65,97,115,64,286,27,155,180,77,51,75,244,167,76,46,151,77,91,49,39;0.887766554433221,0.928205128205128,0.943871706758305,0.805797101449275,0.822916666666667,0.894327894327894,0.91358024691358,0.89247311827957,0.741358024691358,0.841269841269841,0.895424836601307,0.823703703703704,0.697176684881603,0.852960745176314,0.932748538011696,0.792270531400966,0.835172921265636,0.877344877344877,0.843711843711844,0.861678004535147,0.925925925925926;21;21
Svensson Johanna;SM medel final-D21 Final;OK Hällen;2551;0.83963;401,97,104,100,58,324,28,152,181,72,54,67,213,179,83,42,137,79,92,48,40;0.876697146023829,0.621993127147766,0.88034188034188,0.926666666666667,0.908045977011494,0.789437585733882,0.880952380952381,0.910087719298246,0.737262124002456,0.899691358024691,0.845679012345679,0.922056384742952,0.798643714136672,0.795779019242706,0.854082998661312,0.867724867724868,0.920519059205191,0.855133614627286,0.834541062801932,0.87962962962963,0.902777777777778;21;21
Öhlund Eva;SM medel final-D21 Final;Ulricehamns OK;2553;0.83897;395,105,131,99,57,287,29,187,142,75,47,78,180,161,78,57,142,111,101,52,39;0.890014064697609,0.574603174603175,0.698897370653096,0.936026936026936,0.923976608187134,0.89121176926055,0.850574712643678,0.739750445632799,0.939749608763693,0.863703703703704,0.971631205673759,0.792022792022792,0.945061728395062,0.884748102139407,0.908831908831909,0.639376218323587,0.88810641627543,0.608608608608609,0.76017601760176,0.811965811965812,0.925925925925926;21;21
Wikström Holmgren Ida;SM medel final-D21 Final;IFK Lidingös Skid o OK;2559;0.83700;439,69,99,95,58,269,27,136,134,116,45,78,180,313,90,39,136,64,81,50,41;0.800809921538851,0.8743961352657,0.924803591470258,0.975438596491228,0.908045977011494,0.950846757538207,0.91358024691358,1.0171568627451,0.995854063018242,0.558429118773946,1.01481481481481,0.792022792022792,0.945061728395062,0.45509407170749,0.787654320987654,0.934472934472934,0.927287581699346,1.05555555555556,0.947873799725651,0.844444444444444,0.880758807588076;21;21
Sand Malin;SM medel final-D21 Final;IFK Lidingös Skid o OK;2570;0.83342;359,114,185,128,53,326,28,168,124,74,47,70,204,182,74,45,138,75,88,48,40;0.979263385948623,0.529239766081871,0.494894894894895,0.723958333333333,0.993710691823899,0.784594410361282,0.880952380952381,0.823412698412698,1.07616487455197,0.875375375375375,0.971631205673759,0.882539682539683,0.833877995642701,0.782661782661783,0.957957957957958,0.809876543209876,0.913848631239936,0.900740740740741,0.872474747474747,0.87962962962963,0.902777777777778;21;21
Engström Josefine;SM medel final-D21 Final;Alfta-Ösa OK;2574;0.83212;374,76,88,102,120,351,24,164,149,72,51,76,193,197,77,44,137,99,89,51,40;0.939988116458705,0.793859649122807,1.04040404040404,0.908496732026144,0.438888888888889,0.728711617600507,1.02777777777778,0.84349593495935,0.895600298284862,0.899691358024691,0.895424836601307,0.812865497076023,0.881404720782959,0.723068245910886,0.920634920634921,0.828282828282828,0.920519059205191,0.682379349046016,0.862671660424469,0.827886710239651,0.902777777777778;21;21
Carlsson Anette;SM medel final-D21 Final;KFUM Örebro OK;2574;0.83212;464,65,102,131,62,323,29,165,139,65,44,75,190,162,75,43,148,120,91,45,36;0.757662835249042,0.928205128205128,0.89760348583878,0.707379134860051,0.849462365591398,0.79188166494668,0.850574712643678,0.838383838383838,0.960031974420464,0.996581196581196,1.03787878787879,0.823703703703704,0.895321637426901,0.879286694101509,0.945185185185185,0.847545219638243,0.852102102102102,0.562962962962963,0.843711843711844,0.938271604938272,1.00308641975309;21;21
Berglund Camilla;SM medel final-D21 Final;Sävedalens AIK;2596;0.82507;414,63,156,94,56,322,29,157,158,79,50,79,215,209,73,47,133,77,93,54,38;0.849168008588298,0.957671957671958,0.586894586894587,0.98581560283688,0.94047619047619,0.794340924775707,0.850574712643678,0.881104033970276,0.844585091420535,0.819971870604782,0.913333333333333,0.781997187060478,0.791214470284238,0.681552365762892,0.971080669710807,0.775413711583924,0.948203842940685,0.877344877344877,0.825567502986858,0.781893004115226,0.950292397660819;21;21
Sjölander Elin;SM medel final-D21 Final;OK Rodhen;2619;0.81783;395,69,121,125,61,374,30,184,153,77,58,70,190,180,82,43,137,89,89,49,43;0.890014064697609,0.8743961352657,0.756657483930211,0.741333333333333,0.863387978142076,0.68389780154486,0.822222222222222,0.751811594202899,0.872185911401598,0.841269841269841,0.78735632183908,0.882539682539683,0.895321637426901,0.791358024691358,0.86449864498645,0.847545219638243,0.920519059205191,0.759051186017478,0.862671660424469,0.861678004535147,0.839793281653747;21;21
Alvmyren Ingela;SM medel final-D21 Final;Halmstad OK;2658;0.80583;433,67,110,118,55,308,28,175,199,75,56,74,207,203,85,44,155,83,92,51,40;0.811906594816525,0.900497512437811,0.832323232323232,0.785310734463277,0.957575757575758,0.83044733044733,0.880952380952381,0.790476190476191,0.670575097710776,0.863703703703704,0.81547619047619,0.834834834834835,0.821792807300054,0.701696770662288,0.833986928104575,0.828282828282828,0.813620071684588,0.813922356091031,0.834541062801932,0.827886710239651,0.902777777777778;21;21
Göthfors Louise;SM medel final-D21 Final;Göteborg-Majorna OK;2662;0.80462;405,148,117,124,61,295,27,157,176,74,53,75,227,170,84,52,145,87,94,49,42;0.86803840877915,0.407657657657658,0.782526115859449,0.747311827956989,0.863387978142076,0.867043314500942,0.91358024691358,0.881104033970276,0.758207070707071,0.875375375375375,0.861635220125786,0.823703703703704,0.749388154674498,0.837908496732026,0.843915343915344,0.700854700854701,0.869731800766284,0.776500638569604,0.816784869976359,0.861678004535147,0.85978835978836;21;21
Saetre Lotta;SM medel final-D21 Final;OK Orinto;2748;0.77944;465,93,292,110,62,313,35,173,157,85,50,80,173,149,80,46,136,74,86,48,41;0.756033452807646,0.648745519713262,0.313546423135464,0.842424242424243,0.849462365591398,0.817181398651047,0.704761904761905,0.799614643545279,0.849964614295825,0.762091503267974,0.913333333333333,0.772222222222222,0.98330122029544,0.956002982848621,0.886111111111111,0.792270531400966,0.927287581699346,0.912912912912913,0.892764857881137,0.87962962962963,0.880758807588076;21;21
Nordkvist Eva;SM medel final-D21 Final;Leksands OK;2750;0.77887;419,66,93,141,57,462,27,154,165,70,52,86,197,192,102,42,154,78,95,53,45;0.839034738796075,0.914141414141414,0.984468339307049,0.657210401891253,0.923976608187134,0.553631553631554,0.91358024691358,0.898268398268398,0.808754208754209,0.925396825396825,0.878205128205128,0.718346253229974,0.86350817822899,0.741898148148148,0.694989106753813,0.867724867724868,0.818903318903319,0.866096866096866,0.808187134502924,0.79664570230608,0.802469135802469;21;21
Skog Kicki;SM medel final-D21 Final;Tullinge SK;2832;0.75632;421,95,115,110,71,290,34,154,154,74,50,63,178,190,385,65,125,89,83,45,41;0.835048825547638,0.635087719298246,0.796135265700483,0.842424242424243,0.741784037558685,0.881992337164751,0.725490196078431,0.898268398268398,0.866522366522367,0.875375375375375,0.913333333333333,0.980599647266314,0.955680399500624,0.749707602339181,0.184126984126984,0.560683760683761,1.00888888888889,0.759051186017478,0.925033467202142,0.938271604938272,0.880758807588076;21;21
Påhlstorp Annica;SM medel final-D21 Final;IFK Göteborg;3167;0.67631;613,68,109,107,60,574,34,171,159,80,56,78,263,227,91,47,153,77,99,57,44;0.573500090628965,0.887254901960784,0.839959225280326,0.866043613707165,0.877777777777778,0.445605884630275,0.725490196078431,0.808966861598441,0.839273235499651,0.809722222222222,0.81547619047619,0.792022792022792,0.646810308407267,0.627508565834557,0.778998778998779,0.775413711583924,0.824255628177197,0.877344877344877,0.775533108866442,0.740740740740741,0.820707070707071;21;21
Östlin Anton;SM medel final-H20 Final;Linköpings OK;2007;0.99084;254,77,96,104,111,191,32,115,46,144,39,161,44,202,56,139,61,68,35,32;1.02017716535433,1.01623376623377,0.97265625,0.991586538461538,1.03040540540541,1.02683246073298,0.98046875,1.02717391304348,1.04619565217391,0.9921875,1.01602564102564,1.02950310559006,0.940340909090909,0.866955445544555,0.979910714285714,0.98021582733813,0.909836065573771,1.02205882352941,1.05,0.90625;20;20
Karlsson Patrik;SM medel final-H20 Final;Växjö OK;2031;0.97914;260,74,90,99,110,232,30,132,71,142,38,170,39,174,55,128,58,66,35,28;0.996634615384615,1.05743243243243,1.0375,1.04166666666667,1.03977272727273,0.845366379310345,1.04583333333333,0.894886363636364,0.677816901408451,1.00616197183099,1.04276315789474,0.975,1.06089743589744,1.00646551724138,0.997727272727273,1.064453125,0.956896551724138,1.0530303030303,1.05,1.03571428571429;20;20
Aronsson Johan;SM medel final-H20 Final;OK Tisaren;2078;0.95699;256,93,88,109,136,198,32,125,53,144,43,170,50,195,53,138,59,72,36,28;1.01220703125,0.841397849462366,1.06107954545455,0.946100917431193,0.840992647058823,0.990530303030303,0.98046875,0.945,0.908018867924528,0.9921875,0.921511627906977,0.975,0.8275,0.898076923076923,1.03537735849057,0.98731884057971,0.940677966101695,0.965277777777778,1.02083333333333,1.03571428571429;20;20
Martner Ola;SM medel final-H20 Final;Göteborg-Majorna OK;2090;0.95150;261,133,89,109,124,192,31,120,51,145,42,180,42,167,56,144,58,73,42,31;0.992816091954023,0.588345864661654,1.04915730337079,0.946100917431193,0.922379032258065,1.021484375,1.01209677419355,0.984375,0.943627450980392,0.985344827586207,0.943452380952381,0.920833333333333,0.985119047619048,1.04865269461078,0.979910714285714,0.946180555555556,0.956896551724138,0.952054794520548,0.875,0.935483870967742;20;20
Liljequist Erik;SM medel final-H20 Final;OK Älme;2105;0.94471;290,97,101,107,127,194,30,131,47,139,46,171,45,174,57,145,56,76,38,34;0.893534482758621,0.806701030927835,0.92450495049505,0.963785046728972,0.900590551181102,1.01095360824742,1.04583333333333,0.901717557251908,1.02393617021277,1.02787769784173,0.861413043478261,0.969298245614035,0.919444444444444,1.00646551724138,0.962719298245614,0.939655172413793,0.991071428571429,0.914473684210526,0.967105263157895,0.852941176470588;20;20
Kristensson Mikael;SM medel final-H20 Final;OK Torfinn;2124;0.93626;283,99,101,101,121,238,37,116,49,144,41,162,49,198,56,135,61,68,35,30;0.915636042402827,0.79040404040404,0.92450495049505,1.0210396039604,0.945247933884298,0.824054621848739,0.847972972972973,1.01831896551724,0.982142857142857,0.9921875,0.966463414634146,1.02314814814815,0.844387755102041,0.884469696969697,0.979910714285714,1.00925925925926,0.909836065573771,1.02205882352941,1.05,0.966666666666667;20;20
Andersson Emil;SM medel final-H20 Final;Ärla IF;2125;0.93582;266,83,100,107,119,210,34,126,68,136,42,182,45,175,60,140,94,66,39,33;0.974154135338346,0.942771084337349,0.93375,0.963785046728972,0.961134453781513,0.933928571428571,0.922794117647059,0.9375,0.707720588235294,1.05055147058824,0.943452380952381,0.910714285714286,0.919444444444444,1.00071428571429,0.914583333333333,0.973214285714286,0.590425531914894,1.0530303030303,0.942307692307692,0.878787878787879;20;20
Kodeda Stepan;SM medel final-H20 Final;IFK Moras OK;2131;0.93319;283,78,99,103,121,199,101,120,51,150,42,156,44,181,53,144,56,80,40,30;0.915636042402827,1.00320512820513,0.943181818181818,1.00121359223301,0.945247933884298,0.985552763819096,0.310643564356436,0.984375,0.943627450980392,0.9525,0.943452380952381,1.0625,0.940340909090909,0.967541436464088,1.03537735849057,0.946180555555556,0.991071428571429,0.86875,0.91875,0.966666666666667;20;20
Pettersson Erik;SM medel final-H20 Final;Visborgs OK;2157;0.92194;260,82,96,108,124,214,37,128,58,153,46,176,43,182,59,138,102,77,42,32;0.996634615384615,0.954268292682927,0.97265625,0.954861111111111,0.922379032258065,0.916471962616822,0.847972972972973,0.9228515625,0.829741379310345,0.933823529411765,0.861413043478261,0.941761363636364,0.962209302325581,0.962225274725275,0.930084745762712,0.98731884057971,0.544117647058823,0.902597402597403,0.875,0.90625;20;20
Krajcik Michal;SM medel final-H20 Final;OK Orion;2164;0.91896;262,105,100,112,119,212,39,125,53,171,44,169,49,182,59,147,72,75,38,31;0.989026717557252,0.745238095238095,0.93375,0.920758928571429,0.961134453781513,0.925117924528302,0.80448717948718,0.945,0.908018867924528,0.835526315789474,0.900568181818182,0.980769230769231,0.844387755102041,0.962225274725275,0.930084745762712,0.92687074829932,0.770833333333333,0.926666666666667,0.967105263157895,0.935483870967742;20;20
Leo Rasmus;SM medel final-H20 Final;Bredaryds SOK;2168;0.91726;276,104,97,124,130,202,35,112,58,153,42,191,45,199,56,138,59,72,43,32;0.938858695652174,0.752403846153846,0.962628865979381,0.831653225806452,0.879807692307692,0.970915841584158,0.896428571428571,1.0546875,0.829741379310345,0.933823529411765,0.943452380952381,0.867801047120419,0.919444444444444,0.880025125628141,0.979910714285714,0.98731884057971,0.940677966101695,0.965277777777778,0.854651162790698,0.90625;20;20
Eriksson Petter;SM medel final-H20 Final;OK Rodhen;2174;0.91473;271,81,98,113,122,218,35,122,46,158,44,221,36,175,61,148,63,88,41,33;0.956180811808118,0.966049382716049,0.95280612244898,0.912610619469027,0.9375,0.899655963302752,0.896428571428571,0.968237704918033,1.04619565217391,0.904272151898734,0.900568181818182,0.75,1.14930555555556,1.00071428571429,0.899590163934426,0.920608108108108,0.880952380952381,0.789772727272727,0.896341463414634,0.878787878787879;20;20
Stensson-Bohman Oskar;SM medel final-H20 Final;Nybro OK;2199;0.90433;273,79,102,106,113,205,34,127,51,162,48,167,140,185,62,139,55,73,44,34;0.949175824175824,0.990506329113924,0.915441176470588,0.972877358490566,1.01216814159292,0.956707317073171,0.922794117647059,0.93011811023622,0.943627450980392,0.881944444444444,0.825520833333333,0.99251497005988,0.295535714285714,0.946621621621622,0.88508064516129,0.98021582733813,1.00909090909091,0.952054794520548,0.835227272727273,0.852941176470588;20;20
Andersson Mattias;SM medel final-H20 Final;OK Tisaren;2202;0.90310;260,121,100,114,124,200,44,129,50,156,45,180,57,216,57,148,52,73,43,33;0.996634615384615,0.646694214876033,0.93375,0.904605263157895,0.922379032258065,0.980625,0.713068181818182,0.915697674418605,0.9625,0.915865384615385,0.880555555555556,0.920833333333333,0.725877192982456,0.810763888888889,0.962719298245614,0.920608108108108,1.06730769230769,0.952054794520548,0.854651162790698,0.878787878787879;20;20
Coombs Duncan;SM medel final-H20 Final;OK Tyr;2205;0.90187;301,83,100,112,125,194,35,124,49,152,42,182,62,215,58,148,77,75,41,30;0.860880398671096,0.942771084337349,0.93375,0.920758928571429,0.915,1.01095360824742,0.896428571428571,0.952620967741935,0.982142857142857,0.939967105263158,0.943452380952381,0.910714285714286,0.667338709677419,0.81453488372093,0.946120689655172,0.920608108108108,0.720779220779221,0.926666666666667,0.896341463414634,0.966666666666667;20;20
Lingfors David;SM medel final-H20 Final;IK Hakarpspojkarna;2228;0.89256;272,90,109,111,158,204,31,130,56,164,47,196,43,200,59,147,58,78,41,34;0.952665441176471,0.869444444444444,0.856651376146789,0.929054054054054,0.723892405063291,0.961397058823529,1.01209677419355,0.908653846153846,0.859375,0.871189024390244,0.843085106382979,0.845663265306122,0.962209302325581,0.875625,0.930084745762712,0.92687074829932,0.956896551724138,0.891025641025641,0.896341463414634,0.852941176470588;20;20
Eliasson Mikael;SM medel final-H20 Final;Göteborg-Majorna OK;2234;0.89016;288,89,114,110,129,228,39,129,52,158,45,188,52,193,60,148,62,75,47,28;0.899739583333333,0.879213483146067,0.819078947368421,0.9375,0.886627906976744,0.860197368421053,0.80448717948718,0.915697674418605,0.925480769230769,0.904272151898734,0.880555555555556,0.881648936170213,0.795673076923077,0.907383419689119,0.914583333333333,0.920608108108108,0.895161290322581,0.926666666666667,0.781914893617021,1.03571428571429;20;20
Johansson Markus;SM medel final-H20 Final;IFK Göteborg;2240;0.88778;269,80,97,110,113,271,33,139,49,161,40,203,44,207,58,152,58,79,44,33;0.963289962825279,0.978125,0.962628865979381,0.9375,1.01216814159292,0.723708487084871,0.950757575757576,0.849820143884892,0.982142857142857,0.887422360248447,0.990625,0.816502463054187,0.940340909090909,0.846014492753623,0.946120689655172,0.896381578947368,0.956896551724138,0.879746835443038,0.835227272727273,0.878787878787879;20;20
Eriksson Johan;SM medel final-H20 Final;Gävle OK;2282;0.87144;286,99,107,107,113,248,34,153,60,173,39,214,49,181,57,149,73,74,38,28;0.906031468531469,0.79040404040404,0.872663551401869,0.963785046728972,1.01216814159292,0.790826612903226,0.922794117647059,0.772058823529412,0.802083333333333,0.825867052023121,1.01602564102564,0.774532710280374,0.844387755102041,0.967541436464088,0.962719298245614,0.914429530201342,0.76027397260274,0.939189189189189,0.967105263157895,1.03571428571429;20;20
Serrander Niklas;SM medel final-H20 Final;Södertälje-Nykvarn OF;2316;0.85865;326,84,103,109,124,223,37,125,54,161,39,190,46,257,59,161,60,88,40,30;0.794861963190184,0.931547619047619,0.906553398058252,0.946100917431193,0.922379032258065,0.879484304932735,0.847972972972973,0.945,0.891203703703704,0.887422360248447,1.01602564102564,0.872368421052632,0.89945652173913,0.681420233463035,0.930084745762712,0.846273291925466,0.925,0.789772727272727,0.91875,0.966666666666667;20;20
Olofsson-Bierfe. Niklas;SM medel final-H20 Final;Ärla IF;2337;0.85093;287,82,123,118,127,214,107,129,53,151,40,207,67,198,61,159,54,81,45,34;0.90287456445993,0.954268292682927,0.759146341463415,0.873940677966102,0.900590551181102,0.916471962616822,0.293224299065421,0.915697674418605,0.908018867924528,0.946192052980132,0.990625,0.800724637681159,0.617537313432836,0.884469696969697,0.899590163934426,0.856918238993711,1.02777777777778,0.858024691358025,0.816666666666667,0.852941176470588;20;20
Andersson Mikael;SM medel final-H20 Final;Korsnäs IF OK;2357;0.84371;320,93,116,120,152,267,35,116,54,172,45,200,43,192,58,155,62,81,41,35;0.809765625,0.841397849462366,0.804956896551724,0.859375,0.752467105263158,0.734550561797753,0.896428571428571,1.01831896551724,0.891203703703704,0.830668604651163,0.880555555555556,0.82875,0.962209302325581,0.912109375,0.946120689655172,0.879032258064516,0.895161290322581,0.858024691358025,0.896341463414634,0.828571428571429;20;20
Andersson Simon;SM medel final-H20 Final;Forsa OK;2366;0.84050;282,90,124,118,130,217,35,168,51,174,45,281,55,174,59,150,55,78,43,37;0.918882978723404,0.869444444444444,0.753024193548387,0.873940677966102,0.879807692307692,0.903801843317972,0.896428571428571,0.703125,0.943627450980392,0.821120689655172,0.880555555555556,0.589857651245552,0.752272727272727,1.00646551724138,0.930084745762712,0.908333333333333,1.00909090909091,0.891025641025641,0.854651162790698,0.783783783783784;20;20
Benes Jan;SM medel final-H20 Final;Rehns BK;2373;0.83802;274,75,101,99,164,234,35,124,52,149,41,236,41,306,54,135,109,71,41,32;0.945711678832117,1.04333333333333,0.92450495049505,1.04166666666667,0.697408536585366,0.838141025641026,0.896428571428571,0.952620967741935,0.925480769230769,0.958892617449664,0.966463414634146,0.702330508474576,1.00914634146341,0.572303921568627,1.0162037037037,1.00925925925926,0.509174311926605,0.97887323943662,0.896341463414634,0.90625;20;20
Larsson Jimmy;SM medel final-H20 Final;Malungs OK Skogsmårdarna;2385;0.83381;260,82,105,106,117,237,76,240,49,160,41,173,45,269,59,151,60,77,45,33;0.996634615384615,0.954268292682927,0.889285714285714,0.972877358490566,0.977564102564103,0.82753164556962,0.412828947368421,0.4921875,0.982142857142857,0.89296875,0.966463414634146,0.958092485549133,0.919444444444444,0.651022304832714,0.930084745762712,0.902317880794702,0.925,0.902597402597403,0.816666666666667,0.878787878787879;20;20
Tengvall Emil;SM medel final-H20 Final;Vänersborgs SK;2387;0.83311;304,101,107,113,119,235,41,128,82,175,42,223,47,201,62,167,74,83,48,35;0.852384868421053,0.774752475247525,0.872663551401869,0.912610619469027,0.961134453781513,0.834574468085106,0.765243902439024,0.9228515625,0.586890243902439,0.816428571428571,0.943452380952381,0.743273542600897,0.88031914893617,0.871268656716418,0.88508064516129,0.815868263473054,0.75,0.837349397590361,0.765625,0.828571428571429;20;20
Ivarsson Sandberg Erik;SM medel final-H20 Final;OK Denseln;2425;0.82005;296,94,107,119,150,214,37,155,58,182,43,215,104,199,63,167,66,83,42,31;0.875422297297297,0.832446808510638,0.872663551401869,0.866596638655462,0.7625,0.916471962616822,0.847972972972973,0.762096774193548,0.829741379310345,0.785027472527473,0.921511627906977,0.77093023255814,0.397836538461538,0.880025125628141,0.871031746031746,0.815868263473054,0.840909090909091,0.837349397590361,0.875,0.935483870967742;20;20
Andersson Johan;SM medel final-H20 Final;Järla IF OK;2440;0.81501;280,160,94,116,122,201,32,155,54,163,43,227,141,181,62,169,65,80,50,45;0.925446428571429,0.4890625,0.993351063829787,0.889008620689655,0.9375,0.975746268656716,0.98046875,0.762096774193548,0.891203703703704,0.876533742331288,0.921511627906977,0.730176211453744,0.293439716312057,0.967541436464088,0.88508064516129,0.806213017751479,0.853846153846154,0.86875,0.735,0.644444444444444;20;20
Kalered Emil;SM medel final-H20 Final;Skogspojkarnas OK;2489;0.79897;298,111,108,124,121,311,36,132,56,192,46,230,59,210,60,153,94,75,43,30;0.869546979865772,0.704954954954955,0.864583333333333,0.831653225806452,0.945247933884298,0.630627009646302,0.871527777777778,0.894886363636364,0.859375,0.744140625,0.861413043478261,0.720652173913043,0.701271186440678,0.833928571428571,0.914583333333333,0.890522875816993,0.590425531914894,0.926666666666667,0.854651162790698,0.966666666666667;20;20
Jansson Elsa;SM medel final-D20 Final;Främmestads IK;1953;0.98445;398,68,77,136,28,194,120,171,43,145,41,128,75,67,50,60,80,40,32;1.0213567839196,0.952205882352941,0.814935064935065,1.03033088235294,0.946428571428571,0.97229381443299,0.676041666666667,0.982456140350877,1.09593023255814,1.03275862068966,0.990853658536585,0.9599609375,1.08833333333333,1.03171641791045,1.055,0.975,1.0265625,1.128125,1.08203125;19;19
Eskilsson Sara;SM medel final-D20 Final;Haninge SOK;1985;0.96858;393,84,68,146,28,197,83,151,48,194,39,119,83,74,53,62,79,45,39;1.03435114503817,0.770833333333333,0.922794117647059,0.959760273972603,0.946428571428571,0.95748730964467,0.977409638554217,1.11258278145695,0.981770833333333,0.771907216494845,1.04166666666667,1.03256302521008,0.983433734939759,0.934121621621622,0.995283018867924,0.943548387096774,1.03955696202532,1.00277777777778,0.887820512820513;19;19
Strand Lina;SM medel final-D20 Final;Göteborg-Majorna OK;2064;0.93150;433,70,81,160,26,179,87,188,48,181,45,116,102,72,57,56,82,45,36;0.938799076212471,0.925,0.774691358024691,0.87578125,1.01923076923077,1.05377094972067,0.932471264367816,0.893617021276596,0.981770833333333,0.827348066298343,0.902777777777778,1.05926724137931,0.800245098039216,0.960069444444444,0.925438596491228,1.04464285714286,1.0015243902439,1.00277777777778,0.961805555555556;19;19
Adolfsson Sofia;SM medel final-D20 Final;OK Kåre;2084;0.92256;417,91,104,136,28,199,82,178,49,144,50,133,109,80,57,63,79,46,39;0.974820143884892,0.711538461538462,0.603365384615385,1.03033088235294,0.946428571428571,0.94786432160804,0.989329268292683,0.943820224719101,0.961734693877551,1.03993055555556,0.8125,0.923872180451128,0.748853211009174,0.8640625,0.925438596491228,0.928571428571429,1.03955696202532,0.980978260869565,0.887820512820513;19;19
Karlsson Martina;SM medel final-D20 Final;IK Hakarpspojkarna;2085;0.92212;396,60,69,140,26,211,82,199,49,171,43,136,85,73,59,112,88,47,39;1.02651515151515,1.07916666666667,0.909420289855073,1.00089285714286,1.01923076923077,0.893957345971564,0.989329268292683,0.844221105527638,0.961734693877551,0.875730994152047,0.944767441860465,0.903492647058823,0.960294117647059,0.946917808219178,0.894067796610169,0.522321428571429,0.933238636363636,0.960106382978723,0.887820512820513;19;19
Sundqvist Lina;SM medel final-D20 Final;OK Kåre;2091;0.91948;398,93,82,153,29,210,90,199,45,165,48,124,90,76,53,63,86,50,37;1.0213567839196,0.696236559139785,0.765243902439024,0.915849673202614,0.913793103448276,0.898214285714286,0.901388888888889,0.844221105527638,1.04722222222222,0.907575757575758,0.846354166666667,0.990927419354839,0.906944444444444,0.909539473684211,0.995283018867924,0.928571428571429,0.954941860465116,0.9025,0.935810810810811;19;19
Bakkman Frida;SM medel final-D20 Final;SOK Viljan;2116;0.90861;427,69,159,153,27,192,89,158,51,172,49,127,87,72,54,59,83,48,40;0.951990632318501,0.938405797101449,0.394654088050314,0.915849673202614,0.981481481481482,0.982421875,0.911516853932584,1.06329113924051,0.924019607843137,0.870639534883721,0.829081632653061,0.96751968503937,0.938218390804598,0.960069444444444,0.976851851851852,0.991525423728814,0.989457831325301,0.940104166666667,0.865625;19;19
Krisoffersson Elin;SM medel final-D20 Final;Alfta-Ösa OK;2126;0.90434;445,78,76,146,30,183,79,215,53,159,48,124,83,101,71,61,92,48,34;0.913483146067416,0.830128205128205,0.825657894736842,0.959760273972603,0.883333333333333,1.03073770491803,1.02689873417722,0.781395348837209,0.889150943396226,0.941823899371069,0.846354166666667,0.990927419354839,0.983433734939759,0.684405940594059,0.742957746478873,0.959016393442623,0.892663043478261,0.940104166666667,1.01838235294118;19;19
Johnsson Linnéa;SM medel final-D20 Final;OK Nackhe;2198;0.87472;502,59,79,147,26,191,91,212,51,178,39,133,83,71,59,101,89,49,38;0.809760956175299,1.09745762711864,0.794303797468354,0.953231292517007,1.01923076923077,0.987565445026178,0.891483516483517,0.792452830188679,0.924019607843137,0.841292134831461,1.04166666666667,0.923872180451128,0.983433734939759,0.973591549295775,0.894067796610169,0.579207920792079,0.922752808988764,0.920918367346939,0.911184210526316;19;19
Svensson Eva;SM medel final-D20 Final;IFK Moras OK;2216;0.86761;434,81,93,158,30,265,99,163,50,157,82,138,98,69,56,68,96,42,37;0.936635944700461,0.799382716049383,0.674731182795699,0.886867088607595,0.883333333333333,0.711792452830189,0.819444444444444,1.03067484662577,0.9425,0.953821656050955,0.495426829268293,0.890398550724638,0.832908163265306,1.0018115942029,0.941964285714286,0.860294117647059,0.85546875,1.07440476190476,0.935810810810811;19;19
Jonsson Maria;SM medel final-D20 Final;Midälva OK;2219;0.86644;444,114,106,143,34,219,91,186,48,159,45,138,89,82,63,88,92,48,30;0.915540540540541,0.567982456140351,0.591981132075472,0.979895104895105,0.779411764705882,0.861301369863014,0.891483516483517,0.903225806451613,0.981770833333333,0.941823899371069,0.902777777777778,0.890398550724638,0.917134831460674,0.842987804878049,0.837301587301587,0.664772727272727,0.892663043478261,0.940104166666667,1.15416666666667;19;19
Hallberg Johanna;SM medel final-D20 Final;IFK Moras OK;2222;0.86527;477,67,70,150,36,201,89,244,49,181,70,125,90,76,54,61,91,52,39;0.852201257861635,0.966417910447761,0.896428571428571,0.934166666666667,0.736111111111111,0.938432835820896,0.911516853932584,0.688524590163934,0.961734693877551,0.827348066298343,0.580357142857143,0.983,0.906944444444444,0.909539473684211,0.976851851851852,0.959016393442623,0.902472527472527,0.867788461538462,0.887820512820513;19;19
Gustavsson Caroline;SM medel final-D20 Final;Istrums SK;2235;0.86023;506,81,121,152,31,186,93,176,50,138,59,202,85,66,62,56,81,51,39;0.803359683794466,0.799382716049383,0.518595041322314,0.921875,0.854838709677419,1.01411290322581,0.872311827956989,0.954545454545455,0.9425,1.08514492753623,0.688559322033898,0.608292079207921,0.960294117647059,1.04734848484848,0.850806451612903,1.04464285714286,1.01388888888889,0.884803921568627,0.887820512820513;19;19
Carlsson Josefine;SM medel final-D20 Final;SOK Viljan;2291;0.83921;455,115,120,175,27,191,106,179,53,165,41,147,101,80,72,76,95,54,39;0.893406593406593,0.56304347826087,0.522916666666667,0.800714285714286,0.981481481481482,0.987565445026178,0.765330188679245,0.93854748603352,0.889150943396226,0.907575757575758,0.990853658536585,0.835884353741497,0.808168316831683,0.8640625,0.732638888888889,0.769736842105263,0.864473684210526,0.835648148148148,0.887820512820513;19;19
Sand Malin;SM medel final-D20 Final;OK Tisaren;2308;0.83303;453,132,122,150,32,202,91,184,51,199,42,147,103,80,72,68,91,51,38;0.897350993377483,0.490530303030303,0.514344262295082,0.934166666666667,0.828125,0.933787128712871,0.891483516483517,0.91304347826087,0.924019607843137,0.75251256281407,0.967261904761905,0.835884353741497,0.79247572815534,0.8640625,0.732638888888889,0.860294117647059,0.902472527472527,0.884803921568627,0.911184210526316;19;19
Arvidssson Maria;SM medel final-D20 Final;Kalmar OK;2312;0.83159;491,67,60,153,67,334,76,168,52,159,44,199,74,72,54,66,88,48,40;0.827902240325866,0.966417910447761,1.04583333333333,0.915849673202614,0.395522388059701,0.564745508982036,1.06743421052632,1,0.90625,0.941823899371069,0.923295454545455,0.617462311557789,1.10304054054054,0.960069444444444,0.976851851851852,0.886363636363636,0.933238636363636,0.940104166666667,0.865625;19;19
Börjars Linnea;SM medel final-D20 Final;Kils OK;2321;0.82836;474,85,77,147,29,235,85,240,54,166,55,142,142,68,65,77,92,50,38;0.857594936708861,0.761764705882353,0.814935064935065,0.953231292517007,0.913793103448276,0.802659574468085,0.954411764705882,0.7,0.872685185185185,0.90210843373494,0.738636363636364,0.865316901408451,0.574823943661972,1.01654411764706,0.811538461538462,0.75974025974026,0.892663043478261,0.9025,0.911184210526316;19;19
Eriksson Sanna;SM medel final-D20 Final;IF Rigor;2323;0.82765;622,61,79,139,27,193,98,207,49,176,41,136,85,71,59,105,87,50,38;0.653536977491961,1.06147540983607,0.794303797468354,1.00809352517986,0.981481481481482,0.977331606217617,0.82780612244898,0.811594202898551,0.961734693877551,0.850852272727273,0.990853658536585,0.903492647058823,0.960294117647059,0.973591549295775,0.894067796610169,0.557142857142857,0.943965517241379,0.9025,0.911184210526316;19;19
Persson Karin;SM medel final-D20 Final;Hagaby GoIF;2335;0.82339;420,68,64,151,30,259,95,186,287,137,42,122,96,72,59,63,89,51,44;0.967857142857143,0.952205882352941,0.98046875,0.927980132450331,0.883333333333333,0.728281853281853,0.853947368421053,0.903225806451613,0.164198606271777,1.09306569343066,0.967261904761905,1.00717213114754,0.850260416666667,0.960069444444444,0.894067796610169,0.928571428571429,0.922752808988764,0.884803921568627,0.786931818181818;19;19
Johansson Ida;SM medel final-D20 Final;IFK Moras OK;2354;0.81675;433,126,115,160,26,219,101,183,52,266,47,146,114,77,57,58,87,48,39;0.938799076212471,0.513888888888889,0.545652173913043,0.87578125,1.01923076923077,0.861301369863014,0.803217821782178,0.918032786885246,0.90625,0.56296992481203,0.86436170212766,0.841609589041096,0.716008771929825,0.897727272727273,0.925438596491228,1.00862068965517,0.943965517241379,0.940104166666667,0.887820512820513;19;19
Boman Kristin;SM medel final-D20 Final;SOK Viljan;2372;0.81055;468,154,63,154,27,324,94,216,51,163,42,126,94,78,62,58,101,56,41;0.868589743589744,0.420454545454545,0.996031746031746,0.909902597402597,0.981481481481482,0.582175925925926,0.863031914893617,0.777777777777778,0.924019607843137,0.918711656441718,0.967261904761905,0.975198412698413,0.868351063829787,0.886217948717949,0.850806451612903,1.00862068965517,0.813118811881188,0.805803571428571,0.844512195121951;19;19
Strand Helena;SM medel final-D20 Final;OK Landehof;2409;0.79810;425,113,71,175,30,252,99,223,57,209,49,157,108,90,71,89,95,56,40;0.956470588235294,0.573008849557522,0.883802816901408,0.800714285714286,0.883333333333333,0.748511904761905,0.819444444444444,0.753363228699552,0.826754385964912,0.716507177033493,0.829081632653061,0.782643312101911,0.755787037037037,0.768055555555556,0.742957746478873,0.657303370786517,0.864473684210526,0.805803571428571,0.865625;19;19
Runesson Jennie;SM medel final-D20 Final;Göteborg-Majorna OK;2437;0.78893;461,77,64,155,31,218,94,190,51,291,41,175,104,94,77,89,125,53,47;0.88177874186551,0.840909090909091,0.98046875,0.904032258064516,0.854838709677419,0.865252293577982,0.863031914893617,0.884210526315789,0.924019607843137,0.514604810996564,0.990853658536585,0.702142857142857,0.784855769230769,0.735372340425532,0.685064935064935,0.657303370786517,0.657,0.851415094339623,0.736702127659574;19;19
Aspnäs Frida;SM medel final-D20 Final;Sidensjö IK;2442;0.78732;636,68,51,135,29,200,78,242,50,241,41,217,92,72,53,63,88,48,38;0.639150943396226,0.952205882352941,1.23039215686275,1.03796296296296,0.913793103448276,0.943125,1.0400641025641,0.694214876033058,0.9425,0.621369294605809,0.990853658536585,0.566244239631336,0.887228260869565,0.960069444444444,0.995283018867924,0.928571428571429,0.933238636363636,0.940104166666667,0.911184210526316;19;19
Bengtsson Josefin;SM medel final-D20 Final;Långhundra IF;2466;0.77965;436,172,114,152,27,210,120,248,47,219,86,137,93,81,61,88,93,49,33;0.932339449541284,0.376453488372093,0.550438596491228,0.921875,0.981481481481482,0.898214285714286,0.676041666666667,0.67741935483871,1.00265957446809,0.6837899543379,0.472383720930233,0.896897810218978,0.877688172043011,0.853395061728395,0.864754098360656,0.664772727272727,0.883064516129032,0.920918367346939,1.04924242424242;19;19
Danylova Anastasiia;SM medel final-D20 Final;Stora Tuna OK;2466;0.77965;560,135,77,170,30,206,110,201,51,198,56,143,125,81,68,67,98,48,42;0.725892857142857,0.47962962962963,0.814935064935065,0.824264705882353,0.883333333333333,0.915655339805825,0.7375,0.835820895522388,0.924019607843137,0.756313131313131,0.725446428571429,0.859265734265734,0.653,0.853395061728395,0.775735294117647,0.873134328358209,0.838010204081633,0.940104166666667,0.824404761904762;19;19
Schmiterlöw Maria;SM medel final-D20 Final;Hjobygdens OK;2525;0.76144;462,80,63,170,35,345,84,243,55,255,60,162,89,82,73,79,93,52,43;0.87987012987013,0.809375,0.996031746031746,0.824264705882353,0.757142857142857,0.546739130434783,0.96577380952381,0.691358024691358,0.856818181818182,0.587254901960784,0.677083333333333,0.758487654320988,0.917134831460674,0.842987804878049,0.722602739726027,0.740506329113924,0.883064516129032,0.867788461538462,0.805232558139535;19;19
Sihver Sofie;SM medel final-D20 Final;IFK Lidingös Skid o OK;2536;0.75813;405,70,111,185,32,278,85,182,51,205,44,166,86,69,117,72,279,57,42;1.0037037037037,0.925,0.565315315315315,0.757432432432432,0.828125,0.678507194244604,0.954411764705882,0.923076923076923,0.924019607843137,0.730487804878049,0.923295454545455,0.740210843373494,0.949127906976744,1.0018115942029,0.450854700854701,0.8125,0.294354838709677,0.791666666666667,0.824404761904762;19;19
Söderlund Helene;SM medel final-D20 Final;IFK Moras OK;2687;0.71553;545,86,69,223,28,357,134,239,49,238,44,205,101,81,51,60,90,49,38;0.745871559633028,0.752906976744186,0.909420289855073,0.628363228699552,0.946428571428571,0.528361344537815,0.605410447761194,0.702928870292887,0.961734693877551,0.629201680672269,0.923295454545455,0.599390243902439,0.808168316831683,0.853395061728395,1.0343137254902,0.975,0.9125,0.920918367346939,0.911184210526316;19;19
Johansson Erik;SM medel final-H18 Final;Halmstad OK;1826;0.98686;275,41,145,45,222,25,126,49,147,37,159,41,164,35,106,69,74,37,29;1.02509090909091,0.878048780487805,0.981379310344828,0.991111111111111,1.02117117117117,0.856,0.961111111111111,0.959183673469388,0.978231292517007,1.02972972972973,1.04591194968553,1.00975609756098,1.08475609756098,0.945714285714286,0.9,0.726086956521739,0.936486486486486,0.991891891891892,0.996551724137931;19;19
Runesson Johan;SM medel final-H18 Final;OK Tisaren;1848;0.97511;282,44,132,45,259,22,115,45,135,39,177,42,186,35,92,52,76,39,31;0.999645390070922,0.818181818181818,1.0780303030303,0.991111111111111,0.875289575289575,0.972727272727273,1.05304347826087,1.04444444444444,1.06518518518519,0.976923076923077,0.93954802259887,0.985714285714286,0.956451612903226,0.945714285714286,1.03695652173913,0.963461538461538,0.911842105263158,0.941025641025641,0.932258064516129;19;19
Silvemark Victor;SM medel final-H18 Final;Dalaportens OL;1849;0.97458;289,37,135,50,212,25,116,46,178,38,159,48,202,31,93,63,63,34,30;0.975432525951557,0.972972972972973,1.05407407407407,0.892,1.06933962264151,0.856,1.04396551724138,1.02173913043478,0.807865168539326,1.00263157894737,1.04591194968553,0.8625,0.880693069306931,1.06774193548387,1.0258064516129,0.795238095238095,1.1,1.07941176470588,0.963333333333333;19;19
Johansson Kalle;SM medel final-H18 Final;Halmstad OK;1907;0.94494;282,87,159,50,227,22,125,52,149,37,178,43,177,35,97,55,70,36,26;0.999645390070922,0.413793103448276,0.89496855345912,0.892,0.998678414096916,0.972727272727273,0.9688,0.903846153846154,0.96510067114094,1.02972972972973,0.934269662921348,0.962790697674419,1.00508474576271,0.945714285714286,0.983505154639175,0.910909090909091,0.99,1.01944444444444,1.11153846153846;19;19
Boström Olle;SM medel final-H18 Final;Järla IF OK;1910;0.94346;294,34,154,47,241,23,134,54,168,39,173,38,177,36,99,46,80,42,31;0.958843537414966,1.05882352941176,0.924025974025974,0.948936170212766,0.940663900414938,0.930434782608696,0.903731343283582,0.87037037037037,0.855952380952381,0.976923076923077,0.961271676300578,1.08947368421053,1.00508474576271,0.919444444444445,0.963636363636364,1.08913043478261,0.86625,0.873809523809524,0.932258064516129;19;19
Lysell Jerker;SM medel final-H18 Final;Rehns BK;1934;0.93175;281,36,152,43,219,26,134,43,175,41,236,39,180,55,91,50,66,38,29;1.00320284697509,1,0.936184210526316,1.03720930232558,1.0351598173516,0.823076923076923,0.903731343283582,1.09302325581395,0.821714285714286,0.929268292682927,0.704661016949153,1.06153846153846,0.988333333333333,0.601818181818182,1.04835164835165,1.002,1.05,0.965789473684211,0.996551724137931;19;19
Bergman Gustav;SM medel final-H18 Final;OK Ravinen;1936;0.93079;394,34,144,44,231,23,127,50,139,39,175,44,177,34,91,51,75,36,28;0.715482233502538,1.05882352941176,0.988194444444444,1.01363636363636,0.981385281385281,0.930434782608696,0.953543307086614,0.94,1.03453237410072,0.976923076923077,0.950285714285714,0.940909090909091,1.00508474576271,0.973529411764706,1.04835164835165,0.982352941176471,0.924,1.01944444444444,1.03214285714286;19;19
Leandersson Jonas;SM medel final-H18 Final;OK Tyr;1940;0.92887;305,40,164,51,235,27,126,49,148,40,184,48,195,32,106,48,74,39,29;0.924262295081967,0.9,0.867682926829268,0.874509803921569,0.96468085106383,0.792592592592593,0.961111111111111,0.959183673469388,0.971621621621622,0.9525,0.903804347826087,0.8625,0.912307692307692,1.034375,0.9,1.04375,0.936486486486486,0.941025641025641,0.996551724137931;19;19
Tynong Anton;SM medel final-H18 Final;Gävle OK;1961;0.91892;288,38,167,48,226,25,124,49,151,40,201,47,203,44,102,72,70,37,29;0.978819444444444,0.947368421052632,0.852095808383234,0.929166666666667,1.00309734513274,0.856,0.976612903225806,0.959183673469388,0.952317880794702,0.9525,0.827363184079602,0.880851063829787,0.876354679802956,0.752272727272727,0.935294117647059,0.695833333333333,0.99,0.991891891891892,0.996551724137931;19;19
Carlsson Anders;SM medel final-H18 Final;Halmstad OK;1979;0.91056;277,37,159,52,261,25,147,47,166,43,168,50,185,37,116,60,76,39,34;1.01768953068592,0.972972972972973,0.89496855345912,0.857692307692308,0.868582375478927,0.856,0.823809523809524,1,0.866265060240964,0.886046511627907,0.989880952380952,0.828,0.961621621621622,0.894594594594595,0.822413793103448,0.835,0.911842105263158,0.941025641025641,0.85;19;19
Sandström Jonas;SM medel final-H18 Final;Järla IF OK;1989;0.90598;289,47,185,49,252,24,128,57,151,42,179,46,190,35,108,64,76,37,30;0.975432525951557,0.765957446808511,0.769189189189189,0.910204081632653,0.899603174603175,0.891666666666667,0.94609375,0.824561403508772,0.952317880794702,0.907142857142857,0.929050279329609,0.9,0.936315789473684,0.945714285714286,0.883333333333333,0.7828125,0.911842105263158,0.991891891891892,0.963333333333333;19;19
Sjöberg Oskar;SM medel final-H18 Final;Täby OK;2014;0.89474;373,38,159,52,226,22,130,57,175,43,164,53,185,39,104,52,71,40,31;0.755764075067024,0.947368421052632,0.89496855345912,0.857692307692308,1.00309734513274,0.972727272727273,0.931538461538462,0.824561403508772,0.821714285714286,0.886046511627907,1.0140243902439,0.781132075471698,0.961621621621622,0.848717948717949,0.917307692307692,0.963461538461538,0.976056338028169,0.9175,0.932258064516129;19;19
Folkesson-Blom Erik;SM medel final-H18 Final;OK Älme;2019;0.89252;292,40,137,48,327,21,116,53,136,44,187,54,202,33,101,74,77,40,37;0.96541095890411,0.9,1.03868613138686,0.929166666666667,0.693272171253823,1.01904761904762,1.04396551724138,0.886792452830189,1.05735294117647,0.865909090909091,0.889304812834225,0.766666666666667,0.880693069306931,1.0030303030303,0.944554455445545,0.677027027027027,0.9,0.9175,0.781081081081081;19;19
Lindberg Johan;SM medel final-H18 Final;OK Denseln;2029;0.88812;276,60,149,44,254,20,253,48,167,39,167,41,180,36,98,47,80,39,31;1.0213768115942,0.6,0.95503355704698,1.01363636363636,0.89251968503937,1.07,0.478656126482213,0.979166666666667,0.861077844311377,0.976923076923077,0.995808383233533,1.00975609756098,0.988333333333333,0.919444444444445,0.973469387755102,1.06595744680851,0.86625,0.941025641025641,0.932258064516129;19;19
Andersson Rassmus;SM medel final-H18 Final;Stora Tuna OK;2030;0.88768;287,40,186,52,252,24,150,53,150,50,187,49,184,42,112,57,84,40,31;0.982229965156794,0.9,0.76505376344086,0.857692307692308,0.899603174603175,0.891666666666667,0.807333333333333,0.886792452830189,0.958666666666667,0.762,0.889304812834225,0.844897959183673,0.966847826086957,0.788095238095238,0.851785714285714,0.878947368421053,0.825,0.9175,0.932258064516129;19;19
Hollbeck Simon;SM medel final-H18 Final;Bromma-Vällingby SOK;2037;0.88463;294,41,164,47,238,24,173,51,152,40,164,80,228,33,107,54,78,39,30;0.958843537414966,0.878048780487805,0.867682926829268,0.948936170212766,0.952521008403361,0.891666666666667,0.7,0.92156862745098,0.946052631578947,0.9525,1.0140243902439,0.5175,0.780263157894737,1.0030303030303,0.891588785046729,0.927777777777778,0.888461538461538,0.941025641025641,0.963333333333333;19;19
Hjalmarsson Emil;SM medel final-H18 Final;OK Njudung;2058;0.87561;297,68,142,51,261,23,143,57,173,39,204,45,208,35,111,54,74,40,33;0.949158249158249,0.529411764705882,1.00211267605634,0.874509803921569,0.868582375478927,0.930434782608696,0.846853146853147,0.824561403508772,0.83121387283237,0.976923076923077,0.815196078431373,0.92,0.855288461538462,0.945714285714286,0.85945945945946,0.927777777777778,0.936486486486486,0.9175,0.875757575757576;19;19
Regborn Martin;SM medel final-H18 Final;Hagaby GoIF;2063;0.87349;307,40,159,43,231,25,125,56,157,41,157,166,190,33,101,87,70,40,35;0.918241042345277,0.9,0.89496855345912,1.03720930232558,0.981385281385281,0.856,0.9688,0.839285714285714,0.915923566878981,0.929268292682927,1.05923566878981,0.249397590361446,0.936315789473684,1.0030303030303,0.944554455445545,0.575862068965517,0.99,0.9175,0.825714285714286;19;19
Lysell Jesper;SM medel final-H18 Final;Rehns BK;2084;0.86468;282,34,167,47,475,21,114,45,132,38,180,41,181,32,91,69,71,35,29;0.999645390070922,1.05882352941176,0.852095808383234,0.948936170212766,0.477263157894737,1.01904761904762,1.06228070175439,1.04444444444444,1.08939393939394,1.00263157894737,0.923888888888889,1.00975609756098,0.982872928176796,1.034375,1.04835164835165,0.726086956521739,0.976056338028169,1.04857142857143,0.996551724137931;19;19
Christoferson Simon;SM medel final-H18 Final;Tormestorps IF;2097;0.85932;292,49,148,46,242,28,127,52,178,38,277,45,206,44,102,74,72,42,35;0.96541095890411,0.73469387755102,0.961486486486487,0.969565217391304,0.936776859504132,0.764285714285714,0.953543307086614,0.903846153846154,0.807865168539326,1.00263157894737,0.600361010830325,0.92,0.863592233009709,0.752272727272727,0.935294117647059,0.677027027027027,0.9625,0.873809523809524,0.825714285714286;19;19
Wallenhammar Jakob;SM medel final-H18 Final;Hagaby GoIF;2107;0.85524;319,45,159,52,291,26,169,54,154,47,181,47,193,37,121,51,80,47,34;0.883699059561128,0.8,0.89496855345912,0.857692307692308,0.779037800687285,0.823076923076923,0.716568047337278,0.87037037037037,0.933766233766234,0.81063829787234,0.91878453038674,0.880851063829787,0.921761658031088,0.894594594594595,0.788429752066116,0.982352941176471,0.86625,0.780851063829787,0.85;19;19
Vångell Oscar;SM medel final-H18 Final;Linköpings OK;2113;0.85282;320,38,167,52,279,25,128,59,152,43,262,46,193,38,107,58,76,38,32;0.8809375,0.947368421052632,0.852095808383234,0.857692307692308,0.812544802867384,0.856,0.94609375,0.796610169491525,0.946052631578947,0.886046511627907,0.634732824427481,0.9,0.921761658031088,0.871052631578947,0.891588785046729,0.863793103448276,0.911842105263158,0.965789473684211,0.903125;19;19
Jönsson Emil;SM medel final-H18 Final;Halmstad OK;2135;0.84403;315,41,163,50,254,25,133,50,165,46,217,41,225,40,124,89,76,46,35;0.894920634920635,0.878048780487805,0.873006134969325,0.892,0.89251968503937,0.856,0.910526315789474,0.94,0.871515151515152,0.828260869565217,0.766359447004608,1.00975609756098,0.790666666666667,0.8275,0.769354838709677,0.562921348314607,0.911842105263158,0.797826086956522,0.825714285714286;19;19
Karlsson Marcus;SM medel final-H18 Final;IK Hakarpspojkarna;2143;0.84088;331,40,159,43,284,23,124,53,204,40,195,51,187,34,131,101,70,42,31;0.85166163141994,0.9,0.89496855345912,1.03720930232558,0.798239436619718,0.930434782608696,0.976612903225806,0.886792452830189,0.704901960784314,0.9525,0.852820512820513,0.811764705882353,0.951336898395722,0.973529411764706,0.72824427480916,0.496039603960396,0.99,0.873809523809524,0.932258064516129;19;19
Berggren Henrik;SM medel final-H18 Final;OK Denseln;2167;0.83156;320,39,163,48,268,26,145,55,175,46,211,60,230,40,122,57,83,45,34;0.8809375,0.923076923076923,0.873006134969325,0.929166666666667,0.84589552238806,0.823076923076923,0.835172413793103,0.854545454545454,0.821714285714286,0.828260869565217,0.788151658767773,0.69,0.773478260869565,0.8275,0.781967213114754,0.878947368421053,0.834939759036145,0.815555555555556,0.85;19;19
Sundqvist Henrik;SM medel final-H18 Final;Stora Tuna OK;2191;0.82246;321,46,147,51,245,23,192,53,197,40,199,48,207,36,116,123,72,42,33;0.878193146417445,0.782608695652174,0.968027210884354,0.874509803921569,0.92530612244898,0.930434782608696,0.630729166666667,0.886792452830189,0.72994923857868,0.9525,0.835678391959799,0.8625,0.859420289855072,0.919444444444445,0.822413793103448,0.407317073170732,0.9625,0.873809523809524,0.875757575757576;19;19
Peterson Andreas;SM medel final-H18 Final;Hagaby GoIF;2243;0.80339;358,41,159,60,301,24,154,56,177,45,247,51,201,38,122,54,78,43,34;0.787430167597765,0.878048780487805,0.89496855345912,0.743333333333333,0.753156146179402,0.891666666666667,0.786363636363636,0.839285714285714,0.812429378531074,0.846666666666667,0.673279352226721,0.811764705882353,0.885074626865672,0.871052631578947,0.781967213114754,0.927777777777778,0.888461538461538,0.853488372093023,0.85;19;19
Andersson Erik;SM medel final-H18 Final;IK Gandvik;2251;0.80053;336,41,173,53,275,29,144,115,187,48,243,48,197,38,111,54,81,44,34;0.838988095238095,0.878048780487805,0.822543352601156,0.841509433962264,0.824363636363636,0.737931034482759,0.840972222222222,0.408695652173913,0.768983957219251,0.79375,0.684362139917696,0.8625,0.903045685279188,0.871052631578947,0.85945945945946,0.927777777777778,0.855555555555556,0.834090909090909,0.85;19;19
Gustafsson Fredric;SM medel final-H18 Final;Jönköpings OK;2262;0.79664;330,46,182,55,267,30,173,57,180,47,215,53,244,39,112,69,82,47,34;0.854242424242424,0.782608695652174,0.781868131868132,0.810909090909091,0.849063670411985,0.713333333333333,0.7,0.824561403508772,0.798888888888889,0.81063829787234,0.773488372093023,0.781132075471698,0.729098360655738,0.848717948717949,0.851785714285714,0.726086956521739,0.845121951219512,0.780851063829787,0.85;19;19
Kalered Olle;SM medel final-H18 Final;Skogspojkarnas OK;2263;0.79629;362,42,152,50,371,21,152,167,167,37,179,45,174,34,111,60,70,39,30;0.778729281767956,0.857142857142857,0.936184210526316,0.892,0.611051212938005,1.01904761904762,0.796710526315789,0.281437125748503,0.861077844311377,1.02972972972973,0.929050279329609,0.92,1.02241379310345,0.973529411764706,0.85945945945946,0.835,0.99,0.941025641025641,0.963333333333333;19;19
Sjöholm Richard;SM medel final-H18 Final;OK Pan-Kristianstad;2267;0.79488;337,48,152,51,288,46,162,63,160,47,263,46,213,41,117,64,86,46,37;0.836498516320475,0.75,0.936184210526316,0.874509803921569,0.787152777777778,0.465217391304348,0.747530864197531,0.746031746031746,0.89875,0.81063829787234,0.632319391634981,0.9,0.835211267605634,0.807317073170732,0.815384615384615,0.7828125,0.805813953488372,0.797826086956522,0.781081081081081;19;19
Pettersson Erik;SM medel final-H18 Final;Rotebro IS OK;2282;0.78966;436,36,202,47,330,21,179,53,156,42,208,45,190,35,106,50,73,41,32;0.646559633027523,1,0.704455445544555,0.948936170212766,0.686969696969697,1.01904761904762,0.676536312849162,0.886792452830189,0.921794871794872,0.907142857142857,0.799519230769231,0.92,0.936315789473684,0.945714285714286,0.9,1.002,0.949315068493151,0.895121951219512,0.903125;19;19
Allerhed Andreas;SM medel final-H18 Final;IFK Moras OK;2289;0.78724;302,41,144,58,315,26,142,64,172,41,305,53,213,42,139,70,82,48,32;0.933443708609271,0.878048780487805,0.988194444444444,0.768965517241379,0.71968253968254,0.823076923076923,0.852816901408451,0.734375,0.836046511627907,0.929268292682927,0.545245901639344,0.781132075471698,0.835211267605634,0.788095238095238,0.686330935251799,0.715714285714286,0.845121951219512,0.764583333333333,0.903125;19;19
Olesund Hampus;SM medel final-H18 Final;OK Landehof;2334;0.77207;360,84,166,48,311,25,162,53,178,46,197,50,210,40,112,132,74,47,39;0.783055555555556,0.428571428571429,0.857228915662651,0.929166666666667,0.728938906752412,0.856,0.747530864197531,0.886792452830189,0.807865168539326,0.828260869565217,0.844162436548223,0.828,0.847142857142857,0.8275,0.851785714285714,0.379545454545455,0.936486486486486,0.780851063829787,0.741025641025641;19;19
Wiking Carl;SM medel final-H18 Final;OK Kåre;2361;0.76324;368,46,196,50,364,21,136,56,169,44,316,44,194,37,109,55,78,42,36;0.766032608695652,0.782608695652174,0.726020408163265,0.892,0.622802197802198,1.01904761904762,0.890441176470588,0.839285714285714,0.850887573964497,0.865909090909091,0.52626582278481,0.940909090909091,0.917010309278351,0.894594594594595,0.875229357798165,0.910909090909091,0.888461538461538,0.873809523809524,0.802777777777778;19;19
Andersson Marcus;SM medel final-H18 Final;OK Pan-Kristianstad;2412;0.74710;319,43,157,52,254,25,162,104,172,43,413,48,220,37,125,73,82,46,37;0.883699059561128,0.837209302325581,0.906369426751592,0.857692307692308,0.89251968503937,0.856,0.747530864197531,0.451923076923077,0.836046511627907,0.886046511627907,0.402663438256659,0.8625,0.808636363636364,0.894594594594595,0.7632,0.686301369863014,0.845121951219512,0.797826086956522,0.781081081081081;19;19
Nordström Gustav;SM medel final-H18 Final;Gävle OK;2473;0.72867;312,36,153,157,244,25,249,49,152,44,269,47,233,46,192,92,79,49,45;0.903525641025641,1,0.930065359477124,0.284076433121019,0.929098360655738,0.856,0.486345381526104,0.959183673469388,0.946052631578947,0.865909090909091,0.6182156133829,0.880851063829787,0.763519313304721,0.719565217391304,0.496875,0.544565217391304,0.877215189873418,0.748979591836735,0.642222222222222;19;19
Eskilsson Christoffer;SM medel final-H18 Final;Haninge SOK;2491;0.72340;303,44,201,46,501,24,153,60,211,39,269,48,210,36,112,57,93,49,35;0.93036303630363,0.818181818181818,0.707960199004975,0.969565217391304,0.45249500998004,0.891666666666667,0.791503267973856,0.783333333333333,0.681516587677725,0.976923076923077,0.6182156133829,0.8625,0.847142857142857,0.919444444444445,0.851785714285714,0.878947368421053,0.745161290322581,0.748979591836735,0.825714285714286;19;19
Hedberg Anders;SM medel final-H18 Final;Lerums SOK;2500;0.72080;358,40,162,49,506,41,164,61,175,45,225,51,227,41,120,67,85,46,37;0.787430167597765,0.9,0.878395061728395,0.910204081632653,0.44802371541502,0.521951219512195,0.738414634146341,0.770491803278688,0.821714285714286,0.846666666666667,0.739111111111111,0.811764705882353,0.783700440528634,0.807317073170732,0.795,0.747761194029851,0.815294117647059,0.797826086956522,0.781081081081081;19;19
Lönnkvist Johanna;SM medel final-D18 Final;Tullinge SK;1834;0.97958;352,72,49,81,127,184,91,141,46,181,136,53,72,71,97,44,37;1.04482323232323,0.949074074074074,0.757369614512472,0.703703703703704,1.05774278215223,1.06521739130435,0.886446886446887,1.14578408195429,0.963768115942029,0.848373235113567,1.05882352941176,1,0.95679012345679,1.0093896713615,0.81786941580756,1.0050505050505,0.93993993993994;17;17
Lönnkvist Jenny;SM medel final-D18 Final;Tullinge SK;1854;0.96902;371,75,33,90,134,191,92,170,45,168,141,59,65,69,73,43,35;0.991314764899671,0.911111111111111,1.12457912457912,0.633333333333333,1.00248756218905,1.0261780104712,0.876811594202899,0.950326797385621,0.985185185185185,0.914021164021164,1.02127659574468,0.898305084745763,1.05982905982906,1.03864734299517,1.08675799086758,1.02842377260982,0.993650793650794;17;17
Löfgren Kristin;SM medel final-D18 Final;Järfälla OK;1871;0.96021;422,70,46,60,144,177,79,171,43,136,146,56,68,89,84,44,36;0.871511321748289,0.976190476190476,0.806763285024155,0.95,0.93287037037037,1.10734463276836,1.0210970464135,0.944769330734243,1.03100775193798,1.12908496732026,0.986301369863014,0.946428571428571,1.01307189542484,0.805243445692884,0.944444444444444,1.0050505050505,0.966049382716049;17;17
Alexandersson Tove;SM medel final-D18 Final;Stora Tuna OK;1906;0.94258;347,67,74,46,139,202,84,176,48,188,157,54,78,80,83,46,37;1.05987832212616,1.01990049751244,0.501501501501502,1.23913043478261,0.96642685851319,0.97029702970297,0.96031746031746,0.917929292929293,0.923611111111111,0.816784869976359,0.917197452229299,0.981481481481482,0.883190883190883,0.895833333333333,0.955823293172691,0.961352657004831,0.93993993993994;17;17
Westher Maria;SM medel final-D18 Final;OK Djerf;1933;0.92941;430,69,36,61,141,221,76,170,44,165,160,54,83,69,77,43,34;0.855297157622739,0.990338164251208,1.03086419753086,0.934426229508197,0.952718676122931,0.886877828054299,1.06140350877193,0.950326797385621,1.00757575757576,0.930639730639731,0.9,0.981481481481482,0.829986613119143,1.03864734299517,1.03030303030303,1.02842377260982,1.02287581699346;17;17
Forsberg Anna;SM medel final-D18 Final;OK Kolmården;1949;0.92178;345,68,41,62,136,235,127,157,45,174,205,49,72,67,80,47,39;1.06602254428341,1.00490196078431,0.905149051490515,0.919354838709677,0.987745098039216,0.834042553191489,0.635170603674541,1.02901627742392,0.985185185185185,0.88250319284802,0.702439024390244,1.08163265306122,0.95679012345679,1.06965174129353,0.991666666666667,0.940898345153664,0.891737891737892;17;17
Falk Beata;SM medel final-D18 Final;Hagaby GoIF;1993;0.90143;361,77,46,72,133,202,96,211,47,184,211,49,68,82,73,43,38;1.01877500769468,0.887445887445887,0.806763285024155,0.791666666666667,1.01002506265664,0.97029702970297,0.840277777777778,0.765666140073723,0.943262411347518,0.834541062801932,0.682464454976303,1.08163265306122,1.01307189542484,0.873983739837398,1.08675799086758,1.02842377260982,0.915204678362573;17;17
Larsen Lisa;SM medel final-D18 Final;Täby OK;2006;0.89559;407,72,42,57,134,304,82,173,44,173,144,54,62,88,79,53,38;0.903630903630904,0.949074074074074,0.883597883597884,1,1.00248756218905,0.644736842105263,0.983739837398374,0.933847141939627,1.00757575757576,0.887604367373153,1,0.981481481481482,1.11111111111111,0.814393939393939,1.0042194092827,0.834381551362683,0.915204678362573;17;17
Längberg Linnea;SM medel final-D18 Final;Järla IF OK;2016;0.89115;377,83,49,66,140,258,142,171,51,151,145,62,74,73,91,49,34;0.975537872089596,0.823293172690763,0.757369614512472,0.863636363636364,0.95952380952381,0.75968992248062,0.568075117370892,0.944769330734243,0.869281045751634,1.01692420897719,0.993103448275862,0.854838709677419,0.930930930930931,0.981735159817352,0.871794871794872,0.90249433106576,1.02287581699346;17;17
Bränneby Linn;SM medel final-D18 Final;OK Kolmården;2035;0.88283;411,117,37,124,132,204,80,176,46,154,159,63,78,76,93,49,36;0.894836442281698,0.584045584045584,1.003003003003,0.459677419354839,1.01767676767677,0.96078431372549,1.00833333333333,0.917929292929293,0.963768115942029,0.997113997113997,0.905660377358491,0.841269841269841,0.883190883190883,0.942982456140351,0.853046594982079,0.90249433106576,0.966049382716049;17;17
Olsson Alva;SM medel final-D18 Final;Västerås SOK;2068;0.86874;385,86,83,108,164,208,80,187,42,177,180,53,82,76,82,41,34;0.955266955266955,0.794573643410853,0.447121820615797,0.527777777777778,0.819105691056911,0.942307692307692,1.00833333333333,0.863933452168746,1.05555555555556,0.867545511613308,0.8,1,0.840108401084011,0.942982456140351,0.967479674796748,1.07859078590786,1.02287581699346;17;17
Sandström Malin;SM medel final-D18 Final;Järla IF OK;2092;0.85877;391,122,39,67,146,238,91,179,93,168,151,61,81,89,87,49,40;0.940608127308895,0.560109289617486,0.951566951566952,0.850746268656716,0.920091324200913,0.823529411764706,0.886446886446887,0.902545003103662,0.476702508960573,0.914021164021164,0.95364238410596,0.868852459016393,0.850480109739369,0.805243445692884,0.911877394636015,0.90249433106576,0.869444444444444;17;17
Ström Elin;SM medel final-D18 Final;Tullinge SK;2099;0.85591;421,87,47,81,161,240,83,185,53,166,172,75,73,76,94,49,36;0.87358141989971,0.78544061302682,0.789598108747045,0.703703703703704,0.834368530020704,0.816666666666667,0.971887550200803,0.873273273273273,0.836477987421384,0.925033467202142,0.837209302325581,0.706666666666667,0.943683409436834,0.942982456140351,0.843971631205674,0.90249433106576,0.966049382716049;17;17
Svahn Katarina;SM medel final-D18 Final;IFK Moras OK;2117;0.84863;425,73,55,53,151,305,94,169,48,209,142,56,68,93,90,47,39;0.865359477124183,0.93607305936073,0.674747474747475,1.07547169811321,0.88962472406181,0.642622950819672,0.858156028368794,0.95595003287311,0.923611111111111,0.73471557682084,1.01408450704225,0.946428571428571,1.01307189542484,0.770609318996416,0.881481481481481,0.940898345153664,0.891737891737892;17;17
Lindkvist Ida;SM medel final-D18 Final;OK Denseln;2131;0.84306;409,73,50,139,135,222,91,161,50,232,175,60,72,78,93,51,40;0.899212170605814,0.93607305936073,0.742222222222222,0.410071942446043,0.995061728395062,0.882882882882883,0.886446886446887,1.00345065562457,0.886666666666667,0.661877394636015,0.822857142857143,0.883333333333333,0.95679012345679,0.918803418803419,0.853046594982079,0.867102396514161,0.869444444444444;17;17
Pettersson Emeli;SM medel final-D18 Final;Tullinge SK;2134;0.84187;397,87,46,74,152,236,148,188,51,166,172,77,86,82,85,49,38;0.926392387349566,0.78544061302682,0.806763285024155,0.77027027027027,0.883771929824561,0.830508474576271,0.545045045045045,0.859338061465721,0.869281045751634,0.925033467202142,0.837209302325581,0.688311688311688,0.801033591731266,0.873983739837398,0.933333333333333,0.90249433106576,0.915204678362573;17;17
Olsson Rebecka;SM medel final-D18 Final;OK Skogsfalken;2138;0.84030;479,72,43,56,156,301,91,188,52,156,154,56,75,84,88,50,37;0.767803293899327,0.949074074074074,0.863049095607235,1.01785714285714,0.861111111111111,0.651162790697674,0.886446886446887,0.859338061465721,0.852564102564103,0.984330484330484,0.935064935064935,0.946428571428571,0.918518518518519,0.853174603174603,0.901515151515151,0.884444444444444,0.93993993993994;17;17
Carlsson Emma;SM medel final-D18 Final;Skarpnäcks OL;2151;0.83522;381,87,46,56,156,313,99,254,53,165,146,60,79,72,90,51,43;0.965296004666083,0.78544061302682,0.806763285024155,1.01785714285714,0.861111111111111,0.626198083067093,0.814814814814815,0.636045494313211,0.836477987421384,0.930639730639731,0.986301369863014,0.883333333333333,0.872011251758087,0.99537037037037,0.881481481481481,0.867102396514161,0.808785529715762;17;17
Ernstsson Viktoria;SM medel final-D18 Final;FK Göingarna;2177;0.82524;493,84,48,89,162,207,99,189,53,164,168,55,85,84,98,57,42;0.745999549244985,0.813492063492063,0.773148148148148,0.640449438202247,0.829218106995885,0.946859903381642,0.814814814814815,0.854791299235744,0.836477987421384,0.936314363143631,0.857142857142857,0.963636363636364,0.810457516339869,0.853174603174603,0.809523809523809,0.775828460038986,0.828042328042328;17;17
Bengtsson Jenny;SM medel final-D18 Final;Långhundra IF;2193;0.81922;441,99,61,72,145,231,100,207,46,212,163,67,78,82,92,54,43;0.833963214915596,0.69023569023569,0.608378870673953,0.791666666666667,0.926436781609196,0.848484848484849,0.806666666666667,0.780461621041331,0.963768115942029,0.724318658280922,0.883435582822086,0.791044776119403,0.883190883190883,0.873983739837398,0.86231884057971,0.818930041152263,0.808785529715762;17;17
Nylin Rebecka;SM medel final-D18 Final;OK Tisaren;2228;0.80635;437,82,41,86,193,215,123,181,52,163,237,63,80,99,89,49,38;0.841596745486906,0.833333333333333,0.905149051490515,0.662790697674419,0.696027633851468,0.911627906976744,0.655826558265583,0.892572130141191,0.852564102564103,0.942058623040218,0.607594936708861,0.841269841269841,0.861111111111111,0.723905723905724,0.891385767790262,0.90249433106576,0.915204678362573;17;17
Olsson Magdalena;SM medel final-D18 Final;IFK Moras OK;2238;0.80275;425,74,42,149,146,200,112,154,49,167,163,102,92,110,160,53,40;0.865359477124183,0.923423423423423,0.883597883597884,0.38255033557047,0.920091324200913,0.98,0.720238095238095,1.04906204906205,0.904761904761905,0.919494344644045,0.883435582822086,0.519607843137255,0.748792270531401,0.651515151515152,0.495833333333333,0.834381551362683,0.869444444444444;17;17
Forsgren Lilian;SM medel final-D18 Final;OK Tisaren;2246;0.79989;472,78,50,88,212,265,96,185,51,199,156,60,84,87,83,47,33;0.779190207156309,0.876068376068376,0.742222222222222,0.647727272727273,0.633647798742138,0.739622641509434,0.840277777777778,0.873273273273273,0.869281045751634,0.771635957565606,0.923076923076923,0.883333333333333,0.82010582010582,0.823754789272031,0.955823293172691,0.940898345153664,1.05387205387205;17;17
Salomonsson Sofia;SM medel final-D18 Final;Vänersborgs SK;2283;0.78693;459,86,51,76,153,284,83,195,50,160,194,70,80,157,86,54,45;0.801258775114984,0.794573643410853,0.727668845315904,0.75,0.877995642701525,0.690140845070423,0.971887550200803,0.828490028490028,0.886666666666667,0.959722222222222,0.742268041237113,0.757142857142857,0.861111111111111,0.456475583864119,0.922480620155039,0.818930041152263,0.772839506172839;17;17
Frisk Julia;SM medel final-D18 Final;OK Orion;2284;0.78658;655,81,34,62,139,225,81,164,46,177,165,66,114,86,101,50,38;0.561492790500424,0.843621399176955,1.09150326797386,0.919354838709677,0.96642685851319,0.871111111111111,0.995884773662551,0.985094850948509,0.963768115942029,0.867545511613308,0.872727272727273,0.803030303030303,0.604288499025341,0.833333333333333,0.785478547854785,0.884444444444444,0.915204678362573;17;17
Månsson Elin;SM medel final-D18 Final;OK Löftan;2285;0.78624;514,56,42,108,156,303,92,207,47,206,145,59,80,81,95,52,42;0.715520968439256,1.2202380952381,0.883597883597884,0.527777777777778,0.861111111111111,0.646864686468647,0.876811594202899,0.780461621041331,0.943262411347518,0.745415318230852,0.993103448275862,0.898305084745763,0.861111111111111,0.88477366255144,0.835087719298246,0.85042735042735,0.828042328042328;17;17
Jansson Ellen;SM medel final-D18 Final;Järla IF OK;2290;0.78452;487,137,44,86,157,244,91,177,54,174,175,77,90,86,103,63,45;0.755190508783938,0.498783454987834,0.843434343434344,0.662790697674419,0.855626326963907,0.80327868852459,0.886446886446887,0.912743251726303,0.820987654320988,0.88250319284802,0.822857142857143,0.688311688311688,0.765432098765432,0.833333333333333,0.770226537216828,0.701940035273369,0.772839506172839;17;17
Forsberg Frida;SM medel final-D18 Final;OK Ravinen;2353;0.76352;409,110,47,80,268,226,159,174,49,176,234,65,87,88,91,50,40;0.899212170605814,0.621212121212121,0.789598108747045,0.7125,0.501243781094527,0.867256637168142,0.507337526205451,0.928480204342273,0.904761904761905,0.872474747474747,0.615384615384615,0.815384615384615,0.791826309067688,0.814393939393939,0.871794871794872,0.884444444444444,0.869444444444444;17;17
Profors Sara;SM medel final-D18 Final;Köping-Kolsva OK;2355;0.76287;587,75,41,81,187,266,83,209,52,194,155,73,94,73,88,55,42;0.626537951921257,0.911111111111111,0.905149051490515,0.703703703703704,0.718360071301248,0.736842105263158,0.971887550200803,0.772993088782562,0.852564102564103,0.791523482245132,0.929032258064516,0.726027397260274,0.732860520094563,0.981735159817352,0.901515151515151,0.804040404040404,0.828042328042328;17;17
Johansson Anna;SM medel final-D18 Final;Haninge SOK;2410;0.74546;537,167,43,78,203,239,90,217,52,169,174,63,83,103,101,52,39;0.684874818953031,0.409181636726547,0.863049095607235,0.730769230769231,0.661740558292283,0.820083682008368,0.896296296296296,0.744495647721454,0.852564102564103,0.908612754766601,0.827586206896552,0.841269841269841,0.829986613119143,0.6957928802589,0.785478547854785,0.85042735042735,0.891737891737892;17;17
Adolfsson Rebecka;SM medel final-D18 Final;OK Kåre;2420;0.74238;538,90,38,120,152,209,94,238,53,173,280,61,85,75,118,55,41;0.683601817430814,0.759259259259259,0.976608187134503,0.475,0.883771929824561,0.937799043062201,0.858156028368794,0.678804855275443,0.836477987421384,0.887604367373153,0.514285714285714,0.868852459016393,0.810457516339869,0.955555555555556,0.672316384180791,0.804040404040404,0.848238482384824;17;17
Skaar Kristin;SM medel final-D18 Final;Ryda SK;2440;0.73629;515,90,56,124,206,226,114,222,56,169,208,73,99,85,102,54,41;0.714131607335491,0.759259259259259,0.662698412698413,0.459677419354839,0.65210355987055,0.867256637168142,0.707602339181287,0.727727727727728,0.791666666666667,0.908612754766601,0.692307692307692,0.726027397260274,0.695847362514029,0.843137254901961,0.777777777777778,0.818930041152263,0.848238482384824;17;17
Persson Johanna;SM medel final-D18 Final;Tullinge SK;2504;0.71747;401,83,35,109,206,486,94,168,48,252,196,60,82,80,107,57,40;0.917151565530618,0.823293172690763,1.06031746031746,0.522935779816514,0.65210355987055,0.403292181069959,0.858156028368794,0.961640211640212,0.923611111111111,0.609347442680776,0.73469387755102,0.883333333333333,0.840108401084011,0.895833333333333,0.741433021806854,0.775828460038986,0.869444444444444;17;17
Nordström Maria;SM medel final-D18 Final;Gävle OK;2519;0.71320;474,69,89,110,346,299,82,174,44,151,264,58,81,79,116,48,35;0.775902484763244,0.990338164251208,0.416978776529338,0.518181818181818,0.388246628131021,0.655518394648829,0.983739837398374,0.928480204342273,1.00757575757576,1.01692420897719,0.545454545454545,0.913793103448276,0.850480109739369,0.907172995780591,0.683908045977011,0.921296296296296,0.993650793650794;17;17
Svensson Elin;SM medel final-D18 Final;OK Skogsfalken;2526;0.71123;653,145,42,104,200,245,94,212,48,162,172,68,94,87,114,49,37;0.563212523396291,0.471264367816092,0.883597883597884,0.548076923076923,0.671666666666667,0.8,0.858156028368794,0.762054507337526,0.923611111111111,0.947873799725651,0.837209302325581,0.779411764705882,0.732860520094563,0.823754789272031,0.695906432748538,0.90249433106576,0.93993993993994;17;17
Rask Angelica;SM medel final-D18 Final;OK Enen Enköping;2711;0.66269;724,72,44,70,464,197,111,215,51,149,170,57,81,121,92,54,39;0.507980356046654,0.949074074074074,0.843434343434344,0.814285714285714,0.289511494252874,0.99492385786802,0.726726726726727,0.751421188630491,0.869281045751634,1.03057419835943,0.847058823529412,0.929824561403509,0.850480109739369,0.59228650137741,0.86231884057971,0.818930041152263,0.891737891737892;17;17
