Weltzien Tyrving IL Audun;-H21_H1_splits;;1257;1.01889;52,58,63,32,195,89,69,145,36,143,81,61,66,82,38,29,18;1.03125,1.03448275862069,0.932539682539683,1.125,1.08525641025641,1.06039325842697,0.882246376811594,1.04396551724138,1.02430555555556,1.05244755244755,0.983024691358025,1.07377049180328,0.876893939393939,1.03658536585366,0.990131578947368,0.918103448275862,0.805555555555556;17;17
 Baptiste Rollier Kristiansand OK;-H21_H1_splits;;1276;1.00372;54,60,55,36,203,98,57,164,36,151,70,67,65,77,38,30,15;0.993055555555556,1,1.06818181818182,1,1.04248768472906,0.963010204081633,1.06798245614035,0.923018292682927,1.02430555555556,0.996688741721854,1.1375,0.977611940298508,0.890384615384615,1.1038961038961,0.990131578947368,0.8875,0.966666666666667;17;17
 Audun Bjerkreim Nilsen Kristiansand OK;-H21_H1_splits;;1355;0.94520;55,63,61,40,225,89,66,160,38,166,89,66,60,91,41,27,18;0.975,0.952380952380952,0.963114754098361,0.9,0.940555555555556,1.06039325842697,0.922348484848485,0.94609375,0.970394736842105,0.906626506024096,0.894662921348315,0.992424242424242,0.964583333333333,0.934065934065934,0.917682926829268,0.986111111111111,0.805555555555556;17;17
 Anders Nordberg Halden SK;-H21_H1_splits;;1379;0.92875;55,59,68,79,215,114,62,152,36,181,70,63,59,83,37,30,16;0.975,1.01694915254237,0.863970588235294,0.455696202531646,0.984302325581395,0.827850877192982,0.981854838709677,0.995888157894737,1.02430555555556,0.831491712707182,1.1375,1.03968253968254,0.980932203389831,1.02409638554217,1.01689189189189,0.8875,0.90625;17;17
 Øystein Kristiansen Nordreisa IL;-H21_H1_splits;;1386;0.92406;52,61,61,38,209,116,58,196,40,142,91,83,63,90,43,28,15;1.03125,0.983606557377049,0.963114754098361,0.947368421052632,1.01255980861244,0.813577586206897,1.04956896551724,0.772321428571429,0.921875,1.05985915492958,0.875,0.789156626506024,0.918650793650794,0.944444444444444,0.875,0.950892857142857,0.966666666666667;17;17
 Anders Tiltnes Tyrving IL;-H21_H1_splits;;1419;0.90257;58,66,65,39,227,107,68,148,62,166,96,80,62,91,38,29,17;0.924568965517241,0.909090909090909,0.903846153846154,0.923076923076923,0.93226872246696,0.882009345794392,0.895220588235294,1.02280405405405,0.594758064516129,0.906626506024096,0.829427083333333,0.81875,0.933467741935484,0.934065934065934,0.990131578947368,0.918103448275862,0.852941176470588;17;17
 Bjørn Eriksen Halden SK;-H21_H1_splits;;1427;0.89751;62,60,58,36,222,108,70,167,39,164,97,104,59,92,45,27,17;0.86491935483871,1,1.01293103448276,1,0.953265765765766,0.873842592592593,0.869642857142857,0.906437125748503,0.94551282051282,0.917682926829268,0.820876288659794,0.629807692307692,0.980932203389831,0.923913043478261,0.836111111111111,0.986111111111111,0.852941176470588;17;17
 David Løver Modum OL;-H21_H1_splits;;1439;0.89003;75,66,62,86,224,99,69,171,40,143,78,71,64,96,46,32,17;0.715,0.909090909090909,0.94758064516129,0.418604651162791,0.944754464285714,0.953282828282828,0.882246376811594,0.885233918128655,0.921875,1.05244755244755,1.02083333333333,0.922535211267606,0.904296875,0.885416666666667,0.817934782608696,0.83203125,0.852941176470588;17;17
 Eivind Resser Kongsberg OL;-H21_H1_splits;;1470;0.87126;66,65,63,50,227,102,65,162,46,177,90,126,61,90,41,25,14;0.8125,0.923076923076923,0.932539682539683,0.72,0.93226872246696,0.925245098039216,0.936538461538462,0.934413580246914,0.801630434782609,0.850282485875706,0.884722222222222,0.51984126984127,0.948770491803279,0.944444444444444,0.917682926829268,1.065,1.03571428571429;17;17
 Dag Aalvik Grane IK;-H21_H1_splits;;1474;0.86889;62,71,62,39,219,133,71,182,44,199,86,69,61,95,37,28,16;0.86491935483871,0.845070422535211,0.94758064516129,0.923076923076923,0.966324200913242,0.709586466165414,0.857394366197183,0.831730769230769,0.838068181818182,0.756281407035176,0.925872093023256,0.949275362318841,0.948770491803279,0.894736842105263,1.01689189189189,0.950892857142857,0.90625;17;17
 Håvard Lucasen Ås-UMB Orientering;-H21_H1_splits;;1497;0.85554;55,62,59,43,223,93,61,146,38,343,82,71,57,81,40,27,16;0.975,0.967741935483871,0.995762711864407,0.837209302325581,0.948991031390135,1.01478494623656,0.997950819672131,1.03681506849315,0.970394736842105,0.438775510204082,0.971036585365854,0.922535211267606,1.01535087719298,1.04938271604938,0.940625,0.986111111111111,0.90625;17;17
 Arild Nomeland Kristiansand OK;-H21_H1_splits;;1504;0.85156;57,69,62,36,222,109,66,156,80,208,92,109,58,90,45,29,16;0.940789473684211,0.869565217391304,0.94758064516129,1,0.953265765765766,0.865825688073395,0.922348484848485,0.970352564102564,0.4609375,0.723557692307692,0.865489130434783,0.600917431192661,0.997844827586207,0.944444444444444,0.836111111111111,0.918103448275862,0.90625;17;17
 Eirik Martens Svensen Kristiansand OK;-H21_H1_splits;;1523;0.84094;62,67,61,36,234,215,63,158,70,167,85,70,63,89,38,29,16;0.86491935483871,0.895522388059702,0.963114754098361,1,0.904380341880342,0.438953488372093,0.966269841269841,0.958069620253165,0.526785714285714,0.901197604790419,0.936764705882353,0.935714285714286,0.918650793650794,0.955056179775281,0.990131578947368,0.918103448275862,0.90625;17;17
 Daniel Marston Bækkelagets SK;-H21_H1_splits;;1542;0.83058;62,70,69,41,372,108,63,152,36,156,95,82,63,88,40,29,16;0.86491935483871,0.857142857142857,0.851449275362319,0.878048780487805,0.568884408602151,0.873842592592593,0.966269841269841,0.995888157894737,1.02430555555556,0.96474358974359,0.838157894736842,0.798780487804878,0.918650793650794,0.965909090909091,0.940625,0.918103448275862,0.90625;17;17
 Dag Steinar Ragvin Bø OL;-H21_H1_splits;;1561;0.82047;67,74,74,59,260,102,75,177,44,159,118,73,72,112,49,30,16;0.800373134328358,0.810810810810811,0.793918918918919,0.610169491525424,0.813942307692308,0.925245098039216,0.811666666666667,0.855225988700565,0.838068181818182,0.946540880503145,0.67478813559322,0.897260273972603,0.803819444444444,0.758928571428571,0.767857142857143,0.8875,0.90625;17;17
 Erik Axelsson Halden SK;-H21_H1_splits;;1586;0.80753;54,62,59,44,226,96,65,181,37,381,85,65,58,90,37,30,16;0.993055555555556,0.967741935483871,0.995762711864407,0.818181818181818,0.936393805309734,0.983072916666667,0.936538461538462,0.836325966850829,0.996621621621622,0.39501312335958,0.936764705882353,1.00769230769231,0.997844827586207,0.944444444444444,1.01689189189189,0.8875,0.90625;17;17
 Espen Fiskum NTNUI;-H21_H1_splits;;1602;0.79947;63,74,63,43,241,110,65,162,44,332,88,81,62,93,42,26,13;0.851190476190476,0.810810810810811,0.932539682539683,0.837209302325581,0.878112033195021,0.857954545454545,0.936538461538462,0.934413580246914,0.838068181818182,0.453313253012048,0.904829545454545,0.808641975308642,0.933467741935484,0.913978494623656,0.895833333333333,1.02403846153846,1.11538461538462;17;17
 Anders Einum NTNUI;-H21_H1_splits;;1606;0.79748;53,86,56,40,288,164,58,154,115,146,87,85,59,99,66,31,19;1.01179245283019,0.697674418604651,1.04910714285714,0.9,0.734809027777778,0.575457317073171,1.04956896551724,0.982954545454545,0.320652173913043,1.03082191780822,0.915229885057471,0.770588235294118,0.980932203389831,0.858585858585859,0.570075757575758,0.858870967741935,0.763157894736842;17;17
 Anders Henriksson NTNUI;-H21_H1_splits;;1620;0.79059;60,68,126,60,211,89,72,315,43,167,86,63,66,100,45,31,18;0.89375,0.882352941176471,0.466269841269841,0.6,1.00296208530806,1.06039325842697,0.845486111111111,0.480555555555556,0.857558139534884,0.901197604790419,0.925872093023256,1.03968253968254,0.876893939393939,0.85,0.836111111111111,0.858870967741935,0.805555555555556;17;17
 Erik Lima Ganddal IL;-H21_H1_splits;;1630;0.78574;59,69,69,37,237,168,65,178,44,194,100,146,78,91,51,29,15;0.908898305084746,0.869565217391304,0.851449275362319,0.972972972972973,0.892932489451477,0.561755952380952,0.936538461538462,0.850421348314607,0.838068181818182,0.775773195876289,0.79625,0.448630136986301,0.74198717948718,0.934065934065934,0.737745098039216,0.918103448275862,0.966666666666667;17;17
 Bjørnar Valstad Bækkelagets SK;-H21_H1_splits;;1641;0.78047;56,62,63,69,219,103,72,167,38,338,94,101,68,96,44,35,16;0.957589285714286,0.967741935483871,0.932539682539683,0.521739130434783,0.966324200913242,0.91626213592233,0.845486111111111,0.906437125748503,0.970394736842105,0.445266272189349,0.847074468085106,0.648514851485149,0.851102941176471,0.885416666666667,0.855113636363636,0.760714285714286,0.90625;17;17
 Espen Rognsvåg Fana IL;-H21_H1_splits;;1755;0.72977;82,73,65,51,470,119,72,166,39,197,88,91,57,96,41,32,16;0.653963414634146,0.821917808219178,0.903846153846154,0.705882352941177,0.450265957446809,0.793067226890756,0.845486111111111,0.911897590361446,0.94551282051282,0.763959390862944,0.904829545454545,0.71978021978022,1.01535087719298,0.885416666666667,0.917682926829268,0.83203125,0.90625;17;17
 Anders Beyer Brattli NTNUI;-H21_H1_splits;;1811;0.70721;58,71,70,57,238,283,72,215,62,175,138,114,67,102,43,30,16;0.924568965517241,0.845070422535211,0.839285714285714,0.631578947368421,0.889180672268908,0.333480565371025,0.845486111111111,0.70406976744186,0.594758064516129,0.86,0.576992753623188,0.574561403508772,0.863805970149254,0.833333333333333,0.875,0.8875,0.90625;17;17
 Ferdik Sandal Ganddal IL;-H21_H1_splits;;1879;0.68161;69,89,64,41,403,269,67,191,43,213,91,95,56,102,38,31,17;0.777173913043478,0.674157303370786,0.91796875,0.878048780487805,0.525124069478908,0.350836431226766,0.908582089552239,0.792539267015707,0.857558139534884,0.706572769953052,0.875,0.689473684210526,1.03348214285714,0.833333333333333,0.990131578947368,0.858870967741935,0.852941176470588;17;17
 Anders Tønnessen Rød Fana IL;-H21_H1_splits;;1906;0.67196;72,81,75,60,277,360,74,192,54,181,117,106,67,102,42,31,15;0.744791666666667,0.740740740740741,0.783333333333333,0.6,0.76398916967509,0.262152777777778,0.822635135135135,0.788411458333333,0.68287037037037,0.831491712707182,0.680555555555556,0.617924528301887,0.863805970149254,0.833333333333333,0.895833333333333,0.858870967741935,0.966666666666667;17;17
 Eivind Lande Bø OL;-H21_H1_splits;;1915;0.66880;68,71,74,49,397,268,86,185,60,196,95,92,69,101,49,36,19;0.788602941176471,0.845070422535211,0.793918918918919,0.73469387755102,0.533060453400504,0.35214552238806,0.707848837209302,0.818243243243243,0.614583333333333,0.767857142857143,0.838157894736842,0.71195652173913,0.838768115942029,0.841584158415842,0.767857142857143,0.739583333333333,0.763157894736842;17;17
 Frank Aasgård NTNUI;-H21_H1_splits;;1930;0.66360;60,74,73,54,371,119,84,201,109,170,106,207,83,119,46,35,19;0.89375,0.810810810810811,0.804794520547945,0.666666666666667,0.570417789757412,0.793067226890756,0.724702380952381,0.753109452736318,0.338302752293578,0.885294117647059,0.751179245283019,0.316425120772947,0.697289156626506,0.714285714285714,0.817934782608696,0.760714285714286,0.763157894736842;17;17
 Boye Dirro Bøhlerengen Østmarka OK;-H21_H1_splits;;1957;0.65445;59,68,175,39,337,245,92,183,156,166,95,73,67,106,45,32,19;0.908898305084746,0.882352941176471,0.335714285714286,0.923076923076923,0.627967359050445,0.385204081632653,0.661684782608696,0.827185792349727,0.236378205128205,0.906626506024096,0.838157894736842,0.897260273972603,0.863805970149254,0.80188679245283,0.836111111111111,0.83203125,0.763157894736842;17;17
 Erik Alexander Thorsson Wing OK;-H21_H1_splits;;2000;0.64037;54,58,61,37,670,201,65,171,44,198,95,92,63,99,42,32,18;0.993055555555556,1.03448275862069,0.963114754098361,0.972972972972973,0.315858208955224,0.46952736318408,0.936538461538462,0.885233918128655,0.838068181818182,0.76010101010101,0.838157894736842,0.71195652173913,0.918650793650794,0.858585858585859,0.895833333333333,0.83203125,0.805555555555556;17;17
 Erlend Moster Knudsen BSI;-H21_H1_splits;;2084;0.61456;67,87,72,45,357,198,70,176,129,251,209,110,72,154,44,27,16;0.800373134328358,0.689655172413793,0.815972222222222,0.8,0.592787114845938,0.476641414141414,0.869642857142857,0.860085227272727,0.285852713178295,0.599601593625498,0.380980861244019,0.595454545454545,0.803819444444444,0.551948051948052,0.855113636363636,0.986111111111111,0.90625;17;17
 Jostein Tafjord Halden SK;-H21_H1_splits;;2246;0.57024;102,85,86,47,391,128,83,212,69,459,139,128,94,115,57,33,18;0.525735294117647,0.705882352941177,0.683139534883721,0.765957446808511,0.541240409207161,0.7373046875,0.733433734939759,0.714033018867924,0.534420289855073,0.327886710239651,0.572841726618705,0.51171875,0.615691489361702,0.739130434782609,0.660087719298246,0.806818181818182,0.805555555555556;17;17
 Anders Daltveit Fana IL;-H21_H1_splits;;2261;0.56645;60,92,66,87,384,122,65,187,45,668,98,109,85,105,49,26,13;0.89375,0.652173913043478,0.890151515151515,0.413793103448276,0.551106770833333,0.773565573770492,0.936538461538462,0.809491978609626,0.819444444444444,0.225299401197605,0.8125,0.600917431192661,0.680882352941176,0.80952380952381,0.767857142857143,1.02403846153846,1.11538461538462;17;17
Andersen Kristiansand OK Jostein;-H21_H2_splits;;1410;1.00843;55,85,59,18,235,69,69,128,70,153,125,48,57,66,87,37,30,19;0.977777777777778,1.00915032679739,1,1.04938271604938,1.0661938534279,1.09178743961353,0.909822866344606,0.985243055555556,0.996825396825397,1.04139433551198,1.01866666666667,1.06018518518519,1.02729044834308,0.922558922558922,0.991060025542784,0.936936936936937,0.903703703703704,0.783625730994152;18;18
Hott Kristiansand OK Holger;-H21_H2_splits;;1461;0.97323;51,85,55,19,254,84,65,123,68,153,136,56,88,62,82,37,27,16;1.05446623093682,1.00915032679739,1.07272727272727,0.994152046783626,0.986439195100612,0.896825396825397,0.965811965811966,1.0252935862692,1.02614379084967,1.04139433551198,0.936274509803922,0.908730158730159,0.66540404040404,0.982078853046595,1.05149051490515,0.936936936936937,1.00411522633745,0.930555555555556;18;18
Lundanes Østmarka OK Olav;-H21_H2_splits;;1499;0.94856;53,86,59,19,245,123,66,131,69,160,134,56,63,64,85,40,30,16;1.0146750524109,0.997416020671835,1,0.994152046783626,1.02267573696145,0.612466124661247,0.951178451178451,0.962680237489398,1.01127214170692,0.995833333333333,0.950248756218905,0.908730158730159,0.929453262786596,0.951388888888889,1.01437908496732,0.866666666666667,0.903703703703704,0.930555555555556;18;18
Tveite Ås-UMB Orientering Håvard;-H21_H2_splits;;1513;0.93978;56,89,62,19,258,74,72,127,74,181,135,54,65,68,92,41,29,17;0.96031746031746,0.963795255930087,0.951612903225806,0.994152046783626,0.97114556416882,1.01801801801802,0.871913580246914,0.993000874890639,0.942942942942943,0.880294659300184,0.94320987654321,0.94238683127572,0.900854700854701,0.895424836601307,0.93719806763285,0.845528455284553,0.934865900383142,0.875816993464052;18;18
 Hans Trøan Nydalens SK;-H21_H2_splits;;1519;0.93607;67,85,60,19,241,76,70,127,94,152,181,47,72,58,91,35,28,16;0.802653399668325,1.00915032679739,0.983333333333333,0.994152046783626,1.03964960811434,0.991228070175439,0.896825396825397,0.993000874890639,0.742316784869976,1.04824561403509,0.703499079189687,1.08274231678487,0.813271604938272,1.04980842911877,0.947496947496948,0.99047619047619,0.968253968253968,0.930555555555556;18;18
 Jon Duncan Kristiansand OK;-H21_H2_splits;;1538;0.92451;54,87,69,19,263,88,64,125,75,218,144,53,57,60,83,36,28,15;0.995884773662551,0.985951468710089,0.855072463768116,0.994152046783626,0.952682720743557,0.856060606060606,0.980902777777778,1.00888888888889,0.93037037037037,0.730886850152905,0.884259259259259,0.960167714884696,1.02729044834308,1.01481481481481,1.03882195448461,0.962962962962963,0.968253968253968,0.992592592592593;18;18
 Stig Alvestad Wing OK;-H21_H2_splits;;1546;0.91972;56,86,60,28,258,91,66,130,75,183,138,60,73,66,90,42,29,15;0.96031746031746,0.997416020671835,0.983333333333333,0.674603174603175,0.97114556416882,0.827838827838828,0.951178451178451,0.97008547008547,0.93037037037037,0.870673952641166,0.922705314009662,0.848148148148148,0.802130898021309,0.922558922558922,0.958024691358025,0.825396825396825,0.934865900383142,0.992592592592593;18;18
 Jarl Magnus Berge Søgne og Songdalen OK;-H21_H2_splits;;1564;0.90914;62,91,59,23,254,82,68,133,78,188,126,77,69,68,97,42,31,16;0.867383512544803,0.942612942612943,1,0.821256038647343,0.986439195100612,0.91869918699187,0.923202614379085,0.948203842940685,0.894586894586895,0.847517730496454,1.01058201058201,0.660894660894661,0.848631239935588,0.895424836601307,0.888888888888889,0.825396825396825,0.874551971326165,0.930555555555556;18;18
 Kristoffer Fiane Pedersen Grane IK;-H21_H2_splits;;1578;0.90107;90,83,61,20,254,93,66,142,82,180,121,63,91,63,90,34,30,15;0.597530864197531,1.0334672021419,0.967213114754098,0.944444444444444,0.986439195100612,0.810035842293907,0.951178451178451,0.88810641627543,0.850948509485095,0.885185185185185,1.05234159779614,0.807760141093474,0.643467643467644,0.966490299823633,0.958024691358025,1.01960784313725,0.903703703703704,0.992592592592593;18;18
 Jim Øystein Nybråten Tyrving IL;-H21_H2_splits;;1587;0.89596;54,110,59,21,327,89,60,123,74,151,123,57,114,62,85,33,29,16;0.995884773662551,0.77979797979798,1,0.8994708994709,0.766224940536867,0.846441947565543,1.0462962962963,1.0252935862692,0.942942942942943,1.05518763796909,1.03523035230352,0.892787524366472,0.51364522417154,0.982078853046595,1.01437908496732,1.05050505050505,0.934865900383142,0.930555555555556;18;18
 Gaute Stavik Nydalens SK;-H21_H2_splits;;1592;0.89315;56,90,67,19,323,76,75,142,83,166,135,59,56,65,93,38,31,18;0.96031746031746,0.953086419753086,0.880597014925373,0.994152046783626,0.775713794289646,0.991228070175439,0.837037037037037,0.88810641627543,0.840696117804551,0.959839357429719,0.94320987654321,0.862523540489642,1.04563492063492,0.936752136752137,0.927120669056153,0.912280701754386,0.874551971326165,0.827160493827161;18;18
 Jon Flydal Nydalens SK;-H21_H2_splits;;1614;0.88097;56,92,76,33,364,73,63,125,67,187,132,55,58,62,93,37,26,15;0.96031746031746,0.932367149758454,0.776315789473684,0.572390572390572,0.688339438339438,1.03196347031963,0.99647266313933,1.00888888888889,1.04145936981758,0.85204991087344,0.964646464646465,0.925252525252525,1.0095785440613,0.982078853046595,0.927120669056153,0.936936936936937,1.04273504273504,0.992592592592593;18;18
 Geir Moholdt Nydalens SK;-H21_H2_splits;;1626;0.87447;53,87,63,21,257,81,73,141,69,268,146,51,67,63,106,36,27,17;1.0146750524109,0.985951468710089,0.936507936507937,0.8994708994709,0.974924340683096,0.930041152263374,0.859969558599696,0.894405043341214,1.01127214170692,0.59452736318408,0.872146118721461,0.997821350762527,0.873963515754561,0.966490299823633,0.813417190775681,0.962962962962963,1.00411522633745,0.875816993464052;18;18
 Kjell Erik Røisland Søgne og Songdalen OK;-H21_H2_splits;;1660;0.85656;53,92,61,19,420,82,71,155,75,154,125,54,62,64,90,37,30,16;1.0146750524109,0.932367149758454,0.967213114754098,0.994152046783626,0.596560846560847,0.91869918699187,0.884194053208138,0.813620071684588,0.93037037037037,1.03463203463203,1.01866666666667,0.94238683127572,0.944444444444444,0.951388888888889,0.958024691358025,0.936936936936937,0.903703703703704,0.930555555555556;18;18
 Jan Kocbach Fana IL;-H21_H2_splits;;1665;0.85399;60,96,68,20,270,83,76,149,79,183,155,80,97,68,101,36,27,17;0.896296296296296,0.893518518518518,0.867647058823529,0.944444444444444,0.92798353909465,0.907630522088353,0.826023391812866,0.846383296047726,0.883263009845288,0.870673952641166,0.821505376344086,0.636111111111111,0.603665521191294,0.895424836601307,0.853685368536854,0.962962962962963,1.00411522633745,0.875816993464052;18;18
 Carl Waaler Kaas NTNUI;-H21_H2_splits;;1667;0.85296;62,102,66,20,259,79,74,139,71,165,132,49,144,71,121,52,39,22;0.867383512544803,0.840958605664488,0.893939393939394,0.944444444444444,0.967395967395967,0.953586497890295,0.848348348348348,0.907274180655476,0.982785602503912,0.965656565656566,0.964646464646465,1.03854875283447,0.406635802469136,0.857589984350548,0.712580348943985,0.666666666666667,0.695156695156695,0.676767676767677;18;18
 Ivar Haugen Kristiansand OK;-H21_H2_splits;;1673;0.84990;67,101,78,22,282,82,73,134,86,186,161,56,74,78,99,43,32,19;0.802653399668325,0.849284928492849,0.756410256410256,0.858585858585859,0.88849487785658,0.91869918699187,0.859969558599696,0.941127694859038,0.811369509043928,0.85663082437276,0.790890269151139,0.908730158730159,0.791291291291291,0.780626780626781,0.870931537598204,0.806201550387597,0.847222222222222,0.783625730994152;18;18
 Gjermund Glesnes Nydalens SK;-H21_H2_splits;;1688;0.84235;55,92,59,19,266,76,72,133,71,340,146,87,58,56,84,31,26,17;0.977777777777778,0.932367149758454,1,0.994152046783626,0.941938178780284,0.991228070175439,0.871913580246914,0.948203842940685,0.982785602503912,0.468627450980392,0.872146118721461,0.58492975734355,1.0095785440613,1.08730158730159,1.02645502645503,1.11827956989247,1.04273504273504,0.875816993464052;18;18
 Jostein Nørbech NTNUI;-H21_H2_splits;;1708;0.83249;57,97,69,19,277,88,67,148,99,205,139,77,86,85,111,42,27,15;0.943469785575049,0.884306987399771,0.855072463768116,0.994152046783626,0.904532691536302,0.856060606060606,0.93698175787728,0.852102102102102,0.704826038159371,0.777235772357724,0.916067146282974,0.660894660894661,0.680878552971576,0.716339869281046,0.776776776776777,0.825396825396825,1.00411522633745,0.992592592592593;18;18
 Johan Bjørnås Frol IL;-H21_H2_splits;;1711;0.83103;59,88,97,22,264,101,55,133,103,275,141,49,57,64,115,38,36,14;0.911487758945386,0.974747474747475,0.608247422680412,0.858585858585859,0.949074074074074,0.745874587458746,1.14141414141414,0.948203842940685,0.677454153182309,0.579393939393939,0.903073286052009,1.03854875283447,1.02729044834308,0.951388888888889,0.74975845410628,0.912280701754386,0.753086419753086,1.06349206349206;18;18
 Felix Breitschädel NTNUI;-H21_H2_splits;;1721;0.82620;56,92,61,23,257,88,71,132,81,302,131,86,73,63,124,34,30,17;0.96031746031746,0.932367149758454,0.967213114754098,0.821256038647343,0.974924340683096,0.856060606060606,0.884194053208138,0.955387205387205,0.861454046639232,0.527593818984547,0.972010178117048,0.591731266149871,0.802130898021309,0.966490299823633,0.695340501792115,1.01960784313725,0.903703703703704,0.875816993464052;18;18
 Hans Aleksander Østhagen NTNUI;-H21_H2_splits;;1723;0.82524;70,93,75,29,281,87,71,146,82,190,174,74,108,62,95,42,29,15;0.768253968253968,0.922341696535245,0.786666666666667,0.651340996168582,0.891656781336497,0.865900383141762,0.884194053208138,0.863774733637747,0.850948509485095,0.83859649122807,0.731800766283525,0.687687687687688,0.542181069958848,0.982078853046595,0.907602339181287,0.825396825396825,0.934865900383142,0.992592592592593;18;18
 Jan Sverre Edstrøm Lillomarka OL;-H21_H2_splits;;1745;0.81484;57,94,69,21,333,90,72,160,86,203,163,66,71,67,106,42,29,16;0.943469785575049,0.912529550827423,0.855072463768116,0.8994708994709,0.752419085752419,0.837037037037037,0.871913580246914,0.788194444444444,0.811369509043928,0.784893267651888,0.78118609406953,0.771043771043771,0.82472613458529,0.908789386401327,0.813417190775681,0.825396825396825,0.934865900383142,0.930555555555556;18;18
 Jørn Sundby Bækkelagets SK;-H21_H2_splits;;1813;0.78427;66,106,76,22,370,90,81,147,87,192,151,63,70,75,113,45,37,22;0.814814814814815,0.809224318658281,0.776315789473684,0.858585858585859,0.677177177177177,0.837037037037037,0.775034293552812,0.857898715041572,0.802043422733078,0.829861111111111,0.84326710816777,0.807760141093474,0.836507936507937,0.811851851851852,0.763028515240905,0.77037037037037,0.732732732732733,0.676767676767677;18;18
 Kjell Arild Karlsen Wing OK;-H21_H2_splits;;1832;0.77614;98,98,71,26,297,89,74,148,69,330,153,55,72,65,99,38,33,17;0.54875283446712,0.875283446712018,0.830985915492958,0.726495726495726,0.843621399176955,0.846441947565543,0.848348348348348,0.852102102102102,1.01127214170692,0.482828282828283,0.832244008714597,0.925252525252525,0.813271604938272,0.936752136752137,0.870931537598204,0.912280701754386,0.821548821548822,0.875816993464052;18;18
 Knut Sveinung Rekaa NTNUI;-H21_H2_splits;;1861;0.76405;62,91,100,23,392,74,62,127,77,262,131,69,154,64,90,40,28,15;0.867383512544803,0.942612942612943,0.59,0.821256038647343,0.639172335600907,1.01801801801802,1.01254480286738,0.993000874890639,0.906204906204906,0.608142493638677,0.972010178117048,0.737520128824477,0.38023088023088,0.951388888888889,0.958024691358025,0.866666666666667,0.968253968253968,0.992592592592593;18;18
 Ivo K Danailov Kristiansand OK;-H21_H2_splits;;1865;0.76241;69,99,74,22,328,107,77,185,97,251,160,53,61,66,125,39,35,17;0.77938808373591,0.866442199775533,0.797297297297297,0.858585858585859,0.763888888888889,0.70404984423676,0.815295815295815,0.681681681681682,0.719358533791523,0.634794156706507,0.795833333333333,0.960167714884696,0.959927140255009,0.922558922558922,0.689777777777778,0.888888888888889,0.774603174603175,0.875816993464052;18;18
 Henning Spjelkavik Tyrving IL;-H21_H2_splits;;1961;0.72508;65,100,73,21,298,100,70,139,96,471,148,58,61,71,102,40,30,18;0.827350427350427,0.857777777777778,0.808219178082192,0.8994708994709,0.840790454884415,0.753333333333333,0.896825396825397,0.907274180655476,0.726851851851852,0.338287331917905,0.86036036036036,0.877394636015326,0.959927140255009,0.857589984350548,0.845315904139434,0.866666666666667,0.903703703703704,0.827160493827161;18;18
 Jørgen Fiskum Frol IL;-H21_H2_splits;;2029;0.70078;66,121,70,22,481,154,64,137,94,259,159,66,74,78,101,39,29,15;0.814814814814815,0.7089072543618,0.842857142857143,0.858585858585859,0.520905520905521,0.489177489177489,0.980902777777778,0.920519059205191,0.742316784869976,0.615186615186615,0.80083857442348,0.771043771043771,0.791291291291291,0.780626780626781,0.853685368536854,0.888888888888889,0.934865900383142,0.992592592592593;18;18
 Lars Martin Hafstad Byåsen IL;-H21_H2_splits;;2183;0.65135;82,117,117,24,414,116,81,173,103,228,176,73,111,105,128,80,36,19;0.655826558265583,0.733143399810066,0.504273504273504,0.787037037037037,0.605206655931294,0.649425287356322,0.775034293552812,0.728965960179833,0.677454153182309,0.698830409356725,0.723484848484849,0.697108066971081,0.527527527527528,0.57989417989418,0.673611111111111,0.433333333333333,0.753086419753086,0.783625730994152;18;18
 Frode Konst Tyrving IL;-H21_H2_splits;;2633;0.54003;84,115,82,36,486,116,90,218,115,533,216,83,132,78,142,48,38,21;0.64021164021164,0.745893719806763,0.719512195121951,0.524691358024691,0.515546410608139,0.649425287356322,0.697530864197531,0.578491335372069,0.606763285024155,0.298936835522201,0.589506172839506,0.613119143239625,0.443602693602694,0.780626780626781,0.607198748043818,0.722222222222222,0.713450292397661,0.708994708994709;18;18
 Robert Fredriksen NTNUI;-H21_H2_splits;;3739;0.38029;93,127,159,25,1310,123,88,214,145,361,307,122,287,134,133,58,35,18;0.578255675029869,0.675415573053368,0.371069182389937,0.755555555555556,0.191263782866836,0.612466124661247,0.713383838383838,0.589304257528557,0.481226053639847,0.441366574330563,0.414766558089034,0.41712204007286,0.204026325977545,0.454394693200663,0.64828738512949,0.597701149425287,0.774603174603175,0.827160493827161;18;18
 Lars Bergerud Tyrving IL;-H21_H2_splits;;4865;0.29227;258,849,75,42,852,427,77,773,127,195,256,136,450,91,155,47,35,20;0.208440999138674,0.1010338960869,0.786666666666667,0.44973544973545,0.294079290558164,0.176424668227947,0.815295815295815,0.163145033778928,0.549431321084864,0.817094017094017,0.497395833333333,0.374183006535948,0.130123456790123,0.669108669108669,0.556272401433692,0.737588652482269,0.774603174603175,0.744444444444444;18;18
 Marius Bjugan Halden SK;-H21_H3_splits;;1301;1.02451;64,50,53,35,202,134,36,142,39,64,124,82,67,52,77,39,27,14;1.07465277777778,0.98,1,1.05714285714286,1.09075907590759,1.05058043117745,1.03086419753086,1.07589984350548,0.98005698005698,0.451388888888889,1.11379928315412,1.04607046070461,0.993366500829187,1.11538461538462,1.001443001443,1.07692307692308,0.946502057613169,0.992063492063492;18;18
 Mattias Karlsson Halden SK;-H21_H3_splits;;1431;0.93144;72,46,51,49,240,173,37,149,40,29,148,96,66,62,79,49,28,17;0.955246913580247,1.06521739130435,1.03921568627451,0.755102040816326,0.918055555555556,0.813744380218369,1.003003003003,1.02535421327368,0.955555555555555,0.996168582375479,0.933183183183183,0.893518518518518,1.00841750841751,0.935483870967742,0.976090014064698,0.857142857142857,0.912698412698413,0.816993464052288;18;18
 Ola Berger Wing OK;-H21_H3_splits;;1454;0.91670;70,49,60,37,215,146,38,170,86,28,148,85,87,58,92,44,26,15;0.982539682539682,1,0.883333333333333,1,1.02480620155039,0.964231354642313,0.976608187134503,0.898692810457516,0.444444444444444,1.03174603174603,0.933183183183183,1.00915032679739,0.765006385696041,1,0.83816425120773,0.954545454545455,0.982905982905983,0.925925925925926;18;18
 Matthias Gilgien Tyrving IL;-H21_H3_splits;;1456;0.91545;73,51,57,44,241,153,45,153,39,29,145,106,69,68,91,47,30,15;0.942161339421613,0.96078431372549,0.929824561403509,0.840909090909091,0.914246196403873,0.920116194625998,0.824691358024691,0.998547567175018,0.98005698005698,0.996168582375479,0.952490421455939,0.809224318658281,0.964573268921095,0.852941176470588,0.847374847374847,0.893617021276596,0.851851851851852,0.925925925925926;18;18
 Mikkel Lund Bækkelagets SK;-H21_H3_splits;;1458;0.91419;71,52,56,46,223,173,38,158,42,30,141,96,81,65,92,47,30,17;0.968701095461659,0.942307692307692,0.946428571428571,0.804347826086957,0.988041853512706,0.813744380218369,0.976608187134503,0.966947960618847,0.91005291005291,0.962962962962963,0.979511426319937,0.893518518518518,0.821673525377229,0.892307692307692,0.83816425120773,0.893617021276596,0.851851851851852,0.816993464052288;18;18
 Nicholas Morgan Kristiansand OK;-H21_H3_splits;;1468;0.90796;71,53,57,39,232,151,41,170,43,32,168,104,66,62,89,48,27,15;0.968701095461659,0.924528301886792,0.929824561403509,0.948717948717949,0.949712643678161,0.932303164091243,0.905149051490515,0.898692810457516,0.888888888888889,0.902777777777778,0.822089947089947,0.824786324786325,1.00841750841751,0.935483870967742,0.866416978776529,0.875,0.946502057613169,0.925925925925926;18;18
 Per Øyvind Stene Nydalens SK;-H21_H3_splits;;1510;0.88271;72,73,56,37,231,155,42,192,42,37,140,94,70,59,118,51,24,17;0.955246913580247,0.671232876712329,0.946428571428571,1,0.953823953823954,0.908243727598566,0.883597883597884,0.795717592592593,0.91005291005291,0.780780780780781,0.986507936507937,0.912529550827423,0.950793650793651,0.983050847457627,0.653483992467043,0.823529411764706,1.06481481481481,0.816993464052288;18;18
 Per Harald Havnen Johansen Østmarka OK;-H21_H3_splits;;1516;0.87921;65,52,62,41,333,146,35,163,45,37,146,85,69,72,83,40,29,13;1.05811965811966,0.942307692307692,0.854838709677419,0.902439024390244,0.661661661661662,0.964231354642313,1.06031746031746,0.937286980231765,0.849382716049383,0.780780780780781,0.945966514459665,1.00915032679739,0.964573268921095,0.805555555555556,0.92904953145917,1.05,0.881226053639847,1.06837606837607;18;18
 Magne Dæhli Løten O-Lag;-H21_H3_splits;;1517;0.87863;74,49,55,38,219,140,40,150,41,34,247,138,66,55,82,46,27,16;0.929429429429429,1,0.963636363636364,0.973684210526316,1.00608828006088,1.00555555555556,0.927777777777778,1.01851851851852,0.932249322493225,0.849673202614379,0.559154295996401,0.621578099838969,1.00841750841751,1.05454545454545,0.940379403794038,0.91304347826087,0.946502057613169,0.868055555555556;18;18
 Sindre Saksæther Halden SK;-H21_H3_splits;;1524;0.87460;71,50,53,38,248,142,39,156,45,35,278,88,66,59,76,43,23,14;0.968701095461659,0.98,1,0.973684210526316,0.888440860215054,0.991392801251956,0.951566951566952,0.979344729344729,0.849382716049383,0.825396825396825,0.496802557953637,0.974747474747475,1.00841750841751,0.983050847457627,1.01461988304094,0.976744186046512,1.11111111111111,0.992063492063492;18;18
 Øystein Kvaal Østerbø Wing OK;-H21_H3_splits;;1530;0.87117;71,51,54,39,235,130,35,152,38,31,307,87,69,63,77,51,26,14;0.968701095461659,0.96078431372549,0.981481481481482,0.948717948717949,0.93758865248227,1.08290598290598,1.06031746031746,1.00511695906433,1.00584795321637,0.931899641577061,0.449873326094824,0.985951468710089,0.964573268921095,0.920634920634921,1.001443001443,0.823529411764706,0.982905982905983,0.992063492063492;18;18
 Alf Johan Lima Ålgård OK;-H21_H3_splits;;1538;0.86664;79,62,57,38,265,148,43,169,39,31,224,84,81,59,80,40,26,13;0.870604781997187,0.790322580645161,0.929824561403509,0.973684210526316,0.831446540880503,0.951201201201201,0.863049095607235,0.904010519395135,0.98005698005698,0.931899641577061,0.61656746031746,1.02116402116402,0.821673525377229,0.983050847457627,0.963888888888889,1.05,0.982905982905983,1.06837606837607;18;18
 Neil Marston Nydalens SK;-H21_H3_splits;;1589;0.83882;83,57,65,48,254,161,49,193,49,42,146,96,75,74,95,54,30,18;0.828647925033467,0.859649122807018,0.815384615384615,0.770833333333333,0.86745406824147,0.8743961352657,0.757369614512472,0.791594703511802,0.780045351473923,0.687830687830688,0.945966514459665,0.893518518518518,0.887407407407407,0.783783783783784,0.811695906432749,0.777777777777778,0.851851851851852,0.771604938271605;18;18
 Martin Grotle Soukup Bækkelagets SK;-H21_H3_splits;;1590;0.83829;73,52,57,37,399,153,43,161,43,49,126,88,83,57,79,44,29,17;0.942161339421613,0.942307692307692,0.929824561403509,1,0.552213868003342,0.920116194625998,0.863049095607235,0.948930296756384,0.888888888888889,0.589569160997732,1.09611992945326,0.974747474747475,0.801874163319946,1.01754385964912,0.976090014064698,0.954545454545455,0.881226053639847,0.816993464052288;18;18
 Lars Eid Nielsen NTNUI;-H21_H3_splits;;1621;0.82226;79,50,55,36,246,271,39,205,44,31,148,92,84,62,90,44,27,18;0.870604781997187,0.98,0.963636363636364,1.02777777777778,0.895663956639566,0.519475194751947,0.951566951566952,0.745257452574526,0.868686868686869,0.931899641577061,0.933183183183183,0.932367149758454,0.792328042328042,0.935483870967742,0.85679012345679,0.954545454545455,0.946502057613169,0.771604938271605;18;18
 Runar Emberland Lien Ålgård OK;-H21_H3_splits;;1627;0.81923;72,50,82,37,224,232,40,155,36,34,133,85,99,72,143,91,28,14;0.955246913580247,0.98,0.646341463414634,1,0.983630952380952,0.606800766283525,0.927777777777778,0.985663082437276,1.06172839506173,0.849673202614379,1.03842940685046,1.00915032679739,0.672278338945006,0.805555555555556,0.539238539238539,0.461538461538462,0.912698412698413,0.992063492063492;18;18
 Magne Lokøen Knudsen Gneist IL;-H21_H3_splits;;1643;0.81125;78,51,67,43,261,160,46,173,43,34,254,103,94,63,82,46,28,17;0.881766381766382,0.96078431372549,0.791044776119403,0.86046511627907,0.84418901660281,0.879861111111111,0.806763285024155,0.88310854206808,0.888888888888889,0.849673202614379,0.543744531933508,0.832793959007551,0.708037825059102,0.920634920634921,0.940379403794038,0.91304347826087,0.912698412698413,0.816993464052288;18;18
 Olav Høgset Ringerike OL;-H21_H3_splits;;1644;0.81076;87,61,66,50,273,195,40,170,41,32,175,98,70,67,103,63,35,18;0.790549169859515,0.80327868852459,0.803030303030303,0.74,0.807081807081807,0.721937321937322,0.927777777777778,0.898692810457516,0.932249322493225,0.902777777777778,0.789206349206349,0.875283446712018,0.950793650793651,0.865671641791045,0.748651564185545,0.666666666666667,0.73015873015873,0.771604938271605;18;18
 Ola Marius Pedersen Ås-UMB Orientering;-H21_H3_splits;;1647;0.80928;72,64,66,42,250,163,42,179,38,29,227,159,94,63,74,42,28,15;0.955246913580247,0.765625,0.803030303030303,0.880952380952381,0.881333333333333,0.863667348329925,0.883597883597884,0.853507138423339,1.00584795321637,0.996168582375479,0.608418991678904,0.539482879105521,0.708037825059102,0.920634920634921,1.04204204204204,1,0.912698412698413,0.925925925925926;18;18
 Lars Øivind Amundsen Trøsken IL;-H21_H3_splits;;1651;0.80732;81,49,57,62,317,171,41,160,87,35,175,88,88,64,88,45,28,15;0.849108367626886,1,0.929824561403509,0.596774193548387,0.695057833859096,0.823261858349578,0.905149051490515,0.954861111111111,0.43933588761175,0.825396825396825,0.789206349206349,0.974747474747475,0.756313131313131,0.90625,0.876262626262626,0.933333333333333,0.912698412698413,0.925925925925926;18;18
 Morten Fismen Nydalens SK;-H21_H3_splits;;1685;0.79103;83,63,65,54,283,178,52,182,45,31,153,117,92,72,108,56,32,19;0.828647925033467,0.777777777777778,0.815384615384615,0.685185185185185,0.778563015312132,0.790886392009987,0.713675213675214,0.839438339438339,0.849382716049383,0.931899641577061,0.902687000726216,0.733143399810066,0.723429951690821,0.805555555555556,0.713991769547325,0.75,0.798611111111111,0.730994152046784;18;18
 Odd Fuglestad Ålgård OK;-H21_H3_splits;;1704;0.78221;74,56,71,57,272,164,49,179,46,38,152,120,119,64,141,53,30,19;0.929429429429429,0.875,0.746478873239437,0.649122807017544,0.810049019607843,0.85840108401084,0.757369614512472,0.853507138423339,0.830917874396135,0.760233918128655,0.908625730994152,0.714814814814815,0.559290382819795,0.90625,0.54688731284476,0.792452830188679,0.851851851851852,0.730994152046784;18;18
 Lars Skjeset NTNUI;-H21_H3_splits;;1745;0.76383;65,48,50,41,242,130,39,164,38,29,439,162,87,61,70,42,24,14;1.05811965811966,1.02083333333333,1.06,0.902439024390244,0.910468319559229,1.08290598290598,0.951566951566952,0.931571815718157,1.00584795321637,0.996168582375479,0.314603897747406,0.529492455418381,0.765006385696041,0.950819672131147,1.1015873015873,1,1.06481481481481,0.992063492063492;18;18
 Stig Bjørløw Dalsøren Nydalens SK;-H21_H3_splits;;1780;0.74881;78,78,57,74,226,221,43,175,108,81,193,94,83,75,90,53,35,16;0.881766381766382,0.628205128205128,0.929824561403509,0.5,0.974926253687316,0.63700351935646,0.863049095607235,0.873015873015873,0.353909465020576,0.356652949245542,0.715601611974669,0.912529550827423,0.801874163319946,0.773333333333333,0.85679012345679,0.792452830188679,0.73015873015873,0.868055555555556;18;18
 Ottar Kvaal Storsteinnes IL;-H21_H3_splits;;1784;0.74714;89,53,66,42,447,170,41,166,92,38,142,104,83,67,90,46,32,16;0.772784019975031,0.924528301886792,0.803030303030303,0.880952380952381,0.492915734526473,0.828104575163399,0.905149051490515,0.920348058902276,0.415458937198068,0.760233918128655,0.972613458528952,0.824786324786325,0.801874163319946,0.865671641791045,0.85679012345679,0.91304347826087,0.798611111111111,0.868055555555556;18;18
 Lars Hol Moholdt Wing OK;-H21_H3_splits;;1807;0.73763;77,55,66,44,263,174,37,171,48,69,312,99,127,70,98,52,29,16;0.893217893217893,0.890909090909091,0.803030303030303,0.840909090909091,0.837769328263625,0.809067688378033,1.003003003003,0.893437296946069,0.796296296296296,0.418679549114332,0.442663817663818,0.866442199775533,0.52405949256343,0.828571428571429,0.786848072562358,0.807692307692308,0.881226053639847,0.868055555555556;18;18
 Lars Karelius Noer Brandval/Kongsvinger OK;-H21_H3_splits;;1839;0.72479;79,58,71,41,265,166,47,204,49,222,153,108,88,70,109,55,36,18;0.870604781997187,0.844827586206897,0.746478873239437,0.902439024390244,0.831446540880503,0.84805890227577,0.789598108747045,0.748910675381264,0.780045351473923,0.13013013013013,0.902687000726216,0.794238683127572,0.756313131313131,0.828571428571429,0.707441386340469,0.763636363636364,0.709876543209877,0.771604938271605;18;18
 Leiv-Terje Arnevik Søgne og Songdalen OK;-H21_H3_splits;;1840;0.72440;71,65,50,66,211,220,46,162,40,30,439,122,61,63,100,49,28,17;0.968701095461659,0.753846153846154,1.06,0.560606060606061,1.04423380726698,0.63989898989899,0.806763285024155,0.943072702331961,0.955555555555555,0.962962962962963,0.314603897747406,0.703096539162113,1.09107468123862,0.920634920634921,0.771111111111111,0.857142857142857,0.912698412698413,0.816993464052288;18;18
 Steinar Lande Bø OL;-H21_H3_splits;;1906;0.69931;81,65,72,53,293,182,51,203,43,34,256,106,79,70,198,61,39,20;0.849108367626886,0.753846153846154,0.736111111111111,0.69811320754717,0.751990898748578,0.773504273504273,0.727668845315904,0.752599890530925,0.888888888888889,0.849673202614379,0.539496527777778,0.809224318658281,0.842475386779184,0.828571428571429,0.389450056116723,0.688524590163934,0.655270655270655,0.694444444444444;18;18
 Ove Sætra Tyrving IL;-H21_H3_splits;;2029;0.65692;82,52,59,42,374,162,50,162,208,27,247,162,123,75,98,52,35,19;0.838753387533875,0.942307692307692,0.898305084745763,0.880952380952381,0.589126559714795,0.868998628257887,0.742222222222222,0.943072702331961,0.183760683760684,1.06995884773663,0.559154295996401,0.529492455418381,0.541102077687444,0.773333333333333,0.786848072562358,0.807692307692308,0.73015873015873,0.730994152046784;18;18
 Per Wiréhn Byåsen IL;-H21_H3_splits;;2110;0.63170;100,59,66,183,290,164,53,201,205,44,197,101,141,81,109,63,35,18;0.687777777777778,0.830508474576271,0.803030303030303,0.202185792349727,0.759770114942529,0.85840108401084,0.70020964360587,0.760088446655611,0.186449864498645,0.656565656565657,0.70107163000564,0.849284928492849,0.472025216706068,0.716049382716049,0.707441386340469,0.666666666666667,0.73015873015873,0.771604938271605;18;18
 Sven-Are Paulsen Bardu IL;-H21_H3_splits;;2436;0.54716;137,105,84,129,499,231,41,162,37,29,442,163,91,69,106,64,33,14;0.502027575020276,0.466666666666667,0.630952380952381,0.286821705426357,0.441549766199065,0.609427609427609,0.905149051490515,0.943072702331961,1.03303303303303,0.996168582375479,0.31246857717446,0.526244035446489,0.731379731379731,0.840579710144927,0.727463312368973,0.65625,0.774410774410774,0.992063492063492;18;18
 Simen Bjøringsøy NTNUI;-H21_H3_splits;;2496;0.53401;89,54,72,48,246,155,50,222,47,41,1031,112,81,64,87,51,31,15;0.772784019975031,0.907407407407407,0.736111111111111,0.770833333333333,0.895663956639566,0.908243727598566,0.742222222222222,0.688188188188188,0.813238770685579,0.704607046070461,0.13395840068973,0.765873015873016,0.821673525377229,0.90625,0.886334610472542,0.823529411764706,0.824372759856631,0.925925925925926;18;18
 Oskar Kaaløy Sandefjord OK;-H21_H3_splits;;5430;0.24547;225,132,181,127,680,307,92,638,146,101,1473,221,239,172,504,134,39,19;0.305679012345679,0.371212121212121,0.292817679558011,0.291338582677165,0.324019607843137,0.458559536735432,0.403381642512077,0.239463601532567,0.26179604261796,0.286028602860286,0.0937617862261447,0.388134741075917,0.278475127847513,0.337209302325581,0.15299823633157,0.313432835820896,0.655270655270655,0.730994152046784;18;18
 Christian Kahrs Fredrikstad SK;-H21_H4_splits;;1411;1.00928;80,34,62,67,294,103,38,117,60,25,191,48,59,61,96,33,26,17;0.97125,1.01764705882353,0.966129032258064,0.771641791044776,1.02210884353742,1.04077669902913,1.00526315789474,1.07863247863248,1.1,1.004,1.0282722513089,1.025,1.00847457627119,0.960655737704918,1.03645833333333,0.978787878787879,1.03076923076923,0.864705882352941;18;18
 Tue Lassen Bækkelagets SK;-H21_H4_splits;;1471;0.96812;78,35,64,55,279,110,38,128,70,23,202,59,72,58,120,33,29,18;0.996153846153846,0.988571428571429,0.9359375,0.94,1.07706093189964,0.974545454545455,1.00526315789474,0.9859375,0.942857142857143,1.09130434782609,0.972277227722772,0.833898305084746,0.826388888888889,1.01034482758621,0.829166666666667,0.978787878787879,0.924137931034483,0.816666666666667;18;18
 Øystein Pettersen Kristiansand OK;-H21_H4_splits;;1526;0.93322;88,37,59,51,313,113,45,131,78,33,211,53,58,67,102,37,30,20;0.882954545454545,0.935135135135135,1.01525423728814,1.01372549019608,0.960063897763578,0.948672566371681,0.848888888888889,0.963358778625954,0.846153846153846,0.760606060606061,0.930805687203792,0.928301886792453,1.02586206896552,0.874626865671642,0.975490196078431,0.872972972972973,0.893333333333333,0.735;18;18
 Thomas Jakobsen Nydalens SK;-H21_H4_splits;;1533;0.92896;81,38,63,64,310,121,43,130,131,24,195,47,56,61,93,35,27,14;0.959259259259259,0.910526315789474,0.950793650793651,0.8078125,0.969354838709677,0.88595041322314,0.888372093023256,0.970769230769231,0.50381679389313,1.04583333333333,1.00717948717949,1.0468085106383,1.0625,0.960655737704918,1.06989247311828,0.922857142857143,0.992592592592593,1.05;18;18
 Øyvind Prefontaine Lund NTNUI;-H21_H4_splits;;1539;0.92534;76,33,65,51,337,109,44,153,67,24,183,51,89,60,110,44,27,16;1.02236842105263,1.04848484848485,0.921538461538462,1.01372549019608,0.891691394658754,0.98348623853211,0.868181818181818,0.82483660130719,0.985074626865672,1.04583333333333,1.07322404371585,0.964705882352941,0.668539325842697,0.976666666666667,0.904545454545455,0.734090909090909,0.992592592592593,0.91875;18;18
 Trygve Tømta Raumar OL;-H21_H4_splits;;1540;0.92474;82,37,65,58,326,115,38,142,72,31,207,51,66,63,110,32,28,17;0.947560975609756,0.935135135135135,0.921538461538462,0.891379310344828,0.921779141104294,0.932173913043478,1.00526315789474,0.888732394366197,0.916666666666667,0.809677419354839,0.948792270531401,0.964705882352941,0.901515151515151,0.93015873015873,0.904545454545455,1.009375,0.957142857142857,0.864705882352941;18;18
 Anders Skarholt Asker SK;-H21_H4_splits;;1552;0.91759;79,36,58,54,305,115,40,127,65,24,219,106,75,63,105,32,31,18;0.983544303797468,0.961111111111111,1.03275862068966,0.957407407407407,0.985245901639344,0.932173913043478,0.955,0.993700787401575,1.01538461538462,1.04583333333333,0.896803652968037,0.464150943396226,0.793333333333333,0.93015873015873,0.947619047619048,1.009375,0.864516129032258,0.816666666666667;18;18
 Sindre Østhagen Fredrikstad SK;-H21_H4_splits;;1557;0.91464;80,35,61,51,300,117,41,127,68,46,246,54,57,66,129,33,30,16;0.97125,0.988571428571429,0.981967213114754,1.01372549019608,1.00166666666667,0.916239316239316,0.931707317073171,0.993700787401575,0.970588235294118,0.545652173913044,0.798373983739837,0.911111111111111,1.04385964912281,0.887878787878788,0.771317829457364,0.978787878787879,0.893333333333333,0.91875;18;18
 Eirik Watterdal Bækkelagets SK;-H21_H4_splits;;1560;0.91288;83,36,58,59,313,143,40,135,87,29,196,63,69,64,104,35,30,16;0.936144578313253,0.961111111111111,1.03275862068966,0.876271186440678,0.960063897763578,0.74965034965035,0.955,0.934814814814815,0.758620689655172,0.86551724137931,1.00204081632653,0.780952380952381,0.86231884057971,0.915625,0.956730769230769,0.922857142857143,0.893333333333333,0.91875;18;18
 Torbjørn Sagberg Tyrving IL;-H21_H4_splits;;1571;0.90649;79,36,61,54,345,108,43,140,74,30,206,61,75,73,109,36,27,14;0.983544303797468,0.961111111111111,0.981967213114754,0.957407407407407,0.871014492753623,0.992592592592593,0.888372093023256,0.901428571428571,0.891891891891892,0.836666666666667,0.953398058252427,0.80655737704918,0.793333333333333,0.802739726027397,0.912844036697248,0.897222222222222,0.992592592592593,1.05;18;18
 Vegard Brun Saga NTNUI;-H21_H4_splits;;1586;0.89792;79,38,68,51,402,105,39,125,68,22,211,56,71,58,118,34,26,15;0.983544303797468,0.910526315789474,0.880882352941176,1.01372549019608,0.747512437810945,1.02095238095238,0.97948717948718,1.0096,0.970588235294118,1.14090909090909,0.930805687203792,0.878571428571429,0.838028169014085,1.01034482758621,0.843220338983051,0.95,1.03076923076923,0.98;18;18
 Øyvind Helgerud Halden SK;-H21_H4_splits;;1593;0.89397;82,38,65,53,312,149,46,132,87,27,219,58,68,70,106,36,29,16;0.947560975609756,0.910526315789474,0.921538461538462,0.975471698113208,0.963141025641026,0.719463087248322,0.830434782608696,0.956060606060606,0.758620689655172,0.92962962962963,0.896803652968037,0.848275862068966,0.875,0.837142857142857,0.938679245283019,0.897222222222222,0.924137931034483,0.91875;18;18
 Thore Kornmo Porsgrunn OL;-H21_H4_splits;;1621;0.87853;77,41,63,91,297,119,42,142,79,29,250,53,88,63,111,33,28,15;1.00909090909091,0.84390243902439,0.950793650793651,0.568131868131868,1.01178451178451,0.900840336134454,0.90952380952381,0.888732394366197,0.835443037974684,0.86551724137931,0.7856,0.928301886792453,0.676136363636364,0.93015873015873,0.896396396396396,0.978787878787879,0.957142857142857,0.98;18;18
 Simen Rustad Raumar OL;-H21_H4_splits;;1654;0.86100;81,38,63,56,312,178,39,130,85,29,223,58,105,73,106,34,28,16;0.959259259259259,0.910526315789474,0.950793650793651,0.923214285714286,0.963141025641026,0.602247191011236,0.97948717948718,0.970769230769231,0.776470588235294,0.86551724137931,0.880717488789238,0.848275862068966,0.566666666666667,0.802739726027397,0.938679245283019,0.95,0.957142857142857,0.91875;18;18
 Sigve Vågsnes Nydalens SK;-H21_H4_splits;;1666;0.85480;76,36,62,50,329,109,44,129,87,30,370,46,63,56,95,38,30,16;1.02236842105263,0.961111111111111,0.966129032258064,1.034,0.913373860182371,0.98348623853211,0.868181818181818,0.978294573643411,0.758620689655172,0.836666666666667,0.530810810810811,1.0695652173913,0.944444444444444,1.04642857142857,1.04736842105263,0.85,0.893333333333333,0.91875;18;18
 Sigbjørn Ytrehus NTNUI;-H21_H4_splits;;1683;0.84617;90,44,69,64,414,147,38,154,72,30,193,49,64,65,102,40,29,19;0.863333333333333,0.786363636363636,0.868115942028985,0.8078125,0.725845410628019,0.729251700680272,1.00526315789474,0.819480519480519,0.916666666666667,0.836666666666667,1.01761658031088,1.00408163265306,0.9296875,0.901538461538462,0.975490196078431,0.8075,0.924137931034483,0.773684210526316;18;18
 Øyvind Stokseth Halden SK;-H21_H4_splits;;1706;0.83476;89,40,78,59,358,116,47,149,93,36,247,67,60,72,115,33,31,16;0.873033707865169,0.865,0.767948717948718,0.876271186440678,0.839385474860335,0.924137931034483,0.812765957446809,0.846979865771812,0.709677419354839,0.697222222222222,0.795141700404858,0.734328358208955,0.991666666666667,0.813888888888889,0.865217391304348,0.978787878787879,0.864516129032258,0.91875;18;18
 Tor Brenna Bækkelagets SK;-H21_H4_splits;;1727;0.82461;105,43,80,62,382,152,48,138,91,27,211,53,69,69,111,37,31,18;0.74,0.804651162790698,0.74875,0.833870967741935,0.786649214659686,0.705263157894737,0.795833333333333,0.914492753623188,0.725274725274725,0.92962962962963,0.930805687203792,0.928301886792453,0.86231884057971,0.849275362318841,0.896396396396396,0.872972972972973,0.864516129032258,0.816666666666667;18;18
 Ørjan Ravndal Ålgård OK;-H21_H4_splits;;1764;0.80731;78,34,59,50,304,113,39,159,81,32,468,70,51,57,95,35,25,14;0.996153846153846,1.01764705882353,1.01525423728814,1.034,0.988486842105263,0.948672566371681,0.97948717948718,0.793710691823899,0.814814814814815,0.784375,0.41965811965812,0.702857142857143,1.16666666666667,1.0280701754386,1.04736842105263,0.922857142857143,1.072,1.05;18;18
 Jon Pedersen Trøsken IL;-H21_H4_splits;;1784;0.79826;84,35,62,54,356,103,37,142,172,29,364,49,62,55,105,33,27,15;0.925,0.988571428571429,0.966129032258064,0.957407407407407,0.844101123595506,1.04077669902913,1.03243243243243,0.888732394366197,0.383720930232558,0.86551724137931,0.53956043956044,1.00408163265306,0.959677419354839,1.06545454545455,0.947619047619048,0.978787878787879,0.992592592592593,0.98;18;18
 Torben Wendler Halden SK;-H21_H4_splits;;1797;0.79249;76,35,59,61,305,103,40,127,205,180,180,81,101,60,108,31,28,17;1.02236842105263,0.988571428571429,1.01525423728814,0.847540983606557,0.985245901639344,1.04077669902913,0.955,0.993700787401575,0.321951219512195,0.139444444444444,1.09111111111111,0.607407407407407,0.589108910891089,0.976666666666667,0.921296296296296,1.04193548387097,0.957142857142857,0.864705882352941;18;18
 Ståle Sønsterudbråten Raumar OL;-H21_H4_splits;;1851;0.76937;90,36,64,70,413,124,45,152,75,29,265,64,71,71,176,47,36,23;0.863333333333333,0.961111111111111,0.9359375,0.738571428571429,0.727602905569007,0.864516129032258,0.848888888888889,0.830263157894737,0.88,0.86551724137931,0.741132075471698,0.76875,0.838028169014085,0.825352112676056,0.565340909090909,0.687234042553191,0.744444444444444,0.639130434782609;18;18
 Thomas Bedin Indre Østfold OK;-H21_H4_splits;;1852;0.76895;92,40,78,58,340,159,47,157,237,28,227,54,73,65,117,33,30,17;0.844565217391304,0.865,0.767948717948718,0.891379310344828,0.883823529411765,0.674213836477987,0.812765957446809,0.803821656050955,0.278481012658228,0.896428571428571,0.865198237885463,0.911111111111111,0.815068493150685,0.901538461538462,0.85042735042735,0.978787878787879,0.893333333333333,0.864705882352941;18;18
 Yngve Volden Løten O-Lag;-H21_H4_splits;;1866;0.76318;95,42,71,54,331,154,42,139,81,31,452,55,81,66,98,31,28,15;0.817894736842105,0.823809523809524,0.843661971830986,0.957407407407407,0.90785498489426,0.696103896103896,0.90952380952381,0.907913669064748,0.814814814814815,0.809677419354839,0.434513274336283,0.894545454545455,0.734567901234568,0.887878787878788,1.01530612244898,1.04193548387097,0.957142857142857,0.98;18;18
 Øivin Aarnes Nydalens SK;-H21_H4_splits;;1883;0.75629;80,39,71,79,418,154,37,141,91,39,247,67,158,72,110,34,30,16;0.97125,0.887179487179487,0.843661971830986,0.654430379746835,0.7188995215311,0.696103896103896,1.03243243243243,0.895035460992908,0.725274725274725,0.643589743589744,0.795141700404858,0.734328358208955,0.376582278481013,0.813888888888889,0.904545454545455,0.95,0.893333333333333,0.91875;18;18
 Stian Alexander Grann NTNUI;-H21_H4_splits;;1884;0.75589;80,42,65,58,427,124,47,140,90,28,380,71,65,61,128,34,30,14;0.97125,0.823809523809524,0.921538461538462,0.891379310344828,0.703747072599532,0.864516129032258,0.812765957446809,0.901428571428571,0.733333333333333,0.896428571428571,0.516842105263158,0.692957746478873,0.915384615384615,0.960655737704918,0.77734375,0.95,0.893333333333333,1.05;18;18
 Thomas Frost Alta OL;-H21_H4_splits;;1885;0.75549;80,39,66,62,335,116,44,141,67,28,501,49,92,65,111,38,33,18;0.97125,0.887179487179487,0.907575757575758,0.833870967741935,0.897014925373134,0.924137931034483,0.868181818181818,0.895035460992908,0.985074626865672,0.896428571428571,0.392015968063872,1.00408163265306,0.646739130434783,0.901538461538462,0.896396396396396,0.85,0.812121212121212,0.816666666666667;18;18
 Trygve Olsen Løten O-Lag;-H21_H4_splits;;1984;0.71779;79,35,60,52,340,133,39,125,61,40,626,54,94,60,109,32,29,16;0.983544303797468,0.988571428571429,0.998333333333333,0.994230769230769,0.883823529411765,0.806015037593985,0.97948717948718,1.0096,1.08196721311475,0.6275,0.313738019169329,0.911111111111111,0.632978723404255,0.976666666666667,0.912844036697248,1.009375,0.924137931034483,0.91875;18;18
 Vegard Brox Tyrving IL;-H21_H4_splits;;1996;0.71348;84,41,70,59,566,131,51,142,85,49,255,72,74,77,150,40,33,17;0.925,0.84390243902439,0.855714285714286,0.876271186440678,0.530918727915194,0.818320610687023,0.749019607843137,0.888732394366197,0.776470588235294,0.512244897959184,0.770196078431373,0.683333333333333,0.804054054054054,0.761038961038961,0.663333333333333,0.8075,0.812121212121212,0.864705882352941;18;18
 Sveinung W Syversen Ås-UMB Orientering;-H21_H4_splits;;1999;0.71241;98,41,108,64,457,157,46,151,129,35,238,97,104,65,130,34,29,16;0.792857142857143,0.84390243902439,0.55462962962963,0.8078125,0.657549234135667,0.682802547770701,0.830434782608696,0.835761589403973,0.511627906976744,0.717142857142857,0.825210084033614,0.507216494845361,0.572115384615385,0.901538461538462,0.765384615384615,0.95,0.924137931034483,0.91875;18;18
 Åsulv Birkeland Stormoen Birkenes IL;-H21_H4_splits;;2001;0.71169;85,42,74,73,403,135,68,221,84,33,294,70,132,83,118,38,30,18;0.914117647058824,0.823809523809524,0.809459459459459,0.708219178082192,0.745657568238213,0.794074074074074,0.561764705882353,0.5710407239819,0.785714285714286,0.760606060606061,0.668027210884354,0.702857142857143,0.450757575757576,0.706024096385542,0.843220338983051,0.85,0.893333333333333,0.816666666666667;18;18
 Yngvar Larsen Storsteinnes IL;-H21_H4_splits;;2037;0.69912;81,43,83,69,423,191,53,181,99,39,300,69,87,77,145,47,32,18;0.959259259259259,0.804651162790698,0.721686746987952,0.749275362318841,0.710401891252955,0.561256544502618,0.720754716981132,0.697237569060773,0.666666666666667,0.643589743589744,0.654666666666667,0.71304347826087,0.683908045977011,0.761038961038961,0.686206896551724,0.687234042553191,0.8375,0.816666666666667;18;18
 Øystein Jaren Samuelsen NTNUI;-H21_H4_splits;;2046;0.69604;82,34,62,55,299,110,40,127,80,33,637,78,127,83,118,39,27,15;0.947560975609756,1.01764705882353,0.966129032258064,0.94,1.00501672240803,0.974545454545455,0.955,0.993700787401575,0.825,0.760606060606061,0.308320251177394,0.630769230769231,0.468503937007874,0.706024096385542,0.843220338983051,0.828205128205128,0.992592592592593,0.98;18;18
 Thomas Johnsen Bjerkvik IF;-H21_H4_splits;;2049;0.69502;96,41,71,62,379,112,41,163,77,36,478,125,77,82,117,41,33,18;0.809375,0.84390243902439,0.843661971830986,0.833870967741935,0.79287598944591,0.957142857142857,0.931707317073171,0.774233128834356,0.857142857142857,0.697222222222222,0.410878661087866,0.3936,0.772727272727273,0.714634146341463,0.85042735042735,0.78780487804878,0.812121212121212,0.816666666666667;18;18
 Ulf Brenna Bækkelagets SK;-H21_H4_splits;;2101;0.67782;93,37,63,66,401,116,45,228,100,142,294,74,136,85,117,42,38,24;0.835483870967742,0.935135135135135,0.950793650793651,0.783333333333333,0.749376558603491,0.924137931034483,0.848888888888889,0.553508771929825,0.66,0.176760563380282,0.668027210884354,0.664864864864865,0.4375,0.689411764705882,0.85042735042735,0.769047619047619,0.705263157894737,0.6125;18;18
 Stenstad Kristoffer Oppsal IF;-H21_H4_splits;;2110;0.67493;171,49,90,71,471,174,50,174,108,29,247,80,83,69,149,41,36,18;0.454385964912281,0.706122448979592,0.665555555555556,0.728169014084507,0.638004246284501,0.616091954022989,0.764,0.725287356321839,0.611111111111111,0.86551724137931,0.795141700404858,0.615,0.716867469879518,0.849275362318841,0.667785234899329,0.78780487804878,0.744444444444444,0.816666666666667;18;18
 Simen Smestad Ås-UMB Orientering;-H21_H4_splits;;2136;0.66671;85,36,69,174,467,116,45,136,62,27,509,49,92,65,113,39,32,20;0.914117647058824,0.961111111111111,0.868115942028985,0.297126436781609,0.643468950749465,0.924137931034483,0.848888888888889,0.927941176470588,1.06451612903226,0.92962962962963,0.385854616895874,1.00408163265306,0.646739130434783,0.901538461538462,0.880530973451327,0.828205128205128,0.8375,0.735;18;18
 Marianne Riddervold Fredrikstad SK;-D21_H1_splits;;1545;0.96634;74,48,303,69,127,53,197,93,165,71,82,69,144,31,19;0.966216216216216,0.982638888888889,1.01705170517052,1.07971014492754,1.07349081364829,0.886792452830189,0.748730964467005,0.862007168458781,1.03030303030303,1.01643192488263,0.959349593495935,1.01449275362319,0.984953703703704,0.978494623655914,0.929824561403509;15;15
 Heidi Østlid Bagstevold Kongsberg OL;-D21_H1_splits;;1555;0.96013;74,58,323,75,135,51,161,69,175,75,76,76,151,36,20;0.966216216216216,0.813218390804598,0.954076367389061,0.993333333333333,1.00987654320988,0.92156862745098,0.916149068322981,1.16183574879227,0.971428571428571,0.962222222222222,1.03508771929825,0.921052631578947,0.939293598233996,0.842592592592593,0.883333333333333;15;15
 Elise Egseth Wing OK;-D21_H1_splits;;1635;0.91315;67,44,302,72,144,46,233,78,173,75,142,69,140,31,19;1.06716417910448,1.0719696969697,1.02041942604857,1.03472222222222,0.946759259259259,1.02173913043478,0.633047210300429,1.02777777777778,0.982658959537572,0.962222222222222,0.553990610328638,1.01449275362319,1.01309523809524,0.978494623655914,0.929824561403509;15;15
 Hanne Nøvik Nydalens SK;-D21_H1_splits;;1658;0.90048;77,54,317,83,174,54,144,84,228,88,92,74,143,29,17;0.928571428571429,0.873456790123457,0.972134595162986,0.897590361445783,0.783524904214559,0.87037037037037,1.02430555555556,0.954365079365079,0.745614035087719,0.820075757575758,0.855072463768116,0.945945945945946,0.991841491841492,1.04597701149425,1.03921568627451;15;15
 Anne Margrethe Hausken Halden SK;-D21_H1_splits;;1659;0.89994;68,45,295,132,145,46,141,97,165,69,182,70,148,34,22;1.05147058823529,1.04814814814815,1.04463276836158,0.564393939393939,0.940229885057471,1.02173913043478,1.04609929078014,0.826460481099656,1.03030303030303,1.04589371980676,0.432234432234432,1,0.958333333333333,0.892156862745098,0.803030303030303;15;15
 Anne Marie Bleken Bækkelagets SK;-D21_H1_splits;;1669;0.89455;79,52,338,77,147,56,239,91,175,73,76,72,145,30,19;0.905063291139241,0.907051282051282,0.911735700197239,0.967532467532468,0.927437641723356,0.839285714285714,0.617154811715481,0.880952380952381,0.971428571428571,0.988584474885845,1.03508771929825,0.972222222222222,0.97816091954023,1.01111111111111,0.929824561403509;15;15
 Elin Bjerva Bækkelagets SK;-D21_H1_splits;;1746;0.85510;80,52,386,90,158,50,192,96,195,74,81,80,151,39,22;0.89375,0.907051282051282,0.798359240069085,0.827777777777778,0.862869198312236,0.94,0.768229166666667,0.835069444444445,0.871794871794872,0.975225225225225,0.97119341563786,0.875,0.939293598233996,0.777777777777778,0.803030303030303;15;15
 Barbara Schulthess Kristiansand OK;-D21_H1_splits;;1749;0.85363;81,56,430,84,146,57,151,108,176,102,83,75,148,32,20;0.882716049382716,0.842261904761905,0.716666666666667,0.886904761904762,0.9337899543379,0.824561403508772,0.97682119205298,0.742283950617284,0.965909090909091,0.707516339869281,0.947791164658635,0.933333333333333,0.958333333333333,0.947916666666667,0.883333333333333;15;15
 Hanne Staff Bækkelagets SK;-D21_H1_splits;;1800;0.82944;71,47,343,159,143,54,157,90,209,81,166,75,150,35,20;1.00704225352113,1.00354609929078,0.898445092322643,0.468553459119497,0.953379953379953,0.87037037037037,0.939490445859873,0.890740740740741,0.813397129186603,0.890946502057613,0.473895582329317,0.933333333333333,0.945555555555556,0.866666666666667,0.883333333333333;15;15
 Ane Linde Bækkelagets SK;-D21_H1_splits;;1860;0.80269;75,52,353,78,184,58,342,79,190,77,76,83,158,35,20;0.953333333333333,0.907051282051282,0.872993389990557,0.955128205128205,0.740942028985507,0.810344827586207,0.431286549707602,1.01476793248945,0.894736842105263,0.937229437229437,1.03508771929825,0.843373493975904,0.897679324894515,0.866666666666667,0.883333333333333;15;15
 Guro Flatekval Bækkelagets SK;-D21_H1_splits;;1900;0.78579;82,50,309,190,124,42,180,344,171,71,92,68,131,29,17;0.871951219512195,0.943333333333333,0.99730312837109,0.392105263157895,1.0994623655914,1.11904761904762,0.819444444444444,0.233042635658915,0.994152046783626,1.01643192488263,0.855072463768116,1.02941176470588,1.08269720101781,1.04597701149425,1.03921568627451;15;15
 Christiane Trösse Gular IL;-D21_H1_splits;;1921;0.77720;95,54,364,92,160,68,166,151,241,87,108,100,179,37,19;0.752631578947368,0.873456790123457,0.846611721611722,0.809782608695652,0.852083333333333,0.691176470588235,0.88855421686747,0.530905077262693,0.705394190871369,0.829501915708812,0.728395061728395,0.7,0.792364990689013,0.81981981981982,0.929824561403509;15;15
 Birgit Økern Jensen Stjørdals-Blink Orientering;-D21_H1_splits;;1925;0.77558;80,55,359,90,293,51,145,111,213,97,106,95,169,39,22;0.89375,0.857575757575758,0.858402971216342,0.827777777777778,0.465301478953356,0.92156862745098,1.01724137931034,0.722222222222222,0.7981220657277,0.743986254295533,0.742138364779874,0.736842105263158,0.839250493096647,0.777777777777778,0.803030303030303;15;15
 Anne Øverøyen Oddersjaa SSK;-D21_H1_splits;;1927;0.77478;78,51,327,82,361,60,147,94,180,89,166,81,158,34,19;0.916666666666667,0.924836601307189,0.942405708460754,0.908536585365854,0.377654662973223,0.783333333333333,1.00340136054422,0.852836879432624,0.944444444444444,0.810861423220974,0.473895582329317,0.864197530864197,0.897679324894515,0.892156862745098,0.929824561403509;15;15
 Emma Johansson Fredrikstad SK;-D21_H1_splits;;1996;0.74800;90,51,349,94,335,71,189,155,210,75,85,72,159,40,21;0.794444444444444,0.924836601307189,0.882999044890162,0.792553191489362,0.406965174129353,0.661971830985915,0.78042328042328,0.517204301075269,0.80952380952381,0.962222222222222,0.925490196078431,0.972222222222222,0.892033542976939,0.758333333333333,0.841269841269841;15;15
 Ann-Mari Midttun Sørreisa O-lag;-D21_H1_splits;;2065;0.72300;87,65,441,86,185,72,220,95,256,86,90,113,213,39,17;0.82183908045977,0.725641025641026,0.698790627362056,0.866279069767442,0.736936936936937,0.652777777777778,0.670454545454545,0.843859649122807,0.6640625,0.839147286821705,0.874074074074074,0.619469026548673,0.665884194053208,0.777777777777778,1.03921568627451;15;15
 Hege Holth Johannessen NTNUI;-D21_H1_splits;;2133;0.69995;90,57,360,87,191,55,395,100,199,170,112,82,173,41,21;0.794444444444444,0.827485380116959,0.856018518518519,0.85632183908046,0.713787085514834,0.854545454545454,0.373417721518987,0.801666666666667,0.85427135678392,0.424509803921569,0.702380952380952,0.853658536585366,0.819845857418112,0.739837398373984,0.841269841269841;15;15
 Birte Riddervold Bækkelagets SK;-D21_H1_splits;;2152;0.69377;81,52,347,76,157,56,691,81,171,77,81,75,148,39,20;0.882716049382716,0.907051282051282,0.888088376560999,0.980263157894737,0.868365180467091,0.839285714285714,0.213458755426918,0.989711934156379,0.994152046783626,0.937229437229437,0.97119341563786,0.933333333333333,0.958333333333333,0.777777777777778,0.883333333333333;15;15
 Anne Kari Vikingstad Gular IL;-D21_H1_splits;;2187;0.68267;94,49,326,93,169,49,407,101,336,150,129,73,156,35,20;0.76063829787234,0.962585034013605,0.945296523517382,0.801075268817204,0.806706114398422,0.959183673469388,0.362407862407862,0.793729372937294,0.505952380952381,0.481111111111111,0.609819121447028,0.958904109589041,0.909188034188034,0.866666666666667,0.883333333333333;15;15
 Anette Heggøy NTNUI;-D21_H1_splits;;2560;0.58320;111,60,520,108,201,57,413,256,252,112,147,85,179,37,22;0.644144144144144,0.786111111111111,0.592628205128205,0.689814814814815,0.678275290215589,0.824561403508772,0.357142857142857,0.313151041666667,0.674603174603175,0.644345238095238,0.535147392290249,0.823529411764706,0.792364990689013,0.81981981981982,0.803030303030303;15;15
 Trine Alsos Harstad Orienteringslag;-D21_H1_splits;;2870;0.52021;94,66,899,116,226,67,299,105,247,222,116,120,223,46,24;0.76063829787234,0.714646464646465,0.342788283277716,0.642241379310345,0.603244837758112,0.701492537313433,0.493311036789298,0.763492063492064,0.688259109311741,0.325075075075075,0.67816091954023,0.583333333333333,0.636023916292975,0.659420289855072,0.736111111111111;15;15
 Heidi Mogstad OSI Orientering;-D21_H1_splits;;2934;0.50886;147,68,431,613,237,49,301,130,265,141,137,133,205,55,22;0.486394557823129,0.693627450980392,0.715003866976025,0.121533442088091,0.575246132208158,0.959183673469388,0.490033222591362,0.616666666666667,0.641509433962264,0.511820330969267,0.574209245742093,0.526315789473684,0.691869918699187,0.551515151515152,0.803030303030303;15;15
 Bjørg Granly NTNUI;-D21_H1_splits;;3472;0.43001;80,59,358,94,285,55,1176,124,239,153,466,113,211,42,17;0.89375,0.799435028248587,0.860800744878957,0.792553191489362,0.478362573099415,0.854545454545454,0.125425170068027,0.646505376344086,0.711297071129707,0.471677559912854,0.168812589413448,0.619469026548673,0.67219589257504,0.722222222222222,1.03921568627451;15;15
 Elin Danielsen Ekeberg BSI;-D21_H1_splits;;3956;0.37740;100,69,481,170,204,66,1747,121,359,138,119,106,212,44,20;0.715,0.683574879227053,0.640679140679141,0.438235294117647,0.668300653594771,0.712121212121212,0.0844304522037779,0.662534435261708,0.473537604456825,0.522946859903382,0.661064425770308,0.660377358490566,0.669025157232704,0.689393939393939,0.883333333333333;15;15
 Marianne Andersen Nydalens SK;-D21_H2_splits;;1400;1.03488;67,99,56,209,26,124,79,144,64,135,117,72,155,32,21;1.03731343283582,1.07744107744108,0.985119047619048,1.06299840510367,1.18589743589744,1.12768817204301,1.0168776371308,1.09722222222222,1.17708333333333,1.09259259259259,0.760683760683761,0.981481481481482,0.989247311827957,1.015625,0.857142857142857;15;15
 Mali Fjogstad Nielsen Kongsberg OL;-D21_H2_splits;;1524;0.95068;63,112,57,221,39,166,98,175,58,165,84,68,161,37,20;1.1031746031746,0.952380952380952,0.967836257309941,1.0052790346908,0.790598290598291,0.842369477911647,0.819727891156462,0.902857142857143,1.29885057471264,0.893939393939394,1.05952380952381,1.03921568627451,0.952380952380952,0.878378378378378,0.9;15;15
 Ingunn Hultgreen Weltzien Tyrving IL;-D21_H2_splits;;1554;0.93233;73,102,51,207,31,143,76,228,96,158,112,74,151,32,20;0.952054794520548,1.04575163398693,1.08169934640523,1.07326892109501,0.994623655913978,0.977855477855478,1.05701754385965,0.692982456140351,0.784722222222222,0.933544303797468,0.794642857142857,0.954954954954955,1.01545253863135,1.015625,0.9;15;15
 Karianne Hauge Halden SK;-D21_H2_splits;;1618;0.89545;95,121,61,258,35,191,87,155,89,150,90,78,157,32,19;0.731578947368421,0.881542699724518,0.904371584699454,0.861111111111111,0.880952380952381,0.732111692844677,0.923371647509578,1.01935483870968,0.846441947565543,0.983333333333333,0.988888888888889,0.905982905982906,0.976645435244161,1.015625,0.947368421052632;15;15
 Elisabeth Ingvaldsen Nydalens SK;-D21_H2_splits;;1668;0.86861;67,107,53,231,33,136,82,322,107,157,86,71,155,39,22;1.03731343283582,0.996884735202492,1.04088050314465,0.961760461760462,0.934343434343434,1.0281862745098,0.979674796747967,0.490683229813665,0.70404984423676,0.939490445859873,1.03488372093023,0.995305164319249,0.989247311827957,0.833333333333333,0.818181818181818;15;15
 Ingvild Gjessing Nydalens SK;-D21_H2_splits;;1670;0.86756;75,112,58,263,37,173,92,138,106,174,131,78,168,42,23;0.926666666666667,0.952380952380952,0.951149425287356,0.844740177439797,0.833333333333333,0.808285163776493,0.873188405797101,1.14492753623188,0.710691823899371,0.847701149425287,0.679389312977099,0.905982905982906,0.912698412698413,0.773809523809524,0.782608695652174;15;15
 Zsuzsa Fey Tyrving IL;-D21_H2_splits;;1672;0.86653;79,121,62,240,33,156,84,154,132,188,115,87,164,38,19;0.879746835443038,0.881542699724518,0.889784946236559,0.925694444444444,0.934343434343434,0.896367521367521,0.956349206349206,1.02597402597403,0.570707070707071,0.784574468085106,0.773913043478261,0.812260536398468,0.934959349593496,0.855263157894737,0.947368421052632;15;15
 Heidi Stokseth Halden SK;-D21_H2_splits;;1705;0.84976;86,122,61,257,36,162,87,231,123,139,115,75,159,34,18;0.808139534883721,0.87431693989071,0.904371584699454,0.864461738002594,0.856481481481481,0.863168724279835,0.923371647509578,0.683982683982684,0.612466124661247,1.06115107913669,0.773913043478261,0.942222222222222,0.964360587002096,0.955882352941177,1;15;15
 Kristin Weber Øverøyen Oddersjaa SSK;-D21_H2_splits;;1802;0.80401;78,115,57,240,41,172,84,227,175,165,132,86,173,38,19;0.891025641025641,0.927536231884058,0.967836257309941,0.925694444444444,0.752032520325203,0.812984496124031,0.956349206349206,0.696035242290749,0.43047619047619,0.893939393939394,0.674242424242424,0.821705426356589,0.886319845857418,0.855263157894737,0.947368421052632;15;15
 Elin Cathrine Hagen Halden SK;-D21_H2_splits;;1832;0.79085;81,127,64,285,80,179,93,234,95,189,87,86,169,40,23;0.858024691358025,0.83989501312336,0.861979166666667,0.77953216374269,0.385416666666667,0.781191806331471,0.863799283154122,0.675213675213675,0.792982456140351,0.78042328042328,1.02298850574713,0.821705426356589,0.907297830374754,0.8125,0.782608695652174;15;15
 Kajsa Nilsson Halden SK;-D21_H2_splits;;1885;0.76861;73,108,57,226,31,147,90,206,96,282,102,115,251,69,32;0.952054794520548,0.987654320987654,0.967836257309941,0.983038348082596,0.994623655913978,0.95124716553288,0.892592592592592,0.766990291262136,0.784722222222222,0.523049645390071,0.872549019607843,0.614492753623188,0.610889774236388,0.471014492753623,0.5625;15;15
 Ine Hovi Ås-UMB Orientering;-D21_H2_splits;;1908;0.75935;80,125,58,427,31,133,77,344,87,186,99,70,143,32,16;0.86875,0.853333333333333,0.951149425287356,0.520296643247463,0.994623655913978,1.05137844611529,1.04329004329004,0.459302325581395,0.865900383141762,0.793010752688172,0.898989898989899,1.00952380952381,1.07226107226107,1.015625,1.125;15;15
 Ingvild Helgesen Sørreisa O-lag;-D21_H2_splits;;1933;0.74953;87,133,70,268,40,213,93,182,110,200,209,85,184,41,18;0.798850574712644,0.802005012531328,0.788095238095238,0.828980099502488,0.770833333333333,0.656494522691706,0.863799283154122,0.868131868131868,0.684848484848485,0.7375,0.425837320574163,0.831372549019608,0.833333333333333,0.792682926829268,1;15;15
 Katja Ekroll Jahren NTNUI;-D21_H2_splits;;1959;0.73958;82,123,62,249,42,164,92,275,104,347,106,90,171,33,19;0.847560975609756,0.867208672086721,0.889784946236559,0.892235609103079,0.734126984126984,0.852642276422764,0.873188405797101,0.574545454545455,0.724358974358974,0.42507204610951,0.839622641509434,0.785185185185185,0.896686159844055,0.984848484848485,0.947368421052632;15;15
 Lone Karin Brochmann Heming/Njård OL;-D21_H2_splits;;1961;0.73882;89,142,70,278,38,184,107,208,84,185,213,105,193,42,23;0.780898876404494,0.751173708920188,0.788095238095238,0.79916067146283,0.81140350877193,0.759963768115942,0.750778816199377,0.759615384615385,0.896825396825397,0.797297297297297,0.417840375586854,0.673015873015873,0.79447322970639,0.773809523809524,0.782608695652174;15;15
 Jenni Hesselberg Indby Løten O-Lag;-D21_H2_splits;;2015;0.71902;91,180,78,274,33,167,97,378,79,179,141,80,173,42,23;0.763736263736264,0.592592592592593,0.707264957264957,0.810827250608272,0.934343434343434,0.837325349301397,0.828178694158076,0.417989417989418,0.953586497890295,0.824022346368715,0.631205673758865,0.883333333333333,0.886319845857418,0.773809523809524,0.782608695652174;15;15
 Ingvild Tømta Raumar OL;-D21_H2_splits;;2029;0.71406;94,140,67,334,38,166,97,273,85,292,151,76,164,34,18;0.73936170212766,0.761904761904762,0.823383084577114,0.665169660678643,0.81140350877193,0.842369477911647,0.828178694158076,0.578754578754579,0.886274509803922,0.50513698630137,0.589403973509934,0.929824561403509,0.934959349593496,0.955882352941177,1;15;15
 Katrine Gunnberg Johansen Ås-UMB Orientering;-D21_H2_splits;;2062;0.70263;92,125,73,272,46,208,101,235,113,305,151,88,191,40,22;0.755434782608696,0.853333333333333,0.755707762557078,0.816789215686274,0.670289855072464,0.672275641025641,0.795379537953795,0.672340425531915,0.666666666666667,0.483606557377049,0.589403973509934,0.803030303030303,0.802792321116928,0.8125,0.818181818181818;15;15
 Mona Kjeldsberg Raumar OL;-D21_H2_splits;;2147;0.67482;74,116,65,239,34,468,93,419,99,146,88,69,176,39,22;0.939189189189189,0.919540229885057,0.848717948717949,0.929567642956764,0.906862745098039,0.298789173789174,0.863799283154122,0.37708830548926,0.760942760942761,1.01027397260274,1.01136363636364,1.02415458937198,0.871212121212121,0.833333333333333,0.818181818181818;15;15
 Helen Margrethe Schjelderup Nord-Østerdal OK;-D21_H2_splits;;2431;0.59598;113,161,76,342,43,218,109,582,82,198,120,104,210,49,24;0.615044247787611,0.662525879917184,0.725877192982456,0.649610136452242,0.717054263565891,0.641437308868502,0.737003058103975,0.271477663230241,0.91869918699187,0.744949494949495,0.741666666666667,0.67948717948718,0.73015873015873,0.663265306122449,0.75;15;15
 Kine Sofie Sandstad NTNUI;-D21_H2_splits;;2597;0.55789;106,133,79,395,41,187,97,772,114,188,154,92,178,42,19;0.655660377358491,0.802005012531328,0.69831223628692,0.562447257383966,0.752032520325203,0.74777183600713,0.828178694158076,0.204663212435233,0.660818713450292,0.784574468085106,0.577922077922078,0.768115942028986,0.861423220973783,0.773809523809524,0.947368421052632;15;15
 Line Sjødin Drange NTNUI;-D21_H2_splits;;2706;0.53542;182,159,97,476,51,209,130,324,111,361,138,124,261,56,27;0.381868131868132,0.670859538784067,0.56872852233677,0.466736694677871,0.604575163398693,0.669059011164274,0.617948717948718,0.487654320987654,0.678678678678679,0.408587257617729,0.644927536231884,0.56989247311828,0.587484035759898,0.580357142857143,0.666666666666667;15;15
 Ingvild Osdal Harstad Orienteringslag;-D21_H2_splits;;3132;0.46259;113,147,74,490,47,189,98,520,676,257,110,124,212,52,23;0.615044247787611,0.72562358276644,0.745495495495495,0.453401360544218,0.656028368794326,0.739858906525573,0.819727891156462,0.303846153846154,0.111439842209073,0.573929961089494,0.809090909090909,0.56989247311828,0.723270440251572,0.625,0.782608695652174;15;15
 Line Hagman NTNUI;-D21_H3_splits;;1428;1.00000;108,46,84,254,78,76,170,39,186,101,78,159,31,18;0.973544973544973,1.14285714285714,1.00170068027211,1.09730033745782,1.04212454212454,1.02443609022556,0.889075630252101,0.919413919413919,1.03609831029186,0.956152758132956,0.924908424908425,0.938903863432165,1.04147465437788,1.01587301587302;14;14
 Mari Fasting Fredrikstad SK;-D21_H3_splits;;1456;0.98077;99,67,80,269,81,71,138,36,197,161,68,138,31,20;1.06204906204906,0.784648187633262,1.05178571428571,1.03611258629846,1.00352733686067,1.09657947686117,1.0952380952381,0.996031746031746,0.978245105148658,0.599822537710736,1.0609243697479,1.08178053830228,1.04147465437788,0.914285714285714;14;14
 Lene Bergersen Wing OK;-D21_H3_splits;;1497;0.95391;101,53,95,282,87,83,137,55,220,108,78,144,35,19;1.04101838755304,0.991913746630728,0.885714285714286,0.988348530901722,0.93431855500821,0.938037865748709,1.10323253388947,0.651948051948052,0.875974025974026,0.894179894179894,0.924908424908425,1.03670634920635,0.922448979591837,0.962406015037594;14;14
 Line Nybaken Ås-UMB Orientering;-D21_H3_splits;;1554;0.91892;129,62,125,299,80,83,169,33,190,97,80,156,32,19;0.815060908084164,0.847926267281106,0.673142857142857,0.932154801720019,1.01607142857143,0.938037865748709,0.894336432797971,1.08658008658009,1.01428571428571,0.995581737849779,0.901785714285714,0.956959706959707,1.00892857142857,0.962406015037594;14;14
 Ragnhild Utstumo Ås-UMB Orientering;-D21_H3_splits;;1603;0.89083;114,64,94,287,106,85,170,46,212,105,84,175,40,21;0.922305764411028,0.821428571428571,0.895136778115502,0.971129915380787,0.766846361185984,0.915966386554622,0.889075630252101,0.779503105590062,0.909029649595687,0.919727891156463,0.858843537414966,0.853061224489796,0.807142857142857,0.870748299319728;14;14
 Lene Moe Nydalens SK;-D21_H3_splits;;1632;0.87500;111,65,83,351,87,82,156,59,214,132,75,160,35,22;0.947232947232947,0.808791208791209,1.01376936316695,0.794057794057794,0.93431855500821,0.949477351916376,0.968864468864469,0.60774818401937,0.900534045393859,0.731601731601732,0.961904761904762,0.933035714285714,0.922448979591837,0.831168831168831;14;14
 Randi Wold Nydalens SK;-D21_H3_splits;;1655;0.86284;114,61,89,323,87,82,180,40,283,105,87,151,33,20;0.922305764411028,0.861826697892272,0.945425361155698,0.862892525431225,0.93431855500821,0.949477351916376,0.83968253968254,0.896428571428571,0.680969207470974,0.919727891156463,0.829228243021346,0.988647114474929,0.978354978354978,0.914285714285714;14;14
 Vendula Klechova Halden SK;-D21_H3_splits;;1680;0.85000;113,57,89,270,113,92,153,51,300,101,90,188,40,23;0.930467762326169,0.922305764411028,0.945425361155698,1.03227513227513,0.719342604298357,0.846273291925466,0.987861811391223,0.703081232492997,0.642380952380952,0.956152758132956,0.801587301587302,0.794072948328267,0.807142857142857,0.795031055900621;14;14
 Torunn Økern Jensen Ringerike OL;-D21_H3_splits;;1692;0.84397;112,57,99,336,83,92,201,45,223,129,85,168,40,22;0.938775510204082,0.922305764411028,0.84992784992785,0.829506802721088,0.97934595524957,0.846273291925466,0.751954513148543,0.796825396825397,0.864189622037156,0.748615725359911,0.848739495798319,0.888605442176871,0.807142857142857,0.831168831168831;14;14
 Pernille Lervåg Nydalens SK;-D21_H3_splits;;1728;0.82639;136,156,97,299,94,86,168,41,185,180,73,155,36,22;0.773109243697479,0.336996336996337,0.867452135493373,0.932154801720019,0.864741641337386,0.90531561461794,0.899659863945578,0.874564459930314,1.04169884169884,0.536507936507936,0.98825831702544,0.963133640552995,0.896825396825397,0.831168831168831;14;14
 Marte Grande Østby NTNUI;-D21_H3_splits;;1734;0.82353;108,56,88,464,97,89,163,93,198,96,81,149,34,18;0.973544973544973,0.938775510204082,0.956168831168831,0.600677339901478,0.8379970544919,0.874799357945425,0.927256792287467,0.385560675883256,0.973304473304473,1.00595238095238,0.890652557319224,1.00191754554171,0.949579831932773,1.01587301587302;14;14
 Nicole Ragvin Nydalens SK;-D21_H3_splits;;1750;0.81600;117,63,97,383,90,91,209,45,276,92,71,160,36,20;0.898656898656899,0.834467120181406,0.867452135493373,0.727713539723984,0.903174603174603,0.855572998430141,0.723171565276828,0.796825396825397,0.69824016563147,1.04968944099379,1.01609657947686,0.933035714285714,0.896825396825397,0.914285714285714;14;14
 Marte Reenaas Wing OK;-D21_H3_splits;;1766;0.80861;105,92,82,412,85,79,166,37,313,89,71,177,39,19;1.00136054421769,0.571428571428571,1.02613240418118,0.676490984743412,0.956302521008403,0.985533453887884,0.910499139414802,0.969111969111969,0.615700593336376,1.08507223113965,1.01609657947686,0.843422114608555,0.827838827838828,0.962406015037594;14;14
 Marte Skårholen Løten O-Lag;-D21_H3_splits;;1788;0.79866;112,68,93,585,75,79,171,35,188,100,79,155,31,17;0.938775510204082,0.773109243697479,0.904761904761905,0.476434676434676,1.08380952380952,0.985533453887884,0.883876357560568,1.02448979591837,1.02507598784195,0.965714285714286,0.913200723327306,0.963133640552995,1.04147465437788,1.07563025210084;14;14
 Marit Kahrs Bækkelagets SK;-D21_H3_splits;;1830;0.78033;121,78,99,299,91,91,194,105,313,127,82,171,36,23;0.868949232585596,0.673992673992674,0.84992784992785,0.932154801720019,0.893249607535322,0.855572998430141,0.779086892488954,0.341496598639456,0.615700593336376,0.760404949381327,0.879790940766551,0.873015873015873,0.896825396825397,0.795031055900621;14;14
 Sissel Emmerense Hovda Haugesund IL;-D21_H3_splits;;1913;0.74647;154,67,104,370,113,84,294,36,234,141,90,171,36,19;0.682745825602968,0.784648187633262,0.809065934065934,0.753281853281853,0.719342604298357,0.92687074829932,0.514091350826045,0.996031746031746,0.823565323565324,0.684903748733536,0.801587301587302,0.873015873015873,0.896825396825397,0.962406015037594;14;14
 Tone Lye Tyrving IL;-D21_H3_splits;;1950;0.73231;109,74,86,385,89,93,300,54,327,140,79,160,35,19;0.964613368283093,0.71042471042471,0.978405315614618,0.723933209647495,0.913322632423756,0.837173579109063,0.503809523809524,0.664021164021164,0.589340323285277,0.689795918367347,0.913200723327306,0.933035714285714,0.922448979591837,0.962406015037594;14;14
 Maja Berger Kristiansand OK;-D21_H3_splits;;2020;0.70693;108,56,108,696,94,91,169,39,205,163,80,154,37,20;0.973544973544973,0.938775510204082,0.779100529100529,0.400451559934319,0.864741641337386,0.855572998430141,0.894336432797971,0.919413919413919,0.94006968641115,0.592462751971954,0.901785714285714,0.969387755102041,0.872586872586873,0.914285714285714;14;14
 Nina Smestad Løten O-Lag;-D21_H3_splits;;2074;0.68852;133,47,90,493,99,81,391,42,214,152,120,154,40,18;0.790547798066595,1.11854103343465,0.934920634920635,0.565343378730803,0.821067821067821,0.961199294532628,0.38655462184874,0.853741496598639,0.900534045393859,0.635338345864662,0.601190476190476,0.969387755102041,0.807142857142857,1.01587301587302;14;14
 Marte Ulvestad Heming/Njård OL;-D21_H3_splits;;2121;0.67327;113,60,86,336,129,88,395,82,255,239,79,202,38,19;0.930467762326169,0.876190476190476,0.978405315614618,0.829506802721088,0.630121816168328,0.88474025974026,0.382640144665461,0.437282229965157,0.755742296918767,0.40406455469217,0.913200723327306,0.739038189533239,0.849624060150376,0.962406015037594;14;14
 Karianne Ruud Fredrikstad SK;-D21_H3_splits;;2236;0.63864;107,61,93,702,149,78,145,36,481,102,69,160,34,19;0.982643524699599,0.861826697892272,0.904761904761905,0.397028897028897,0.545541706615532,0.998168498168498,1.0423645320197,0.996031746031746,0.400653400653401,0.946778711484594,1.04554865424431,0.933035714285714,0.949579831932773,0.962406015037594;14;14
 Kari Christiansen Sandefjord OK;-D21_H3_splits;;2265;0.63046;121,53,97,290,97,81,863,38,216,108,80,160,40,21;0.868949232585596,0.991913746630728,0.867452135493373,0.961083743842365,0.8379970544919,0.961199294532628,0.175136566793577,0.943609022556391,0.892195767195767,0.894179894179894,0.901785714285714,0.933035714285714,0.807142857142857,0.870748299319728;14;14
 Marit Wenseth Kure NTNUI;-D21_H3_splits;;2494;0.57257;140,134,103,392,112,114,603,47,289,181,107,210,41,21;0.751020408163265,0.392324093816631,0.816920943134535,0.71100583090379,0.725765306122449,0.682957393483709,0.250651504382848,0.762917933130699,0.666831438457736,0.533543804262036,0.674232309746328,0.710884353741497,0.787456445993031,0.870748299319728;14;14
 Vigdis Hobøl Østmarka OK;-D21_H3_splits;;2655;0.53785;117,62,102,660,94,103,731,50,254,150,101,171,39,21;0.898656898656899,0.847926267281106,0.824929971988795,0.422294372294372,0.864741641337386,0.755894590846047,0.206761774477233,0.717142857142857,0.758717660292463,0.643809523809524,0.714285714285714,0.873015873015873,0.827838827838828,0.870748299319728;14;14
 Marianne Mellbye Larsen Asker SK;-D21_H3_splits;;3343;0.42716;119,75,100,368,144,110,1153,56,575,147,148,272,51,25;0.883553421368547,0.700952380952381,0.841428571428571,0.757375776397516,0.564484126984127,0.707792207792208,0.13108660636848,0.64030612244898,0.335155279503106,0.656948493683188,0.487451737451737,0.548844537815126,0.633053221288515,0.731428571428571;14;14
